C,Mn,Si,Cr,Ni,Mo,Log_Tau_Ferrite,Log_Tau_Pearlite,Log_Tau_Bainite
0.276,0.568,1.262,2.834,1.984,3.368,0.552,1.136,5.668
1.457,0.563,1.155,3.795,2.388,0.413,2.914,1.126,7.59
0.221,1.166,1.447,2.405,1.369,3.966,0.442,2.332,4.81
0.792,0.813,1.058,3.381,4.994,3.556,1.584,1.626,6.762
0.998,1.038,0.103,0.467,2.71,2.017,1.996,2.076,0.934
0.26,0.83,0.968,3.763,1.053,1.386,0.52,1.66,7.526
1.309,0.656,0.878,4.116,4.046,2.83,2.618,1.312,8.232
1.383,0.799,0.822,4.327,1.188,4.221,2.766,1.598,8.654
0.133,0.293,0.555,1.346,1.707,1.207,0.266,0.586,2.692
0.969,0.37,1.468,3.448,2.275,1.244,1.938,0.74,6.896
0.708,1.081,1.051,0.467,0.521,4.373,1.416,2.162,0.934
1.027,0.136,0.129,1.189,4.216,0.006,2.054,0.272,2.378
0.581,0.484,1.176,2.303,0.612,2.537,1.162,0.968,4.606
0.433,0.314,0.544,0.422,1.38,4.04,0.866,0.628,0.844
0.21,1.431,0.402,1.973,2.96,3.3,0.42,2.862,3.946
1.296,0.255,0.654,0.765,4.24,0.888,2.592,0.51,1.53
0.21,0.14,0.288,1.567,3.464,2.978,0.42,0.28,3.134
0.837,1.251,0.18,0.904,2.142,0.839,1.674,2.502,1.808
0.551,0.222,1.25,2.63,1.047,1.174,1.102,0.444,5.26
1.24,0.259,0.823,0.938,1.886,4.276,2.48,0.518,1.876
1.078,0.555,0.935,2.293,0.501,1.723,2.156,1.11,4.586
0.856,0.487,0.338,4.024,1.761,1.991,1.712,0.974,8.048
0.662,1.091,1.227,3.153,3.233,3.539,1.324,2.182,6.306
1.363,1.105,0.525,2.805,1.195,1.544,2.726,2.21,5.61
1.424,1.363,0.472,2.229,2.15,0.208,2.848,2.726,4.458
0.496,0.834,0.376,1.42,3.267,2.88,0.992,1.668,2.84
0.456,1.197,1.059,3.191,3.751,0.142,0.912,2.394,6.382
0.401,0.735,0.59,1.24,2.078,4.054,0.802,1.47,2.48
0.139,1.333,0.752,4.649,1.57,0.998,0.278,2.666,9.298
1.465,0.991,0.819,0.019,4.87,4.386,2.93,1.982,0.038
1.159,0.49,1.392,3.778,4.621,4.369,2.318,0.98,7.556
0.585,0.891,0.679,2.957,1.275,0.946,1.17,1.782,5.914
0.81,1.14,1.353,3.591,1.832,0.837,1.62,2.28,7.182
1.008,1.002,1.159,1.182,4.943,3.914,2.016,2.004,2.364
0.888,1.498,0.112,1.166,0.356,3.735,1.776,2.996,2.332
1.116,0.512,0.644,2.585,0.041,3.035,2.232,1.024,5.17
1.322,1.103,1.345,2.388,2.674,0.828,2.644,2.206,4.776
0.198,0.179,0.206,4.726,3.404,3.907,0.396,0.358,9.452
1.45,0.3,1.209,2.852,1.697,1.817,2.9,0.6,5.704
0.712,1.08,0.476,2.575,2.092,4.277,1.424,2.16,5.15
1.026,1.295,1.191,2.138,3.003,0.784,2.052,2.59,4.276
1.448,1.136,1.152,4.053,1.728,0.028,2.896,2.272,8.106
0.642,1.257,0.152,3.364,3.732,3.486,1.284,2.514,6.728
0.154,1.484,1.224,3.934,4.43,0.913,0.308,2.968,7.868
0.994,0.721,1.092,4.524,2.514,3.897,1.988,1.442,9.048
0.601,1.076,0.52,3.259,0.613,2.093,1.202,2.152,6.518
0.484,0.128,1.16,4.194,3.555,4.819,0.968,0.256,8.388
1.092,1.335,0.546,0.062,0.272,2.804,2.184,2.67,0.124
0.678,1.103,0.765,0.408,2.997,1.873,1.356,2.206,0.816
0.413,1.314,0.571,2.183,2.899,1.946,0.826,2.628,4.366
1.302,0.44,0.374,3.904,4.049,4.133,2.604,0.88,7.808
0.686,0.771,0.205,2.597,4.073,2.157,1.372,1.542,5.194
1.033,0.34,1.301,3.745,0.345,3.088,2.066,0.68,7.49
0.402,0.527,0.994,4.493,1.272,1.018,0.804,1.054,8.986
1.117,0.263,0.754,1.669,4.251,3.568,2.234,0.526,3.338
0.336,0.565,1.025,4.716,4.696,3.32,0.672,1.13,9.432
1.438,0.572,0.573,1.387,3.484,2.626,2.876,1.144,2.774
0.528,0.487,1.0,4.168,1.876,3.47,1.056,0.974,8.336
0.469,0.266,0.429,0.597,4.978,2.442,0.938,0.532,1.194
1.167,0.642,1.009,0.997,2.017,4.529,2.334,1.284,1.994
0.283,0.176,0.854,2.513,0.979,2.173,0.566,0.352,5.026
0.876,0.878,0.135,1.376,4.841,0.258,1.752,1.756,2.752
0.946,1.28,0.157,1.102,2.006,0.656,1.892,2.56,2.204
0.7,0.211,0.715,2.824,4.791,1.271,1.4,0.422,5.648
1.183,0.837,0.188,2.637,2.753,0.755,2.366,1.674,5.274
0.7,1.195,0.648,1.792,4.957,1.876,1.4,2.39,3.584
1.436,1.191,0.519,1.719,0.056,1.821,2.872,2.382,3.438
0.443,0.191,1.188,1.914,0.104,2.907,0.886,0.382,3.828
0.913,1.233,0.148,4.05,1.069,1.28,1.826,2.466,8.1
0.912,0.46,1.104,0.501,3.895,4.408,1.824,0.92,1.002
0.213,0.959,1.103,0.37,1.508,2.952,0.426,1.918,0.74
0.176,1.21,0.581,2.103,3.702,3.669,0.352,2.42,4.206
1.291,1.269,1.466,2.949,1.488,1.807,2.582,2.538,5.898
0.113,1.158,1.315,2.471,4.216,3.62,0.226,2.316,4.942
0.11,1.385,0.382,0.85,3.471,1.954,0.22,2.77,1.7
0.48,0.613,1.314,0.725,2.873,1.505,0.96,1.226,1.45
0.558,0.602,1.348,4.564,0.315,1.654,1.116,1.204,9.128
0.113,1.014,1.058,1.277,2.859,4.629,0.226,2.028,2.554
0.41,1.183,1.037,4.956,1.277,4.13,0.82,2.366,9.912
1.132,0.977,1.359,2.335,4.513,1.827,2.264,1.954,4.67
1.228,0.471,0.786,3.827,4.545,2.507,2.456,0.942,7.654
1.208,0.669,1.444,4.076,3.698,0.302,2.416,1.338,8.152
0.776,0.419,0.991,1.53,1.493,2.292,1.552,0.838,3.06
1.47,0.188,0.804,2.756,3.806,1.543,2.94,0.376,5.512
1.205,1.39,1.1,2.208,1.851,3.517,2.41,2.78,4.416
0.231,1.241,0.661,2.596,0.498,1.83,0.462,2.482,5.192
0.235,1.304,0.878,4.23,2.43,3.092,0.47,2.608,8.46
0.703,1.02,0.916,4.461,2.51,0.573,1.406,2.04,8.922
0.224,0.229,1.388,4.216,3.901,4.328,0.448,0.458,8.432
0.701,1.127,1.32,3.741,1.939,1.621,1.402,2.254,7.482
0.944,0.374,0.754,3.589,2.39,2.724,1.888,0.748,7.178
0.21,0.756,0.233,4.417,2.115,4.871,0.42,1.512,8.834
0.993,0.563,0.792,2.76,3.374,4.827,1.986,1.126,5.52
0.573,1.34,1.02,0.62,1.833,2.055,1.146,2.68,1.24
0.648,0.861,1.12,0.581,0.977,2.158,1.296,1.722,1.162
0.855,0.867,1.391,4.181,1.204,1.8,1.71,1.734,8.362
1.38,0.376,0.69,3.562,4.566,2.753,2.76,0.752,7.124
0.133,0.999,1.465,1.9,3.793,2.836,0.266,1.998,3.8
0.639,1.169,1.346,3.213,4.398,1.192,1.278,2.338,6.426
0.316,0.58,0.766,1.401,2.785,0.656,0.632,1.16,2.802
1.131,0.696,0.43,3.811,2.146,4.832,2.262,1.392,7.622
1.39,0.103,1.238,0.841,0.266,2.342,2.78,0.206,1.682
0.427,0.651,1.432,0.359,2.498,2.953,0.854,1.302,0.718
0.259,0.625,1.275,4.8,2.912,1.355,0.518,1.25,9.6
0.416,0.99,0.736,0.32,0.284,1.187,0.832,1.98,0.64
0.789,1.2,1.367,2.336,4.16,4.878,1.578,2.4,4.672
0.449,1.257,0.589,1.337,3.73,4.684,0.898,2.514,2.674
1.184,0.724,0.387,4.951,4.576,4.538,2.368,1.448,9.902
0.484,0.544,1.25,2.522,1.891,3.013,0.968,1.088,5.044
0.887,0.722,0.188,0.282,1.399,4.083,1.774,1.444,0.564
0.966,0.846,0.959,0.681,0.306,3.005,1.932,1.692,1.362
1.395,1.317,0.106,0.59,0.643,4.466,2.79,2.634,1.18
0.793,0.973,1.481,3.653,2.378,2.825,1.586,1.946,7.306
0.195,0.146,0.868,1.078,4.897,1.136,0.39,0.292,2.156
0.82,0.621,0.908,3.01,3.898,1.488,1.64,1.242,6.02
0.646,0.546,0.879,2.876,3.769,3.748,1.292,1.092,5.752
0.289,1.049,0.586,0.667,0.502,4.437,0.578,2.098,1.334
0.872,0.711,0.519,1.771,1.943,2.688,1.744,1.422,3.542
0.121,0.461,0.191,3.71,0.155,1.294,0.242,0.922,7.42
0.649,1.091,1.1,0.137,0.004,0.735,1.298,2.182,0.274
0.464,0.903,0.941,0.897,1.722,4.23,0.928,1.806,1.794
0.186,1.078,0.592,1.353,4.224,4.541,0.372,2.156,2.706
1.231,0.27,0.716,3.231,3.978,4.069,2.462,0.54,6.462
1.123,0.731,0.864,1.404,2.422,0.026,2.246,1.462,2.808
1.03,0.823,0.716,4.967,1.397,0.026,2.06,1.646,9.934
0.183,0.725,0.517,2.346,0.206,0.632,0.366,1.45,4.692
0.12,1.309,0.273,4.284,0.891,2.4,0.24,2.618,8.568
1.271,0.736,1.311,0.971,0.148,2.691,2.542,1.472,1.942
0.131,0.962,0.906,3.544,1.447,2.612,0.262,1.924,7.088
1.051,0.535,0.988,3.32,4.765,4.247,2.102,1.07,6.64
1.141,0.634,0.967,4.152,1.327,2.736,2.282,1.268,8.304
0.647,1.291,1.472,1.93,3.942,0.453,1.294,2.582,3.86
0.517,0.753,0.397,3.233,4.63,0.545,1.034,1.506,6.466
1.059,0.653,0.223,0.401,1.289,4.083,2.118,1.306,0.802
0.465,0.808,1.303,1.041,3.396,3.539,0.93,1.616,2.082
1.379,1.229,0.416,3.651,4.514,2.308,2.758,2.458,7.302
0.302,1.361,0.534,2.748,4.456,2.152,0.604,2.722,5.496
0.248,0.797,0.418,4.476,4.155,3.345,0.496,1.594,8.952
0.155,0.76,0.565,2.389,0.579,3.295,0.31,1.52,4.778
0.198,0.453,0.578,0.426,1.823,0.147,0.396,0.906,0.852
0.839,0.538,1.477,4.549,4.33,4.87,1.678,1.076,9.098
0.984,1.33,1.256,2.852,1.563,0.691,1.968,2.66,5.704
0.596,0.312,1.335,2.378,1.354,0.047,1.192,0.624,4.756
0.508,1.389,0.589,2.193,4.969,1.488,1.016,2.778,4.386
0.759,0.361,0.456,1.897,2.241,4.13,1.518,0.722,3.794
0.764,0.655,0.309,2.378,0.775,0.789,1.528,1.31,4.756
1.337,0.139,0.653,3.612,3.133,2.801,2.674,0.278,7.224
0.671,1.306,0.44,2.759,3.699,0.77,1.342,2.612,5.518
0.676,0.475,1.041,2.142,3.841,2.719,1.352,0.95,4.284
0.154,1.249,1.059,2.01,0.111,0.542,0.308,2.498,4.02
0.467,0.837,1.174,0.289,3.439,0.305,0.934,1.674,0.578
0.46,1.125,0.75,1.585,0.656,3.659,0.92,2.25,3.17
0.634,0.545,0.859,3.344,4.66,0.914,1.268,1.09,6.688
0.934,0.829,0.771,3.474,3.223,2.905,1.868,1.658,6.948
1.32,0.203,1.149,0.277,4.132,0.549,2.64,0.406,0.554
0.496,1.309,0.198,0.547,1.638,3.602,0.992,2.618,1.094
0.81,1.261,0.713,3.529,1.985,4.744,1.62,2.522,7.058
0.56,0.91,0.148,3.075,0.461,2.265,1.12,1.82,6.15
0.8,0.567,0.884,1.321,3.526,2.233,1.6,1.134,2.642
1.312,0.968,0.689,1.496,4.658,0.416,2.624,1.936,2.992
0.402,1.047,0.728,1.221,3.98,4.185,0.804,2.094,2.442
1.246,1.067,1.159,2.096,1.625,3.351,2.492,2.134,4.192
1.093,0.328,0.944,1.783,3.28,2.343,2.186,0.656,3.566
0.266,0.383,1.057,1.331,1.762,0.045,0.532,0.766,2.662
1.296,0.996,1.325,0.943,4.189,1.78,2.592,1.992,1.886
0.565,1.311,0.641,4.941,1.236,2.987,1.13,2.622,9.882
0.232,0.126,0.887,0.686,4.532,0.098,0.464,0.252,1.372
1.002,1.327,0.475,2.637,0.771,0.913,2.004,2.654,5.274
0.386,1.441,0.824,1.098,1.451,1.732,0.772,2.882,2.196
1.275,0.127,1.192,1.729,4.223,3.819,2.55,0.254,3.458
0.526,1.029,1.008,2.863,1.013,2.416,1.052,2.058,5.726
0.787,1.096,1.179,4.048,0.118,1.092,1.574,2.192,8.096
0.455,1.033,1.344,4.646,0.21,2.924,0.91,2.066,9.292
1.02,0.792,0.244,0.035,2.299,3.399,2.04,1.584,0.07
0.754,0.184,0.768,4.336,2.451,2.404,1.508,0.368,8.672
1.438,0.75,1.215,4.796,3.691,1.237,2.876,1.5,9.592
0.382,0.921,0.552,1.48,1.977,0.677,0.764,1.842,2.96
1.13,0.642,1.173,2.214,3.035,3.573,2.26,1.284,4.428
0.306,0.322,0.916,4.804,1.332,1.062,0.612,0.644,9.608
1.479,0.193,1.141,2.208,2.75,3.216,2.958,0.386,4.416
0.81,0.569,0.142,3.571,2.813,3.184,1.62,1.138,7.142
1.428,0.591,0.85,1.546,2.236,2.44,2.856,1.182,3.092
1.31,0.721,1.405,1.593,3.856,2.704,2.62,1.442,3.186
0.147,0.252,0.823,2.283,3.439,3.657,0.294,0.504,4.566
0.894,1.285,0.121,2.646,3.314,4.397,1.788,2.57,5.292
1.373,1.235,1.27,2.532,0.752,2.824,2.746,2.47,5.064
1.44,1.029,0.207,2.473,4.84,4.613,2.88,2.058,4.946
1.186,0.681,1.027,0.526,1.25,2.654,2.372,1.362,1.052
1.342,0.675,0.714,4.379,4.446,2.085,2.684,1.35,8.758
0.933,1.411,0.437,4.724,2.133,4.254,1.866,2.822,9.448
0.659,1.094,0.301,1.168,4.762,0.184,1.318,2.188,2.336
1.014,0.668,0.576,2.264,2.979,4.657,2.028,1.336,4.528
1.411,0.353,1.223,1.859,4.054,0.675,2.822,0.706,3.718
1.104,1.092,1.124,4.21,4.398,1.69,2.208,2.184,8.42
1.404,1.038,0.5,0.501,2.397,1.323,2.808,2.076,1.002
0.51,0.165,0.973,2.39,0.292,2.785,1.02,0.33,4.78
0.118,1.48,0.36,0.618,3.133,3.434,0.236,2.96,1.236
1.437,0.807,0.823,1.904,4.585,2.36,2.874,1.614,3.808
0.469,1.155,0.903,0.288,4.731,4.21,0.938,2.31,0.576
0.453,1.033,1.303,4.444,0.168,3.301,0.906,2.066,8.888
1.458,0.58,1.241,2.515,0.42,4.791,2.916,1.16,5.03
0.717,0.136,1.259,2.366,0.551,1.322,1.434,0.272,4.732
0.596,0.111,1.233,1.11,2.015,0.643,1.192,0.222,2.22
0.387,1.144,1.142,2.659,3.325,4.491,0.774,2.288,5.318
0.179,1.239,0.639,1.644,0.828,4.953,0.358,2.478,3.288
0.242,1.449,0.829,0.494,3.108,4.941,0.484,2.898,0.988
0.613,1.155,0.317,0.755,4.516,0.177,1.226,2.31,1.51
0.67,1.171,0.698,1.898,0.574,3.059,1.34,2.342,3.796
0.861,0.366,1.399,1.226,3.04,2.686,1.722,0.732,2.452
1.483,0.143,0.769,2.296,2.222,1.251,2.966,0.286,4.592
0.506,0.362,0.877,3.396,0.369,3.883,1.012,0.724,6.792
1.141,0.914,1.361,1.242,4.618,2.913,2.282,1.828,2.484
0.342,1.256,0.826,3.46,2.894,2.676,0.684,2.512,6.92
0.438,1.243,1.278,1.549,2.763,4.617,0.876,2.486,3.098
1.089,0.429,0.768,0.195,4.286,0.449,2.178,0.858,0.39
1.211,0.246,1.118,4.316,4.358,0.033,2.422,0.492,8.632
0.579,0.579,0.659,4.835,3.224,0.542,1.158,1.158,9.67
1.352,0.96,1.495,2.191,1.786,0.441,2.704,1.92,4.382
1.265,1.022,0.923,0.818,2.168,1.504,2.53,2.044,1.636
1.149,1.135,0.179,3.861,3.182,0.444,2.298,2.27,7.722
1.164,0.182,1.45,2.24,0.461,2.085,2.328,0.364,4.48
1.237,0.438,0.216,4.447,2.265,3.601,2.474,0.876,8.894
1.037,0.701,0.893,3.05,3.714,1.211,2.074,1.402,6.1
0.509,1.031,0.469,1.764,0.015,4.469,1.018,2.062,3.528
0.911,0.574,0.81,1.246,0.672,4.954,1.822,1.148,2.492
0.194,0.605,0.172,2.572,4.839,3.697,0.388,1.21,5.144
0.951,0.796,1.145,0.366,3.576,3.538,1.902,1.592,0.732
0.903,0.12,0.821,0.183,3.766,3.589,1.806,0.24,0.366
1.397,0.721,1.427,3.183,3.762,4.418,2.794,1.442,6.366
1.437,0.337,1.184,0.649,1.005,2.011,2.874,0.674,1.298
0.171,0.385,1.019,3.038,4.354,4.289,0.342,0.77,6.076
0.164,0.269,1.192,2.869,4.102,2.593,0.328,0.538,5.738
0.661,0.166,0.316,1.501,4.808,4.57,1.322,0.332,3.002
1.497,0.705,0.341,0.112,1.392,1.445,2.994,1.41,0.224
0.183,1.268,0.521,3.782,1.745,1.226,0.366,2.536,7.564
1.125,0.156,1.316,4.96,3.614,2.126,2.25,0.312,9.92
1.083,1.291,1.443,2.69,1.389,1.294,2.166,2.582,5.38
0.839,0.972,0.419,4.609,3.309,0.809,1.678,1.944,9.218
0.847,0.499,0.927,3.615,0.259,1.846,1.694,0.998,7.23
0.569,0.388,0.532,3.738,3.57,1.313,1.138,0.776,7.476
1.057,1.205,0.846,2.815,1.86,3.972,2.114,2.41,5.63
1.149,1.135,0.777,4.914,0.265,1.83,2.298,2.27,9.828
1.141,0.515,1.389,1.058,2.26,3.607,2.282,1.03,2.116
0.878,0.101,0.431,2.658,1.279,1.955,1.756,0.202,5.316
0.912,0.717,0.39,4.259,3.411,1.152,1.824,1.434,8.518
0.916,1.324,1.016,2.579,1.379,4.581,1.832,2.648,5.158
0.629,0.768,1.446,3.011,4.691,4.359,1.258,1.536,6.022
1.221,0.682,0.676,3.603,4.703,2.251,2.442,1.364,7.206
0.979,1.409,0.841,0.616,1.498,4.978,1.958,2.818,1.232
0.17,0.279,0.105,3.702,4.834,2.171,0.34,0.558,7.404
0.758,0.375,0.867,0.215,0.596,1.023,1.516,0.75,0.43
0.195,1.337,0.72,2.698,0.443,2.39,0.39,2.674,5.396
1.395,0.349,1.012,1.702,4.83,1.313,2.79,0.698,3.404
1.493,0.618,0.746,0.892,3.763,1.486,2.986,1.236,1.784
1.237,1.163,1.377,4.108,1.014,2.239,2.474,2.326,8.216
0.37,0.662,0.885,1.12,1.486,3.681,0.74,1.324,2.24
1.412,0.304,0.453,4.374,3.961,0.701,2.824,0.608,8.748
0.42,0.548,1.022,0.019,2.789,1.439,0.84,1.096,0.038
1.121,0.718,0.95,1.519,0.193,0.671,2.242,1.436,3.038
0.838,1.159,0.731,0.289,4.185,4.27,1.676,2.318,0.578
0.373,0.642,0.154,3.312,3.285,3.708,0.746,1.284,6.624
0.881,1.131,0.461,3.131,2.659,0.647,1.762,2.262,6.262
0.908,0.333,1.127,2.74,3.658,3.172,1.816,0.666,5.48
1.354,0.589,0.671,0.542,2.403,1.761,2.708,1.178,1.084
0.786,0.102,0.99,0.828,3.247,1.28,1.572,0.204,1.656
1.43,1.117,1.33,4.029,2.581,4.857,2.86,2.234,8.058
1.373,0.669,1.316,2.101,3.111,0.272,2.746,1.338,4.202
0.167,0.173,1.322,2.957,0.766,0.88,0.334,0.346,5.914
1.293,1.176,1.367,0.993,1.024,2.981,2.586,2.352,1.986
0.861,1.051,0.153,4.23,2.183,0.198,1.722,2.102,8.46
1.303,0.963,0.535,0.145,4.119,2.778,2.606,1.926,0.29
1.228,1.123,1.497,4.45,1.925,1.751,2.456,2.246,8.9
0.113,1.349,0.797,1.985,2.476,1.707,0.226,2.698,3.97
0.624,1.018,0.673,0.128,4.818,0.294,1.248,2.036,0.256
1.107,1.327,0.939,4.272,3.671,0.595,2.214,2.654,8.544
1.461,1.481,1.244,4.703,0.391,4.826,2.922,2.962,9.406
0.57,1.127,0.906,2.023,2.706,1.994,1.14,2.254,4.046
1.132,0.293,0.255,1.773,4.137,0.353,2.264,0.586,3.546
0.52,0.407,0.496,1.576,1.016,0.77,1.04,0.814,3.152
0.632,1.138,0.84,0.889,0.843,0.698,1.264,2.276,1.778
1.452,1.296,0.601,0.534,4.85,1.719,2.904,2.592,1.068
0.649,0.666,0.528,0.984,2.2,2.929,1.298,1.332,1.968
0.585,1.49,1.04,3.22,4.602,4.763,1.17,2.98,6.44
0.75,1.278,0.175,0.234,3.058,4.971,1.5,2.556,0.468
0.35,0.161,0.368,3.165,3.777,2.13,0.7,0.322,6.33
0.896,0.658,0.589,3.346,0.474,1.655,1.792,1.316,6.692
1.432,0.363,0.442,3.455,1.891,0.474,2.864,0.726,6.91
0.587,0.473,0.557,4.282,2.315,2.796,1.174,0.946,8.564
1.358,1.473,1.206,3.068,3.018,1.778,2.716,2.946,6.136
0.63,1.335,1.056,4.545,1.578,2.244,1.26,2.67,9.09
0.409,1.268,0.755,0.259,3.47,3.612,0.818,2.536,0.518
0.447,1.105,0.728,0.974,2.375,2.22,0.894,2.21,1.948
1.375,0.999,0.548,4.359,1.214,1.208,2.75,1.998,8.718
0.41,1.336,0.686,4.295,1.921,1.697,0.82,2.672,8.59
0.665,0.239,0.501,2.482,0.308,0.046,1.33,0.478,4.964
0.517,0.335,0.942,0.16,0.592,1.838,1.034,0.67,0.32
0.796,0.919,0.367,3.774,1.693,3.697,1.592,1.838,7.548
0.265,0.363,1.302,4.77,4.905,0.962,0.53,0.726,9.54
0.96,1.302,0.578,2.901,0.118,2.85,1.92,2.604,5.802
0.307,0.114,0.636,2.831,1.265,1.892,0.614,0.228,5.662
0.236,0.96,1.26,4.736,1.461,1.141,0.472,1.92,9.472
0.956,0.454,0.97,4.374,2.203,3.84,1.912,0.908,8.748
0.569,1.47,0.226,3.397,1.098,1.034,1.138,2.94,6.794
0.158,0.221,0.253,4.667,3.306,1.918,0.316,0.442,9.334
0.288,0.703,0.964,2.715,4.821,1.03,0.576,1.406,5.43
1.169,0.91,1.279,0.09,0.109,2.959,2.338,1.82,0.18
0.767,1.1,1.369,3.803,1.988,2.943,1.534,2.2,7.606
1.483,1.062,1.1,4.85,0.853,0.973,2.966,2.124,9.7
1.145,0.494,1.076,4.981,3.52,4.771,2.29,0.988,9.962
0.818,0.348,0.74,3.665,1.002,2.029,1.636,0.696,7.33
0.343,0.684,0.259,3.863,2.227,3.182,0.686,1.368,7.726
1.155,1.1,0.463,4.98,0.851,4.728,2.31,2.2,9.96
0.535,1.168,0.811,1.733,4.441,4.27,1.07,2.336,3.466
1.062,0.536,0.265,2.597,0.242,2.975,2.124,1.072,5.194
0.684,0.93,0.397,0.199,1.095,4.556,1.368,1.86,0.398
0.275,1.468,1.296,0.051,2.191,3.049,0.55,2.936,0.102
0.464,0.452,1.354,2.451,4.112,0.424,0.928,0.904,4.902
0.855,0.156,0.433,1.394,4.86,0.165,1.71,0.312,2.788
1.037,0.23,0.947,3.12,0.565,2.159,2.074,0.46,6.24
0.984,1.46,1.372,1.142,0.907,0.834,1.968,2.92,2.284
0.323,0.908,1.034,3.728,1.894,2.959,0.646,1.816,7.456
0.176,0.812,0.216,2.569,1.84,1.198,0.352,1.624,5.138
0.538,0.963,0.474,1.633,0.148,0.147,1.076,1.926,3.266
1.076,1.218,1.031,0.912,2.383,4.204,2.152,2.436,1.824
1.051,0.845,1.103,0.619,1.014,3.473,2.102,1.69,1.238
1.114,1.431,0.284,3.992,3.374,4.272,2.228,2.862,7.984
1.422,0.932,0.901,2.915,3.162,2.494,2.844,1.864,5.83
0.526,0.401,0.519,3.009,4.844,5.0,1.052,0.802,6.018
1.264,1.27,0.653,1.168,2.013,4.822,2.528,2.54,2.336
0.943,0.725,1.255,2.986,1.052,1.891,1.886,1.45,5.972
0.883,1.364,1.089,0.079,3.144,0.322,1.766,2.728,0.158
0.973,0.756,0.124,4.514,1.253,2.309,1.946,1.512,9.028
0.958,1.002,0.156,3.078,3.526,2.837,1.916,2.004,6.156
0.652,0.268,0.518,4.346,2.415,3.083,1.304,0.536,8.692
0.656,0.906,0.354,0.883,1.859,2.949,1.312,1.812,1.766
0.906,0.539,0.25,1.306,2.366,0.768,1.812,1.078,2.612
0.449,0.924,0.871,3.118,1.429,2.135,0.898,1.848,6.236
0.449,0.614,0.382,4.527,2.279,0.428,0.898,1.228,9.054
1.096,0.516,0.989,2.514,2.333,0.405,2.192,1.032,5.028
1.202,0.685,0.729,2.384,3.613,2.75,2.404,1.37,4.768
0.962,0.383,0.582,4.016,4.908,4.34,1.924,0.766,8.032
0.139,1.392,0.204,2.457,1.065,4.333,0.278,2.784,4.914
0.424,1.081,0.939,0.017,1.235,1.055,0.848,2.162,0.034
1.222,0.487,0.18,2.394,2.391,3.976,2.444,0.974,4.788
1.045,0.502,1.459,1.576,4.927,0.21,2.09,1.004,3.152
1.46,0.223,0.278,0.099,2.356,3.099,2.92,0.446,0.198
0.92,1.318,1.441,4.695,2.767,4.71,1.84,2.636,9.39
1.246,0.308,1.338,3.46,3.032,1.428,2.492,0.616,6.92
0.12,1.242,1.27,1.953,3.372,1.592,0.24,2.484,3.906
0.4,0.341,0.108,2.554,2.501,4.982,0.8,0.682,5.108
0.951,1.123,0.101,0.203,2.832,2.589,1.902,2.246,0.406
0.59,1.499,0.292,2.033,1.023,1.859,1.18,2.998,4.066
0.885,0.162,0.625,3.941,2.469,2.386,1.77,0.324,7.882
0.107,0.848,0.932,3.932,4.792,3.24,0.214,1.696,7.864
1.011,1.37,1.088,0.473,0.14,4.648,2.022,2.74,0.946
0.657,0.752,1.175,1.508,1.606,1.977,1.314,1.504,3.016
1.174,0.144,1.308,1.408,1.764,2.232,2.348,0.288,2.816
0.836,1.099,0.55,3.113,3.531,2.346,1.672,2.198,6.226
1.071,0.598,0.218,1.433,3.401,0.347,2.142,1.196,2.866
0.445,1.349,1.484,4.493,0.654,4.337,0.89,2.698,8.986
0.944,1.458,1.058,1.703,3.331,4.278,1.888,2.916,3.406
0.521,0.586,0.714,2.329,2.428,2.768,1.042,1.172,4.658
0.666,0.308,1.091,3.235,4.817,0.485,1.332,0.616,6.47
0.784,1.362,1.231,0.364,3.976,0.498,1.568,2.724,0.728
1.065,1.346,0.856,2.691,1.926,3.166,2.13,2.692,5.382
0.395,1.019,0.27,1.002,3.589,1.478,0.79,2.038,2.004
1.098,0.475,0.719,0.894,4.792,3.143,2.196,0.95,1.788
0.303,0.464,0.963,0.078,4.895,0.729,0.606,0.928,0.156
0.737,1.491,0.599,4.296,2.051,1.034,1.474,2.982,8.592
1.463,0.766,1.365,4.153,3.049,0.767,2.926,1.532,8.306
0.13,1.336,0.806,2.3,0.986,0.285,0.26,2.672,4.6
1.496,0.925,0.406,0.802,0.009,3.739,2.992,1.85,1.604
1.011,1.354,0.715,2.785,4.323,2.204,2.022,2.708,5.57
1.096,1.085,0.73,4.439,0.536,3.155,2.192,2.17,8.878
1.463,1.426,0.562,0.146,0.676,0.261,2.926,2.852,0.292
0.717,0.256,0.196,1.072,3.935,3.071,1.434,0.512,2.144
0.922,0.226,1.173,4.265,3.542,2.527,1.844,0.452,8.53
0.111,0.217,1.294,3.522,3.989,0.852,0.222,0.434,7.044
0.499,1.458,0.625,2.195,0.711,1.04,0.998,2.916,4.39
0.985,1.272,1.296,1.05,2.717,4.435,1.97,2.544,2.1
0.154,0.324,0.414,1.539,0.078,3.214,0.308,0.648,3.078
1.1,0.589,0.885,4.208,0.102,1.527,2.2,1.178,8.416
1.343,1.389,1.47,2.872,3.073,4.062,2.686,2.778,5.744
1.145,1.288,0.38,0.826,2.423,4.433,2.29,2.576,1.652
0.75,0.432,0.774,4.058,2.535,2.097,1.5,0.864,8.116
0.198,0.706,1.016,2.823,3.604,0.542,0.396,1.412,5.646
0.483,0.528,0.814,2.397,1.802,4.341,0.966,1.056,4.794
0.668,0.916,1.388,2.787,3.731,2.965,1.336,1.832,5.574
0.903,0.503,1.292,2.719,2.306,3.627,1.806,1.006,5.438
1.033,0.838,1.19,0.374,3.146,2.136,2.066,1.676,0.748
1.466,0.584,0.921,2.373,3.18,4.041,2.932,1.168,4.746
1.128,0.409,0.302,3.524,2.008,0.005,2.256,0.818,7.048
1.394,0.298,0.317,3.691,2.574,2.479,2.788,0.596,7.382
0.103,0.964,1.304,3.607,3.199,4.197,0.206,1.928,7.214
1.489,0.302,1.03,3.689,4.031,0.105,2.978,0.604,7.378
1.342,1.03,0.23,4.49,1.39,4.641,2.684,2.06,8.98
1.253,0.311,0.654,4.084,2.88,1.924,2.506,0.622,8.168
0.865,1.097,0.535,0.903,3.019,0.224,1.73,2.194,1.806
0.894,0.492,1.202,2.411,1.226,0.35,1.788,0.984,4.822
0.689,0.882,1.476,4.259,0.049,0.084,1.378,1.764,8.518
0.982,0.162,1.131,2.355,4.054,4.919,1.964,0.324,4.71
1.456,0.507,0.455,1.374,0.643,0.82,2.912,1.014,2.748
0.806,0.608,0.824,3.887,3.084,2.053,1.612,1.216,7.774
0.707,1.269,0.301,3.596,1.514,3.782,1.414,2.538,7.192
0.845,0.651,0.824,4.886,2.163,1.256,1.69,1.302,9.772
0.441,1.257,0.812,3.693,1.524,3.298,0.882,2.514,7.386
1.063,0.402,0.171,1.944,2.039,0.745,2.126,0.804,3.888
0.827,0.834,0.363,4.148,2.643,4.716,1.654,1.668,8.296
0.657,1.092,0.385,0.799,1.805,3.705,1.314,2.184,1.598
0.251,1.432,1.07,3.692,3.763,0.959,0.502,2.864,7.384
0.634,0.95,0.547,0.007,4.886,0.397,1.268,1.9,0.014
1.206,0.901,0.718,2.387,1.294,2.492,2.412,1.802,4.774
0.891,0.47,0.796,1.57,2.675,3.764,1.782,0.94,3.14
0.646,1.233,0.45,4.438,2.878,2.137,1.292,2.466,8.876
0.19,1.028,1.427,3.841,4.756,1.692,0.38,2.056,7.682
1.258,1.325,0.227,2.519,3.387,3.059,2.516,2.65,5.038
0.817,0.775,1.184,0.329,2.505,4.852,1.634,1.55,0.658
1.246,0.795,1.129,4.237,2.848,1.302,2.492,1.59,8.474
0.204,1.073,0.23,3.022,3.453,0.32,0.408,2.146,6.044
0.28,1.441,0.191,0.242,4.097,4.361,0.56,2.882,0.484
0.801,0.544,0.859,3.659,0.465,0.368,1.602,1.088,7.318
0.472,1.018,0.471,4.729,2.622,1.782,0.944,2.036,9.458
1.498,1.158,0.593,1.246,3.744,4.473,2.996,2.316,2.492
1.27,1.369,0.585,2.954,3.391,4.533,2.54,2.738,5.908
0.777,1.318,1.218,2.466,4.182,3.306,1.554,2.636,4.932
1.151,1.321,0.153,1.163,2.426,3.664,2.302,2.642,2.326
0.154,1.399,1.212,4.251,3.485,4.786,0.308,2.798,8.502
1.222,0.192,0.141,0.018,0.237,1.028,2.444,0.384,0.036
0.207,1.423,0.588,1.07,4.07,4.324,0.414,2.846,2.14
0.147,0.913,0.125,4.986,1.293,4.445,0.294,1.826,9.972
1.459,0.529,1.258,1.13,0.834,1.116,2.918,1.058,2.26
0.737,0.445,0.955,4.523,1.782,1.618,1.474,0.89,9.046
0.608,0.505,1.147,1.715,2.064,4.318,1.216,1.01,3.43
1.394,0.919,0.49,3.466,1.038,3.967,2.788,1.838,6.932
0.746,0.697,0.967,4.623,4.237,1.088,1.492,1.394,9.246
0.686,0.53,0.317,0.512,0.99,1.974,1.372,1.06,1.024
1.308,1.298,0.764,1.717,3.742,0.226,2.616,2.596,3.434
1.246,0.962,0.372,1.48,4.945,3.046,2.492,1.924,2.96
1.458,0.247,0.551,3.192,3.523,1.224,2.916,0.494,6.384
1.311,1.079,1.454,3.317,4.854,0.033,2.622,2.158,6.634
1.394,0.336,0.406,1.01,1.25,2.038,2.788,0.672,2.02
1.115,0.76,1.229,3.148,0.269,3.71,2.23,1.52,6.296
0.818,0.205,1.106,3.271,2.77,3.461,1.636,0.41,6.542
0.263,0.59,0.204,0.869,4.814,2.944,0.526,1.18,1.738
1.27,1.307,1.359,4.164,1.809,0.101,2.54,2.614,8.328
0.391,1.243,0.79,4.95,1.236,2.418,0.782,2.486,9.9
0.703,0.282,0.167,2.167,1.251,4.737,1.406,0.564,4.334
0.301,0.334,0.622,0.623,3.281,0.056,0.602,0.668,1.246
1.247,0.862,0.481,0.876,1.335,3.92,2.494,1.724,1.752
0.295,1.359,0.556,3.172,1.946,2.412,0.59,2.718,6.344
1.08,0.747,0.532,1.525,2.388,2.07,2.16,1.494,3.05
1.199,0.234,0.435,4.179,1.439,4.262,2.398,0.468,8.358
0.161,1.401,1.149,4.095,2.14,4.332,0.322,2.802,8.19
0.368,1.439,1.357,4.016,2.295,3.245,0.736,2.878,8.032
0.845,1.045,1.437,4.042,3.464,1.584,1.69,2.09,8.084
0.101,0.248,1.27,4.635,0.281,1.941,0.202,0.496,9.27
0.826,0.159,0.474,3.341,3.966,3.338,1.652,0.318,6.682
0.216,1.481,1.091,1.699,0.253,4.507,0.432,2.962,3.398
1.211,0.816,0.414,1.72,4.03,1.196,2.422,1.632,3.44
0.623,1.424,0.97,0.155,2.662,4.337,1.246,2.848,0.31
1.322,0.28,0.316,3.214,0.523,2.831,2.644,0.56,6.428
1.398,1.302,0.764,2.846,1.171,4.003,2.796,2.604,5.692
0.119,0.578,1.473,2.744,3.22,2.008,0.238,1.156,5.488
0.968,0.797,1.063,1.097,4.793,2.824,1.936,1.594,2.194
0.637,0.603,0.825,0.55,0.173,0.035,1.274,1.206,1.1
0.25,1.333,1.26,0.108,2.911,2.014,0.5,2.666,0.216
1.477,0.531,0.626,3.808,1.588,1.261,2.954,1.062,7.616
0.203,1.25,0.193,4.463,4.466,0.816,0.406,2.5,8.926
0.908,1.209,0.49,0.511,4.903,3.165,1.816,2.418,1.022
1.202,0.362,1.12,2.648,2.644,4.962,2.404,0.724,5.296
1.38,0.913,1.281,2.159,4.518,3.911,2.76,1.826,4.318
0.509,1.021,1.361,2.186,3.721,4.994,1.018,2.042,4.372
0.646,0.47,0.979,2.936,4.749,3.753,1.292,0.94,5.872
1.14,0.915,1.057,1.694,0.681,3.512,2.28,1.83,3.388
0.378,0.382,0.91,0.739,0.155,3.813,0.756,0.764,1.478
0.997,0.332,1.433,2.605,4.772,4.785,1.994,0.664,5.21
1.276,0.902,0.746,4.909,3.46,1.484,2.552,1.804,9.818
1.056,1.114,0.553,2.841,3.688,0.068,2.112,2.228,5.682
1.388,0.458,0.265,1.417,2.879,4.891,2.776,0.916,2.834
1.173,0.449,0.805,4.646,4.053,1.751,2.346,0.898,9.292
0.784,0.71,1.343,0.95,1.488,3.126,1.568,1.42,1.9
0.995,0.13,0.585,4.806,2.094,3.283,1.99,0.26,9.612
0.123,0.781,1.484,1.882,4.784,4.04,0.246,1.562,3.764
1.289,1.18,1.322,4.157,2.746,1.878,2.578,2.36,8.314
0.392,0.111,1.268,4.74,0.368,2.768,0.784,0.222,9.48
0.555,0.546,1.17,2.161,0.108,4.959,1.11,1.092,4.322
0.53,1.305,1.29,0.034,2.096,3.547,1.06,2.61,0.068
0.682,1.489,0.746,3.884,4.072,4.689,1.364,2.978,7.768
0.382,0.984,0.48,0.147,2.636,1.141,0.764,1.968,0.294
1.298,1.48,0.745,1.949,0.251,2.274,2.596,2.96,3.898
1.059,0.364,0.12,4.353,1.891,1.719,2.118,0.728,8.706
0.781,0.728,1.451,1.458,3.975,4.047,1.562,1.456,2.916
1.3,0.727,1.282,2.65,4.766,0.005,2.6,1.454,5.3
1.298,0.789,0.225,0.177,2.003,3.359,2.596,1.578,0.354
0.295,0.11,1.382,4.501,0.543,0.991,0.59,0.22,9.002
0.858,0.119,0.285,0.889,0.226,3.329,1.716,0.238,1.778
0.252,1.18,1.284,3.457,0.833,1.643,0.504,2.36,6.914
0.192,0.814,0.406,1.181,4.24,3.046,0.384,1.628,2.362
0.647,0.705,1.441,2.817,0.907,3.833,1.294,1.41,5.634
0.635,0.112,0.415,1.957,1.34,3.973,1.27,0.224,3.914
0.197,0.293,1.482,4.192,1.542,0.331,0.394,0.586,8.384
1.163,1.487,0.256,2.277,2.558,4.823,2.326,2.974,4.554
1.163,1.345,0.759,1.849,1.79,0.269,2.326,2.69,3.698
0.965,0.901,1.357,4.353,1.938,4.358,1.93,1.802,8.706
1.304,0.209,0.546,4.042,4.024,2.972,2.608,0.418,8.084
1.261,1.373,0.507,0.911,3.292,2.514,2.522,2.746,1.822
0.786,1.08,1.21,1.859,1.507,4.445,1.572,2.16,3.718
0.557,0.179,0.225,0.846,4.968,2.994,1.114,0.358,1.692
0.621,0.893,0.728,3.257,3.765,1.621,1.242,1.786,6.514
0.569,0.181,1.44,2.73,1.495,1.655,1.138,0.362,5.46
1.033,1.022,0.446,4.811,1.6,2.129,2.066,2.044,9.622
1.267,1.241,0.677,2.966,3.461,0.501,2.534,2.482,5.932
1.387,0.414,0.32,1.843,4.407,3.958,2.774,0.828,3.686
0.136,1.319,0.826,2.706,1.646,0.548,0.272,2.638,5.412
0.603,0.435,1.467,3.212,0.039,1.638,1.206,0.87,6.424
0.663,0.858,1.155,4.03,2.682,3.457,1.326,1.716,8.06
1.28,0.196,0.164,2.683,1.141,3.396,2.56,0.392,5.366
0.591,0.157,0.163,4.836,0.448,0.702,1.182,0.314,9.672
1.212,1.222,0.133,2.908,4.262,2.399,2.424,2.444,5.816
1.206,1.365,0.214,2.936,1.56,1.88,2.412,2.73,5.872
1.155,1.059,0.601,3.387,4.777,3.604,2.31,2.118,6.774
0.83,0.99,0.167,2.745,2.625,1.049,1.66,1.98,5.49
0.943,1.367,0.72,1.387,0.0,2.974,1.886,2.734,2.774
1.396,0.836,1.108,4.827,2.885,2.311,2.792,1.672,9.654
0.378,0.19,1.049,0.144,4.646,0.067,0.756,0.38,0.288
0.524,0.772,1.125,2.924,4.261,2.959,1.048,1.544,5.848
1.294,1.425,1.27,3.598,0.018,1.431,2.588,2.85,7.196
1.458,0.22,0.945,2.572,4.859,2.552,2.916,0.44,5.144
0.64,0.308,0.24,2.628,2.876,4.109,1.28,0.616,5.256
0.207,1.08,0.533,2.775,3.521,3.214,0.414,2.16,5.55
0.905,1.412,0.903,1.257,1.042,3.485,1.81,2.824,2.514
0.629,0.528,0.198,4.915,1.357,1.26,1.258,1.056,9.83
0.303,0.711,0.599,1.178,4.773,2.012,0.606,1.422,2.356
1.286,1.464,0.799,0.531,1.714,1.316,2.572,2.928,1.062
1.037,0.647,1.158,3.389,3.806,1.744,2.074,1.294,6.778
1.219,0.534,0.393,1.343,0.853,0.153,2.438,1.068,2.686
0.984,0.121,0.459,3.276,3.217,0.303,1.968,0.242,6.552
0.952,1.482,0.666,4.604,1.027,3.689,1.904,2.964,9.208
1.196,0.417,1.199,1.346,4.84,2.174,2.392,0.834,2.692
0.48,1.076,0.303,3.332,3.02,2.965,0.96,2.152,6.664
1.118,0.275,0.859,3.697,4.313,2.33,2.236,0.55,7.394
0.663,1.155,0.178,4.933,4.841,4.587,1.326,2.31,9.866
0.998,0.494,0.18,3.32,4.888,4.783,1.996,0.988,6.64
0.517,0.9,1.475,3.948,3.015,0.7,1.034,1.8,7.896
1.078,1.386,0.566,1.066,0.282,2.812,2.156,2.772,2.132
1.392,1.119,1.267,0.423,1.993,3.211,2.784,2.238,0.846
1.252,1.493,1.067,4.39,4.242,3.859,2.504,2.986,8.78
1.432,0.78,0.434,0.001,1.693,3.386,2.864,1.56,0.002
1.367,0.728,0.387,4.998,3.99,4.92,2.734,1.456,9.996
0.43,1.009,0.843,0.016,1.006,4.828,0.86,2.018,0.032
0.314,0.596,0.322,2.919,2.332,3.345,0.628,1.192,5.838
1.195,0.185,0.319,0.254,1.839,0.023,2.39,0.37,0.508
0.14,0.769,0.623,1.909,1.622,1.189,0.28,1.538,3.818
0.638,0.785,0.524,1.627,3.116,2.649,1.276,1.57,3.254
1.161,0.134,1.056,2.01,4.845,3.064,2.322,0.268,4.02
0.567,0.952,0.148,2.538,3.424,0.287,1.134,1.904,5.076
1.252,0.209,0.411,2.386,1.869,1.805,2.504,0.418,4.772
1.049,0.832,0.24,1.906,3.655,1.269,2.098,1.664,3.812
0.421,0.122,0.952,2.518,2.856,3.161,0.842,0.244,5.036
0.596,0.288,0.487,0.352,3.407,0.993,1.192,0.576,0.704
1.071,0.421,1.21,1.3,0.19,1.345,2.142,0.842,2.6
0.692,0.159,1.217,1.769,1.958,0.967,1.384,0.318,3.538
1.069,0.538,0.65,2.301,2.801,2.985,2.138,1.076,4.602
0.953,0.742,0.325,3.042,1.534,3.966,1.906,1.484,6.084
0.929,1.238,0.844,0.04,0.075,0.112,1.858,2.476,0.08
1.012,1.374,0.165,2.094,4.434,3.016,2.024,2.748,4.188
0.825,0.307,0.853,1.633,1.046,2.052,1.65,0.614,3.266
1.138,0.356,1.201,4.361,1.305,0.159,2.276,0.712,8.722
0.544,0.815,1.148,4.822,0.942,1.075,1.088,1.63,9.644
0.7,0.392,1.215,3.982,3.13,4.689,1.4,0.784,7.964
1.04,1.139,0.906,0.141,0.382,2.371,2.08,2.278,0.282
0.283,0.421,1.006,3.54,1.5,0.773,0.566,0.842,7.08
1.216,0.689,0.594,0.244,0.175,4.338,2.432,1.378,0.488
1.409,0.119,1.242,4.209,3.642,0.972,2.818,0.238,8.418
1.194,0.688,1.144,1.763,4.79,1.023,2.388,1.376,3.526
0.648,1.404,1.305,3.531,4.419,1.652,1.296,2.808,7.062
1.276,0.848,0.392,3.912,1.793,4.537,2.552,1.696,7.824
1.24,0.685,0.327,0.882,4.83,2.017,2.48,1.37,1.764
0.405,0.991,1.256,0.058,2.874,1.352,0.81,1.982,0.116
0.59,0.949,1.461,3.18,0.656,2.062,1.18,1.898,6.36
1.26,0.533,1.264,3.197,0.917,0.253,2.52,1.066,6.394
1.338,1.107,1.029,0.464,1.649,0.926,2.676,2.214,0.928
1.187,0.185,1.196,2.45,4.772,4.902,2.374,0.37,4.9
0.434,0.653,0.41,2.865,1.992,2.955,0.868,1.306,5.73
1.417,0.917,1.246,1.16,4.153,4.522,2.834,1.834,2.32
0.633,0.583,0.846,0.428,4.056,3.175,1.266,1.166,0.856
0.805,0.266,0.524,2.042,3.391,0.884,1.61,0.532,4.084
0.176,0.806,1.484,3.076,3.465,0.283,0.352,1.612,6.152
0.438,1.117,0.742,2.148,2.181,2.229,0.876,2.234,4.296
1.315,0.536,1.122,2.819,0.541,0.426,2.63,1.072,5.638
0.539,0.724,0.502,2.199,1.76,2.178,1.078,1.448,4.398
1.429,0.315,1.069,4.583,3.942,2.215,2.858,0.63,9.166
0.937,0.611,0.245,1.304,1.854,3.746,1.874,1.222,2.608
0.286,1.223,0.457,1.729,3.501,0.36,0.572,2.446,3.458
0.529,1.187,1.443,3.14,2.071,0.983,1.058,2.374,6.28
0.871,0.577,0.98,1.271,1.987,3.346,1.742,1.154,2.542
0.472,0.297,0.811,4.415,4.447,1.702,0.944,0.594,8.83
1.348,1.225,0.666,3.973,2.202,0.575,2.696,2.45,7.946
0.714,0.292,0.89,0.853,1.636,1.806,1.428,0.584,1.706
1.166,0.187,1.215,2.667,3.11,3.986,2.332,0.374,5.334
0.395,0.571,0.748,4.466,0.276,2.739,0.79,1.142,8.932
1.217,1.287,1.036,3.355,3.812,1.159,2.434,2.574,6.71
0.937,0.439,0.26,2.402,4.908,2.716,1.874,0.878,4.804
0.709,1.099,0.53,0.283,0.225,4.293,1.418,2.198,0.566
1.401,0.587,0.206,3.604,0.862,2.239,2.802,1.174,7.208
0.985,0.969,1.104,1.695,4.958,2.135,1.97,1.938,3.39
1.043,1.48,1.239,3.943,0.433,0.351,2.086,2.96,7.886
0.742,0.708,1.278,4.331,3.418,4.23,1.484,1.416,8.662
1.012,1.315,0.905,0.762,3.451,1.378,2.024,2.63,1.524
0.238,0.445,1.287,2.83,2.689,1.841,0.476,0.89,5.66
0.824,0.754,0.305,3.229,0.855,3.7,1.648,1.508,6.458
0.803,0.452,0.14,4.697,0.161,1.299,1.606,0.904,9.394
1.021,1.254,1.158,4.77,2.215,4.831,2.042,2.508,9.54
0.995,0.471,1.498,3.501,1.788,4.543,1.99,0.942,7.002
0.693,0.268,1.274,0.274,1.969,4.627,1.386,0.536,0.548
1.396,0.217,0.594,3.009,0.202,4.354,2.792,0.434,6.018
0.321,1.015,1.479,4.785,4.358,1.267,0.642,2.03,9.57
0.472,1.207,0.542,4.961,4.085,3.58,0.944,2.414,9.922
1.357,0.343,1.218,1.198,2.27,3.605,2.714,0.686,2.396
0.941,0.24,1.399,2.555,4.139,3.761,1.882,0.48,5.11
0.276,0.174,1.148,4.43,3.311,0.393,0.552,0.348,8.86
0.488,0.97,1.215,3.785,0.604,2.906,0.976,1.94,7.57
1.032,0.646,1.207,2.138,3.433,1.394,2.064,1.292,4.276
0.744,1.088,0.644,0.141,2.461,1.25,1.488,2.176,0.282
0.472,1.094,0.999,4.107,2.059,1.002,0.944,2.188,8.214
0.876,0.601,0.279,0.167,4.032,4.166,1.752,1.202,0.334
0.613,1.452,0.77,4.256,3.378,0.355,1.226,2.904,8.512
1.14,1.421,0.679,3.811,4.493,1.853,2.28,2.842,7.622
1.233,0.999,1.034,2.88,2.952,3.431,2.466,1.998,5.76
0.636,1.096,1.321,2.045,3.811,3.019,1.272,2.192,4.09
1.096,0.978,0.117,2.147,0.284,1.821,2.192,1.956,4.294
0.6,0.282,0.39,3.872,1.42,4.229,1.2,0.564,7.744
0.305,0.215,0.625,4.6,2.058,1.899,0.61,0.43,9.2
0.14,0.884,0.56,1.789,4.967,3.038,0.28,1.768,3.578
0.874,0.193,0.837,4.528,0.746,0.489,1.748,0.386,9.056
0.317,0.174,0.938,0.972,1.427,2.114,0.634,0.348,1.944
0.621,0.167,0.599,1.618,3.881,3.073,1.242,0.334,3.236
0.794,0.776,0.609,0.511,4.543,3.78,1.588,1.552,1.022
1.443,0.54,0.78,1.023,1.71,0.016,2.886,1.08,2.046
1.405,1.374,0.596,2.238,3.102,1.242,2.81,2.748,4.476
1.382,0.488,0.721,3.238,0.948,1.871,2.764,0.976,6.476
1.026,0.36,1.243,0.197,1.692,1.369,2.052,0.72,0.394
0.329,1.26,0.978,3.921,0.351,3.88,0.658,2.52,7.842
1.395,0.909,0.791,2.736,2.063,0.643,2.79,1.818,5.472
1.47,0.118,1.285,3.332,1.602,0.522,2.94,0.236,6.664
0.762,0.468,0.44,3.611,0.537,2.555,1.524,0.936,7.222
1.056,0.885,0.348,2.247,3.919,0.171,2.112,1.77,4.494
0.792,0.613,0.945,4.392,0.236,0.639,1.584,1.226,8.784
0.895,1.195,0.801,4.336,0.162,1.037,1.79,2.39,8.672
0.69,0.445,0.5,1.487,1.733,1.405,1.38,0.89,2.974
1.141,1.018,0.419,0.478,0.149,1.223,2.282,2.036,0.956
1.29,1.075,0.733,3.394,1.499,0.531,2.58,2.15,6.788
0.273,0.462,0.428,3.671,4.633,0.791,0.546,0.924,7.342
1.002,0.978,1.499,0.649,4.86,4.615,2.004,1.956,1.298
1.322,0.529,0.949,0.82,1.571,4.103,2.644,1.058,1.64
0.673,1.266,1.013,1.779,4.254,0.652,1.346,2.532,3.558
1.046,1.142,0.749,4.497,1.861,2.256,2.092,2.284,8.994
0.613,1.154,0.298,4.323,0.096,4.72,1.226,2.308,8.646
0.615,0.714,0.786,4.301,1.237,0.937,1.23,1.428,8.602
0.2,1.053,0.51,2.7,2.928,3.644,0.4,2.106,5.4
0.391,0.787,1.475,1.391,4.026,3.024,0.782,1.574,2.782
0.299,1.458,0.456,4.706,2.003,3.575,0.598,2.916,9.412
1.134,0.654,0.867,3.746,1.434,0.057,2.268,1.308,7.492
0.715,0.347,0.378,4.141,2.312,1.414,1.43,0.694,8.282
1.179,0.595,0.986,4.308,3.8,0.023,2.358,1.19,8.616
0.962,0.636,1.477,1.829,1.932,1.749,1.924,1.272,3.658
1.236,0.511,0.648,2.302,0.626,0.879,2.472,1.022,4.604
0.463,1.119,1.311,2.203,4.148,0.001,0.926,2.238,4.406
0.398,1.238,0.21,2.849,3.347,4.427,0.796,2.476,5.698
0.858,0.778,0.802,0.782,3.736,3.938,1.716,1.556,1.564
0.102,0.489,1.17,4.705,2.0,0.955,0.204,0.978,9.41
0.435,0.245,0.677,3.321,4.74,1.632,0.87,0.49,6.642
0.174,0.73,0.154,3.688,4.543,3.637,0.348,1.46,7.376
1.204,1.024,0.797,1.265,2.895,2.305,2.408,2.048,2.53
0.8,1.072,0.485,2.704,3.323,3.898,1.6,2.144,5.408
0.712,0.885,1.109,2.082,0.722,2.503,1.424,1.77,4.164
0.563,0.153,0.936,4.524,1.531,4.329,1.126,0.306,9.048
0.133,1.33,0.167,0.416,4.615,0.593,0.266,2.66,0.832
0.14,1.455,0.414,3.643,2.108,3.032,0.28,2.91,7.286
0.529,1.251,1.483,2.507,3.641,1.302,1.058,2.502,5.014
0.284,1.051,1.234,2.864,0.259,3.461,0.568,2.102,5.728
0.284,1.333,0.856,4.878,1.231,4.738,0.568,2.666,9.756
1.08,0.598,0.907,4.016,1.336,4.69,2.16,1.196,8.032
1.025,0.997,1.279,2.173,3.156,4.162,2.05,1.994,4.346
0.144,0.173,0.373,4.808,3.314,2.775,0.288,0.346,9.616
0.987,0.328,0.352,0.08,1.998,3.057,1.974,0.656,0.16
1.094,0.709,0.115,2.763,1.026,0.559,2.188,1.418,5.526
0.745,1.341,0.107,1.692,0.991,3.619,1.49,2.682,3.384
0.348,0.819,0.154,3.227,2.282,2.482,0.696,1.638,6.454
0.367,0.868,0.821,0.463,2.879,1.508,0.734,1.736,0.926
0.947,0.397,0.896,0.654,0.944,2.814,1.894,0.794,1.308
0.381,0.974,1.246,0.727,1.489,4.515,0.762,1.948,1.454
1.496,1.408,0.418,4.042,4.364,0.012,2.992,2.816,8.084
0.615,0.566,0.296,1.55,1.394,4.532,1.23,1.132,3.1
0.89,1.105,1.492,2.255,4.018,0.117,1.78,2.21,4.51
1.188,0.531,0.567,2.975,0.407,4.848,2.376,1.062,5.95
0.314,0.55,1.254,0.626,0.144,1.479,0.628,1.1,1.252
1.182,1.287,0.85,3.096,4.205,0.838,2.364,2.574,6.192
0.283,0.186,0.464,1.04,3.469,2.45,0.566,0.372,2.08
1.02,0.656,1.403,4.302,1.725,4.033,2.04,1.312,8.604
1.069,0.615,1.21,3.455,2.839,1.117,2.138,1.23,6.91
0.709,1.044,0.112,4.982,4.404,2.556,1.418,2.088,9.964
1.417,0.94,0.225,3.016,4.848,0.095,2.834,1.88,6.032
1.001,0.892,1.213,4.892,3.297,2.477,2.002,1.784,9.784
0.455,0.461,0.151,1.743,3.658,2.877,0.91,0.922,3.486
0.91,0.842,1.067,1.089,1.885,4.705,1.82,1.684,2.178
1.202,1.118,0.13,3.786,0.812,4.849,2.404,2.236,7.572
0.608,0.764,1.248,1.686,3.114,0.997,1.216,1.528,3.372
0.161,0.203,0.848,4.964,2.032,3.751,0.322,0.406,9.928
0.172,1.401,1.307,1.427,0.24,4.116,0.344,2.802,2.854
0.922,1.278,0.638,0.125,2.456,4.153,1.844,2.556,0.25
1.393,1.269,0.642,2.136,3.248,4.397,2.786,2.538,4.272
0.618,1.223,0.673,3.066,0.869,2.009,1.236,2.446,6.132
0.471,1.116,1.336,0.597,0.563,4.577,0.942,2.232,1.194
1.379,1.228,0.355,1.846,3.308,3.515,2.758,2.456,3.692
1.449,0.519,0.872,3.239,2.322,1.544,2.898,1.038,6.478
0.686,0.135,0.409,0.171,3.954,2.18,1.372,0.27,0.342
0.736,0.454,1.152,0.378,4.792,2.515,1.472,0.908,0.756
0.52,0.253,0.473,4.149,1.177,0.757,1.04,0.506,8.298
0.588,0.357,0.837,2.782,4.071,3.535,1.176,0.714,5.564
1.389,0.583,0.97,3.848,4.137,4.334,2.778,1.166,7.696
0.912,1.408,1.463,1.302,4.924,0.008,1.824,2.816,2.604
0.475,0.169,0.795,0.607,4.094,3.174,0.95,0.338,1.214
0.312,1.188,1.089,3.833,0.109,1.519,0.624,2.376,7.666
0.443,0.744,0.451,4.049,2.884,3.301,0.886,1.488,8.098
1.476,0.902,1.493,4.165,2.735,1.055,2.952,1.804,8.33
1.43,0.558,1.49,2.475,0.522,1.12,2.86,1.116,4.95
0.669,1.295,1.248,1.759,1.124,0.065,1.338,2.59,3.518
0.727,1.447,1.353,2.45,4.119,3.987,1.454,2.894,4.9
0.527,0.293,1.33,2.411,3.768,0.22,1.054,0.586,4.822
1.41,1.234,0.352,1.244,0.903,1.908,2.82,2.468,2.488
1.015,0.303,1.029,4.962,4.421,1.323,2.03,0.606,9.924
0.32,0.268,0.782,1.319,1.842,2.392,0.64,0.536,2.638
0.598,0.778,0.736,0.887,3.172,4.427,1.196,1.556,1.774
0.66,0.836,1.174,2.083,4.078,4.871,1.32,1.672,4.166
0.817,0.834,0.51,1.848,1.449,2.424,1.634,1.668,3.696
0.126,0.77,1.135,0.815,4.016,2.133,0.252,1.54,1.63
0.522,1.388,1.083,4.628,4.48,4.63,1.044,2.776,9.256
1.361,1.41,0.968,2.859,3.73,3.893,2.722,2.82,5.718
0.794,0.808,1.259,3.436,2.759,1.141,1.588,1.616,6.872
0.779,1.161,0.353,0.263,2.543,0.218,1.558,2.322,0.526
1.061,0.855,1.241,4.228,3.773,2.168,2.122,1.71,8.456
1.327,0.709,0.961,1.613,3.029,4.689,2.654,1.418,3.226
0.633,0.963,0.942,2.206,1.534,2.718,1.266,1.926,4.412
1.202,0.135,0.305,4.627,2.155,2.457,2.404,0.27,9.254
0.175,0.942,0.931,4.63,1.436,2.301,0.35,1.884,9.26
0.24,1.105,0.917,2.715,1.301,3.326,0.48,2.21,5.43
1.374,0.336,1.173,2.224,3.524,4.065,2.748,0.672,4.448
0.959,0.896,1.461,2.647,4.822,2.506,1.918,1.792,5.294
0.305,0.558,1.351,4.035,4.487,0.182,0.61,1.116,8.07
0.775,0.235,0.457,3.866,0.128,1.387,1.55,0.47,7.732
1.1,0.842,0.469,4.274,3.469,2.532,2.2,1.684,8.548
0.814,0.291,0.381,1.156,3.186,3.745,1.628,0.582,2.312
0.983,0.969,0.672,0.177,0.045,4.552,1.966,1.938,0.354
1.265,1.116,1.407,3.144,0.395,2.752,2.53,2.232,6.288
0.837,1.133,0.45,1.503,1.199,0.021,1.674,2.266,3.006
0.922,0.438,0.872,1.532,1.687,4.353,1.844,0.876,3.064
0.73,1.354,1.064,0.927,2.055,0.545,1.46,2.708,1.854
0.156,1.163,0.161,2.677,1.87,2.964,0.312,2.326,5.354
1.242,0.363,0.79,3.438,0.162,2.767,2.484,0.726,6.876
1.251,1.206,1.425,0.439,1.357,3.919,2.502,2.412,0.878
0.222,1.119,0.152,4.135,4.953,1.847,0.444,2.238,8.27
0.665,1.182,0.511,0.476,4.259,4.774,1.33,2.364,0.952
1.146,0.369,0.892,3.274,3.116,2.714,2.292,0.738,6.548
1.495,0.981,1.361,4.296,0.018,4.98,2.99,1.962,8.592
0.518,1.38,0.832,1.328,4.469,3.172,1.036,2.76,2.656
0.166,1.36,1.199,2.323,0.292,1.669,0.332,2.72,4.646
1.349,0.877,0.735,2.666,0.646,2.551,2.698,1.754,5.332
1.179,1.112,0.84,0.354,0.835,4.861,2.358,2.224,0.708
0.222,1.21,0.86,1.742,3.934,2.119,0.444,2.42,3.484
0.872,0.746,1.314,0.143,0.921,2.38,1.744,1.492,0.286
0.429,0.259,0.26,1.11,0.18,1.778,0.858,0.518,2.22
0.615,1.004,0.23,2.464,1.304,1.264,1.23,2.008,4.928
1.161,1.341,0.746,0.585,2.957,4.857,2.322,2.682,1.17
1.242,0.501,0.766,1.576,0.133,0.852,2.484,1.002,3.152
0.256,0.101,0.963,1.916,1.859,4.84,0.512,0.202,3.832
0.381,1.424,0.18,2.524,4.142,4.366,0.762,2.848,5.048
1.285,0.492,0.963,1.719,1.28,0.786,2.57,0.984,3.438
0.645,1.037,1.469,2.515,3.301,2.763,1.29,2.074,5.03
1.358,0.354,1.244,4.766,4.583,2.107,2.716,0.708,9.532
0.979,1.376,0.971,1.72,1.01,4.316,1.958,2.752,3.44
0.317,1.418,0.745,4.376,3.147,3.755,0.634,2.836,8.752
1.003,0.676,0.968,0.514,4.174,2.113,2.006,1.352,1.028
1.174,1.08,0.642,3.219,0.422,1.565,2.348,2.16,6.438
0.215,0.543,1.3,2.206,4.266,1.309,0.43,1.086,4.412
0.474,0.613,0.624,2.921,1.713,2.22,0.948,1.226,5.842
0.406,0.684,0.2,0.535,0.57,3.086,0.812,1.368,1.07
0.294,0.993,1.174,3.335,4.577,0.972,0.588,1.986,6.67
0.667,1.158,0.611,1.13,3.805,4.16,1.334,2.316,2.26
0.648,0.125,0.523,2.461,4.919,1.341,1.296,0.25,4.922
1.331,0.688,0.472,2.024,4.02,2.493,2.662,1.376,4.048
1.017,0.664,0.777,1.468,2.54,2.256,2.034,1.328,2.936
0.698,1.324,0.896,1.84,0.96,2.32,1.396,2.648,3.68
0.892,0.792,0.875,2.024,4.661,3.077,1.784,1.584,4.048
1.025,0.413,0.76,3.242,1.541,1.684,2.05,0.826,6.484
0.993,0.155,1.006,0.04,4.35,1.048,1.986,0.31,0.08
0.963,0.179,0.509,4.053,2.28,1.794,1.926,0.358,8.106
1.426,1.214,0.506,4.371,0.233,0.462,2.852,2.428,8.742
0.783,1.286,0.952,0.019,2.77,2.919,1.566,2.572,0.038
0.781,1.388,1.44,3.679,0.473,4.157,1.562,2.776,7.358
0.55,1.151,0.616,2.572,1.626,2.618,1.1,2.302,5.144
1.46,0.265,0.564,3.29,2.486,3.196,2.92,0.53,6.58
1.168,1.03,0.612,3.809,4.334,4.715,2.336,2.06,7.618
0.455,1.072,0.958,1.644,0.165,1.055,0.91,2.144,3.288
1.113,0.621,0.912,1.599,4.759,0.519,2.226,1.242,3.198
1.23,1.446,0.832,3.022,3.387,3.042,2.46,2.892,6.044
0.618,1.489,0.813,3.454,3.193,2.378,1.236,2.978,6.908
0.762,1.488,0.339,1.309,2.929,3.82,1.524,2.976,2.618
0.909,1.013,1.066,0.765,3.872,2.345,1.818,2.026,1.53
1.135,0.59,1.346,1.829,1.031,4.035,2.27,1.18,3.658
0.747,0.521,1.376,0.212,4.294,4.522,1.494,1.042,0.424
1.087,0.991,0.81,0.069,1.51,2.806,2.174,1.982,0.138
0.874,0.845,0.311,4.657,2.794,2.7,1.748,1.69,9.314
0.92,0.155,0.793,2.576,3.623,4.513,1.84,0.31,5.152
0.79,0.414,0.651,2.737,0.456,2.574,1.58,0.828,5.474
0.835,0.77,0.534,0.166,2.31,2.595,1.67,1.54,0.332
0.746,0.287,0.917,0.503,3.013,2.616,1.492,0.574,1.006
0.535,0.422,0.597,0.319,2.131,2.242,1.07,0.844,0.638
0.961,1.05,1.341,0.418,1.296,3.171,1.922,2.1,0.836
0.129,1.153,0.479,0.536,1.117,2.878,0.258,2.306,1.072
1.196,0.628,0.38,4.123,0.37,3.799,2.392,1.256,8.246
0.58,0.601,0.537,3.7,1.877,2.582,1.16,1.202,7.4
0.47,0.551,0.428,0.052,2.401,3.646,0.94,1.102,0.104
0.516,0.75,0.781,0.152,3.345,4.859,1.032,1.5,0.304
1.14,0.806,0.137,0.825,0.857,2.717,2.28,1.612,1.65
1.451,0.362,0.471,2.008,2.357,2.604,2.902,0.724,4.016
1.24,0.54,1.3,3.507,4.313,3.349,2.48,1.08,7.014
0.999,1.307,0.117,3.383,0.088,3.578,1.998,2.614,6.766
1.43,0.763,1.042,2.334,4.792,1.939,2.86,1.526,4.668
0.25,1.293,0.889,4.62,4.824,3.689,0.5,2.586,9.24
1.239,0.519,0.869,1.878,4.571,4.348,2.478,1.038,3.756
0.984,0.82,1.411,3.326,4.729,2.978,1.968,1.64,6.652
0.141,0.284,0.683,4.774,3.619,2.655,0.282,0.568,9.548
0.61,0.815,0.624,3.066,0.394,2.606,1.22,1.63,6.132
0.44,0.507,1.335,4.028,0.466,1.239,0.88,1.014,8.056
1.272,0.796,0.747,0.08,1.944,2.07,2.544,1.592,0.16
1.317,1.481,1.458,1.259,0.771,0.096,2.634,2.962,2.518
1.107,1.074,1.356,4.371,2.463,4.839,2.214,2.148,8.742
0.68,1.226,0.813,1.676,1.217,2.471,1.36,2.452,3.352
0.823,0.421,0.561,4.451,1.516,0.24,1.646,0.842,8.902
0.517,1.0,1.137,4.433,0.695,4.555,1.034,2.0,8.866
1.151,1.298,0.911,2.454,1.662,3.652,2.302,2.596,4.908
0.895,0.444,0.832,0.016,1.777,0.386,1.79,0.888,0.032
0.327,0.552,0.373,4.849,1.562,3.307,0.654,1.104,9.698
0.537,0.344,0.37,3.993,1.778,4.168,1.074,0.688,7.986
1.083,0.954,1.474,3.197,0.868,2.464,2.166,1.908,6.394
0.736,0.41,1.365,2.081,3.297,4.973,1.472,0.82,4.162
1.335,0.375,0.966,3.25,0.473,0.144,2.67,0.75,6.5
0.285,0.113,1.461,0.085,4.745,4.565,0.57,0.226,0.17
1.407,0.181,0.647,0.961,0.587,4.229,2.814,0.362,1.922
0.402,0.981,0.485,4.284,1.36,4.769,0.804,1.962,8.568
0.806,0.202,0.403,0.596,0.861,4.054,1.612,0.404,1.192
1.308,1.479,0.829,1.855,4.212,0.771,2.616,2.958,3.71
0.134,0.886,0.717,1.495,3.048,1.807,0.268,1.772,2.99
1.265,1.298,1.375,1.877,3.596,3.101,2.53,2.596,3.754
0.138,1.126,0.248,2.037,2.77,4.301,0.276,2.252,4.074
1.143,0.795,1.394,2.201,3.984,4.521,2.286,1.59,4.402
0.358,1.175,0.96,3.496,1.544,0.614,0.716,2.35,6.992
1.312,0.269,1.07,2.301,4.619,4.774,2.624,0.538,4.602
0.21,0.774,0.676,4.433,0.075,1.93,0.42,1.548,8.866
1.027,0.343,1.147,0.484,2.291,1.737,2.054,0.686,0.968
0.292,1.441,1.286,3.26,2.309,2.633,0.584,2.882,6.52
0.536,0.235,1.18,1.15,3.56,4.456,1.072,0.47,2.3
0.646,0.873,1.112,1.239,4.596,4.103,1.292,1.746,2.478
0.969,0.321,1.428,3.296,4.727,4.186,1.938,0.642,6.592
1.437,0.146,0.757,1.26,0.487,1.293,2.874,0.292,2.52
0.411,1.271,0.914,0.873,3.458,4.789,0.822,2.542,1.746
1.265,1.051,0.39,4.399,2.629,2.033,2.53,2.102,8.798
1.125,0.392,0.99,2.607,1.569,1.247,2.25,0.784,5.214
0.108,1.06,0.182,4.107,1.709,1.818,0.216,2.12,8.214
1.492,1.41,1.105,0.944,1.773,2.005,2.984,2.82,1.888
1.415,1.314,1.418,3.294,2.886,3.647,2.83,2.628,6.588
1.098,0.71,0.113,2.738,4.418,3.274,2.196,1.42,5.476
0.223,1.214,0.923,3.413,2.381,4.476,0.446,2.428,6.826
0.774,1.465,0.9,1.875,2.235,0.711,1.548,2.93,3.75
1.299,1.227,0.743,4.378,1.657,0.776,2.598,2.454,8.756
1.411,1.308,0.717,3.018,0.607,4.602,2.822,2.616,6.036
1.211,1.429,0.136,1.409,3.401,3.757,2.422,2.858,2.818
0.775,0.746,0.833,0.838,0.083,3.186,1.55,1.492,1.676
0.527,0.331,1.049,4.579,3.84,2.127,1.054,0.662,9.158
1.157,1.057,1.436,3.753,1.484,0.179,2.314,2.114,7.506
1.351,0.157,1.457,4.342,0.155,3.443,2.702,0.314,8.684
0.187,0.565,0.594,4.651,1.513,0.255,0.374,1.13,9.302
1.139,1.003,0.719,4.273,4.383,0.218,2.278,2.006,8.546
0.381,0.704,0.77,3.662,2.785,3.085,0.762,1.408,7.324
0.469,0.677,0.959,4.482,4.309,1.302,0.938,1.354,8.964
0.348,1.095,0.422,2.331,4.322,1.894,0.696,2.19,4.662
0.652,0.467,0.884,3.981,1.017,0.168,1.304,0.934,7.962
0.263,0.775,0.364,0.787,3.087,3.794,0.526,1.55,1.574
1.478,1.362,0.123,2.576,1.918,0.892,2.956,2.724,5.152
0.27,1.467,0.371,2.761,4.586,1.398,0.54,2.934,5.522
0.178,0.157,1.273,1.594,1.666,2.337,0.356,0.314,3.188
1.361,0.323,0.112,3.718,3.532,3.268,2.722,0.646,7.436
0.623,0.637,0.223,2.418,4.687,2.759,1.246,1.274,4.836
0.514,1.169,0.244,4.315,2.028,4.697,1.028,2.338,8.63
1.302,1.033,0.841,1.367,3.076,0.841,2.604,2.066,2.734
0.523,1.36,0.76,2.735,2.871,1.725,1.046,2.72,5.47
0.544,0.565,0.679,4.085,1.517,3.912,1.088,1.13,8.17
0.671,0.291,0.308,0.823,2.484,4.041,1.342,0.582,1.646
1.082,0.386,0.321,2.981,0.315,1.888,2.164,0.772,5.962
1.145,0.951,1.14,1.259,3.768,4.81,2.29,1.902,2.518
0.375,1.082,0.115,3.871,0.918,0.66,0.75,2.164,7.742
0.791,0.621,1.02,1.978,4.027,3.588,1.582,1.242,3.956
0.53,1.352,0.26,1.26,3.709,4.207,1.06,2.704,2.52
1.01,1.14,0.363,2.289,2.7,3.512,2.02,2.28,4.578
0.534,0.401,1.465,1.269,3.391,1.673,1.068,0.802,2.538
1.062,0.584,1.071,0.588,2.866,4.188,2.124,1.168,1.176
0.306,0.138,0.244,2.333,1.309,3.031,0.612,0.276,4.666
1.255,0.491,1.195,4.535,1.668,1.786,2.51,0.982,9.07
0.105,0.362,0.481,4.119,4.238,0.379,0.21,0.724,8.238
1.329,1.339,0.811,1.266,2.785,2.305,2.658,2.678,2.532
1.138,1.437,0.402,1.101,2.141,4.679,2.276,2.874,2.202
0.121,0.781,0.692,2.888,0.492,1.577,0.242,1.562,5.776
1.168,0.369,1.412,4.276,0.439,1.617,2.336,0.738,8.552
0.589,1.066,1.068,3.127,3.337,1.195,1.178,2.132,6.254
1.124,0.753,0.852,2.876,0.845,3.585,2.248,1.506,5.752
0.977,1.27,1.108,4.702,2.734,4.881,1.954,2.54,9.404
1.269,0.191,1.223,4.11,3.97,2.65,2.538,0.382,8.22
1.375,1.113,0.442,0.256,4.438,2.48,2.75,2.226,0.512
0.322,0.407,0.547,4.259,0.175,1.775,0.644,0.814,8.518
0.587,0.19,0.317,3.402,3.814,4.505,1.174,0.38,6.804
1.283,0.645,1.303,0.877,1.781,1.318,2.566,1.29,1.754
0.473,1.237,0.651,0.738,0.092,1.438,0.946,2.474,1.476
0.861,0.338,0.544,4.442,2.396,2.425,1.722,0.676,8.884
0.425,0.577,1.033,1.091,3.569,1.514,0.85,1.154,2.182
1.258,1.203,0.175,1.464,3.666,2.925,2.516,2.406,2.928
0.178,0.777,0.185,0.631,1.943,3.294,0.356,1.554,1.262
0.762,0.504,1.085,0.705,1.327,4.318,1.524,1.008,1.41
0.901,1.134,0.649,4.226,1.617,1.614,1.802,2.268,8.452
0.2,1.48,0.785,0.023,4.307,4.827,0.4,2.96,0.046
0.441,0.173,1.391,3.311,3.013,0.873,0.882,0.346,6.622
0.922,0.537,0.472,3.795,2.521,0.506,1.844,1.074,7.59
0.321,1.413,1.054,1.253,0.182,1.488,0.642,2.826,2.506
1.028,1.053,1.499,4.491,4.302,3.239,2.056,2.106,8.982
1.488,0.525,0.752,3.645,3.124,3.377,2.976,1.05,7.29
0.323,0.741,0.575,4.328,0.921,0.263,0.646,1.482,8.656
0.175,0.366,0.533,4.61,2.306,1.896,0.35,0.732,9.22
0.708,1.401,0.974,1.801,3.038,0.4,1.416,2.802,3.602
1.224,0.945,1.064,2.53,0.714,3.828,2.448,1.89,5.06
1.421,0.718,0.638,2.011,1.36,4.918,2.842,1.436,4.022
0.681,0.46,0.734,3.475,1.979,1.643,1.362,0.92,6.95
0.199,1.105,1.358,2.586,4.078,3.538,0.398,2.21,5.172
0.413,0.167,0.594,2.556,0.096,1.141,0.826,0.334,5.112
1.023,0.756,0.806,3.263,2.831,2.977,2.046,1.512,6.526
1.468,1.049,0.786,1.583,3.411,4.504,2.936,2.098,3.166
1.292,1.175,0.309,1.354,1.011,4.17,2.584,2.35,2.708
0.307,0.326,0.358,4.7,3.713,1.733,0.614,0.652,9.4
0.732,0.822,1.474,0.098,0.811,4.61,1.464,1.644,0.196
1.404,0.155,0.877,0.699,1.382,2.768,2.808,0.31,1.398
0.801,0.654,0.107,3.54,4.017,1.706,1.602,1.308,7.08
0.915,0.231,1.266,1.665,3.005,3.393,1.83,0.462,3.33
1.116,1.241,0.723,0.704,2.293,2.431,2.232,2.482,1.408
0.104,0.21,0.643,3.687,2.303,2.342,0.208,0.42,7.374
0.775,0.35,0.629,1.999,0.091,3.44,1.55,0.7,3.998
0.356,1.296,1.18,2.947,4.1,2.12,0.712,2.592,5.894
0.423,0.608,0.79,1.708,1.361,0.92,0.846,1.216,3.416
1.153,1.341,0.484,3.614,4.901,3.448,2.306,2.682,7.228
0.485,0.302,1.1,2.988,1.854,1.032,0.97,0.604,5.976
1.024,1.01,0.2,4.925,1.737,1.5,2.048,2.02,9.85
1.48,0.287,1.343,3.184,0.43,1.244,2.96,0.574,6.368
0.705,0.535,0.905,2.199,0.238,1.135,1.41,1.07,4.398
0.882,0.908,1.089,1.647,3.972,4.893,1.764,1.816,3.294
0.499,0.343,0.872,0.305,4.311,4.97,0.998,0.686,0.61
0.607,0.582,0.424,0.408,2.493,3.249,1.214,1.164,0.816
0.764,1.177,1.262,1.82,2.319,3.82,1.528,2.354,3.64
1.252,1.339,0.292,2.086,2.64,3.403,2.504,2.678,4.172
1.316,0.957,1.063,2.726,0.665,2.127,2.632,1.914,5.452
1.246,1.457,1.056,3.941,0.309,2.281,2.492,2.914,7.882
1.491,0.218,1.452,0.213,2.925,3.792,2.982,0.436,0.426
1.262,0.545,1.083,1.506,0.23,2.437,2.524,1.09,3.012
0.472,0.384,0.435,1.704,0.873,2.376,0.944,0.768,3.408
1.273,1.225,0.775,0.2,2.367,2.74,2.546,2.45,0.4
0.347,1.372,1.004,2.655,4.223,2.981,0.694,2.744,5.31
0.984,1.369,1.162,2.657,1.198,1.764,1.968,2.738,5.314
1.309,0.497,0.276,1.025,0.215,1.902,2.618,0.994,2.05
1.204,0.442,0.388,1.164,2.045,2.101,2.408,0.884,2.328
0.298,0.333,0.212,2.862,1.959,3.476,0.596,0.666,5.724
0.117,0.115,0.804,2.322,4.85,1.244,0.234,0.23,4.644
0.688,0.162,0.729,2.305,3.545,4.032,1.376,0.324,4.61
1.159,1.201,0.63,4.215,2.415,0.262,2.318,2.402,8.43
0.146,1.196,1.014,3.216,0.492,3.727,0.292,2.392,6.432
0.843,1.229,0.999,3.202,3.762,3.705,1.686,2.458,6.404
0.41,1.378,0.338,4.058,1.583,0.372,0.82,2.756,8.116
0.483,0.966,1.26,1.81,1.308,1.984,0.966,1.932,3.62
0.507,0.151,0.411,4.936,3.451,0.85,1.014,0.302,9.872
0.256,0.409,0.932,3.047,0.961,3.995,0.512,0.818,6.094
1.319,1.128,0.659,3.612,4.541,2.11,2.638,2.256,7.224
1.366,0.581,1.354,1.971,4.142,3.349,2.732,1.162,3.942
0.823,0.146,0.854,3.831,3.603,1.445,1.646,0.292,7.662
1.274,0.186,0.32,2.54,2.742,3.195,2.548,0.372,5.08
0.57,1.319,0.786,0.942,0.739,0.731,1.14,2.638,1.884
1.382,1.363,0.547,3.251,1.355,0.918,2.764,2.726,6.502
1.128,0.982,0.231,0.244,1.349,2.177,2.256,1.964,0.488
1.14,0.538,1.451,1.269,2.185,4.898,2.28,1.076,2.538
0.15,0.387,1.307,4.377,2.067,3.892,0.3,0.774,8.754
1.276,0.281,0.536,4.184,4.955,4.702,2.552,0.562,8.368
0.432,0.572,0.896,4.903,0.025,0.695,0.864,1.144,9.806
0.375,1.234,0.394,3.849,0.5,3.436,0.75,2.468,7.698
0.922,0.79,1.084,1.262,3.106,4.971,1.844,1.58,2.524
0.491,0.865,0.214,0.671,3.022,0.519,0.982,1.73,1.342
1.053,1.118,0.855,3.827,2.559,2.798,2.106,2.236,7.654
0.607,0.606,1.166,1.301,4.091,4.355,1.214,1.212,2.602
0.348,0.884,0.235,1.599,0.044,4.388,0.696,1.768,3.198
0.877,0.116,0.642,2.094,2.119,0.499,1.754,0.232,4.188
1.467,1.382,0.61,2.508,3.788,3.958,2.934,2.764,5.016
1.324,0.606,0.744,1.33,4.601,1.018,2.648,1.212,2.66
1.152,1.035,0.354,4.582,2.969,4.292,2.304,2.07,9.164
0.998,0.336,0.739,0.282,1.703,1.064,1.996,0.672,0.564
0.737,0.393,1.382,2.123,4.131,3.455,1.474,0.786,4.246
1.189,1.17,0.584,4.881,0.343,3.077,2.378,2.34,9.762
0.665,1.157,0.654,3.894,4.655,1.991,1.33,2.314,7.788
1.22,1.381,1.261,0.078,4.756,1.014,2.44,2.762,0.156
0.516,1.394,1.483,3.195,2.366,2.838,1.032,2.788,6.39
0.479,0.623,0.81,3.805,2.008,1.309,0.958,1.246,7.61
0.359,1.424,0.806,1.964,4.983,1.516,0.718,2.848,3.928
1.45,0.48,0.228,3.725,3.468,2.632,2.9,0.96,7.45
0.186,1.128,1.285,1.335,4.453,1.41,0.372,2.256,2.67
1.044,0.454,0.669,3.746,3.347,0.713,2.088,0.908,7.492
0.399,1.384,1.478,0.186,2.208,0.416,0.798,2.768,0.372
1.36,0.341,0.35,0.163,0.208,1.854,2.72,0.682,0.326
0.37,1.139,0.728,4.379,4.456,3.229,0.74,2.278,8.758
1.041,0.43,1.364,0.441,3.235,0.715,2.082,0.86,0.882
1.128,1.219,0.256,0.838,2.877,2.13,2.256,2.438,1.676
1.129,0.241,1.365,2.64,3.435,2.545,2.258,0.482,5.28
1.293,0.527,0.883,0.106,1.085,0.674,2.586,1.054,0.212
1.387,0.989,1.381,2.279,4.606,4.258,2.774,1.978,4.558
0.533,1.177,0.605,1.597,2.616,3.97,1.066,2.354,3.194
0.148,0.371,0.554,1.775,1.25,3.277,0.296,0.742,3.55
0.245,1.421,0.277,0.726,2.416,1.519,0.49,2.842,1.452
1.194,0.617,0.762,3.864,0.442,1.308,2.388,1.234,7.728
1.49,1.257,0.373,3.153,1.025,1.119,2.98,2.514,6.306
0.868,0.51,0.581,1.074,1.611,3.5,1.736,1.02,2.148
0.635,0.374,1.102,1.334,2.902,0.506,1.27,0.748,2.668
1.294,0.716,0.381,3.858,1.703,4.716,2.588,1.432,7.716
0.758,0.659,1.011,2.462,4.636,4.998,1.516,1.318,4.924
0.705,0.235,0.939,2.876,2.958,3.633,1.41,0.47,5.752
0.499,0.823,1.012,2.173,4.487,4.342,0.998,1.646,4.346
0.787,0.618,0.331,0.561,2.731,3.87,1.574,1.236,1.122
1.179,1.143,0.455,4.894,3.853,3.883,2.358,2.286,9.788
1.043,0.913,0.115,2.013,3.942,0.153,2.086,1.826,4.026
0.613,1.477,1.133,3.226,3.285,0.832,1.226,2.954,6.452
1.371,0.372,0.628,2.538,4.382,3.96,2.742,0.744,5.076
0.431,0.272,0.547,4.709,3.978,0.174,0.862,0.544,9.418
0.822,0.145,1.349,3.178,0.174,0.3,1.644,0.29,6.356
1.446,0.452,0.932,2.208,4.807,4.735,2.892,0.904,4.416
0.479,1.421,0.824,1.407,2.322,1.248,0.958,2.842,2.814
0.653,0.49,0.623,0.743,2.745,3.524,1.306,0.98,1.486
0.996,1.411,0.434,3.212,0.553,4.485,1.992,2.822,6.424
1.19,1.323,0.727,4.234,4.073,0.329,2.38,2.646,8.468
0.976,1.236,0.646,2.712,1.327,1.167,1.952,2.472,5.424
0.324,1.127,0.37,3.452,1.12,1.263,0.648,2.254,6.904
1.416,1.234,1.452,3.933,1.67,2.631,2.832,2.468,7.866
0.677,0.505,1.386,1.336,3.343,4.161,1.354,1.01,2.672
0.842,0.882,0.379,4.214,2.21,3.934,1.684,1.764,8.428
0.373,1.426,0.916,4.582,3.302,0.093,0.746,2.852,9.164
1.455,0.877,0.522,4.89,3.002,4.588,2.91,1.754,9.78
0.427,1.022,0.444,3.295,3.921,4.449,0.854,2.044,6.59
0.132,0.374,0.567,3.27,2.338,3.958,0.264,0.748,6.54
0.319,0.166,1.005,1.547,3.516,3.095,0.638,0.332,3.094
0.344,0.611,1.037,2.122,4.736,1.013,0.688,1.222,4.244
0.922,1.194,1.173,1.0,1.88,0.39,1.844,2.388,2.0
0.819,0.711,0.564,4.121,4.324,2.306,1.638,1.422,8.242
1.413,0.381,0.28,0.655,2.947,3.801,2.826,0.762,1.31
0.901,0.22,0.97,1.761,3.548,2.564,1.802,0.44,3.522
1.154,0.457,1.433,2.346,2.383,4.326,2.308,0.914,4.692
0.794,0.152,1.119,4.164,4.275,2.169,1.588,0.304,8.328
0.794,1.106,0.946,4.004,2.841,4.922,1.588,2.212,8.008
1.352,1.204,1.189,3.303,2.685,1.324,2.704,2.408,6.606
0.324,0.623,0.576,2.109,3.202,0.076,0.648,1.246,4.218
0.337,0.326,0.81,0.621,1.862,1.571,0.674,0.652,1.242
0.281,1.084,1.022,4.729,3.408,4.416,0.562,2.168,9.458
1.427,0.142,0.758,3.695,3.651,2.477,2.854,0.284,7.39
1.081,0.861,1.43,4.363,3.052,0.292,2.162,1.722,8.726
0.902,1.351,0.52,4.61,0.205,3.044,1.804,2.702,9.22
0.344,0.607,1.416,2.766,2.87,4.108,0.688,1.214,5.532
0.24,0.164,1.354,2.837,2.278,2.525,0.48,0.328,5.674
0.207,1.417,1.478,2.728,1.582,2.583,0.414,2.834,5.456
0.507,0.347,0.897,3.912,1.967,2.926,1.014,0.694,7.824
0.375,1.198,0.727,4.799,2.846,3.524,0.75,2.396,9.598
0.366,1.406,0.111,4.66,0.059,4.895,0.732,2.812,9.32
1.332,1.274,1.01,1.462,0.513,2.052,2.664,2.548,2.924
0.731,0.595,0.583,0.738,2.74,3.196,1.462,1.19,1.476
0.518,0.303,0.506,1.361,3.041,3.656,1.036,0.606,2.722
0.543,0.142,0.864,1.852,3.576,1.845,1.086,0.284,3.704
1.377,0.584,1.435,1.289,4.694,0.292,2.754,1.168,2.578
0.15,1.089,0.139,1.817,3.154,1.502,0.3,2.178,3.634
1.313,0.636,0.336,0.47,3.835,3.044,2.626,1.272,0.94
1.354,0.956,0.208,0.05,1.83,4.894,2.708,1.912,0.1
0.929,0.473,0.539,3.852,0.594,2.543,1.858,0.946,7.704
0.522,0.307,0.997,0.827,1.145,1.691,1.044,0.614,1.654
1.103,0.362,0.485,1.191,3.156,1.703,2.206,0.724,2.382
0.809,0.633,0.304,1.548,3.957,1.753,1.618,1.266,3.096
1.12,1.493,0.95,1.436,4.258,2.812,2.24,2.986,2.872
0.146,0.926,0.918,2.161,3.231,1.82,0.292,1.852,4.322
1.462,1.138,1.436,0.435,3.176,0.984,2.924,2.276,0.87
0.658,0.621,0.314,1.515,2.813,3.094,1.316,1.242,3.03
0.466,0.439,1.098,3.889,3.003,2.159,0.932,0.878,7.778
1.332,0.802,0.683,0.16,4.082,2.98,2.664,1.604,0.32
1.023,0.967,0.722,3.003,1.93,2.359,2.046,1.934,6.006
0.224,1.211,0.332,0.125,1.625,3.71,0.448,2.422,0.25
1.034,0.602,1.257,0.467,3.455,4.666,2.068,1.204,0.934
0.959,0.601,1.25,2.077,1.94,4.033,1.918,1.202,4.154
1.294,0.209,1.275,0.874,2.86,2.14,2.588,0.418,1.748
0.949,1.453,0.153,1.874,4.306,3.905,1.898,2.906,3.748
0.864,1.363,0.178,2.787,4.93,2.176,1.728,2.726,5.574
1.291,0.158,1.092,0.421,0.207,4.943,2.582,0.316,0.842
0.479,0.515,1.405,3.063,4.553,0.557,0.958,1.03,6.126
0.149,0.537,1.23,0.596,2.673,2.764,0.298,1.074,1.192
1.231,1.332,1.067,4.806,2.718,1.346,2.462,2.664,9.612
1.135,1.425,0.511,3.816,2.829,0.165,2.27,2.85,7.632
0.187,0.384,1.092,0.342,1.934,4.42,0.374,0.768,0.684
0.418,1.253,1.029,4.709,2.144,4.796,0.836,2.506,9.418
0.328,1.055,0.441,1.285,0.845,0.394,0.656,2.11,2.57
1.06,1.315,1.241,4.456,3.972,1.765,2.12,2.63,8.912
0.417,0.232,0.999,1.115,0.768,2.024,0.834,0.464,2.23
1.02,1.368,1.147,3.733,1.329,1.091,2.04,2.736,7.466
1.127,0.391,0.162,0.287,4.374,4.054,2.254,0.782,0.574
0.242,1.448,1.06,1.325,4.275,4.053,0.484,2.896,2.65
0.768,1.19,1.396,3.058,0.264,3.734,1.536,2.38,6.116
0.825,0.225,0.122,2.215,2.848,1.613,1.65,0.45,4.43
0.479,1.068,1.067,2.597,1.483,1.774,0.958,2.136,5.194
0.947,0.8,0.149,0.807,1.579,3.889,1.894,1.6,1.614
0.527,0.273,1.109,1.491,4.597,0.872,1.054,0.546,2.982
0.43,0.503,0.368,2.391,4.977,2.521,0.86,1.006,4.782
0.535,0.678,0.27,1.55,2.67,3.308,1.07,1.356,3.1
1.189,0.611,0.732,4.679,4.291,4.548,2.378,1.222,9.358
1.276,0.546,0.442,0.843,0.137,2.899,2.552,1.092,1.686
1.31,1.295,1.425,0.52,0.767,2.049,2.62,2.59,1.04
1.05,0.546,1.091,2.315,1.018,2.201,2.1,1.092,4.63
1.191,0.761,0.521,0.654,1.928,4.541,2.382,1.522,1.308
1.138,0.748,0.998,3.864,4.777,0.665,2.276,1.496,7.728
0.329,0.165,0.27,4.166,2.521,0.25,0.658,0.33,8.332
0.995,0.79,0.134,3.008,3.645,2.491,1.99,1.58,6.016
0.951,0.663,1.471,3.958,1.386,0.342,1.902,1.326,7.916
1.18,0.605,0.805,0.335,2.571,3.617,2.36,1.21,0.67
0.114,0.53,1.309,1.355,3.003,3.797,0.228,1.06,2.71
0.54,0.911,1.109,2.691,0.602,4.812,1.08,1.822,5.382
1.289,0.798,0.452,2.728,0.906,4.104,2.578,1.596,5.456
0.774,0.302,1.024,0.833,3.597,4.547,1.548,0.604,1.666
0.693,0.143,0.538,0.386,1.012,2.126,1.386,0.286,0.772
1.029,1.416,1.19,4.525,1.203,0.971,2.058,2.832,9.05
1.499,1.373,1.443,4.536,1.935,1.82,2.998,2.746,9.072
0.171,0.144,0.717,1.778,0.372,0.693,0.342,0.288,3.556
0.728,0.832,0.148,4.476,4.759,4.042,1.456,1.664,8.952
1.048,1.205,0.52,4.854,4.192,2.298,2.096,2.41,9.708
0.861,1.217,1.346,0.105,3.394,1.509,1.722,2.434,0.21
0.431,1.444,1.065,3.006,4.32,3.18,0.862,2.888,6.012
0.295,1.062,0.449,4.721,2.711,1.279,0.59,2.124,9.442
0.617,0.742,0.101,3.057,4.954,4.482,1.234,1.484,6.114
1.042,0.118,0.782,1.444,1.295,0.334,2.084,0.236,2.888
0.367,0.698,0.466,2.76,4.24,2.596,0.734,1.396,5.52
0.138,0.76,0.85,3.095,4.232,1.377,0.276,1.52,6.19
1.311,1.23,1.2,3.402,0.794,1.177,2.622,2.46,6.804
1.159,0.819,0.424,0.352,1.026,3.606,2.318,1.638,0.704
0.566,0.164,1.299,1.02,3.278,3.122,1.132,0.328,2.04
0.532,1.473,1.037,3.183,1.863,0.285,1.064,2.946,6.366
0.297,1.321,0.325,4.798,1.706,4.483,0.594,2.642,9.596
1.216,0.625,1.066,1.389,2.634,4.197,2.432,1.25,2.778
0.535,1.301,0.895,3.29,4.374,0.29,1.07,2.602,6.58
0.843,1.089,0.367,4.93,2.274,2.354,1.686,2.178,9.86
0.822,1.162,1.086,1.462,3.88,3.15,1.644,2.324,2.924
1.429,0.725,0.305,0.042,4.111,2.253,2.858,1.45,0.084
1.469,0.947,0.679,0.425,3.596,1.348,2.938,1.894,0.85
0.233,1.436,0.94,0.284,0.328,1.366,0.466,2.872,0.568
1.198,0.104,1.279,3.801,3.403,3.887,2.396,0.208,7.602
1.227,0.665,0.968,1.951,2.406,0.38,2.454,1.33,3.902
0.173,0.488,0.137,1.036,4.163,3.38,0.346,0.976,2.072
0.526,0.364,1.474,3.327,2.92,3.045,1.052,0.728,6.654
0.229,0.583,1.209,3.276,1.215,0.326,0.458,1.166,6.552
0.866,1.278,0.264,1.526,4.179,3.188,1.732,2.556,3.052
0.571,1.241,1.337,0.867,4.038,0.751,1.142,2.482,1.734
1.374,1.473,0.422,0.821,0.147,1.093,2.748,2.946,1.642
0.943,1.494,1.219,3.358,3.925,3.97,1.886,2.988,6.716
0.619,1.213,0.716,1.377,0.003,1.24,1.238,2.426,2.754
1.238,0.954,0.211,0.723,1.617,2.008,2.476,1.908,1.446
0.484,0.643,1.148,0.659,0.363,3.584,0.968,1.286,1.318
1.126,0.341,0.226,3.974,2.412,0.715,2.252,0.682,7.948
0.619,1.024,0.351,2.721,2.18,0.009,1.238,2.048,5.442
0.774,1.097,0.378,1.341,0.319,2.87,1.548,2.194,2.682
0.617,1.183,0.861,3.61,4.987,0.415,1.234,2.366,7.22
0.435,0.911,1.257,2.296,3.456,4.278,0.87,1.822,4.592
0.438,0.931,0.168,1.519,2.374,4.09,0.876,1.862,3.038
0.283,1.326,0.866,2.133,0.553,0.528,0.566,2.652,4.266
0.582,1.427,1.288,3.778,3.928,4.915,1.164,2.854,7.556
0.705,0.569,1.308,3.177,2.859,1.733,1.41,1.138,6.354
1.041,0.321,0.913,1.29,4.141,4.344,2.082,0.642,2.58
0.629,1.331,0.7,2.966,0.986,3.376,1.258,2.662,5.932
0.463,0.104,0.608,1.334,4.189,2.206,0.926,0.208,2.668
0.157,1.449,1.054,3.729,0.357,4.201,0.314,2.898,7.458
0.184,0.931,0.367,0.977,2.986,2.394,0.368,1.862,1.954
0.13,0.409,0.993,2.631,0.109,1.074,0.26,0.818,5.262
1.193,0.771,0.257,3.623,1.2,2.898,2.386,1.542,7.246
0.551,1.396,1.241,2.14,0.001,2.686,1.102,2.792,4.28
0.613,0.5,1.325,0.381,1.125,4.071,1.226,1.0,0.762
0.541,1.36,1.207,1.085,1.205,3.504,1.082,2.72,2.17
0.888,1.141,0.641,4.128,0.481,0.841,1.776,2.282,8.256
0.36,1.039,0.144,1.714,2.825,0.841,0.72,2.078,3.428
1.059,0.477,1.186,2.207,4.668,2.392,2.118,0.954,4.414
1.282,0.576,0.859,1.529,2.504,2.289,2.564,1.152,3.058
0.242,1.057,1.003,3.21,1.451,1.888,0.484,2.114,6.42
1.21,0.867,0.412,2.405,2.924,4.006,2.42,1.734,4.81
0.504,0.801,1.01,0.026,1.763,0.488,1.008,1.602,0.052
1.175,1.174,0.495,3.698,2.393,4.143,2.35,2.348,7.396
1.204,0.609,1.123,0.648,0.437,1.403,2.408,1.218,1.296
0.922,1.442,0.106,4.399,4.939,0.036,1.844,2.884,8.798
0.265,0.452,0.386,2.023,0.139,4.112,0.53,0.904,4.046
0.463,0.98,0.42,3.793,0.807,0.91,0.926,1.96,7.586
1.037,1.182,0.27,1.359,1.81,4.431,2.074,2.364,2.718
0.821,0.243,0.55,1.749,0.621,1.344,1.642,0.486,3.498
0.273,0.851,1.44,1.895,3.986,2.241,0.546,1.702,3.79
0.489,1.457,1.247,1.606,2.287,1.336,0.978,2.914,3.212
0.708,0.317,0.662,3.742,4.762,3.243,1.416,0.634,7.484
0.95,1.406,0.687,1.295,4.761,3.05,1.9,2.812,2.59
1.041,0.982,1.273,2.781,4.251,2.77,2.082,1.964,5.562
1.225,0.471,0.447,4.073,0.039,2.151,2.45,0.942,8.146
1.29,0.151,1.396,3.854,3.427,3.024,2.58,0.302,7.708
0.805,0.803,0.499,1.447,0.841,2.447,1.61,1.606,2.894
0.932,0.854,0.73,1.927,3.944,3.882,1.864,1.708,3.854
1.375,0.914,0.134,3.678,1.697,3.066,2.75,1.828,7.356
1.156,0.401,0.682,3.929,2.415,1.356,2.312,0.802,7.858
1.033,0.214,0.247,1.958,1.449,2.584,2.066,0.428,3.916
0.174,1.266,1.288,3.875,1.877,1.544,0.348,2.532,7.75
1.255,0.351,0.188,1.094,4.074,2.318,2.51,0.702,2.188
0.541,0.96,0.54,0.605,4.263,2.272,1.082,1.92,1.21
0.182,1.469,0.632,2.525,0.394,4.673,0.364,2.938,5.05
0.86,0.52,0.311,4.951,0.156,4.979,1.72,1.04,9.902
0.579,0.549,1.099,4.126,3.462,1.717,1.158,1.098,8.252
0.258,1.219,0.145,3.35,0.846,4.355,0.516,2.438,6.7
0.955,0.849,0.583,0.08,1.825,1.748,1.91,1.698,0.16
0.833,1.343,1.066,3.986,4.948,3.527,1.666,2.686,7.972
0.186,0.225,1.216,4.982,3.224,4.384,0.372,0.45,9.964
0.176,0.117,1.321,3.385,1.919,1.708,0.352,0.234,6.77
0.845,0.718,1.409,1.536,0.555,0.45,1.69,1.436,3.072
0.263,1.194,0.777,4.133,3.543,3.074,0.526,2.388,8.266
1.092,0.584,0.455,4.219,3.064,0.11,2.184,1.168,8.438
1.36,0.604,0.713,0.889,2.307,3.373,2.72,1.208,1.778
0.754,0.456,0.985,0.598,0.874,2.417,1.508,0.912,1.196
1.076,0.522,1.22,0.019,2.538,0.771,2.152,1.044,0.038
1.117,1.148,0.854,4.562,1.003,1.908,2.234,2.296,9.124
0.633,0.706,1.347,2.676,2.598,0.205,1.266,1.412,5.352
0.451,0.738,1.393,4.069,2.129,4.15,0.902,1.476,8.138
1.444,0.754,0.735,1.713,0.012,3.771,2.888,1.508,3.426
0.524,0.57,0.492,1.083,1.45,1.752,1.048,1.14,2.166
1.268,0.892,1.056,2.845,1.549,1.194,2.536,1.784,5.69
0.782,0.68,0.342,1.495,0.222,4.427,1.564,1.36,2.99
0.158,0.146,1.09,4.202,2.938,0.453,0.316,0.292,8.404
1.048,0.939,0.647,3.021,3.31,1.118,2.096,1.878,6.042
0.702,1.034,1.236,0.613,0.71,1.479,1.404,2.068,1.226
1.298,0.408,0.522,2.664,3.069,1.686,2.596,0.816,5.328
0.814,0.111,0.95,2.117,3.9,4.897,1.628,0.222,4.234
1.094,0.108,0.369,0.35,3.457,4.186,2.188,0.216,0.7
0.397,0.703,0.782,2.297,3.41,2.144,0.794,1.406,4.594
1.015,0.296,0.678,1.039,3.016,3.188,2.03,0.592,2.078
0.919,0.491,0.658,4.541,0.635,2.751,1.838,0.982,9.082
0.16,1.419,1.323,4.368,0.469,4.643,0.32,2.838,8.736
0.214,0.446,0.594,4.285,4.567,3.618,0.428,0.892,8.57
0.584,1.285,0.106,1.763,3.088,3.162,1.168,2.57,3.526
0.299,0.647,0.988,0.02,3.217,4.632,0.598,1.294,0.04
1.074,0.284,0.685,0.783,0.817,1.946,2.148,0.568,1.566
1.428,0.157,0.242,2.302,1.283,4.426,2.856,0.314,4.604
0.304,0.532,0.765,2.381,3.768,3.494,0.608,1.064,4.762
1.314,1.03,1.144,3.116,1.954,4.948,2.628,2.06,6.232
0.779,1.286,1.076,4.018,0.463,1.433,1.558,2.572,8.036
1.006,0.952,1.067,4.761,2.935,2.156,2.012,1.904,9.522
1.352,0.906,1.287,2.37,0.284,0.202,2.704,1.812,4.74
0.364,1.425,0.617,0.58,4.046,3.713,0.728,2.85,1.16
0.964,0.612,0.279,0.114,0.635,3.659,1.928,1.224,0.228
0.427,1.211,0.952,0.413,0.279,3.387,0.854,2.422,0.826
1.362,0.908,1.138,1.258,1.717,3.575,2.724,1.816,2.516
0.21,0.724,1.241,2.301,3.844,4.203,0.42,1.448,4.602
1.288,1.151,0.863,4.918,4.045,3.329,2.576,2.302,9.836
0.933,0.816,1.233,2.93,4.255,1.524,1.866,1.632,5.86
0.138,0.703,0.235,3.777,1.967,0.319,0.276,1.406,7.554
0.606,0.91,0.729,0.111,1.255,1.401,1.212,1.82,0.222
1.258,1.279,1.091,0.765,3.293,2.073,2.516,2.558,1.53
0.99,1.441,1.077,2.513,4.951,2.199,1.98,2.882,5.026
0.536,1.076,1.161,3.306,0.996,0.858,1.072,2.152,6.612
0.862,0.611,0.738,1.663,3.896,0.966,1.724,1.222,3.326
1.445,0.22,0.919,2.505,0.225,0.859,2.89,0.44,5.01
0.374,1.202,0.628,0.961,0.741,3.799,0.748,2.404,1.922
0.251,0.38,0.961,0.299,2.509,3.214,0.502,0.76,0.598
0.327,0.88,1.284,4.613,4.927,2.265,0.654,1.76,9.226
0.179,1.08,0.12,3.386,4.345,4.305,0.358,2.16,6.772
0.66,1.076,0.638,2.793,1.801,1.871,1.32,2.152,5.586
1.494,0.942,1.22,4.944,1.331,2.405,2.988,1.884,9.888
0.367,0.886,1.367,3.882,4.515,1.023,0.734,1.772,7.764
0.225,1.106,1.459,2.468,2.431,3.084,0.45,2.212,4.936
0.641,1.298,1.486,0.323,0.944,3.697,1.282,2.596,0.646
0.68,1.038,0.443,2.523,0.395,3.417,1.36,2.076,5.046
0.894,0.121,0.339,0.492,0.582,4.155,1.788,0.242,0.984
0.269,1.254,0.883,3.199,3.145,4.297,0.538,2.508,6.398
0.491,0.102,0.294,3.425,1.192,4.805,0.982,0.204,6.85
0.616,1.465,0.578,3.87,1.644,0.806,1.232,2.93,7.74
0.12,0.803,0.597,1.498,1.569,1.408,0.24,1.606,2.996
0.57,0.559,1.326,3.544,2.757,4.485,1.14,1.118,7.088
0.378,0.463,1.225,0.716,3.367,3.094,0.756,0.926,1.432
1.201,1.113,0.151,2.81,0.03,2.378,2.402,2.226,5.62
0.434,0.754,1.116,3.826,3.593,0.655,0.868,1.508,7.652
1.279,0.645,0.113,2.722,4.905,0.64,2.558,1.29,5.444
1.479,0.202,0.256,4.943,4.537,3.173,2.958,0.404,9.886
0.989,1.329,1.104,2.248,3.031,2.578,1.978,2.658,4.496
0.39,1.248,0.531,4.065,2.008,4.07,0.78,2.496,8.13
0.828,1.037,0.591,3.588,4.472,2.659,1.656,2.074,7.176
0.963,1.09,1.399,3.622,3.683,3.907,1.926,2.18,7.244
0.882,0.104,0.599,1.471,0.229,0.81,1.764,0.208,2.942
0.122,0.861,0.631,4.273,0.683,3.65,0.244,1.722,8.546
1.406,1.254,0.902,4.731,0.922,2.397,2.812,2.508,9.462
1.312,1.486,1.026,4.58,2.001,0.222,2.624,2.972,9.16
0.712,1.008,0.783,1.177,2.475,3.075,1.424,2.016,2.354
0.605,0.869,0.406,1.182,4.615,3.975,1.21,1.738,2.364
0.817,1.269,1.186,0.769,3.955,2.825,1.634,2.538,1.538
1.256,0.567,0.374,2.676,0.1,1.409,2.512,1.134,5.352
0.343,0.416,0.739,1.227,4.12,0.986,0.686,0.832,2.454
0.457,0.368,1.048,4.996,4.458,0.916,0.914,0.736,9.992
0.393,0.253,1.354,1.174,3.415,3.792,0.786,0.506,2.348
0.554,0.226,1.039,0.353,1.767,2.499,1.108,0.452,0.706
0.826,0.266,0.465,3.853,4.732,0.199,1.652,0.532,7.706
0.588,0.29,0.159,3.533,3.624,0.773,1.176,0.58,7.066
0.396,1.126,0.44,0.186,0.236,0.607,0.792,2.252,0.372
0.445,0.259,0.562,3.211,4.31,1.591,0.89,0.518,6.422
1.166,0.309,0.695,4.486,4.577,2.654,2.332,0.618,8.972
0.223,1.319,1.168,2.828,4.531,1.846,0.446,2.638,5.656
0.669,1.202,0.495,3.201,3.168,2.323,1.338,2.404,6.402
0.595,1.238,1.032,2.944,4.845,2.757,1.19,2.476,5.888
1.158,1.086,1.368,3.827,2.246,4.605,2.316,2.172,7.654
0.378,1.461,0.697,3.662,3.165,0.515,0.756,2.922,7.324
0.49,0.374,1.42,3.127,0.855,3.126,0.98,0.748,6.254
0.525,1.185,0.642,2.333,1.037,3.154,1.05,2.37,4.666
1.007,0.993,1.449,3.686,3.1,1.342,2.014,1.986,7.372
1.318,1.212,0.759,4.109,3.12,4.542,2.636,2.424,8.218
1.414,1.059,0.789,3.496,3.934,3.657,2.828,2.118,6.992
1.197,0.245,0.985,0.665,3.329,3.729,2.394,0.49,1.33
0.679,0.389,0.767,0.058,1.832,1.565,1.358,0.778,0.116
0.808,0.917,0.693,1.632,1.031,4.191,1.616,1.834,3.264
1.089,0.747,1.168,1.672,4.551,1.429,2.178,1.494,3.344
0.992,0.538,1.101,0.645,0.493,3.093,1.984,1.076,1.29
1.061,1.094,0.788,3.142,4.697,0.011,2.122,2.188,6.284
1.309,0.945,0.889,4.72,3.578,2.389,2.618,1.89,9.44
0.145,1.396,1.037,0.827,1.619,0.739,0.29,2.792,1.654
0.266,0.535,0.825,4.148,4.614,1.148,0.532,1.07,8.296
0.772,0.747,0.84,3.649,0.127,2.772,1.544,1.494,7.298
1.14,0.323,1.491,3.745,3.979,3.234,2.28,0.646,7.49
0.33,0.446,0.909,0.823,1.444,4.439,0.66,0.892,1.646
1.282,0.498,0.532,3.412,2.169,3.461,2.564,0.996,6.824
0.29,1.389,1.167,2.401,3.423,2.398,0.58,2.778,4.802
1.381,0.637,0.185,0.337,1.728,0.364,2.762,1.274,0.674
1.325,0.524,1.452,4.705,4.028,3.943,2.65,1.048,9.41
0.58,1.073,0.833,2.794,2.845,2.518,1.16,2.146,5.588
0.174,0.781,0.962,3.007,2.855,1.82,0.348,1.562,6.014
1.086,0.469,0.887,4.097,0.298,3.094,2.172,0.938,8.194
1.398,0.948,1.404,0.123,1.17,3.163,2.796,1.896,0.246
0.931,0.872,1.09,2.502,0.068,2.575,1.862,1.744,5.004
0.141,0.319,0.535,0.478,2.014,3.461,0.282,0.638,0.956
1.003,0.833,0.39,3.684,1.138,0.335,2.006,1.666,7.368
1.076,0.414,0.288,0.26,4.643,2.306,2.152,0.828,0.52
0.954,1.038,0.535,3.148,3.653,2.241,1.908,2.076,6.296
0.481,1.32,1.189,3.332,4.105,3.892,0.962,2.64,6.664
0.56,1.269,0.222,1.648,4.886,1.52,1.12,2.538,3.296
0.573,0.56,1.055,4.825,4.344,1.026,1.146,1.12,9.65
1.284,0.78,1.088,1.462,0.471,2.433,2.568,1.56,2.924
0.448,0.599,0.728,4.278,0.49,2.976,0.896,1.198,8.556
0.668,0.455,1.489,1.664,2.332,1.98,1.336,0.91,3.328
1.247,0.634,0.476,3.656,1.949,3.313,2.494,1.268,7.312
1.183,0.637,0.165,3.716,0.768,4.643,2.366,1.274,7.432
0.801,1.034,0.866,1.698,3.796,2.174,1.602,2.068,3.396
1.418,0.37,0.867,2.913,0.711,1.948,2.836,0.74,5.826
0.498,1.147,0.132,3.809,2.764,1.04,0.996,2.294,7.618
0.651,1.384,1.43,0.971,4.702,0.132,1.302,2.768,1.942
0.84,0.614,1.272,4.617,2.877,4.112,1.68,1.228,9.234
0.44,1.464,1.106,4.754,1.331,0.498,0.88,2.928,9.508
0.376,0.614,0.147,0.743,1.264,0.184,0.752,1.228,1.486
1.298,0.808,1.14,4.812,3.728,0.745,2.596,1.616,9.624
1.004,0.695,1.026,4.135,4.782,2.276,2.008,1.39,8.27
1.326,0.37,0.804,3.019,2.242,0.964,2.652,0.74,6.038
0.522,0.912,0.687,0.273,0.341,2.545,1.044,1.824,0.546
1.361,0.485,0.574,1.497,2.805,0.906,2.722,0.97,2.994
0.651,0.598,1.367,0.06,1.626,1.651,1.302,1.196,0.12
0.599,0.381,1.1,3.334,4.623,4.748,1.198,0.762,6.668
0.974,0.523,1.229,0.11,1.164,1.037,1.948,1.046,0.22
0.351,1.492,1.229,2.076,1.676,4.605,0.702,2.984,4.152
0.848,1.018,0.909,0.871,2.014,0.3,1.696,2.036,1.742
0.943,1.451,0.2,3.927,0.327,1.749,1.886,2.902,7.854
0.635,1.33,0.751,3.851,2.964,0.776,1.27,2.66,7.702
1.147,0.871,0.691,0.558,0.105,3.49,2.294,1.742,1.116
1.286,1.113,1.492,1.784,4.321,2.865,2.572,2.226,3.568
0.381,0.138,1.297,1.185,1.896,2.232,0.762,0.276,2.37
0.901,0.142,0.494,1.103,1.312,2.416,1.802,0.284,2.206
0.834,0.119,0.983,2.933,2.854,1.07,1.668,0.238,5.866
0.748,0.836,1.35,0.065,1.472,0.855,1.496,1.672,0.13
0.431,1.447,1.039,2.891,1.22,1.388,0.862,2.894,5.782
0.158,1.278,0.382,1.342,0.564,2.602,0.316,2.556,2.684
1.471,0.471,0.18,0.582,2.034,2.695,2.942,0.942,1.164
0.279,0.887,1.148,3.558,4.749,0.215,0.558,1.774,7.116
1.036,0.226,0.265,3.271,4.511,2.516,2.072,0.452,6.542
0.387,1.331,0.797,3.574,2.255,0.984,0.774,2.662,7.148
0.597,0.806,1.003,0.05,1.657,3.715,1.194,1.612,0.1
1.395,0.651,0.395,4.661,3.106,0.073,2.79,1.302,9.322
1.243,0.61,0.149,4.331,3.171,2.456,2.486,1.22,8.662
0.513,0.908,1.241,0.748,2.099,2.687,1.026,1.816,1.496
0.744,0.218,0.623,2.43,4.741,3.127,1.488,0.436,4.86
1.453,1.24,0.861,3.652,3.49,4.628,2.906,2.48,7.304
0.49,0.915,0.128,4.87,4.492,3.441,0.98,1.83,9.74
0.537,0.315,1.141,1.346,1.323,3.168,1.074,0.63,2.692
0.515,0.862,1.201,4.801,0.445,4.091,1.03,1.724,9.602
0.729,1.411,0.163,3.866,2.206,4.049,1.458,2.822,7.732
1.09,0.514,0.332,2.183,0.133,0.998,2.18,1.028,4.366
1.014,0.275,0.188,0.982,0.951,1.05,2.028,0.55,1.964
0.872,1.039,0.732,1.389,3.796,1.613,1.744,2.078,2.778
1.329,0.221,0.879,2.411,0.657,2.783,2.658,0.442,4.822
0.248,0.803,0.486,3.551,2.254,1.692,0.496,1.606,7.102
0.128,1.372,0.378,4.803,4.191,3.337,0.256,2.744,9.606
1.152,0.274,0.493,3.113,4.534,4.335,2.304,0.548,6.226
1.481,0.415,1.308,2.904,3.278,0.153,2.962,0.83,5.808
1.471,0.244,0.77,3.623,2.481,2.526,2.942,0.488,7.246
1.101,0.293,0.988,1.675,3.987,1.486,2.202,0.586,3.35
0.536,0.539,0.196,1.814,2.866,2.567,1.072,1.078,3.628
0.541,1.152,0.12,0.901,3.841,4.394,1.082,2.304,1.802
1.159,0.704,0.379,4.086,1.23,3.133,2.318,1.408,8.172
0.662,0.263,1.085,4.953,0.276,2.814,1.324,0.526,9.906
0.811,1.16,0.985,1.0,2.698,0.013,1.622,2.32,2.0
1.077,1.159,1.258,2.194,0.978,3.303,2.154,2.318,4.388
0.26,1.267,1.354,2.021,3.476,1.056,0.52,2.534,4.042
0.276,1.069,0.204,1.513,4.776,3.515,0.552,2.138,3.026
0.952,0.124,1.303,3.98,2.089,0.733,1.904,0.248,7.96
0.725,0.565,1.482,1.597,0.901,4.24,1.45,1.13,3.194
0.484,0.125,0.648,0.989,2.247,0.775,0.968,0.25,1.978
1.485,0.488,0.832,4.554,1.811,3.748,2.97,0.976,9.108
0.83,1.12,0.178,4.331,3.183,3.037,1.66,2.24,8.662
1.297,0.196,0.873,3.66,3.13,3.794,2.594,0.392,7.32
1.191,1.058,1.097,1.292,2.182,4.744,2.382,2.116,2.584
0.146,0.701,0.251,2.273,2.593,1.799,0.292,1.402,4.546
1.4,0.236,0.819,1.515,4.968,3.601,2.8,0.472,3.03
0.441,1.452,0.208,4.171,4.709,4.048,0.882,2.904,8.342
0.231,0.958,0.443,2.278,2.026,0.176,0.462,1.916,4.556
0.283,0.545,1.337,2.806,0.214,1.389,0.566,1.09,5.612
0.834,0.61,0.89,4.784,0.334,1.508,1.668,1.22,9.568
1.294,1.054,0.944,0.805,0.728,4.751,2.588,2.108,1.61
0.924,1.128,0.295,4.707,1.768,1.451,1.848,2.256,9.414
0.193,1.382,1.305,2.168,3.499,1.881,0.386,2.764,4.336
1.363,0.351,1.284,1.579,4.433,2.255,2.726,0.702,3.158
0.715,0.617,1.422,0.411,4.06,0.267,1.43,1.234,0.822
0.113,0.306,0.304,2.942,4.198,4.083,0.226,0.612,5.884
0.157,0.87,0.86,3.821,2.831,4.284,0.314,1.74,7.642
1.494,1.013,0.609,1.433,1.513,4.571,2.988,2.026,2.866
0.896,0.307,0.525,0.3,1.443,2.723,1.792,0.614,0.6
1.014,1.06,1.277,4.483,0.034,1.977,2.028,2.12,8.966
0.568,0.998,0.384,4.21,4.757,3.226,1.136,1.996,8.42
0.538,0.339,1.205,1.407,1.923,2.159,1.076,0.678,2.814
0.128,1.314,1.426,4.148,1.574,3.08,0.256,2.628,8.296
0.694,0.281,1.479,4.923,1.134,3.631,1.388,0.562,9.846
0.902,0.623,0.951,0.537,2.721,2.036,1.804,1.246,1.074
1.098,0.71,0.679,1.412,1.193,1.086,2.196,1.42,2.824
1.411,1.211,0.854,3.917,0.65,0.714,2.822,2.422,7.834
0.656,0.914,0.938,0.371,4.901,1.528,1.312,1.828,0.742
1.308,0.173,0.686,0.385,0.332,3.439,2.616,0.346,0.77
1.465,0.644,0.703,3.759,4.601,2.821,2.93,1.288,7.518
0.984,0.965,0.145,1.06,0.764,4.666,1.968,1.93,2.12
0.52,1.177,0.946,2.069,0.757,4.06,1.04,2.354,4.138
1.126,0.867,1.138,3.967,4.75,3.514,2.252,1.734,7.934
0.725,0.401,0.188,2.06,2.643,2.519,1.45,0.802,4.12
1.296,0.723,0.705,0.985,0.712,3.687,2.592,1.446,1.97
0.207,0.355,0.621,2.646,2.002,4.617,0.414,0.71,5.292
0.25,1.101,0.123,4.562,4.14,0.524,0.5,2.202,9.124
1.157,1.475,0.453,4.119,4.229,1.726,2.314,2.95,8.238
0.695,0.561,0.765,2.183,0.516,2.685,1.39,1.122,4.366
0.903,0.253,1.181,0.042,3.626,3.474,1.806,0.506,0.084
0.658,0.669,1.423,2.186,4.218,1.503,1.316,1.338,4.372
0.723,0.147,0.275,1.979,1.016,3.717,1.446,0.294,3.958
0.612,1.145,1.183,4.543,1.741,4.245,1.224,2.29,9.086
1.262,1.249,1.484,1.686,2.107,1.313,2.524,2.498,3.372
0.854,0.755,0.376,1.684,3.882,4.31,1.708,1.51,3.368
0.767,0.225,0.896,2.802,2.563,4.592,1.534,0.45,5.604
1.114,0.919,1.32,2.101,2.934,1.296,2.228,1.838,4.202
0.533,1.185,0.153,1.291,4.478,0.067,1.066,2.37,2.582
1.354,0.675,0.107,2.615,1.689,4.337,2.708,1.35,5.23
0.294,0.996,1.258,1.103,4.788,1.481,0.588,1.992,2.206
0.133,0.464,0.763,2.216,2.081,4.547,0.266,0.928,4.432
0.54,1.23,0.228,0.081,3.951,3.329,1.08,2.46,0.162
0.31,1.044,1.175,1.182,1.768,2.257,0.62,2.088,2.364
0.969,0.149,0.764,2.768,3.22,4.996,1.938,0.298,5.536
0.817,0.785,1.205,3.489,3.135,3.598,1.634,1.57,6.978
0.152,0.391,0.97,0.139,2.123,4.797,0.304,0.782,0.278
0.478,0.419,0.69,2.217,2.988,2.883,0.956,0.838,4.434
1.177,0.855,0.804,2.225,1.444,3.9,2.354,1.71,4.45
0.391,0.64,1.381,0.265,3.957,3.571,0.782,1.28,0.53
0.808,1.373,0.89,2.776,2.266,1.982,1.616,2.746,5.552
1.007,0.297,0.843,4.569,3.298,2.012,2.014,0.594,9.138
0.394,1.211,1.281,3.341,3.688,4.623,0.788,2.422,6.682
1.358,0.983,0.151,1.343,2.766,0.009,2.716,1.966,2.686
1.047,0.796,0.156,1.479,4.623,3.442,2.094,1.592,2.958
0.909,0.364,1.167,0.037,1.531,3.605,1.818,0.728,0.074
0.585,1.232,0.812,1.944,1.239,1.647,1.17,2.464,3.888
1.462,0.291,0.513,1.256,2.746,1.92,2.924,0.582,2.512
1.1,0.698,1.291,1.236,1.49,1.937,2.2,1.396,2.472
0.707,1.354,1.449,2.303,3.52,2.636,1.414,2.708,4.606
1.148,0.282,1.229,2.105,2.748,4.629,2.296,0.564,4.21
1.267,0.824,0.81,4.972,1.7,2.111,2.534,1.648,9.944
0.106,0.675,0.974,3.774,2.748,1.757,0.212,1.35,7.548
0.35,0.617,0.958,0.61,1.917,3.369,0.7,1.234,1.22
0.435,1.375,0.931,3.366,2.523,3.486,0.87,2.75,6.732
0.856,0.154,0.778,0.089,1.978,0.973,1.712,0.308,0.178
1.489,0.123,0.733,3.773,4.944,1.97,2.978,0.246,7.546
1.026,0.698,0.951,1.568,4.035,2.13,2.052,1.396,3.136
1.233,0.989,1.096,2.704,4.051,0.73,2.466,1.978,5.408
0.209,0.769,0.823,2.85,3.352,2.764,0.418,1.538,5.7
0.113,0.353,0.275,0.832,0.051,4.947,0.226,0.706,1.664
1.131,1.018,1.415,1.035,4.569,0.815,2.262,2.036,2.07
0.988,0.612,0.674,2.628,3.759,0.505,1.976,1.224,5.256
1.34,1.341,1.263,2.974,4.007,0.653,2.68,2.682,5.948
0.407,0.733,0.475,2.824,4.382,2.041,0.814,1.466,5.648
1.408,0.727,0.133,3.824,3.177,0.999,2.816,1.454,7.648
0.105,0.455,0.978,1.248,4.218,4.744,0.21,0.91,2.496
0.391,0.353,1.058,1.813,1.812,0.466,0.782,0.706,3.626
0.984,0.991,0.333,0.572,3.976,2.806,1.968,1.982,1.144
1.003,0.941,1.061,3.084,4.933,3.727,2.006,1.882,6.168
0.464,1.47,0.341,3.623,0.496,1.546,0.928,2.94,7.246
1.435,1.215,1.374,0.243,4.99,4.987,2.87,2.43,0.486
0.36,0.361,1.07,0.108,1.429,3.876,0.72,0.722,0.216
1.457,0.518,1.069,1.447,4.018,0.878,2.914,1.036,2.894
1.218,1.178,1.106,0.379,2.412,0.18,2.436,2.356,0.758
0.685,1.308,1.139,1.703,1.287,4.206,1.37,2.616,3.406
0.479,1.346,0.95,0.898,0.656,3.536,0.958,2.692,1.796
0.682,1.274,0.165,3.528,2.437,1.778,1.364,2.548,7.056
0.114,1.466,1.338,0.024,4.413,2.143,0.228,2.932,0.048
1.109,0.502,0.249,4.563,1.487,2.381,2.218,1.004,9.126
0.734,1.16,0.366,1.492,2.027,2.485,1.468,2.32,2.984
0.22,0.248,1.049,4.482,3.499,3.16,0.44,0.496,8.964
0.823,0.543,0.109,3.842,0.123,4.293,1.646,1.086,7.684
0.584,0.837,0.372,0.246,0.67,0.177,1.168,1.674,0.492
0.153,0.732,1.444,0.709,2.623,0.415,0.306,1.464,1.418
0.73,0.356,0.46,4.739,1.213,3.806,1.46,0.712,9.478
0.556,0.154,1.249,4.891,2.227,4.489,1.112,0.308,9.782
1.206,1.119,0.428,2.395,4.149,2.19,2.412,2.238,4.79
0.72,0.257,1.446,2.708,2.325,2.824,1.44,0.514,5.416
1.434,0.539,1.159,1.881,1.164,2.362,2.868,1.078,3.762
0.473,1.343,0.79,0.537,3.306,2.761,0.946,2.686,1.074
0.589,0.863,0.323,3.606,4.05,1.573,1.178,1.726,7.212
1.047,1.264,1.456,4.339,0.579,4.86,2.094,2.528,8.678
0.955,1.437,1.442,2.833,2.909,2.528,1.91,2.874,5.666
0.131,0.18,1.453,2.795,2.713,0.735,0.262,0.36,5.59
0.366,0.715,0.909,1.989,1.913,2.822,0.732,1.43,3.978
0.309,0.106,0.748,1.938,1.94,4.128,0.618,0.212,3.876
0.88,0.679,1.393,1.2,3.495,2.402,1.76,1.358,2.4
0.859,0.779,0.798,2.271,4.333,4.397,1.718,1.558,4.542
0.309,0.665,0.273,0.868,2.556,2.107,0.618,1.33,1.736
0.407,0.268,0.608,1.566,1.83,1.295,0.814,0.536,3.132
0.667,1.157,0.835,2.548,1.816,1.875,1.334,2.314,5.096
1.052,0.615,1.444,0.157,0.601,2.302,2.104,1.23,0.314
1.391,1.408,1.159,1.021,3.403,4.634,2.782,2.816,2.042
0.502,0.926,0.42,3.557,0.732,2.88,1.004,1.852,7.114
0.415,0.674,0.746,3.566,2.598,0.997,0.83,1.348,7.132
0.391,0.161,0.573,4.345,3.128,0.471,0.782,0.322,8.69
1.09,0.814,0.652,4.83,2.054,0.549,2.18,1.628,9.66
0.499,1.269,1.24,1.784,4.223,1.615,0.998,2.538,3.568
1.341,0.308,0.138,1.38,2.089,3.273,2.682,0.616,2.76
0.304,1.226,0.973,1.908,2.024,0.021,0.608,2.452,3.816
0.767,0.866,1.442,2.566,3.507,0.269,1.534,1.732,5.132
1.191,0.135,1.421,1.878,2.501,1.817,2.382,0.27,3.756
0.781,0.989,1.317,1.255,3.224,2.281,1.562,1.978,2.51
0.373,0.735,0.636,3.487,3.536,1.163,0.746,1.47,6.974
1.304,0.859,0.19,0.232,1.907,3.526,2.608,1.718,0.464
0.917,0.913,0.936,0.254,3.309,4.283,1.834,1.826,0.508
1.125,0.359,1.471,2.134,1.503,3.292,2.25,0.718,4.268
1.182,0.284,1.083,3.152,0.358,0.554,2.364,0.568,6.304
1.371,1.163,1.016,0.223,1.453,3.676,2.742,2.326,0.446
0.105,0.46,1.044,1.674,2.195,2.318,0.21,0.92,3.348
0.606,0.454,0.355,2.621,2.156,4.485,1.212,0.908,5.242
1.336,1.084,1.02,2.52,4.082,0.731,2.672,2.168,5.04
0.457,1.422,1.48,0.959,0.161,2.655,0.914,2.844,1.918
0.351,1.238,1.378,4.043,3.845,1.275,0.702,2.476,8.086
1.079,0.579,0.342,4.809,4.017,4.59,2.158,1.158,9.618
1.365,0.306,0.479,3.118,3.922,4.234,2.73,0.612,6.236
0.997,0.791,1.336,4.665,0.442,4.473,1.994,1.582,9.33
1.071,0.685,1.098,1.929,1.405,1.57,2.142,1.37,3.858
0.364,1.418,1.421,1.487,3.159,0.022,0.728,2.836,2.974
1.289,1.165,1.183,4.314,0.346,0.146,2.578,2.33,8.628
1.217,0.997,0.812,2.624,4.664,1.087,2.434,1.994,5.248
1.007,1.176,1.139,0.505,3.266,2.821,2.014,2.352,1.01
0.495,0.369,0.116,0.377,4.854,3.718,0.99,0.738,0.754
1.438,0.924,1.154,4.109,0.749,0.033,2.876,1.848,8.218
0.28,1.29,1.101,3.722,4.618,3.635,0.56,2.58,7.444
1.247,0.442,1.408,1.801,2.046,4.257,2.494,0.884,3.602
1.13,0.268,1.15,1.603,3.052,4.467,2.26,0.536,3.206
0.859,1.39,1.187,1.097,4.797,4.552,1.718,2.78,2.194
0.552,0.553,0.126,3.227,0.644,0.863,1.104,1.106,6.454
1.15,0.812,0.738,0.537,3.185,0.591,2.3,1.624,1.074
0.733,1.394,0.66,4.57,2.778,1.216,1.466,2.788,9.14
1.033,0.424,0.346,0.496,2.465,3.909,2.066,0.848,0.992
0.135,0.384,1.187,0.075,2.292,4.577,0.27,0.768,0.15
0.797,1.044,0.935,3.689,1.571,1.126,1.594,2.088,7.378
0.681,0.683,0.465,1.826,0.402,2.753,1.362,1.366,3.652
0.383,0.427,0.401,2.156,4.468,2.495,0.766,0.854,4.312
1.329,1.484,0.128,4.764,2.195,4.345,2.658,2.968,9.528
0.109,0.849,1.121,3.363,3.683,4.554,0.218,1.698,6.726
1.166,0.807,0.64,2.457,2.88,0.839,2.332,1.614,4.914
0.137,0.534,0.748,0.134,3.612,0.361,0.274,1.068,0.268
1.24,1.062,1.331,0.515,0.225,3.824,2.48,2.124,1.03
0.202,1.112,0.477,2.63,2.922,3.013,0.404,2.224,5.26
1.231,0.396,1.063,4.285,0.401,2.071,2.462,0.792,8.57
1.3,1.282,1.062,4.872,4.372,0.765,2.6,2.564,9.744
1.386,0.869,0.312,3.22,1.813,1.921,2.772,1.738,6.44
0.452,1.403,0.88,2.729,0.433,2.665,0.904,2.806,5.458
1.349,1.222,0.118,3.032,4.879,0.849,2.698,2.444,6.064
0.716,0.169,0.233,4.589,0.805,1.306,1.432,0.338,9.178
0.554,0.625,0.128,3.166,1.379,4.257,1.108,1.25,6.332
1.299,0.329,0.569,1.946,1.116,4.03,2.598,0.658,3.892
0.134,0.651,1.047,1.875,1.927,0.025,0.268,1.302,3.75
0.446,0.193,0.793,1.836,4.081,0.422,0.892,0.386,3.672
1.418,1.001,0.157,3.17,4.794,2.395,2.836,2.002,6.34
1.173,0.8,1.076,0.061,3.155,1.79,2.346,1.6,0.122
0.742,1.1,0.767,1.793,0.334,4.621,1.484,2.2,3.586
0.317,1.029,0.31,1.668,2.192,2.638,0.634,2.058,3.336
0.678,1.296,1.073,2.603,2.508,3.018,1.356,2.592,5.206
0.201,0.37,0.741,2.475,3.853,1.316,0.402,0.74,4.95
1.467,1.287,1.438,2.784,3.619,1.42,2.934,2.574,5.568
1.456,0.935,1.42,3.127,0.994,2.814,2.912,1.87,6.254
0.792,1.424,1.317,3.217,2.808,0.091,1.584,2.848,6.434
0.52,0.583,0.122,4.297,3.673,0.029,1.04,1.166,8.594
1.156,0.767,0.265,1.774,0.602,3.482,2.312,1.534,3.548
1.459,1.035,0.671,1.188,1.679,3.06,2.918,2.07,2.376
1.045,0.734,0.24,2.139,1.493,1.85,2.09,1.468,4.278
0.236,0.478,1.456,3.905,1.973,0.484,0.472,0.956,7.81
0.18,0.628,0.951,4.491,0.721,0.955,0.36,1.256,8.982
1.037,0.432,1.09,3.733,0.563,0.09,2.074,0.864,7.466
1.402,0.475,1.333,4.856,3.771,3.782,2.804,0.95,9.712
0.501,1.323,0.918,0.926,1.743,0.108,1.002,2.646,1.852
0.11,1.311,0.486,3.649,4.978,3.291,0.22,2.622,7.298
0.621,1.207,0.897,2.271,1.723,3.28,1.242,2.414,4.542
0.402,1.133,0.298,0.179,4.048,0.047,0.804,2.266,0.358
0.438,0.928,0.572,3.281,4.471,4.535,0.876,1.856,6.562
0.591,0.91,1.205,4.292,1.017,0.649,1.182,1.82,8.584
1.119,0.132,0.49,2.024,1.446,2.385,2.238,0.264,4.048
1.464,1.196,0.679,3.222,4.148,4.857,2.928,2.392,6.444
1.001,0.738,0.922,4.712,3.906,2.522,2.002,1.476,9.424
1.232,0.942,1.347,1.945,0.391,4.391,2.464,1.884,3.89
0.583,0.953,1.012,0.182,4.259,0.098,1.166,1.906,0.364
0.965,1.475,1.438,0.98,0.288,4.325,1.93,2.95,1.96
0.583,0.822,1.373,1.291,4.257,4.522,1.166,1.644,2.582
0.586,1.145,0.816,2.349,0.147,3.647,1.172,2.29,4.698
1.34,0.81,0.496,2.62,0.836,1.236,2.68,1.62,5.24
1.154,0.24,0.914,3.842,2.562,1.735,2.308,0.48,7.684
0.442,0.237,0.315,2.645,4.144,1.045,0.884,0.474,5.29
0.913,0.706,0.791,2.956,1.779,4.253,1.826,1.412,5.912
0.282,0.268,1.34,3.636,2.73,2.751,0.564,0.536,7.272
1.332,0.846,0.328,2.963,0.531,3.381,2.664,1.692,5.926
0.501,1.116,0.409,3.58,2.078,2.493,1.002,2.232,7.16
0.296,0.834,0.28,0.903,2.17,1.644,0.592,1.668,1.806
0.998,0.907,1.486,2.68,3.186,3.816,1.996,1.814,5.36
1.316,0.708,0.234,0.84,1.234,2.987,2.632,1.416,1.68
0.85,0.506,0.112,1.116,2.226,2.614,1.7,1.012,2.232
0.821,0.817,1.433,4.852,3.103,0.778,1.642,1.634,9.704
1.02,0.843,1.154,0.047,0.428,2.347,2.04,1.686,0.094
1.28,0.474,0.683,4.558,2.778,1.996,2.56,0.948,9.116
0.494,1.034,0.884,3.028,0.27,0.885,0.988,2.068,6.056
1.247,0.804,0.81,1.146,4.84,4.258,2.494,1.608,2.292
0.381,0.384,1.185,0.769,0.991,0.857,0.762,0.768,1.538
0.189,0.322,1.402,4.085,2.266,2.521,0.378,0.644,8.17
1.096,0.333,1.094,2.993,2.295,4.236,2.192,0.666,5.986
1.407,0.669,0.473,3.82,1.704,4.903,2.814,1.338,7.64
0.734,1.103,0.704,0.171,1.732,2.639,1.468,2.206,0.342
0.985,0.681,0.533,0.109,0.544,0.838,1.97,1.362,0.218
0.758,0.574,0.434,4.451,2.587,4.059,1.516,1.148,8.902
0.365,1.145,0.282,0.043,0.125,1.801,0.73,2.29,0.086
1.098,0.176,1.024,3.798,3.008,3.358,2.196,0.352,7.596
0.363,1.335,0.715,4.603,1.726,3.172,0.726,2.67,9.206
0.295,1.028,0.364,2.743,1.594,2.274,0.59,2.056,5.486
0.214,0.44,0.248,1.939,2.723,2.161,0.428,0.88,3.878
1.47,0.948,0.239,4.853,4.252,3.202,2.94,1.896,9.706
1.265,1.301,1.208,1.662,1.442,0.92,2.53,2.602,3.324
0.701,1.362,0.481,1.029,2.207,0.405,1.402,2.724,2.058
0.261,1.111,1.022,2.942,0.029,3.401,0.522,2.222,5.884
0.793,0.306,0.917,1.742,4.656,4.261,1.586,0.612,3.484
1.21,0.506,1.407,1.382,0.425,2.499,2.42,1.012,2.764
0.853,1.264,0.829,3.09,2.288,2.257,1.706,2.528,6.18
1.389,0.92,1.295,0.093,1.665,2.294,2.778,1.84,0.186
0.657,1.335,1.431,1.433,4.717,1.122,1.314,2.67,2.866
1.464,0.903,1.08,0.866,1.367,1.408,2.928,1.806,1.732
0.675,0.226,0.826,2.664,2.092,4.636,1.35,0.452,5.328
1.37,0.842,0.86,3.757,3.819,3.205,2.74,1.684,7.514
0.238,0.369,0.425,1.86,1.705,0.949,0.476,0.738,3.72
1.381,0.682,0.479,1.228,2.384,1.559,2.762,1.364,2.456
0.667,0.427,0.98,0.288,0.36,0.025,1.334,0.854,0.576
0.605,1.41,0.995,1.901,0.214,2.346,1.21,2.82,3.802
0.17,0.875,0.514,2.727,0.911,4.169,0.34,1.75,5.454
1.081,0.725,0.68,0.907,1.094,0.805,2.162,1.45,1.814
1.257,0.642,1.296,4.632,1.548,0.428,2.514,1.284,9.264
0.304,1.082,1.043,3.426,1.763,0.565,0.608,2.164,6.852
0.764,1.262,1.377,1.302,0.66,4.898,1.528,2.524,2.604
1.032,1.089,0.342,3.76,0.008,0.177,2.064,2.178,7.52
0.562,0.656,1.319,2.529,3.944,2.968,1.124,1.312,5.058
1.093,0.378,0.873,4.823,0.575,2.318,2.186,0.756,9.646
0.462,0.432,0.353,2.513,0.317,0.683,0.924,0.864,5.026
1.151,0.364,0.732,3.085,1.435,4.55,2.302,0.728,6.17
1.332,1.158,1.278,1.495,2.261,4.875,2.664,2.316,2.99
1.08,1.095,1.047,3.817,4.654,4.872,2.16,2.19,7.634
0.216,1.389,0.13,4.71,4.47,0.766,0.432,2.778,9.42
0.529,0.657,1.498,1.942,0.184,0.133,1.058,1.314,3.884
0.983,0.414,0.409,4.902,0.841,4.482,1.966,0.828,9.804
1.023,0.786,1.267,3.96,1.467,3.349,2.046,1.572,7.92
0.535,0.49,1.018,2.351,3.221,2.636,1.07,0.98,4.702
1.218,1.292,0.409,2.822,3.446,0.766,2.436,2.584,5.644
1.397,1.162,1.117,2.181,3.433,4.212,2.794,2.324,4.362
1.295,0.818,0.392,3.423,4.368,1.575,2.59,1.636,6.846
0.673,1.129,0.102,3.016,3.191,0.366,1.346,2.258,6.032
0.702,0.315,0.879,0.592,2.642,0.511,1.404,0.63,1.184
0.131,0.964,1.296,0.215,4.249,1.166,0.262,1.928,0.43
0.727,0.251,0.12,2.446,4.726,4.415,1.454,0.502,4.892
0.678,1.254,0.348,2.658,0.544,0.837,1.356,2.508,5.316
0.628,1.022,0.668,3.894,3.868,3.628,1.256,2.044,7.788
1.357,1.194,0.535,4.993,3.879,4.099,2.714,2.388,9.986
0.437,1.017,0.523,3.314,2.16,2.959,0.874,2.034,6.628
0.335,0.652,1.147,0.371,0.195,2.135,0.67,1.304,0.742
0.861,1.022,1.358,4.367,3.235,1.005,1.722,2.044,8.734
0.322,1.183,1.075,1.977,2.378,2.594,0.644,2.366,3.954
0.78,1.435,1.18,2.59,2.792,2.479,1.56,2.87,5.18
0.74,0.662,0.811,1.211,1.844,1.745,1.48,1.324,2.422
1.49,1.414,1.243,3.923,3.533,0.644,2.98,2.828,7.846
0.523,0.945,0.772,0.406,4.576,1.224,1.046,1.89,0.812
1.047,1.156,1.132,2.183,4.018,4.988,2.094,2.312,4.366
1.286,0.473,0.306,0.734,4.677,1.683,2.572,0.946,1.468
0.927,0.295,0.542,3.262,0.711,0.491,1.854,0.59,6.524
1.019,1.47,0.456,0.295,0.54,2.04,2.038,2.94,0.59
0.583,0.231,0.212,4.127,0.053,3.734,1.166,0.462,8.254
0.164,0.328,0.376,0.491,3.844,3.453,0.328,0.656,0.982
0.376,0.815,0.167,2.71,0.863,2.445,0.752,1.63,5.42
0.924,1.207,0.378,0.385,2.175,1.633,1.848,2.414,0.77
0.34,1.106,0.259,3.53,1.024,0.692,0.68,2.212,7.06
1.442,1.075,0.701,1.14,3.769,2.597,2.884,2.15,2.28
0.136,1.352,0.926,1.288,2.227,0.434,0.272,2.704,2.576
1.082,0.638,1.219,1.364,1.756,0.633,2.164,1.276,2.728
1.477,0.258,1.295,4.145,2.204,2.957,2.954,0.516,8.29
0.109,1.348,0.529,2.32,3.614,1.884,0.218,2.696,4.64
0.622,0.882,1.158,1.868,2.665,1.106,1.244,1.764,3.736
0.726,0.286,1.476,0.62,2.675,1.412,1.452,0.572,1.24
0.291,0.604,0.501,0.013,1.96,1.75,0.582,1.208,0.026
0.938,0.249,1.424,0.511,1.895,4.617,1.876,0.498,1.022
0.39,1.128,1.267,2.959,0.501,0.922,0.78,2.256,5.918
0.562,0.453,0.84,2.789,4.201,1.417,1.124,0.906,5.578
0.771,1.028,0.87,4.788,4.382,0.977,1.542,2.056,9.576
0.102,0.786,0.204,0.714,4.977,2.81,0.204,1.572,1.428
0.818,0.736,0.155,2.283,4.999,3.675,1.636,1.472,4.566
1.458,1.197,0.335,0.262,3.344,1.135,2.916,2.394,0.524
0.524,1.068,1.034,2.198,2.756,3.16,1.048,2.136,4.396
1.04,0.619,0.98,1.416,4.966,1.719,2.08,1.238,2.832
0.384,1.208,1.439,0.41,2.288,2.257,0.768,2.416,0.82
0.379,0.898,1.221,0.861,1.676,0.247,0.758,1.796,1.722
1.137,0.156,0.412,3.659,0.596,3.264,2.274,0.312,7.318
1.487,0.481,1.24,0.373,4.884,4.567,2.974,0.962,0.746
0.767,0.892,1.292,1.511,3.23,1.336,1.534,1.784,3.022
0.392,0.67,0.439,3.949,4.303,2.529,0.784,1.34,7.898
0.674,0.738,1.311,0.227,0.899,0.749,1.348,1.476,0.454
0.196,1.171,0.274,4.081,0.508,0.368,0.392,2.342,8.162
0.31,0.778,0.498,2.663,1.827,1.234,0.62,1.556,5.326
1.124,1.075,1.152,2.388,2.585,4.498,2.248,2.15,4.776
0.167,0.129,0.258,4.039,3.354,4.621,0.334,0.258,8.078
0.126,0.778,0.667,3.118,3.793,2.297,0.252,1.556,6.236
0.671,1.443,1.04,1.979,3.888,4.251,1.342,2.886,3.958
0.772,0.224,0.406,3.275,0.081,3.348,1.544,0.448,6.55
1.21,0.653,0.631,3.591,2.91,1.134,2.42,1.306,7.182
0.217,1.284,0.263,1.505,4.288,0.266,0.434,2.568,3.01
1.363,1.174,1.072,0.777,3.943,4.274,2.726,2.348,1.554
1.186,1.323,1.367,3.421,2.184,0.215,2.372,2.646,6.842
0.148,0.212,0.872,4.285,3.601,3.825,0.296,0.424,8.57
0.157,0.292,0.616,3.452,2.372,3.441,0.314,0.584,6.904
0.773,1.214,0.502,0.377,2.876,0.235,1.546,2.428,0.754
0.339,1.49,0.928,3.268,3.369,2.211,0.678,2.98,6.536
1.391,0.152,0.703,1.985,2.173,0.575,2.782,0.304,3.97
0.529,0.422,1.007,3.939,2.064,3.222,1.058,0.844,7.878
1.195,1.314,0.946,2.437,3.291,0.377,2.39,2.628,4.874
0.426,0.172,1.371,2.941,4.599,4.722,0.852,0.344,5.882
1.219,1.005,0.531,3.434,2.999,0.63,2.438,2.01,6.868
0.201,0.966,1.401,3.628,3.665,4.769,0.402,1.932,7.256
0.44,0.313,1.165,0.685,4.072,4.488,0.88,0.626,1.37
0.246,0.915,0.776,2.115,0.254,4.117,0.492,1.83,4.23
0.405,1.4,1.363,3.859,4.569,4.574,0.81,2.8,7.718
0.634,0.315,0.263,0.357,3.291,1.645,1.268,0.63,0.714
0.714,0.985,1.231,1.366,1.148,4.603,1.428,1.97,2.732
0.558,0.938,0.547,1.642,0.519,1.173,1.116,1.876,3.284
0.571,0.673,1.12,0.892,3.366,3.262,1.142,1.346,1.784
0.467,0.819,0.904,3.941,1.246,3.488,0.934,1.638,7.882
0.547,0.608,1.276,0.261,0.883,0.904,1.094,1.216,0.522
1.304,0.782,0.35,0.219,1.698,3.452,2.608,1.564,0.438
1.091,1.099,1.414,2.963,3.393,3.184,2.182,2.198,5.926
1.301,1.363,0.71,2.04,4.352,3.082,2.602,2.726,4.08
1.041,0.381,1.273,3.216,4.854,2.652,2.082,0.762,6.432
0.115,0.817,1.347,4.022,4.575,4.565,0.23,1.634,8.044
0.342,0.44,1.121,4.991,2.504,0.79,0.684,0.88,9.982
1.449,0.537,0.641,3.413,2.716,0.01,2.898,1.074,6.826
0.594,1.257,0.139,2.397,4.875,0.477,1.188,2.514,4.794
0.58,1.191,0.501,3.106,0.693,1.732,1.16,2.382,6.212
1.136,0.738,1.234,4.105,1.932,4.049,2.272,1.476,8.21
0.35,1.466,0.159,3.948,4.661,2.226,0.7,2.932,7.896
0.563,0.96,1.123,4.645,0.645,1.313,1.126,1.92,9.29
1.068,0.124,0.182,4.69,4.251,1.455,2.136,0.248,9.38
0.471,0.976,1.028,1.511,1.306,2.672,0.942,1.952,3.022
0.151,0.648,0.568,3.064,4.576,2.735,0.302,1.296,6.128
1.427,1.174,0.542,0.793,4.135,3.694,2.854,2.348,1.586
1.426,1.411,0.221,1.835,1.1,4.576,2.852,2.822,3.67
0.75,1.152,1.049,0.442,2.919,2.015,1.5,2.304,0.884
1.259,0.979,1.408,1.102,3.84,0.27,2.518,1.958,2.204
1.331,1.47,1.025,1.08,1.63,4.932,2.662,2.94,2.16
1.047,1.264,1.4,2.609,4.891,2.694,2.094,2.528,5.218
0.984,1.429,0.43,0.262,1.991,2.002,1.968,2.858,0.524
1.216,1.491,0.985,1.479,4.622,0.24,2.432,2.982,2.958
0.517,1.254,0.862,3.083,2.009,1.284,1.034,2.508,6.166
0.527,0.465,1.496,0.418,2.139,0.987,1.054,0.93,0.836
0.123,0.522,0.993,2.252,1.951,3.473,0.246,1.044,4.504
0.517,0.246,0.715,4.642,1.557,2.248,1.034,0.492,9.284
1.058,0.688,0.345,4.202,3.494,3.838,2.116,1.376,8.404
0.624,0.863,0.668,2.348,2.929,3.357,1.248,1.726,4.696
0.275,0.437,0.883,3.349,0.514,3.452,0.55,0.874,6.698
0.221,0.907,0.942,3.709,4.125,0.524,0.442,1.814,7.418
0.896,0.269,0.764,1.374,3.971,3.748,1.792,0.538,2.748
0.7,1.166,1.291,1.662,4.661,1.249,1.4,2.332,3.324
1.024,0.436,1.203,2.652,2.268,0.221,2.048,0.872,5.304
1.375,0.529,1.269,0.82,1.703,3.292,2.75,1.058,1.64
0.2,1.112,0.38,2.521,2.892,2.159,0.4,2.224,5.042
1.386,0.677,1.473,4.045,4.352,1.048,2.772,1.354,8.09
0.335,1.01,1.032,0.197,3.807,0.054,0.67,2.02,0.394
1.022,0.961,0.373,1.556,2.391,3.916,2.044,1.922,3.112
0.764,0.984,0.491,1.817,0.609,3.069,1.528,1.968,3.634
1.347,1.271,1.434,2.413,0.608,2.504,2.694,2.542,4.826
0.357,0.767,0.946,2.664,3.241,4.902,0.714,1.534,5.328
0.777,0.657,1.475,1.705,4.097,4.861,1.554,1.314,3.41
0.493,1.383,0.14,0.448,1.395,0.313,0.986,2.766,0.896
0.83,1.159,0.47,2.509,3.304,3.234,1.66,2.318,5.018
0.312,0.494,0.194,3.107,3.532,4.555,0.624,0.988,6.214
0.851,0.535,0.694,3.944,1.949,1.708,1.702,1.07,7.888
0.875,1.244,1.0,2.474,3.691,3.879,1.75,2.488,4.948
1.057,1.407,0.335,4.083,3.143,4.715,2.114,2.814,8.166
0.222,0.479,0.146,2.406,1.607,0.024,0.444,0.958,4.812
0.695,0.997,0.329,2.999,0.213,3.951,1.39,1.994,5.998
0.622,0.148,0.872,2.088,1.856,0.966,1.244,0.296,4.176
1.432,1.053,0.135,2.959,2.884,1.245,2.864,2.106,5.918
0.276,1.055,1.441,4.364,3.678,0.312,0.552,2.11,8.728
0.39,1.233,0.942,3.39,0.106,2.176,0.78,2.466,6.78
0.689,0.339,0.752,2.491,1.023,0.947,1.378,0.678,4.982
0.85,1.072,0.995,4.29,2.298,1.034,1.7,2.144,8.58
0.899,0.987,0.817,0.338,3.978,3.403,1.798,1.974,0.676
1.116,0.504,0.376,0.273,1.56,0.563,2.232,1.008,0.546
1.14,0.75,0.57,0.393,2.926,1.94,2.28,1.5,0.786
0.408,1.367,0.314,4.994,4.833,0.578,0.816,2.734,9.988
0.938,0.437,0.538,2.898,3.256,0.015,1.876,0.874,5.796
1.012,0.715,0.926,4.558,4.665,2.473,2.024,1.43,9.116
0.269,0.87,0.292,0.141,1.724,4.607,0.538,1.74,0.282
0.535,1.375,1.465,4.593,4.088,4.797,1.07,2.75,9.186
0.651,0.981,0.342,3.87,2.27,3.548,1.302,1.962,7.74
1.247,0.852,0.129,3.969,0.372,3.857,2.494,1.704,7.938
0.577,0.942,0.203,0.268,1.199,4.916,1.154,1.884,0.536
1.395,1.273,0.477,0.284,0.276,4.479,2.79,2.546,0.568
0.65,0.365,0.62,3.861,0.585,2.293,1.3,0.73,7.722
0.443,0.109,0.583,3.964,3.668,1.876,0.886,0.218,7.928
0.55,0.945,1.011,2.578,2.563,3.573,1.1,1.89,5.156
0.297,1.417,0.372,3.009,2.766,1.247,0.594,2.834,6.018
0.332,0.768,0.961,3.979,0.859,3.509,0.664,1.536,7.958
0.858,0.348,0.27,1.95,3.875,4.755,1.716,0.696,3.9
0.164,0.899,1.235,2.355,2.957,1.604,0.328,1.798,4.71
0.385,1.031,1.198,3.813,3.83,2.633,0.77,2.062,7.626
0.396,0.109,0.634,4.035,4.11,1.652,0.792,0.218,8.07
1.427,1.183,0.827,2.492,4.328,0.54,2.854,2.366,4.984
0.898,0.198,0.346,0.533,0.224,1.294,1.796,0.396,1.066
0.823,1.379,1.26,2.417,4.577,0.317,1.646,2.758,4.834
0.702,1.378,0.683,1.265,2.833,0.166,1.404,2.756,2.53
0.129,0.184,0.947,0.043,0.119,4.295,0.258,0.368,0.086
0.269,1.064,1.015,3.246,0.171,4.483,0.538,2.128,6.492
0.295,0.482,0.242,4.43,0.011,2.452,0.59,0.964,8.86
1.041,0.737,1.169,0.94,3.374,2.429,2.082,1.474,1.88
0.754,1.434,0.747,1.11,0.722,3.162,1.508,2.868,2.22
0.674,1.136,1.414,2.916,1.854,3.553,1.348,2.272,5.832
0.275,1.325,0.526,3.133,1.198,1.569,0.55,2.65,6.266
0.776,1.485,0.684,2.346,1.738,2.711,1.552,2.97,4.692
0.159,0.607,1.343,1.758,3.207,1.225,0.318,1.214,3.516
0.133,0.14,1.119,2.877,0.362,4.086,0.266,0.28,5.754
0.829,0.502,0.492,3.097,0.975,2.198,1.658,1.004,6.194
0.748,1.267,1.309,0.719,2.101,2.18,1.496,2.534,1.438
1.461,1.04,0.899,2.761,4.222,0.584,2.922,2.08,5.522
0.556,0.293,0.862,2.865,3.353,2.804,1.112,0.586,5.73
1.241,1.411,0.343,2.964,0.98,3.208,2.482,2.822,5.928
0.27,1.267,0.569,4.261,0.832,2.68,0.54,2.534,8.522
0.729,1.107,0.906,0.913,1.266,1.374,1.458,2.214,1.826
0.859,1.494,1.433,3.807,3.672,4.239,1.718,2.988,7.614
0.967,0.751,1.244,4.638,4.227,0.891,1.934,1.502,9.276
0.898,1.159,1.15,0.817,3.895,4.137,1.796,2.318,1.634
1.182,1.211,0.123,3.486,2.473,4.472,2.364,2.422,6.972
0.352,0.477,1.282,1.688,1.565,0.358,0.704,0.954,3.376
1.463,0.138,0.276,3.103,3.472,1.645,2.926,0.276,6.206
0.552,0.441,0.617,2.637,2.183,4.308,1.104,0.882,5.274
0.34,1.146,0.519,0.858,2.244,1.762,0.68,2.292,1.716
1.166,0.814,0.603,0.579,3.053,1.78,2.332,1.628,1.158
0.877,0.249,0.458,1.855,3.493,2.234,1.754,0.498,3.71
1.387,1.149,0.341,0.341,4.512,4.559,2.774,2.298,0.682
0.79,1.337,0.34,0.888,4.513,4.823,1.58,2.674,1.776
0.426,0.372,0.504,2.578,3.348,3.499,0.852,0.744,5.156
1.382,0.509,0.277,3.44,0.763,3.05,2.764,1.018,6.88
0.843,1.31,0.826,4.556,0.849,1.76,1.686,2.62,9.112
0.654,1.498,0.512,1.893,4.971,3.739,1.308,2.996,3.786
0.555,0.456,0.885,4.957,4.743,4.911,1.11,0.912,9.914
0.694,1.046,0.73,3.199,2.321,4.92,1.388,2.092,6.398
0.547,0.304,0.622,0.249,2.643,1.321,1.094,0.608,0.498
0.297,0.492,0.291,4.198,0.835,2.679,0.594,0.984,8.396
0.523,1.427,0.329,1.219,0.703,0.123,1.046,2.854,2.438
1.3,0.833,1.341,4.643,0.552,4.653,2.6,1.666,9.286
0.736,0.755,0.638,1.225,1.436,2.016,1.472,1.51,2.45
1.109,0.769,1.214,4.144,4.509,2.49,2.218,1.538,8.288
0.412,1.421,0.752,2.236,3.262,4.54,0.824,2.842,4.472
1.362,0.351,1.006,1.074,2.067,2.54,2.724,0.702,2.148
1.021,1.1,0.287,3.267,1.049,3.572,2.042,2.2,6.534
0.361,1.01,1.013,2.4,1.528,4.876,0.722,2.02,4.8
1.362,0.136,1.284,4.584,4.588,3.478,2.724,0.272,9.168
0.639,1.459,0.329,1.365,3.292,1.044,1.278,2.918,2.73
0.342,0.41,0.158,2.204,4.104,2.919,0.684,0.82,4.408
0.168,1.043,1.484,2.744,0.177,2.264,0.336,2.086,5.488
1.357,0.676,0.442,2.326,0.76,0.344,2.714,1.352,4.652
0.269,0.703,1.262,2.929,0.435,0.29,0.538,1.406,5.858
1.049,1.234,1.489,1.737,3.07,0.949,2.098,2.468,3.474
1.204,0.187,1.024,4.745,3.985,0.146,2.408,0.374,9.49
1.389,0.182,1.463,2.39,4.782,2.069,2.778,0.364,4.78
0.815,0.188,1.433,2.061,0.725,2.734,1.63,0.376,4.122
0.621,0.961,0.701,3.47,1.229,0.296,1.242,1.922,6.94
0.164,0.606,0.319,2.09,4.039,3.525,0.328,1.212,4.18
0.4,1.375,0.407,3.252,0.06,2.484,0.8,2.75,6.504
0.798,1.094,0.742,0.586,0.619,3.051,1.596,2.188,1.172
0.289,1.367,0.638,1.482,2.954,4.932,0.578,2.734,2.964
0.87,0.978,0.43,4.074,3.151,4.391,1.74,1.956,8.148
1.137,1.201,0.635,0.188,2.494,1.093,2.274,2.402,0.376
1.378,1.077,0.282,3.879,3.885,1.45,2.756,2.154,7.758
1.231,0.254,0.369,3.474,3.586,3.541,2.462,0.508,6.948
0.172,0.527,1.313,0.606,3.066,3.024,0.344,1.054,1.212
0.622,0.706,1.015,3.758,1.828,2.422,1.244,1.412,7.516
0.15,0.429,0.827,2.764,3.492,1.809,0.3,0.858,5.528
0.628,1.383,0.332,4.859,0.066,4.582,1.256,2.766,9.718
1.002,1.351,1.305,1.527,0.779,2.156,2.004,2.702,3.054
0.138,0.354,1.459,2.216,1.469,1.462,0.276,0.708,4.432
0.635,0.659,0.551,0.313,4.515,2.317,1.27,1.318,0.626
1.133,1.101,0.165,4.912,0.344,0.206,2.266,2.202,9.824
1.096,0.581,0.3,3.259,4.319,4.214,2.192,1.162,6.518
0.337,1.136,1.163,2.146,3.067,0.024,0.674,2.272,4.292
0.535,1.473,0.238,2.312,2.463,2.307,1.07,2.946,4.624
1.428,1.382,1.459,0.662,4.214,4.984,2.856,2.764,1.324
0.672,0.685,0.516,2.087,3.885,1.44,1.344,1.37,4.174
1.293,0.281,0.776,1.309,3.005,0.235,2.586,0.562,2.618
0.385,0.675,1.36,2.39,2.413,2.426,0.77,1.35,4.78
0.217,1.223,0.656,2.016,1.442,2.539,0.434,2.446,4.032
0.403,1.456,0.33,0.096,4.454,4.874,0.806,2.912,0.192
1.353,0.151,1.351,3.614,4.775,2.01,2.706,0.302,7.228
0.745,1.19,0.127,1.317,4.209,0.396,1.49,2.38,2.634
0.16,1.081,0.256,2.182,1.529,4.4,0.32,2.162,4.364
0.167,0.749,0.331,3.872,0.251,0.844,0.334,1.498,7.744
0.472,1.273,0.855,3.472,4.792,0.593,0.944,2.546,6.944
0.982,1.181,0.101,3.254,2.285,2.212,1.964,2.362,6.508
0.176,1.016,1.078,0.833,2.087,2.428,0.352,2.032,1.666
0.527,1.162,0.13,0.937,4.127,2.599,1.054,2.324,1.874
1.294,0.192,0.618,2.5,0.863,3.009,2.588,0.384,5.0
1.068,0.186,0.133,1.667,2.276,4.188,2.136,0.372,3.334
1.18,0.127,0.721,0.964,0.019,3.68,2.36,0.254,1.928
1.222,0.306,0.842,1.856,4.871,4.789,2.444,0.612,3.712
1.045,1.192,0.264,3.234,4.169,0.795,2.09,2.384,6.468
1.312,1.25,1.122,3.539,3.268,1.441,2.624,2.5,7.078
1.252,1.399,0.367,0.989,4.975,4.076,2.504,2.798,1.978
0.272,0.199,0.519,3.805,0.837,0.248,0.544,0.398,7.61
0.527,0.232,1.045,2.766,1.735,4.672,1.054,0.464,5.532
1.07,1.407,1.372,3.274,1.641,2.631,2.14,2.814,6.548
0.254,1.47,0.913,1.734,0.151,0.948,0.508,2.94,3.468
0.519,0.118,0.558,1.58,0.9,2.767,1.038,0.236,3.16
1.417,0.845,0.712,4.728,1.668,4.089,2.834,1.69,9.456
0.828,1.442,0.159,0.254,3.789,0.572,1.656,2.884,0.508
1.068,1.01,1.296,1.875,4.37,0.989,2.136,2.02,3.75
1.183,1.125,0.11,1.411,0.583,1.407,2.366,2.25,2.822
0.858,0.626,0.487,1.827,1.48,2.853,1.716,1.252,3.654
0.29,0.27,1.36,2.713,1.932,4.111,0.58,0.54,5.426
0.911,1.098,1.302,0.302,3.296,1.991,1.822,2.196,0.604
0.149,0.768,0.412,1.516,1.031,1.286,0.298,1.536,3.032
1.255,1.166,0.411,1.916,4.198,3.833,2.51,2.332,3.832
0.693,1.129,0.757,2.66,2.796,3.366,1.386,2.258,5.32
0.321,0.8,1.451,3.466,2.888,3.662,0.642,1.6,6.932
1.102,0.45,0.647,3.222,2.413,3.995,2.204,0.9,6.444
1.176,1.31,0.148,4.628,4.312,2.609,2.352,2.62,9.256
0.523,0.302,0.195,3.759,2.631,2.019,1.046,0.604,7.518
0.222,0.856,1.447,2.451,0.958,0.907,0.444,1.712,4.902
1.485,0.342,0.712,1.715,0.057,4.036,2.97,0.684,3.43
1.15,0.867,1.25,0.729,2.262,2.958,2.3,1.734,1.458
1.122,1.42,1.456,0.496,3.393,2.534,2.244,2.84,0.992
0.259,1.408,1.168,4.76,1.58,3.719,0.518,2.816,9.52
1.425,0.583,0.822,1.377,0.089,3.948,2.85,1.166,2.754
0.173,1.494,1.23,3.545,0.017,0.157,0.346,2.988,7.09
1.417,0.579,1.045,3.887,0.381,1.353,2.834,1.158,7.774
0.913,1.326,0.296,1.62,4.154,1.931,1.826,2.652,3.24
0.895,0.443,1.021,1.782,4.746,4.528,1.79,0.886,3.564
1.411,1.2,1.141,3.499,1.971,4.818,2.822,2.4,6.998
0.492,0.972,0.343,1.886,0.521,1.684,0.984,1.944,3.772
1.22,0.245,0.926,0.931,4.44,2.877,2.44,0.49,1.862
0.937,0.15,0.162,0.884,0.287,1.959,1.874,0.3,1.768
0.374,0.595,1.155,1.689,1.327,2.41,0.748,1.19,3.378
0.321,1.455,0.366,2.223,2.166,3.227,0.642,2.91,4.446
0.309,1.224,0.232,4.45,4.31,0.522,0.618,2.448,8.9
0.995,0.527,1.27,3.397,4.11,3.178,1.99,1.054,6.794
1.449,0.615,0.389,2.871,1.893,1.07,2.898,1.23,5.742
0.964,0.375,1.092,4.732,1.22,3.248,1.928,0.75,9.464
0.214,0.837,0.472,0.527,2.845,0.289,0.428,1.674,1.054
0.716,1.354,0.876,0.037,1.61,4.309,1.432,2.708,0.074
1.274,0.222,0.579,1.42,1.267,4.022,2.548,0.444,2.84
1.257,0.747,1.205,2.191,0.718,3.842,2.514,1.494,4.382
1.4,0.164,1.072,3.662,0.646,3.379,2.8,0.328,7.324
0.593,0.61,1.274,4.76,0.596,1.758,1.186,1.22,9.52
0.177,1.259,0.674,1.684,0.494,4.792,0.354,2.518,3.368
1.238,0.969,0.339,4.016,4.973,2.87,2.476,1.938,8.032
1.475,0.645,1.218,3.85,3.524,4.916,2.95,1.29,7.7
1.494,1.367,0.944,4.812,4.767,3.289,2.988,2.734,9.624
1.139,0.17,0.99,4.347,2.562,1.164,2.278,0.34,8.694
1.191,0.135,0.397,0.903,0.279,2.059,2.382,0.27,1.806
1.134,0.797,1.193,3.193,2.069,3.955,2.268,1.594,6.386
0.26,0.822,0.891,2.368,1.261,0.356,0.52,1.644,4.736
1.271,1.398,0.751,0.352,3.499,0.301,2.542,2.796,0.704
1.102,0.694,0.206,2.532,0.781,2.955,2.204,1.388,5.064
0.982,0.319,0.791,0.109,3.663,2.054,1.964,0.638,0.218
0.246,0.487,0.876,3.507,2.183,4.81,0.492,0.974,7.014
1.402,1.16,0.353,1.101,1.128,3.981,2.804,2.32,2.202
0.89,1.274,0.234,4.434,2.214,3.046,1.78,2.548,8.868
0.153,1.412,0.306,3.81,4.222,3.371,0.306,2.824,7.62
0.218,0.552,0.4,1.016,3.099,2.089,0.436,1.104,2.032
0.157,0.427,0.764,3.292,2.838,1.693,0.314,0.854,6.584
1.08,0.74,0.215,3.094,0.692,2.882,2.16,1.48,6.188
0.997,1.488,1.066,4.384,0.936,3.914,1.994,2.976,8.768
1.476,0.994,0.428,2.517,2.309,0.318,2.952,1.988,5.034
1.237,1.167,0.737,1.506,1.858,3.654,2.474,2.334,3.012
1.466,0.242,0.651,1.858,3.466,2.157,2.932,0.484,3.716
0.198,0.296,1.3,1.442,4.615,0.416,0.396,0.592,2.884
1.431,0.845,1.093,3.157,1.338,4.137,2.862,1.69,6.314
0.293,0.409,0.453,4.718,0.053,1.441,0.586,0.818,9.436
1.422,0.947,0.27,1.167,3.982,0.398,2.844,1.894,2.334
1.266,0.94,0.569,2.129,0.204,3.548,2.532,1.88,4.258
0.521,0.323,0.841,0.976,4.474,2.302,1.042,0.646,1.952
0.183,1.367,0.514,0.305,4.75,3.27,0.366,2.734,0.61
0.385,1.287,0.361,2.76,4.583,0.495,0.77,2.574,5.52
0.948,0.74,1.428,0.281,3.476,1.848,1.896,1.48,0.562
1.15,1.075,1.371,2.255,1.239,4.432,2.3,2.15,4.51
1.358,1.04,1.345,1.564,3.559,4.511,2.716,2.08,3.128
0.974,1.163,0.885,3.069,3.021,0.232,1.948,2.326,6.138
0.99,0.909,0.784,3.256,4.448,3.876,1.98,1.818,6.512
0.736,1.091,0.756,2.41,0.805,0.891,1.472,2.182,4.82
0.671,1.311,0.327,3.754,4.359,4.476,1.342,2.622,7.508
0.54,0.213,1.045,0.139,2.593,0.9,1.08,0.426,0.278
0.71,0.988,1.161,1.52,2.348,4.249,1.42,1.976,3.04
0.653,0.728,1.235,3.199,0.061,2.587,1.306,1.456,6.398
0.95,0.748,0.844,4.214,4.307,0.506,1.9,1.496,8.428
0.804,1.277,0.657,4.32,4.444,1.034,1.608,2.554,8.64
0.243,0.137,0.966,1.25,0.088,1.09,0.486,0.274,2.5
0.638,0.421,0.384,4.005,3.078,1.36,1.276,0.842,8.01
1.395,1.042,0.171,3.797,4.737,1.451,2.79,2.084,7.594
1.009,0.572,0.439,1.836,2.793,3.523,2.018,1.144,3.672
0.437,0.143,0.769,4.368,1.668,1.301,0.874,0.286,8.736
1.275,0.888,0.206,1.489,4.307,0.148,2.55,1.776,2.978
0.384,1.017,0.334,1.456,1.938,4.668,0.768,2.034,2.912
1.222,0.536,1.132,3.92,0.92,2.584,2.444,1.072,7.84
0.622,0.692,0.65,3.029,4.285,3.143,1.244,1.384,6.058
0.215,0.637,0.934,3.343,1.862,0.363,0.43,1.274,6.686
0.71,0.807,0.554,4.892,4.493,3.068,1.42,1.614,9.784
0.365,0.281,1.48,3.795,1.042,4.153,0.73,0.562,7.59
0.81,0.659,0.704,1.132,1.46,1.765,1.62,1.318,2.264
1.073,1.441,1.028,2.949,0.045,2.762,2.146,2.882,5.898
0.679,1.473,0.78,0.174,1.77,4.278,1.358,2.946,0.348
0.899,0.385,1.419,0.425,2.879,3.977,1.798,0.77,0.85
0.731,1.242,1.491,1.935,0.753,1.896,1.462,2.484,3.87
1.482,0.65,0.703,4.722,0.616,3.836,2.964,1.3,9.444
0.588,0.434,0.697,4.174,0.383,2.126,1.176,0.868,8.348
0.683,0.592,0.741,0.152,3.95,3.232,1.366,1.184,0.304
0.356,0.786,1.158,1.037,3.964,0.024,0.712,1.572,2.074
0.557,0.716,0.23,0.72,3.092,3.309,1.114,1.432,1.44
0.389,0.783,0.387,2.35,2.497,0.395,0.778,1.566,4.7
0.358,1.136,0.815,1.271,1.775,3.399,0.716,2.272,2.542
0.939,0.196,1.469,1.433,2.392,0.301,1.878,0.392,2.866
0.588,0.743,1.038,3.13,0.977,4.738,1.176,1.486,6.26
1.338,0.392,0.549,4.347,4.035,2.175,2.676,0.784,8.694
0.202,1.199,1.23,3.668,1.98,1.417,0.404,2.398,7.336
0.909,0.441,0.543,1.648,1.58,1.539,1.818,0.882,3.296
0.25,1.492,1.46,1.666,3.18,4.64,0.5,2.984,3.332
0.52,1.124,0.998,2.446,4.145,1.554,1.04,2.248,4.892
0.997,1.451,0.609,0.025,4.467,2.546,1.994,2.902,0.05
1.332,0.728,0.748,0.279,4.519,4.603,2.664,1.456,0.558
0.633,0.611,0.652,0.798,2.896,2.532,1.266,1.222,1.596
0.75,1.089,1.083,2.213,0.044,0.201,1.5,2.178,4.426
1.441,0.82,0.956,3.476,3.915,3.533,2.882,1.64,6.952
0.232,1.272,1.206,1.299,4.612,0.299,0.464,2.544,2.598
1.147,0.364,0.474,3.806,4.214,1.07,2.294,0.728,7.612
0.336,0.958,0.976,4.099,0.599,0.694,0.672,1.916,8.198
0.399,0.104,0.595,1.548,4.526,3.022,0.798,0.208,3.096
1.133,0.154,0.598,3.223,3.581,3.369,2.266,0.308,6.446
1.212,0.733,0.997,0.409,0.372,4.384,2.424,1.466,0.818
0.657,0.677,0.352,4.443,1.424,2.06,1.314,1.354,8.886
0.118,0.137,0.23,3.593,0.294,0.108,0.236,0.274,7.186
1.357,0.168,1.118,2.715,2.697,1.734,2.714,0.336,5.43
0.394,1.201,1.328,1.451,2.676,0.718,0.788,2.402,2.902
1.366,0.413,0.614,3.203,4.345,0.694,2.732,0.826,6.406
0.191,0.865,0.763,3.039,1.361,4.299,0.382,1.73,6.078
0.117,1.187,0.833,4.074,2.993,2.277,0.234,2.374,8.148
0.753,0.862,0.521,3.294,0.058,3.326,1.506,1.724,6.588
0.757,0.667,0.294,4.542,3.795,0.751,1.514,1.334,9.084
1.273,0.409,0.775,1.051,4.755,0.365,2.546,0.818,2.102
1.234,1.041,1.123,2.734,3.624,0.602,2.468,2.082,5.468
1.022,1.249,0.372,0.076,3.631,4.741,2.044,2.498,0.152
0.338,1.176,0.807,1.291,2.418,4.465,0.676,2.352,2.582
0.247,0.532,1.25,1.556,1.776,0.445,0.494,1.064,3.112
0.487,1.399,0.472,4.758,3.582,4.024,0.974,2.798,9.516
1.29,1.299,0.295,1.319,3.91,3.019,2.58,2.598,2.638
1.027,1.315,0.752,3.93,0.386,3.641,2.054,2.63,7.86
0.168,0.169,0.894,4.326,0.594,3.118,0.336,0.338,8.652
1.197,0.613,0.799,2.602,2.234,4.25,2.394,1.226,5.204
1.466,0.915,0.934,0.071,4.585,4.192,2.932,1.83,0.142
0.565,0.848,0.623,2.642,4.112,4.056,1.13,1.696,5.284
1.049,0.836,0.893,1.721,4.191,3.474,2.098,1.672,3.442
0.461,0.994,0.816,3.649,0.248,0.91,0.922,1.988,7.298
0.369,0.732,0.271,1.366,1.295,2.744,0.738,1.464,2.732
0.695,0.246,1.269,3.911,2.151,0.911,1.39,0.492,7.822
0.302,1.098,1.203,0.125,4.455,4.224,0.604,2.196,0.25
0.258,0.588,0.187,4.223,2.987,3.445,0.516,1.176,8.446
0.987,1.316,0.751,3.23,1.96,0.34,1.974,2.632,6.46
1.195,0.755,1.379,1.024,2.651,4.704,2.39,1.51,2.048
0.23,0.668,0.541,3.828,0.597,1.763,0.46,1.336,7.656
1.374,0.31,1.127,0.399,0.452,4.661,2.748,0.62,0.798
1.188,0.138,1.489,2.297,2.43,4.895,2.376,0.276,4.594
0.79,0.549,0.915,3.031,1.017,2.946,1.58,1.098,6.062
1.066,0.91,1.296,0.79,1.314,1.748,2.132,1.82,1.58
0.721,0.644,0.468,4.703,2.597,1.845,1.442,1.288,9.406
1.039,1.303,0.152,4.83,4.029,1.326,2.078,2.606,9.66
0.314,1.035,0.568,3.297,2.385,3.188,0.628,2.07,6.594
1.328,1.429,0.285,1.306,4.528,0.078,2.656,2.858,2.612
0.717,0.882,1.17,2.93,3.351,2.075,1.434,1.764,5.86
1.04,1.404,0.572,1.442,4.124,4.164,2.08,2.808,2.884
0.405,1.207,0.577,3.092,3.346,0.913,0.81,2.414,6.184
0.191,1.298,0.74,0.347,3.466,1.979,0.382,2.596,0.694
0.673,0.422,1.336,2.085,1.807,0.349,1.346,0.844,4.17
1.131,0.862,1.414,2.283,4.82,3.4,2.262,1.724,4.566
1.403,1.198,1.35,0.307,4.751,4.283,2.806,2.396,0.614
0.807,1.184,0.334,0.914,2.831,3.728,1.614,2.368,1.828
1.298,1.14,0.15,1.366,1.902,2.235,2.596,2.28,2.732
0.103,1.309,0.365,1.537,1.089,4.706,0.206,2.618,3.074
0.796,0.737,0.319,3.915,4.343,1.19,1.592,1.474,7.83
0.738,0.16,0.987,1.927,2.416,4.46,1.476,0.32,3.854
1.446,0.969,0.105,3.29,3.903,4.441,2.892,1.938,6.58
0.571,0.568,1.282,1.661,2.56,3.652,1.142,1.136,3.322
0.404,1.157,1.064,0.252,2.205,1.018,0.808,2.314,0.504
0.4,1.465,0.377,1.928,1.39,0.657,0.8,2.93,3.856
0.525,0.453,1.245,3.427,0.954,2.963,1.05,0.906,6.854
0.736,0.203,0.538,3.165,0.803,4.606,1.472,0.406,6.33
0.359,0.924,0.331,3.637,3.59,2.22,0.718,1.848,7.274
0.278,0.993,1.007,2.949,0.786,2.731,0.556,1.986,5.898
0.374,0.533,1.424,3.081,2.782,2.51,0.748,1.066,6.162
1.168,1.139,0.265,0.853,2.202,4.748,2.336,2.278,1.706
0.44,0.749,0.249,4.905,3.858,3.368,0.88,1.498,9.81
1.159,0.397,1.333,4.389,3.367,4.647,2.318,0.794,8.778
0.702,0.95,0.567,0.978,4.995,3.635,1.404,1.9,1.956
0.481,0.312,0.648,0.315,2.211,1.543,0.962,0.624,0.63
0.239,0.155,0.748,0.876,4.034,3.15,0.478,0.31,1.752
0.944,0.346,0.882,1.455,1.099,1.814,1.888,0.692,2.91
0.989,1.298,0.382,3.345,3.246,4.311,1.978,2.596,6.69
1.339,0.691,0.167,4.607,1.67,1.428,2.678,1.382,9.214
0.925,0.863,0.499,2.329,0.269,3.13,1.85,1.726,4.658
1.098,0.791,1.479,0.221,0.515,2.269,2.196,1.582,0.442
0.634,0.172,1.171,0.984,1.206,2.821,1.268,0.344,1.968
0.649,1.382,0.868,2.518,0.107,2.175,1.298,2.764,5.036
0.714,0.436,0.273,4.623,1.629,3.542,1.428,0.872,9.246
1.038,0.178,1.2,0.507,3.022,1.802,2.076,0.356,1.014
0.58,1.271,0.996,3.807,1.976,2.933,1.16,2.542,7.614
0.945,0.279,0.206,0.899,0.571,3.878,1.89,0.558,1.798
0.72,1.298,0.141,2.288,3.478,0.857,1.44,2.596,4.576
0.118,1.124,0.872,3.71,0.745,1.344,0.236,2.248,7.42
0.188,0.719,0.443,4.165,4.533,2.499,0.376,1.438,8.33
0.472,0.583,1.479,1.566,4.188,4.044,0.944,1.166,3.132
1.471,0.683,1.056,1.59,0.984,4.712,2.942,1.366,3.18
0.604,0.798,0.707,1.462,3.026,4.334,1.208,1.596,2.924
0.708,0.555,0.867,4.317,1.279,0.392,1.416,1.11,8.634
0.806,0.18,0.773,4.147,1.885,2.014,1.612,0.36,8.294
1.239,0.114,0.608,2.4,0.787,3.213,2.478,0.228,4.8
0.484,0.113,1.302,2.988,4.388,4.288,0.968,0.226,5.976
0.267,1.039,0.129,0.998,4.659,2.839,0.534,2.078,1.996
0.345,1.071,1.13,3.862,4.38,3.998,0.69,2.142,7.724
0.639,0.361,1.256,4.804,0.502,4.789,1.278,0.722,9.608
0.626,0.616,1.284,4.115,4.323,3.631,1.252,1.232,8.23
1.073,1.296,0.175,1.324,1.161,3.343,2.146,2.592,2.648
0.584,0.188,0.726,1.221,4.785,3.655,1.168,0.376,2.442
0.732,0.954,0.549,0.355,0.323,3.303,1.464,1.908,0.71
0.396,0.634,0.785,0.321,3.524,2.11,0.792,1.268,0.642
0.961,1.293,1.049,3.199,4.526,3.855,1.922,2.586,6.398
1.135,1.497,0.304,1.331,3.484,1.481,2.27,2.994,2.662
0.72,0.284,0.98,1.722,1.82,4.81,1.44,0.568,3.444
0.818,0.441,0.398,1.414,3.396,2.551,1.636,0.882,2.828
1.447,1.381,1.186,2.806,0.897,3.508,2.894,2.762,5.612
0.23,1.07,1.166,0.347,0.743,4.013,0.46,2.14,0.694
0.57,0.51,0.936,1.888,2.708,1.865,1.14,1.02,3.776
1.016,0.579,0.916,2.52,3.536,4.565,2.032,1.158,5.04
1.105,0.947,1.079,4.329,1.278,1.092,2.21,1.894,8.658
0.451,0.92,0.27,4.906,3.789,3.918,0.902,1.84,9.812
0.802,1.487,0.819,4.789,4.404,1.465,1.604,2.974,9.578
1.114,1.442,0.477,3.609,2.443,4.206,2.228,2.884,7.218
0.495,0.105,0.335,3.781,1.214,4.922,0.99,0.21,7.562
1.244,0.337,0.838,0.135,1.441,1.056,2.488,0.674,0.27
0.638,1.143,0.48,0.025,3.732,4.419,1.276,2.286,0.05
1.311,1.397,0.776,4.972,3.432,3.666,2.622,2.794,9.944
0.856,0.888,0.119,0.935,4.496,0.412,1.712,1.776,1.87
0.981,1.325,0.598,3.802,1.563,3.223,1.962,2.65,7.604
0.864,0.769,1.498,0.061,0.996,2.264,1.728,1.538,0.122
1.346,1.455,1.055,4.871,1.96,0.436,2.692,2.91,9.742
0.647,1.01,0.773,0.023,4.46,2.848,1.294,2.02,0.046
0.847,0.944,0.682,4.989,1.355,3.157,1.694,1.888,9.978
0.485,0.66,1.378,3.95,0.416,2.005,0.97,1.32,7.9
0.398,1.235,0.31,3.137,4.624,3.113,0.796,2.47,6.274
0.588,0.879,1.168,1.125,1.657,3.997,1.176,1.758,2.25
1.42,0.441,1.486,1.633,2.322,1.492,2.84,0.882,3.266
0.704,1.213,0.789,1.495,2.011,1.201,1.408,2.426,2.99
0.747,0.956,0.675,0.125,2.263,0.586,1.494,1.912,0.25
0.281,0.491,1.093,1.811,3.527,4.479,0.562,0.982,3.622
0.392,0.936,0.357,1.398,4.711,2.665,0.784,1.872,2.796
0.42,1.464,0.839,1.335,4.451,4.616,0.84,2.928,2.67
0.215,0.408,0.506,0.178,3.185,4.569,0.43,0.816,0.356
0.841,0.247,0.307,1.096,1.425,1.144,1.682,0.494,2.192
1.318,0.14,0.926,4.723,0.001,4.822,2.636,0.28,9.446
0.437,0.145,0.474,4.66,2.99,3.521,0.874,0.29,9.32
1.45,1.431,1.352,2.734,4.274,0.804,2.9,2.862,5.468
1.068,0.483,0.771,4.002,0.269,1.891,2.136,0.966,8.004
0.645,0.657,0.921,2.147,0.537,4.991,1.29,1.314,4.294
0.93,0.896,1.199,0.153,4.689,3.552,1.86,1.792,0.306
0.917,0.18,0.849,3.613,2.937,1.269,1.834,0.36,7.226
0.52,1.492,0.452,0.652,4.528,3.651,1.04,2.984,1.304
0.259,0.452,1.194,0.909,0.257,2.278,0.518,0.904,1.818
0.379,0.445,1.436,0.899,2.935,0.565,0.758,0.89,1.798
0.159,1.336,1.097,4.675,3.133,3.256,0.318,2.672,9.35
1.212,1.456,1.168,2.248,4.462,0.86,2.424,2.912,4.496
1.165,0.898,1.238,4.745,2.274,4.47,2.33,1.796,9.49
1.274,0.51,1.414,2.457,2.242,4.032,2.548,1.02,4.914
1.447,0.956,0.178,1.77,4.841,0.328,2.894,1.912,3.54
0.131,0.973,0.516,0.03,4.238,1.249,0.262,1.946,0.06
0.367,1.487,0.244,2.889,2.865,1.4,0.734,2.974,5.778
0.656,0.936,0.251,3.703,3.78,1.478,1.312,1.872,7.406
0.673,0.514,0.716,4.897,1.768,3.977,1.346,1.028,9.794
1.013,1.172,0.537,2.559,0.745,2.448,2.026,2.344,5.118
0.494,1.297,0.655,2.681,0.484,1.78,0.988,2.594,5.362
1.477,1.27,1.354,1.143,0.481,3.05,2.954,2.54,2.286
0.518,1.076,1.305,3.954,4.526,4.649,1.036,2.152,7.908
1.213,1.191,1.216,4.161,3.442,3.258,2.426,2.382,8.322
0.935,0.401,0.105,1.285,4.824,1.082,1.87,0.802,2.57
1.004,0.765,1.188,2.658,1.795,1.337,2.008,1.53,5.316
0.667,0.15,0.929,2.945,4.164,2.855,1.334,0.3,5.89
0.522,0.159,0.192,2.469,1.817,2.368,1.044,0.318,4.938
1.286,1.194,0.651,2.842,0.714,4.918,2.572,2.388,5.684
0.344,0.11,0.612,4.924,0.467,2.154,0.688,0.22,9.848
0.101,0.691,1.173,4.276,0.025,4.153,0.202,1.382,8.552
1.109,1.345,0.79,4.461,3.455,4.221,2.218,2.69,8.922
0.356,1.024,0.518,2.699,3.841,3.926,0.712,2.048,5.398
0.115,1.185,1.113,0.419,1.726,4.528,0.23,2.37,0.838
0.754,0.753,0.46,0.827,0.411,1.371,1.508,1.506,1.654
1.078,0.98,0.213,0.814,2.775,2.287,2.156,1.96,1.628
1.212,1.266,1.246,1.469,0.032,3.431,2.424,2.532,2.938
0.637,1.47,0.877,3.163,1.592,1.075,1.274,2.94,6.326
0.108,0.614,1.274,3.915,4.719,3.676,0.216,1.228,7.83
0.849,1.018,0.231,3.838,4.164,0.878,1.698,2.036,7.676
0.419,1.31,0.799,2.526,1.35,3.981,0.838,2.62,5.052
0.711,0.22,1.161,1.642,4.677,3.156,1.422,0.44,3.284
0.84,1.496,0.534,0.233,1.555,3.843,1.68,2.992,0.466
0.605,1.135,1.231,1.798,2.159,2.941,1.21,2.27,3.596
0.954,0.473,0.243,0.312,1.698,3.105,1.908,0.946,0.624
0.685,0.962,1.354,1.667,3.73,4.852,1.37,1.924,3.334
0.842,0.258,0.941,2.905,2.016,3.892,1.684,0.516,5.81
1.07,0.236,0.133,4.496,0.122,1.292,2.14,0.472,8.992
1.091,0.86,1.11,0.929,2.717,0.162,2.182,1.72,1.858
0.499,1.257,0.17,4.485,3.831,3.626,0.998,2.514,8.97
0.483,0.352,1.433,1.389,2.849,1.133,0.966,0.704,2.778
1.164,0.492,0.995,4.719,1.302,0.262,2.328,0.984,9.438
0.44,0.621,0.433,3.081,4.653,1.142,0.88,1.242,6.162
0.11,0.963,1.261,2.139,0.458,0.994,0.22,1.926,4.278
0.888,1.093,1.039,0.176,1.198,3.856,1.776,2.186,0.352
0.608,1.163,0.971,1.967,4.223,1.263,1.216,2.326,3.934
0.702,1.365,0.469,2.349,1.946,4.723,1.404,2.73,4.698
1.043,0.261,1.216,3.934,0.836,1.564,2.086,0.522,7.868
1.24,1.014,0.31,3.323,2.082,4.268,2.48,2.028,6.646
0.258,1.001,0.107,1.381,4.612,0.06,0.516,2.002,2.762
1.066,1.308,1.018,0.59,0.475,0.369,2.132,2.616,1.18
0.961,1.393,0.36,3.925,3.43,4.087,1.922,2.786,7.85
0.862,1.157,1.211,1.771,2.62,3.061,1.724,2.314,3.542
1.128,1.18,1.271,1.26,2.903,0.076,2.256,2.36,2.52
0.523,0.51,1.226,1.346,3.239,0.234,1.046,1.02,2.692
0.72,1.306,0.707,4.627,1.773,0.87,1.44,2.612,9.254
1.117,0.215,0.884,3.793,3.272,4.202,2.234,0.43,7.586
0.289,1.343,0.77,1.65,0.304,3.707,0.578,2.686,3.3
0.386,0.373,0.664,1.551,1.768,2.284,0.772,0.746,3.102
0.302,0.657,0.645,4.994,4.294,3.457,0.604,1.314,9.988
1.2,1.041,1.324,4.949,2.806,2.656,2.4,2.082,9.898
1.084,0.986,0.561,3.301,0.928,2.635,2.168,1.972,6.602
0.751,0.471,1.397,3.074,2.662,2.829,1.502,0.942,6.148
0.188,1.381,0.612,2.629,2.746,2.46,0.376,2.762,5.258
0.663,0.289,0.266,1.982,1.891,4.682,1.326,0.578,3.964
0.492,0.453,1.135,2.875,4.415,0.873,0.984,0.906,5.75
0.767,0.864,0.8,1.435,0.948,0.378,1.534,1.728,2.87
1.046,0.441,1.132,2.049,0.928,1.248,2.092,0.882,4.098
0.214,1.35,1.094,0.859,1.863,0.694,0.428,2.7,1.718
1.065,0.958,0.972,3.855,3.339,1.499,2.13,1.916,7.71
1.456,1.083,0.392,2.669,3.212,2.722,2.912,2.166,5.338
1.289,0.195,0.441,1.462,2.831,2.663,2.578,0.39,2.924
0.79,0.204,0.273,1.715,4.747,2.161,1.58,0.408,3.43
1.312,0.967,1.179,4.027,3.358,3.553,2.624,1.934,8.054
0.506,1.163,0.464,0.383,3.04,4.658,1.012,2.326,0.766
1.468,1.21,1.257,3.148,4.881,3.258,2.936,2.42,6.296
0.258,1.445,1.42,1.111,2.298,2.685,0.516,2.89,2.222
0.887,0.71,0.896,2.563,3.157,0.677,1.774,1.42,5.126
0.409,0.22,0.596,4.415,0.101,3.326,0.818,0.44,8.83
0.765,0.387,0.332,4.381,2.529,1.331,1.53,0.774,8.762
1.122,0.278,0.961,1.029,0.168,3.946,2.244,0.556,2.058
0.124,0.403,0.365,1.855,4.298,0.763,0.248,0.806,3.71
1.31,0.924,0.174,1.811,4.877,3.005,2.62,1.848,3.622
1.29,0.899,0.866,1.819,2.88,2.635,2.58,1.798,3.638
1.415,0.63,1.226,4.925,1.938,4.212,2.83,1.26,9.85
0.563,0.223,0.944,1.238,2.305,2.735,1.126,0.446,2.476
0.331,1.339,0.42,0.382,1.505,2.025,0.662,2.678,0.764
0.171,1.273,0.118,1.37,1.668,1.495,0.342,2.546,2.74
0.403,0.225,0.653,1.837,4.387,0.716,0.806,0.45,3.674
0.644,1.04,0.806,1.204,4.206,1.787,1.288,2.08,2.408
0.597,1.246,1.238,0.28,0.335,4.049,1.194,2.492,0.56
0.241,0.371,1.433,0.8,4.871,0.315,0.482,0.742,1.6
0.295,0.631,0.298,2.973,2.585,1.545,0.59,1.262,5.946
1.095,0.675,0.554,1.689,2.279,2.039,2.19,1.35,3.378
0.746,1.337,0.164,1.271,3.285,3.077,1.492,2.674,2.542
1.386,0.246,1.454,4.388,4.132,1.833,2.772,0.492,8.776
1.053,1.064,0.816,4.918,1.304,4.592,2.106,2.128,9.836
0.605,0.598,0.507,1.066,4.693,2.974,1.21,1.196,2.132
1.288,0.562,1.343,0.601,3.81,2.739,2.576,1.124,1.202
1.373,0.448,0.328,4.388,1.992,1.133,2.746,0.896,8.776
0.965,0.464,0.801,0.31,2.614,3.419,1.93,0.928,0.62
1.257,0.72,1.316,0.434,1.836,1.181,2.514,1.44,0.868
0.577,0.11,1.449,1.519,1.933,0.366,1.154,0.22,3.038
0.706,1.056,0.199,0.053,1.731,0.522,1.412,2.112,0.106
1.481,1.482,1.09,1.669,0.337,3.28,2.962,2.964,3.338
0.989,0.812,1.47,2.764,2.797,1.3,1.978,1.624,5.528
0.987,0.778,0.512,1.835,3.171,0.295,1.974,1.556,3.67
0.116,0.241,0.376,3.822,0.192,0.899,0.232,0.482,7.644
1.447,0.14,0.296,3.146,3.242,3.249,2.894,0.28,6.292
1.408,1.29,0.553,1.406,3.208,4.599,2.816,2.58,2.812
1.028,0.495,0.694,3.911,2.961,0.214,2.056,0.99,7.822
0.269,1.487,0.265,2.985,2.761,2.243,0.538,2.974,5.97
1.209,0.422,1.314,0.804,4.397,0.708,2.418,0.844,1.608
1.187,0.578,1.007,2.84,3.343,3.267,2.374,1.156,5.68
1.38,0.383,1.185,0.182,3.884,3.143,2.76,0.766,0.364
0.614,1.407,1.119,0.368,4.695,2.215,1.228,2.814,0.736
1.158,0.488,0.845,2.357,1.358,1.877,2.316,0.976,4.714
0.767,0.595,0.267,1.647,1.584,3.585,1.534,1.19,3.294
0.216,1.421,0.232,3.488,4.967,4.46,0.432,2.842,6.976
1.183,0.819,0.852,0.108,3.885,2.022,2.366,1.638,0.216
0.422,0.347,0.219,4.207,1.089,4.726,0.844,0.694,8.414
0.118,1.23,0.378,0.136,2.674,2.046,0.236,2.46,0.272
0.911,0.83,1.265,0.21,4.895,3.788,1.822,1.66,0.42
0.408,1.195,0.244,3.039,1.449,0.881,0.816,2.39,6.078
1.435,0.829,1.376,2.949,3.295,1.96,2.87,1.658,5.898
0.169,1.473,0.464,4.138,2.347,2.364,0.338,2.946,8.276
0.94,1.331,1.26,2.594,2.518,2.749,1.88,2.662,5.188
0.535,0.985,1.238,3.101,3.488,0.052,1.07,1.97,6.202
0.129,1.084,0.989,2.717,4.521,4.636,0.258,2.168,5.434
1.324,0.579,1.19,2.62,3.589,0.769,2.648,1.158,5.24
1.164,1.454,0.128,0.377,4.342,2.031,2.328,2.908,0.754
1.156,0.243,1.004,2.706,4.41,1.078,2.312,0.486,5.412
0.265,1.253,0.513,0.29,4.188,0.716,0.53,2.506,0.58
1.182,0.456,0.981,1.825,3.263,2.023,2.364,0.912,3.65
1.274,1.426,0.339,2.136,1.9,1.201,2.548,2.852,4.272
0.774,1.259,0.185,4.797,2.342,4.886,1.548,2.518,9.594
0.424,1.328,1.146,4.978,1.322,1.019,0.848,2.656,9.956
0.687,0.352,0.261,3.241,1.664,1.92,1.374,0.704,6.482
0.609,0.825,0.23,4.382,1.434,4.747,1.218,1.65,8.764
0.578,1.03,0.791,4.418,2.922,2.957,1.156,2.06,8.836
0.167,0.248,1.478,4.054,1.801,3.687,0.334,0.496,8.108
0.273,0.161,0.387,3.845,4.926,1.325,0.546,0.322,7.69
0.745,1.12,0.252,0.731,3.755,4.335,1.49,2.24,1.462
0.193,1.12,0.125,3.487,3.129,3.435,0.386,2.24,6.974
0.97,0.327,1.098,3.454,1.701,4.656,1.94,0.654,6.908
0.336,0.564,0.488,0.248,3.864,1.22,0.672,1.128,0.496
0.108,0.359,0.931,4.611,4.267,3.235,0.216,0.718,9.222
0.449,0.798,1.298,2.341,1.576,1.092,0.898,1.596,4.682
0.317,0.784,0.972,3.797,3.701,1.392,0.634,1.568,7.594
0.206,0.661,0.577,0.229,0.075,1.742,0.412,1.322,0.458
0.967,1.268,0.473,0.719,4.488,3.675,1.934,2.536,1.438
0.768,0.402,0.539,2.702,2.111,4.888,1.536,0.804,5.404
0.365,1.409,0.493,3.149,1.75,4.853,0.73,2.818,6.298
1.111,0.796,1.358,1.598,1.295,0.327,2.222,1.592,3.196
1.127,0.384,1.01,4.432,1.398,3.501,2.254,0.768,8.864
0.778,1.349,0.328,0.101,0.699,1.921,1.556,2.698,0.202
0.304,0.383,0.882,2.547,0.933,4.607,0.608,0.766,5.094
0.319,0.474,0.558,2.883,3.477,3.565,0.638,0.948,5.766
0.566,0.937,0.736,1.19,4.462,3.349,1.132,1.874,2.38
0.333,0.807,1.436,1.896,2.848,1.27,0.666,1.614,3.792
0.182,1.385,0.404,2.785,0.683,1.161,0.364,2.77,5.57
0.66,0.51,1.47,4.861,4.413,1.24,1.32,1.02,9.722
0.876,0.865,1.189,3.208,1.762,1.212,1.752,1.73,6.416
0.927,0.646,0.289,2.881,0.3,3.068,1.854,1.292,5.762
1.314,0.696,0.285,4.374,3.667,3.017,2.628,1.392,8.748
0.281,1.375,0.544,3.965,4.978,4.893,0.562,2.75,7.93
1.225,1.46,1.173,3.296,0.592,0.713,2.45,2.92,6.592
0.433,1.164,1.064,0.159,1.143,4.219,0.866,2.328,0.318
0.467,1.4,1.435,0.045,1.7,1.874,0.934,2.8,0.09
0.912,0.118,0.583,1.858,3.578,2.602,1.824,0.236,3.716
0.199,0.734,0.394,3.457,2.886,4.454,0.398,1.468,6.914
1.168,0.428,1.242,2.448,0.294,3.416,2.336,0.856,4.896
0.342,1.308,0.161,2.523,4.463,0.426,0.684,2.616,5.046
1.39,0.218,0.24,3.808,3.563,1.087,2.78,0.436,7.616
1.23,1.384,0.345,1.31,3.861,3.057,2.46,2.768,2.62
0.9,1.169,0.608,4.492,1.511,4.736,1.8,2.338,8.984
0.914,0.837,1.274,0.879,4.409,1.971,1.828,1.674,1.758
0.64,0.43,0.839,1.518,1.913,0.125,1.28,0.86,3.036
1.345,0.72,1.124,2.162,0.384,1.731,2.69,1.44,4.324
0.496,1.204,1.274,4.495,0.217,4.981,0.992,2.408,8.99
1.443,0.306,0.249,4.065,2.733,2.515,2.886,0.612,8.13
1.188,0.657,0.467,1.385,1.718,2.815,2.376,1.314,2.77
1.052,0.882,0.884,3.212,2.385,3.515,2.104,1.764,6.424
1.092,0.385,0.224,2.294,0.173,0.4,2.184,0.77,4.588
1.291,1.236,0.45,1.975,3.324,1.434,2.582,2.472,3.95
1.37,0.985,0.905,2.943,0.944,0.875,2.74,1.97,5.886
0.682,1.249,0.537,2.998,3.509,1.534,1.364,2.498,5.996
0.398,0.645,0.712,0.722,2.588,0.825,0.796,1.29,1.444
0.126,0.613,1.203,2.146,4.789,0.235,0.252,1.226,4.292
1.144,1.069,1.128,3.683,0.589,4.498,2.288,2.138,7.366
1.283,0.725,1.177,1.622,2.159,2.544,2.566,1.45,3.244
0.418,0.516,0.881,0.248,2.547,2.179,0.836,1.032,0.496
1.467,0.651,1.396,2.707,2.092,3.206,2.934,1.302,5.414
1.134,1.119,0.933,3.969,4.826,2.784,2.268,2.238,7.938
1.069,0.353,1.084,4.518,2.528,1.352,2.138,0.706,9.036
0.346,1.301,1.448,3.188,2.317,0.965,0.692,2.602,6.376
0.43,0.148,0.275,3.736,0.349,0.539,0.86,0.296,7.472
0.128,1.272,0.173,4.384,4.283,3.29,0.256,2.544,8.768
0.358,0.76,0.151,4.698,3.377,0.881,0.716,1.52,9.396
0.494,0.359,1.354,0.855,4.691,4.182,0.988,0.718,1.71
0.443,0.962,1.494,2.665,4.169,4.335,0.886,1.924,5.33
0.337,1.484,0.656,4.115,3.26,3.636,0.674,2.968,8.23
1.297,0.143,0.577,1.006,1.046,3.874,2.594,0.286,2.012
0.644,0.576,0.869,3.254,4.088,2.417,1.288,1.152,6.508
0.821,0.712,0.565,3.27,4.632,2.919,1.642,1.424,6.54
1.328,0.488,0.868,2.943,2.422,2.784,2.656,0.976,5.886
1.335,0.43,0.689,3.928,1.279,3.411,2.67,0.86,7.856
0.287,0.473,0.932,4.265,0.264,1.276,0.574,0.946,8.53
1.138,0.22,0.188,3.753,3.335,2.397,2.276,0.44,7.506
0.324,1.382,0.543,1.011,1.779,4.254,0.648,2.764,2.022
0.886,0.658,0.58,3.721,2.955,0.192,1.772,1.316,7.442
0.774,0.466,1.108,1.086,2.844,0.45,1.548,0.932,2.172
0.917,0.419,1.171,1.916,0.396,0.263,1.834,0.838,3.832
1.261,1.159,1.039,2.775,2.448,0.535,2.522,2.318,5.55
0.491,0.111,0.863,2.454,0.825,2.497,0.982,0.222,4.908
0.552,1.262,0.135,0.612,3.665,3.085,1.104,2.524,1.224
0.805,1.413,0.27,1.699,0.429,1.673,1.61,2.826,3.398
0.857,0.736,0.565,3.631,3.402,2.29,1.714,1.472,7.262
0.655,1.431,1.498,3.95,0.144,1.791,1.31,2.862,7.9
0.945,0.165,0.445,0.9,0.312,0.561,1.89,0.33,1.8
0.322,1.366,0.834,0.512,2.305,4.112,0.644,2.732,1.024
0.328,1.042,0.178,0.97,2.042,0.593,0.656,2.084,1.94
1.14,1.173,0.717,1.018,2.131,3.607,2.28,2.346,2.036
1.245,1.426,1.256,3.493,2.168,3.003,2.49,2.852,6.986
0.982,0.455,0.192,1.882,2.101,4.392,1.964,0.91,3.764
0.716,0.826,0.101,4.412,2.279,3.781,1.432,1.652,8.824
0.484,1.087,1.174,0.805,3.806,1.143,0.968,2.174,1.61
0.491,1.101,0.341,2.041,1.553,0.989,0.982,2.202,4.082
1.424,1.262,0.251,1.101,0.932,3.419,2.848,2.524,2.202
0.118,0.873,0.164,3.338,0.29,3.028,0.236,1.746,6.676
0.931,0.813,0.902,4.656,4.862,0.761,1.862,1.626,9.312
1.251,1.1,1.452,0.137,1.184,3.523,2.502,2.2,0.274
0.167,1.403,1.172,4.699,2.334,1.989,0.334,2.806,9.398
1.241,1.109,0.297,2.141,3.894,0.169,2.482,2.218,4.282
1.174,0.224,0.68,1.944,2.452,0.112,2.348,0.448,3.888
0.844,1.463,1.05,4.001,1.381,4.586,1.688,2.926,8.002
0.804,1.25,1.263,3.161,2.922,1.252,1.608,2.5,6.322
0.188,1.156,1.48,0.688,3.288,2.711,0.376,2.312,1.376
0.688,0.51,0.598,3.085,3.24,2.115,1.376,1.02,6.17
1.192,1.331,1.322,4.291,3.703,0.828,2.384,2.662,8.582
0.339,0.196,1.125,2.397,4.81,3.602,0.678,0.392,4.794
0.218,0.367,0.419,1.068,2.867,1.269,0.436,0.734,2.136
1.256,1.432,1.13,2.87,1.577,3.126,2.512,2.864,5.74
0.579,1.46,0.328,3.669,1.414,4.005,1.158,2.92,7.338
0.683,0.816,1.448,1.329,0.464,3.095,1.366,1.632,2.658
0.129,1.422,0.689,1.872,4.123,0.011,0.258,2.844,3.744
0.196,1.307,0.669,1.347,4.112,0.874,0.392,2.614,2.694
0.248,0.881,0.732,3.596,4.291,1.32,0.496,1.762,7.192
0.607,1.331,1.19,4.706,0.279,4.374,1.214,2.662,9.412
0.457,0.572,1.467,4.741,3.896,1.573,0.914,1.144,9.482
0.459,0.737,0.841,2.203,1.366,2.312,0.918,1.474,4.406
1.187,0.304,0.585,1.789,2.162,1.389,2.374,0.608,3.578
0.504,0.269,1.426,2.256,2.591,0.044,1.008,0.538,4.512
1.214,0.104,0.165,3.114,3.996,4.09,2.428,0.208,6.228
0.827,1.492,0.232,4.238,3.999,3.877,1.654,2.984,8.476
0.417,0.225,0.359,2.799,4.462,4.598,0.834,0.45,5.598
0.648,1.462,0.67,2.223,2.46,2.898,1.296,2.924,4.446
0.785,1.323,0.132,2.928,2.889,4.198,1.57,2.646,5.856
0.643,0.338,0.995,4.965,2.735,4.742,1.286,0.676,9.93
1.19,0.726,1.226,1.217,0.495,0.041,2.38,1.452,2.434
0.666,1.214,1.419,4.539,4.858,2.799,1.332,2.428,9.078
0.973,0.96,1.202,3.551,0.395,4.972,1.946,1.92,7.102
0.404,0.852,1.089,2.852,1.985,0.898,0.808,1.704,5.704
0.239,0.258,0.288,4.288,3.119,1.867,0.478,0.516,8.576
0.304,1.498,1.015,3.279,0.68,2.484,0.608,2.996,6.558
0.954,0.886,0.775,0.212,1.534,1.976,1.908,1.772,0.424
1.481,0.246,1.348,1.39,0.687,2.062,2.962,0.492,2.78
0.104,1.472,0.478,4.543,2.192,4.787,0.208,2.944,9.086
0.562,0.884,0.763,1.381,4.236,3.788,1.124,1.768,2.762
1.391,0.586,0.737,1.695,0.105,3.826,2.782,1.172,3.39
0.711,1.323,0.731,0.994,2.475,1.137,1.422,2.646,1.988
0.416,1.285,1.022,1.582,2.944,4.698,0.832,2.57,3.164
1.412,0.878,1.379,2.253,0.157,2.429,2.824,1.756,4.506
0.542,1.5,0.602,3.366,3.93,0.847,1.084,3.0,6.732
1.049,0.139,0.371,3.266,2.195,4.455,2.098,0.278,6.532
0.972,0.549,0.142,0.775,1.294,3.946,1.944,1.098,1.55
0.959,0.136,0.796,2.749,4.026,2.045,1.918,0.272,5.498
1.21,0.264,0.553,0.171,1.594,0.472,2.42,0.528,0.342
0.447,1.47,0.545,0.652,2.088,4.536,0.894,2.94,1.304
0.427,1.268,0.707,4.7,4.734,2.928,0.854,2.536,9.4
1.42,1.191,0.905,0.456,4.332,0.139,2.84,2.382,0.912
0.892,0.601,0.63,4.732,0.47,3.189,1.784,1.202,9.464
0.859,0.545,0.29,2.353,4.409,3.883,1.718,1.09,4.706
1.07,0.911,0.635,2.388,4.508,1.156,2.14,1.822,4.776
1.02,1.28,0.366,4.96,1.097,3.612,2.04,2.56,9.92
1.239,0.29,0.956,1.587,1.482,2.351,2.478,0.58,3.174
1.295,0.645,1.111,2.37,0.389,0.424,2.59,1.29,4.74
0.574,0.795,1.092,0.71,3.427,2.759,1.148,1.59,1.42
0.45,0.586,0.244,0.945,2.876,4.004,0.9,1.172,1.89
0.749,0.706,1.072,4.578,4.923,4.558,1.498,1.412,9.156
0.829,0.637,0.946,2.132,3.61,2.799,1.658,1.274,4.264
0.213,1.042,1.045,2.835,4.276,1.956,0.426,2.084,5.67
0.297,0.471,1.471,3.055,0.005,4.522,0.594,0.942,6.11
0.914,0.841,0.49,4.718,2.515,1.496,1.828,1.682,9.436
1.207,1.449,0.959,0.083,4.523,0.771,2.414,2.898,0.166
0.376,0.44,1.401,0.999,2.705,2.036,0.752,0.88,1.998
0.473,0.19,1.057,2.492,2.9,3.431,0.946,0.38,4.984
0.232,0.241,0.115,4.588,0.496,2.961,0.464,0.482,9.176
0.317,0.292,1.203,1.757,0.483,3.548,0.634,0.584,3.514
1.128,1.428,0.86,4.546,0.03,3.939,2.256,2.856,9.092
1.196,0.429,0.903,2.842,4.149,3.68,2.392,0.858,5.684
0.842,0.729,0.103,4.851,0.671,1.036,1.684,1.458,9.702
0.389,0.798,1.397,3.804,0.362,1.665,0.778,1.596,7.608
0.955,0.131,0.62,1.014,3.329,0.143,1.91,0.262,2.028
0.669,0.277,1.1,4.546,3.727,0.014,1.338,0.554,9.092
0.125,1.029,1.351,0.46,3.533,4.704,0.25,2.058,0.92
1.498,0.762,0.855,2.483,0.604,0.174,2.996,1.524,4.966
0.906,0.686,0.178,1.865,0.225,0.758,1.812,1.372,3.73
1.42,0.636,0.94,2.327,2.515,3.75,2.84,1.272,4.654
0.55,0.131,0.994,0.367,2.908,3.208,1.1,0.262,0.734
0.147,1.248,1.101,2.829,3.058,4.608,0.294,2.496,5.658
1.292,1.181,1.12,0.278,2.038,1.139,2.584,2.362,0.556
1.408,0.703,0.865,3.035,2.581,4.71,2.816,1.406,6.07
0.645,0.422,0.901,2.618,0.012,1.735,1.29,0.844,5.236
1.391,0.365,0.718,1.908,3.786,4.641,2.782,0.73,3.816
0.602,0.15,0.948,4.273,3.062,3.755,1.204,0.3,8.546
0.371,1.475,1.023,4.666,1.295,0.642,0.742,2.95,9.332
1.153,0.788,1.408,3.345,3.632,4.883,2.306,1.576,6.69
0.516,0.75,1.483,4.87,2.633,4.02,1.032,1.5,9.74
0.246,1.206,0.614,4.16,4.505,0.459,0.492,2.412,8.32
1.11,1.11,1.295,4.86,1.928,2.707,2.22,2.22,9.72
1.307,0.849,0.182,1.702,0.613,0.666,2.614,1.698,3.404
0.261,0.613,0.302,1.032,0.358,2.505,0.522,1.226,2.064
1.32,0.753,0.975,1.662,3.114,1.405,2.64,1.506,3.324
0.858,1.299,1.134,2.925,0.378,3.483,1.716,2.598,5.85
1.345,1.138,1.046,4.741,1.186,0.429,2.69,2.276,9.482
0.636,0.119,0.478,2.637,0.877,2.62,1.272,0.238,5.274
0.14,0.542,1.347,0.138,3.42,0.216,0.28,1.084,0.276
0.166,1.069,1.016,1.015,3.036,2.837,0.332,2.138,2.03
1.371,0.722,0.384,1.068,4.74,0.431,2.742,1.444,2.136
1.281,0.991,0.216,4.69,3.616,0.079,2.562,1.982,9.38
0.455,0.111,1.207,2.988,3.473,4.833,0.91,0.222,5.976
1.175,1.163,1.382,1.826,2.177,0.942,2.35,2.326,3.652
0.946,0.229,1.381,3.592,1.593,0.849,1.892,0.458,7.184
1.154,0.789,1.349,3.172,4.122,3.389,2.308,1.578,6.344
1.444,0.305,0.385,0.453,2.448,4.124,2.888,0.61,0.906
0.218,1.327,0.905,0.051,0.058,3.606,0.436,2.654,0.102
0.929,1.067,0.252,2.567,4.864,3.926,1.858,2.134,5.134
0.217,0.95,0.214,4.235,1.516,2.525,0.434,1.9,8.47
0.724,0.197,0.694,4.031,0.971,3.243,1.448,0.394,8.062
0.587,0.304,0.537,0.013,3.98,0.507,1.174,0.608,0.026
0.262,0.954,0.406,2.301,0.54,1.899,0.524,1.908,4.602
0.291,1.395,0.59,2.351,0.418,2.773,0.582,2.79,4.702
0.654,0.38,0.146,2.709,0.108,4.248,1.308,0.76,5.418
0.77,0.73,1.285,1.358,3.96,1.934,1.54,1.46,2.716
0.936,1.026,1.36,2.283,0.458,0.701,1.872,2.052,4.566
0.154,1.394,0.405,3.747,3.905,0.122,0.308,2.788,7.494
1.04,0.896,0.47,0.232,0.306,4.79,2.08,1.792,0.464
1.295,0.849,0.215,3.594,0.255,1.456,2.59,1.698,7.188
1.21,0.348,0.255,0.197,1.576,1.158,2.42,0.696,0.394
1.154,1.166,0.255,4.458,3.357,4.525,2.308,2.332,8.916
0.78,1.352,0.286,0.56,0.355,3.29,1.56,2.704,1.12
0.907,1.446,0.134,0.569,3.666,0.229,1.814,2.892,1.138
1.102,1.291,0.585,3.874,3.942,0.51,2.204,2.582,7.748
0.734,1.418,0.555,2.659,3.61,0.265,1.468,2.836,5.318
0.196,1.397,0.395,0.419,3.564,2.951,0.392,2.794,0.838
0.585,1.386,1.426,1.111,3.532,4.911,1.17,2.772,2.222
1.036,0.544,1.194,4.67,3.255,4.664,2.072,1.088,9.34
0.859,0.555,0.54,2.258,2.165,1.298,1.718,1.11,4.516
0.521,0.203,0.193,1.99,0.938,3.127,1.042,0.406,3.98
0.594,0.156,0.188,2.902,2.284,0.709,1.188,0.312,5.804
0.864,0.318,1.383,2.379,0.721,4.657,1.728,0.636,4.758
1.188,0.936,1.257,3.815,0.759,2.832,2.376,1.872,7.63
0.475,1.308,1.382,2.145,4.431,4.443,0.95,2.616,4.29
1.128,1.255,0.699,4.476,2.554,3.041,2.256,2.51,8.952
0.841,0.312,1.163,3.23,0.404,3.415,1.682,0.624,6.46
0.624,1.381,1.274,3.29,0.959,3.112,1.248,2.762,6.58
0.431,1.122,0.939,1.724,4.143,1.732,0.862,2.244,3.448
0.184,1.461,0.398,2.203,3.146,2.081,0.368,2.922,4.406
0.117,0.436,0.998,2.016,1.208,4.103,0.234,0.872,4.032
0.507,1.466,0.295,4.702,0.214,3.053,1.014,2.932,9.404
1.017,0.626,0.778,0.998,3.906,2.906,2.034,1.252,1.996
0.539,0.699,0.811,1.784,3.542,0.297,1.078,1.398,3.568
1.342,1.262,1.019,4.109,4.057,4.891,2.684,2.524,8.218
0.358,0.809,0.984,0.236,3.076,4.415,0.716,1.618,0.472
1.429,1.473,1.339,3.474,1.556,1.882,2.858,2.946,6.948
1.137,0.485,1.008,1.175,1.276,3.238,2.274,0.97,2.35
0.988,0.293,0.992,0.296,4.927,0.257,1.976,0.586,0.592
0.306,1.077,0.39,0.691,2.007,1.738,0.612,2.154,1.382
0.749,0.673,0.345,2.534,3.542,2.303,1.498,1.346,5.068
0.4,0.23,1.101,1.961,4.944,1.577,0.8,0.46,3.922
0.341,0.604,1.26,2.632,0.837,1.298,0.682,1.208,5.264
0.675,1.261,0.28,4.028,1.572,3.511,1.35,2.522,8.056
0.861,0.244,0.332,2.455,4.245,3.516,1.722,0.488,4.91
0.106,0.496,0.718,3.108,4.12,0.49,0.212,0.992,6.216
0.477,0.664,0.814,4.021,2.001,4.869,0.954,1.328,8.042
1.176,1.408,0.148,1.168,4.661,2.101,2.352,2.816,2.336
1.09,0.857,0.426,3.618,1.858,0.311,2.18,1.714,7.236
0.939,0.958,0.361,2.761,4.29,2.303,1.878,1.916,5.522
0.999,0.504,0.896,4.71,1.148,3.946,1.998,1.008,9.42
1.272,1.128,0.971,0.587,4.803,2.52,2.544,2.256,1.174
0.141,0.257,0.263,3.545,0.16,3.046,0.282,0.514,7.09
0.299,0.479,0.572,0.231,4.698,2.332,0.598,0.958,0.462
0.481,1.141,1.084,3.575,0.163,1.781,0.962,2.282,7.15
1.152,0.856,1.398,0.983,4.294,0.63,2.304,1.712,1.966
0.452,1.011,0.836,0.689,0.743,0.56,0.904,2.022,1.378
0.572,0.918,0.391,1.44,0.976,2.173,1.144,1.836,2.88
0.184,0.607,1.006,3.932,2.486,3.764,0.368,1.214,7.864
0.543,1.385,0.621,3.977,2.611,0.3,1.086,2.77,7.954
1.236,1.03,0.549,0.888,4.342,3.41,2.472,2.06,1.776
0.829,0.248,0.206,3.509,2.516,3.602,1.658,0.496,7.018
1.235,0.15,1.32,3.595,0.398,4.811,2.47,0.3,7.19
1.32,1.35,1.424,3.575,1.139,3.801,2.64,2.7,7.15
0.965,0.178,1.237,4.81,1.843,4.564,1.93,0.356,9.62
1.197,0.499,0.134,4.468,0.957,0.2,2.394,0.998,8.936
0.236,0.6,0.588,0.362,2.88,4.645,0.472,1.2,0.724
1.255,0.875,0.486,1.381,1.345,3.34,2.51,1.75,2.762
0.611,0.868,1.278,1.35,3.814,0.48,1.222,1.736,2.7
0.982,0.744,0.123,0.951,2.373,0.497,1.964,1.488,1.902
0.424,0.458,1.322,0.229,2.477,1.893,0.848,0.916,0.458
0.486,0.268,0.292,3.286,3.575,1.594,0.972,0.536,6.572
0.636,1.062,0.36,1.859,2.512,4.932,1.272,2.124,3.718
0.628,1.154,0.33,0.521,3.968,4.254,1.256,2.308,1.042
1.167,0.525,0.71,1.298,0.693,2.656,2.334,1.05,2.596
0.685,0.457,1.451,3.665,1.599,0.946,1.37,0.914,7.33
1.448,0.464,1.302,0.237,2.965,1.58,2.896,0.928,0.474
0.774,0.301,0.491,4.628,1.807,0.068,1.548,0.602,9.256
0.451,0.859,1.098,3.486,3.356,1.334,0.902,1.718,6.972
0.766,1.151,1.259,0.441,3.625,2.792,1.532,2.302,0.882
0.231,0.153,0.471,2.014,4.402,1.104,0.462,0.306,4.028
0.216,1.011,1.415,3.185,1.245,0.515,0.432,2.022,6.37
0.207,0.154,1.384,1.781,4.802,3.978,0.414,0.308,3.562
0.725,1.207,1.49,1.823,1.857,0.841,1.45,2.414,3.646
0.931,0.596,0.569,4.013,1.579,3.412,1.862,1.192,8.026
0.154,1.005,1.005,1.715,3.269,1.849,0.308,2.01,3.43
0.135,1.399,1.126,1.832,1.847,4.68,0.27,2.798,3.664
1.386,0.286,1.309,0.533,3.969,1.444,2.772,0.572,1.066
0.989,1.204,0.988,0.346,3.774,1.359,1.978,2.408,0.692
0.182,1.493,0.657,2.583,0.092,4.103,0.364,2.986,5.166
0.773,0.596,1.231,3.843,1.656,4.109,1.546,1.192,7.686
1.388,1.209,0.964,0.674,1.934,0.511,2.776,2.418,1.348
1.343,1.465,0.98,4.404,1.617,3.723,2.686,2.93,8.808
0.823,0.234,0.392,1.513,0.731,1.946,1.646,0.468,3.026
1.113,0.862,1.421,4.155,0.626,4.961,2.226,1.724,8.31
0.925,1.463,0.386,3.165,2.659,2.049,1.85,2.926,6.33
0.629,1.489,1.074,4.136,3.965,4.412,1.258,2.978,8.272
1.226,0.208,1.451,0.763,4.447,1.387,2.452,0.416,1.526
1.289,1.444,0.866,3.709,4.302,2.943,2.578,2.888,7.418
1.067,0.531,1.439,2.942,0.14,1.317,2.134,1.062,5.884
0.956,1.196,1.244,1.575,1.09,0.574,1.912,2.392,3.15
0.391,1.129,0.246,1.707,3.613,3.556,0.782,2.258,3.414
1.235,0.483,0.212,3.207,1.349,4.315,2.47,0.966,6.414
0.949,1.288,1.387,3.496,1.258,4.911,1.898,2.576,6.992
1.433,1.058,0.923,3.856,3.229,1.613,2.866,2.116,7.712
0.974,1.298,0.213,1.481,3.042,1.035,1.948,2.596,2.962
1.156,1.003,0.12,2.765,2.631,3.594,2.312,2.006,5.53
1.302,1.016,0.585,3.119,3.884,2.958,2.604,2.032,6.238
0.51,1.121,0.717,4.777,3.123,4.515,1.02,2.242,9.554
0.335,0.561,1.166,0.544,2.411,3.498,0.67,1.122,1.088
1.079,0.617,1.116,4.794,1.2,2.551,2.158,1.234,9.588
1.305,0.582,1.263,3.539,3.373,2.657,2.61,1.164,7.078
0.734,0.468,0.192,1.088,2.074,2.132,1.468,0.936,2.176
0.94,0.191,0.755,4.414,4.558,1.439,1.88,0.382,8.828
1.352,0.773,1.088,3.603,1.933,3.979,2.704,1.546,7.206
0.103,1.395,1.092,0.162,2.234,3.248,0.206,2.79,0.324
0.399,0.939,0.638,1.605,0.768,4.247,0.798,1.878,3.21
0.348,0.359,1.124,1.475,2.717,0.818,0.696,0.718,2.95
0.917,0.967,1.135,2.028,2.437,0.139,1.834,1.934,4.056
1.372,0.948,1.447,1.898,0.15,2.243,2.744,1.896,3.796
1.454,0.137,0.461,2.295,1.683,4.582,2.908,0.274,4.59
0.155,0.898,1.184,1.553,1.755,3.561,0.31,1.796,3.106
0.204,0.147,0.241,3.809,2.685,2.179,0.408,0.294,7.618
1.178,0.103,1.381,2.27,3.239,4.777,2.356,0.206,4.54
0.666,1.18,0.31,0.958,1.475,0.483,1.332,2.36,1.916
0.244,0.567,1.472,2.132,2.448,3.4,0.488,1.134,4.264
0.446,0.982,0.221,2.53,1.388,1.184,0.892,1.964,5.06
0.69,1.481,1.053,2.417,0.908,3.453,1.38,2.962,4.834
0.169,0.98,0.869,3.385,0.414,3.292,0.338,1.96,6.77
0.679,1.015,0.428,3.443,1.264,4.378,1.358,2.03,6.886
1.267,0.639,0.143,1.804,4.774,4.565,2.534,1.278,3.608
0.281,0.867,0.271,2.18,1.796,4.914,0.562,1.734,4.36
1.166,0.669,0.399,3.37,3.145,2.193,2.332,1.338,6.74
0.67,0.846,0.433,0.619,4.868,1.92,1.34,1.692,1.238
1.252,1.09,0.329,4.532,2.581,3.015,2.504,2.18,9.064
1.377,0.512,0.767,3.147,2.936,0.933,2.754,1.024,6.294
1.042,1.068,1.095,3.279,0.397,3.075,2.084,2.136,6.558
1.192,0.344,0.771,0.294,0.508,4.193,2.384,0.688,0.588
0.945,1.083,0.118,2.316,1.828,3.787,1.89,2.166,4.632
0.182,0.52,0.946,2.305,4.422,4.079,0.364,1.04,4.61
1.16,1.351,0.112,1.996,2.506,1.593,2.32,2.702,3.992
0.519,0.93,0.384,1.065,3.139,0.712,1.038,1.86,2.13
1.416,0.913,0.418,0.644,4.816,0.796,2.832,1.826,1.288
0.841,0.248,1.434,4.695,4.266,2.29,1.682,0.496,9.39
1.476,0.558,1.173,0.803,3.048,0.684,2.952,1.116,1.606
0.933,0.798,1.107,4.292,2.455,4.398,1.866,1.596,8.584
0.47,1.156,0.933,2.731,1.939,2.79,0.94,2.312,5.462
0.718,0.779,0.939,4.183,2.647,2.791,1.436,1.558,8.366
0.154,1.457,0.396,2.613,0.101,0.356,0.308,2.914,5.226
0.921,0.826,1.125,4.517,4.854,4.324,1.842,1.652,9.034
1.252,0.437,0.667,1.246,1.258,1.193,2.504,0.874,2.492
1.05,0.258,0.179,0.829,0.541,0.225,2.1,0.516,1.658
1.402,1.074,1.012,2.922,4.478,3.063,2.804,2.148,5.844
1.39,0.447,0.384,0.667,1.905,4.287,2.78,0.894,1.334
0.649,0.79,0.357,1.076,2.452,3.915,1.298,1.58,2.152
0.631,0.463,0.774,2.068,1.923,3.367,1.262,0.926,4.136
0.883,0.325,0.474,3.166,2.607,3.61,1.766,0.65,6.332
0.589,0.165,0.807,2.023,1.079,4.081,1.178,0.33,4.046
0.783,0.297,0.208,0.876,4.323,3.219,1.566,0.594,1.752
1.01,1.322,0.486,1.697,2.78,1.901,2.02,2.644,3.394
1.16,0.546,1.065,3.881,4.116,1.888,2.32,1.092,7.762
1.035,0.838,0.503,1.087,4.018,1.824,2.07,1.676,2.174
1.446,1.298,0.6,4.275,1.27,1.929,2.892,2.596,8.55
0.51,0.552,0.809,2.727,0.738,3.441,1.02,1.104,5.454
0.114,0.426,1.141,1.723,3.913,2.769,0.228,0.852,3.446
0.991,0.227,1.348,0.08,1.87,3.621,1.982,0.454,0.16
0.403,0.835,1.113,2.221,1.277,2.999,0.806,1.67,4.442
1.291,0.189,0.982,1.221,2.608,1.759,2.582,0.378,2.442
0.432,0.831,0.586,1.679,1.906,0.358,0.864,1.662,3.358
1.262,0.183,0.402,4.833,1.604,0.927,2.524,0.366,9.666
0.507,1.471,1.075,4.577,0.287,1.503,1.014,2.942,9.154
1.466,0.495,1.197,0.316,2.357,3.254,2.932,0.99,0.632
1.372,0.391,0.607,0.534,3.57,3.253,2.744,0.782,1.068
1.191,0.44,0.924,3.457,1.843,4.629,2.382,0.88,6.914
1.33,0.119,1.228,2.21,4.583,3.954,2.66,0.238,4.42
0.433,0.653,0.167,3.221,1.612,0.553,0.866,1.306,6.442
1.022,0.434,0.87,3.297,4.094,0.646,2.044,0.868,6.594
0.874,0.191,0.27,4.047,1.554,0.617,1.748,0.382,8.094
0.84,0.775,1.07,3.291,4.183,3.059,1.68,1.55,6.582
1.436,0.497,1.161,0.799,0.106,4.429,2.872,0.994,1.598
0.755,0.237,0.629,4.733,1.874,2.253,1.51,0.474,9.466
0.301,0.367,0.273,2.691,0.321,4.565,0.602,0.734,5.382
1.292,1.095,1.499,1.906,0.95,4.072,2.584,2.19,3.812
0.928,0.391,1.09,1.2,1.704,2.811,1.856,0.782,2.4
0.376,1.438,0.395,1.494,2.103,0.159,0.752,2.876,2.988
0.672,1.147,0.824,4.635,2.235,1.184,1.344,2.294,9.27
1.215,0.637,1.0,0.58,1.911,4.351,2.43,1.274,1.16
1.353,0.806,0.111,3.622,2.198,4.569,2.706,1.612,7.244
0.419,1.104,1.248,3.482,1.891,1.588,0.838,2.208,6.964
1.084,0.931,1.489,4.086,1.0,1.856,2.168,1.862,8.172
0.252,0.483,1.076,2.22,1.53,1.505,0.504,0.966,4.44
0.124,0.605,0.865,1.73,1.953,2.607,0.248,1.21,3.46
0.445,1.147,0.508,2.352,4.852,2.828,0.89,2.294,4.704
0.281,0.679,0.29,4.991,4.162,4.547,0.562,1.358,9.982
0.89,1.104,0.229,3.097,3.664,0.71,1.78,2.208,6.194
0.965,0.398,0.93,1.49,3.26,0.356,1.93,0.796,2.98
0.462,1.0,1.255,0.416,1.129,3.264,0.924,2.0,0.832
0.498,0.145,0.473,1.498,4.99,1.463,0.996,0.29,2.996
0.882,1.039,1.12,3.433,2.626,2.047,1.764,2.078,6.866
1.367,1.373,1.27,3.935,2.134,3.199,2.734,2.746,7.87
0.49,0.24,0.679,4.231,4.224,3.102,0.98,0.48,8.462
0.344,0.185,0.991,3.662,4.262,2.025,0.688,0.37,7.324
0.304,0.946,0.148,0.578,0.816,3.646,0.608,1.892,1.156
0.937,0.421,0.785,1.504,1.657,4.789,1.874,0.842,3.008
0.524,0.893,0.436,3.158,3.544,1.613,1.048,1.786,6.316
1.156,0.778,1.308,1.357,3.168,2.557,2.312,1.556,2.714
1.406,0.978,0.777,4.169,1.724,0.469,2.812,1.956,8.338
1.331,1.111,1.116,4.828,1.3,3.407,2.662,2.222,9.656
0.274,0.59,0.128,1.017,1.728,4.86,0.548,1.18,2.034
0.462,0.265,0.786,0.695,1.896,3.906,0.924,0.53,1.39
0.109,1.476,1.102,4.011,4.237,3.615,0.218,2.952,8.022
1.376,0.701,1.036,0.143,0.053,1.711,2.752,1.402,0.286
0.399,1.444,1.322,3.36,1.888,3.293,0.798,2.888,6.72
0.474,0.486,0.418,1.466,1.425,0.95,0.948,0.972,2.932
1.004,0.828,0.128,4.971,0.043,3.823,2.008,1.656,9.942
0.703,0.154,1.485,0.355,2.637,1.789,1.406,0.308,0.71
1.102,0.437,1.021,0.422,1.445,2.436,2.204,0.874,0.844
1.3,0.591,0.572,1.942,1.075,0.832,2.6,1.182,3.884
0.517,1.396,0.703,0.328,0.155,0.966,1.034,2.792,0.656
1.083,0.81,0.69,2.512,0.998,0.222,2.166,1.62,5.024
0.174,0.685,0.805,2.915,4.506,1.918,0.348,1.37,5.83
1.452,0.665,0.201,3.603,4.035,3.115,2.904,1.33,7.206
1.389,1.445,0.395,4.57,0.671,4.144,2.778,2.89,9.14
0.476,1.43,1.272,0.926,4.306,2.405,0.952,2.86,1.852
1.36,1.102,0.75,4.838,4.446,2.511,2.72,2.204,9.676
0.646,0.931,0.799,2.599,3.035,4.746,1.292,1.862,5.198
0.103,0.823,0.274,1.951,4.351,0.868,0.206,1.646,3.902
0.652,1.397,0.576,0.857,2.93,4.707,1.304,2.794,1.714
0.167,0.748,0.294,0.018,1.372,0.959,0.334,1.496,0.036
0.174,0.154,1.236,0.562,0.748,2.18,0.348,0.308,1.124
0.86,1.233,0.997,3.079,0.087,4.792,1.72,2.466,6.158
0.387,1.461,0.392,1.678,0.59,3.008,0.774,2.922,3.356
0.809,1.113,1.061,0.575,0.137,3.582,1.618,2.226,1.15
0.332,0.367,0.24,0.72,3.223,1.342,0.664,0.734,1.44
0.36,1.008,0.464,3.06,4.265,3.481,0.72,2.016,6.12
1.053,0.623,0.823,4.59,4.609,1.696,2.106,1.246,9.18
1.205,1.27,0.595,4.23,3.788,2.303,2.41,2.54,8.46
1.244,0.528,0.721,3.091,4.203,4.674,2.488,1.056,6.182
1.294,1.316,0.313,2.837,1.186,4.021,2.588,2.632,5.674
0.604,1.463,1.082,2.618,2.727,2.323,1.208,2.926,5.236
1.481,1.111,0.487,2.295,4.372,3.135,2.962,2.222,4.59
1.27,0.48,1.448,1.018,0.599,3.789,2.54,0.96,2.036
1.204,0.218,1.223,0.589,3.544,2.756,2.408,0.436,1.178
1.102,0.966,0.815,4.355,3.979,0.338,2.204,1.932,8.71
0.321,1.404,1.277,3.072,1.711,1.248,0.642,2.808,6.144
0.502,0.36,0.296,2.212,0.804,1.035,1.004,0.72,4.424
0.566,0.266,1.471,0.904,0.576,2.011,1.132,0.532,1.808
1.17,1.192,1.176,1.189,0.061,1.984,2.34,2.384,2.378
0.17,1.165,0.648,2.462,3.66,2.189,0.34,2.33,4.924
1.177,1.333,0.538,2.905,0.985,1.643,2.354,2.666,5.81
0.414,1.212,0.264,1.275,3.153,4.857,0.828,2.424,2.55
1.21,1.092,0.247,1.956,3.578,2.457,2.42,2.184,3.912
0.77,1.413,0.722,1.683,3.478,3.835,1.54,2.826,3.366
1.382,1.205,0.642,2.806,4.773,4.034,2.764,2.41,5.612
1.16,1.193,1.021,1.875,3.382,0.575,2.32,2.386,3.75
0.943,1.254,1.005,4.468,3.578,2.928,1.886,2.508,8.936
0.238,0.175,0.812,2.824,4.178,1.951,0.476,0.35,5.648
0.965,1.31,0.422,1.009,4.376,0.723,1.93,2.62,2.018
1.264,0.442,0.254,3.424,0.875,1.259,2.528,0.884,6.848
0.472,0.542,0.784,4.993,1.362,2.819,0.944,1.084,9.986
1.494,1.008,0.223,0.966,4.595,2.266,2.988,2.016,1.932
0.452,0.222,0.412,3.049,4.768,3.738,0.904,0.444,6.098
0.122,1.246,0.602,2.07,1.912,1.386,0.244,2.492,4.14
1.052,1.284,1.036,3.864,1.987,3.071,2.104,2.568,7.728
1.07,1.018,0.618,0.589,1.985,4.651,2.14,2.036,1.178
0.342,0.798,0.607,4.555,4.779,4.939,0.684,1.596,9.11
1.038,0.221,0.138,4.162,3.527,2.878,2.076,0.442,8.324
0.278,0.134,0.839,0.228,0.929,3.013,0.556,0.268,0.456
0.476,0.821,0.128,2.819,2.229,2.574,0.952,1.642,5.638
0.383,0.943,0.596,2.915,1.392,1.569,0.766,1.886,5.83
1.289,0.698,0.35,0.825,2.862,4.721,2.578,1.396,1.65
1.387,0.841,1.189,4.132,4.004,2.8,2.774,1.682,8.264
0.223,0.885,0.721,0.051,0.899,0.303,0.446,1.77,0.102
0.299,1.322,0.659,3.085,2.564,0.461,0.598,2.644,6.17
0.155,1.172,0.146,3.804,4.887,1.266,0.31,2.344,7.608
0.689,1.118,0.803,0.44,4.963,0.492,1.378,2.236,0.88
0.662,0.684,0.656,2.132,2.86,1.117,1.324,1.368,4.264
0.439,0.574,1.424,4.428,0.092,0.562,0.878,1.148,8.856
0.607,0.772,0.622,4.689,4.063,3.245,1.214,1.544,9.378
0.22,0.475,0.813,1.918,2.519,2.574,0.44,0.95,3.836
0.367,0.68,0.259,2.413,4.952,3.004,0.734,1.36,4.826
0.942,0.878,0.575,2.863,1.2,3.025,1.884,1.756,5.726
1.01,0.471,0.37,1.207,3.917,4.827,2.02,0.942,2.414
0.707,0.691,1.151,2.134,1.934,0.522,1.414,1.382,4.268
1.307,0.513,0.282,1.003,0.677,0.519,2.614,1.026,2.006
0.173,0.724,0.635,1.925,2.259,1.529,0.346,1.448,3.85
0.162,0.581,0.464,2.588,1.99,4.094,0.324,1.162,5.176
0.27,0.593,1.221,2.208,1.044,0.928,0.54,1.186,4.416
0.977,0.582,1.064,0.189,1.943,2.293,1.954,1.164,0.378
0.858,1.34,1.356,1.197,4.592,2.386,1.716,2.68,2.394
1.201,1.174,0.993,0.219,4.755,1.221,2.402,2.348,0.438
1.034,0.72,0.868,0.939,3.0,4.884,2.068,1.44,1.878
1.428,0.766,1.424,2.93,1.543,3.127,2.856,1.532,5.86
1.18,0.149,1.499,4.903,4.945,4.627,2.36,0.298,9.806
0.208,0.414,0.177,2.898,3.202,4.337,0.416,0.828,5.796
0.505,0.723,0.352,4.588,4.271,3.944,1.01,1.446,9.176
1.303,1.034,1.159,2.173,1.569,2.557,2.606,2.068,4.346
0.815,1.009,0.542,2.221,0.847,3.606,1.63,2.018,4.442
0.739,1.078,0.913,2.2,0.694,3.974,1.478,2.156,4.4
1.163,0.777,1.267,1.082,0.517,4.096,2.326,1.554,2.164
1.344,0.901,1.36,3.007,2.658,0.018,2.688,1.802,6.014
1.447,0.608,1.141,2.688,3.693,1.293,2.894,1.216,5.376
0.13,1.301,0.821,4.602,1.293,1.803,0.26,2.602,9.204
0.467,0.639,0.904,3.581,2.942,3.567,0.934,1.278,7.162
0.635,1.046,1.444,1.629,4.256,3.24,1.27,2.092,3.258
0.777,0.721,1.022,0.966,4.2,3.301,1.554,1.442,1.932
0.193,1.45,0.667,3.794,1.497,3.647,0.386,2.9,7.588
1.027,1.332,1.468,2.159,3.721,0.506,2.054,2.664,4.318
0.174,1.224,0.51,4.79,4.559,2.413,0.348,2.448,9.58
0.947,0.83,0.801,3.519,1.842,3.349,1.894,1.66,7.038
1.237,0.441,1.094,0.149,2.999,2.498,2.474,0.882,0.298
1.332,0.83,1.068,1.656,4.988,2.107,2.664,1.66,3.312
1.264,1.436,1.079,3.155,2.729,3.826,2.528,2.872,6.31
1.359,0.994,1.117,4.007,0.75,3.135,2.718,1.988,8.014
0.184,0.261,1.028,0.975,1.759,4.258,0.368,0.522,1.95
1.296,1.076,0.367,3.788,4.898,3.486,2.592,2.152,7.576
0.251,0.915,1.033,1.763,1.576,0.328,0.502,1.83,3.526
0.502,0.475,1.145,3.724,3.864,0.293,1.004,0.95,7.448
1.436,0.785,0.115,2.416,0.956,4.382,2.872,1.57,4.832
0.113,0.618,0.763,1.501,0.866,3.989,0.226,1.236,3.002
1.352,1.483,1.41,2.772,4.421,1.541,2.704,2.966,5.544
1.229,1.197,0.736,2.749,2.794,4.002,2.458,2.394,5.498
0.95,0.546,1.209,4.684,3.366,1.066,1.9,1.092,9.368
0.23,0.151,0.429,3.924,1.751,3.013,0.46,0.302,7.848
1.329,1.028,0.519,4.802,3.441,4.45,2.658,2.056,9.604
0.345,0.23,0.438,1.133,3.306,1.243,0.69,0.46,2.266
1.465,1.348,0.153,1.067,4.78,1.979,2.93,2.696,2.134
0.377,0.455,0.609,2.522,3.051,3.374,0.754,0.91,5.044
0.294,0.515,1.472,1.598,2.69,3.624,0.588,1.03,3.196
1.126,1.387,1.484,1.421,3.76,3.571,2.252,2.774,2.842
1.172,0.812,0.759,1.384,1.503,0.075,2.344,1.624,2.768
0.883,0.922,0.618,1.68,0.165,0.891,1.766,1.844,3.36
1.354,1.335,1.242,4.734,4.58,2.938,2.708,2.67,9.468
1.399,1.301,1.102,2.09,4.52,1.756,2.798,2.602,4.18
0.564,1.442,1.026,4.871,3.774,0.673,1.128,2.884,9.742
0.292,0.611,0.492,4.402,0.682,0.743,0.584,1.222,8.804
0.487,0.592,0.283,1.744,4.58,3.102,0.974,1.184,3.488
1.451,1.14,1.357,1.889,4.969,1.617,2.902,2.28,3.778
0.147,0.404,1.005,4.83,2.268,1.699,0.294,0.808,9.66
0.843,1.056,1.025,3.709,3.241,3.883,1.686,2.112,7.418
1.348,0.656,0.146,3.033,1.057,0.395,2.696,1.312,6.066
0.175,1.286,0.931,1.075,0.235,1.012,0.35,2.572,2.15
1.461,0.826,0.256,0.441,0.585,3.554,2.922,1.652,0.882
1.245,0.984,1.065,2.158,4.839,3.442,2.49,1.968,4.316
1.367,0.419,0.973,0.322,4.506,2.835,2.734,0.838,0.644
0.907,1.096,0.615,4.209,3.843,3.767,1.814,2.192,8.418
0.114,1.01,1.273,2.99,3.547,4.18,0.228,2.02,5.98
1.044,1.094,0.309,0.068,0.082,0.192,2.088,2.188,0.136
0.995,0.627,0.188,4.266,1.991,2.926,1.99,1.254,8.532
1.002,0.611,0.493,3.534,2.69,2.732,2.004,1.222,7.068
1.144,0.406,1.178,2.815,4.53,1.426,2.288,0.812,5.63
0.271,0.291,1.06,0.982,3.319,0.772,0.542,0.582,1.964
0.396,1.402,0.423,3.511,0.536,3.156,0.792,2.804,7.022
0.515,1.46,0.171,2.893,4.699,1.086,1.03,2.92,5.786
1.142,0.719,1.296,2.623,1.256,0.853,2.284,1.438,5.246
0.409,0.48,0.383,3.465,4.405,1.337,0.818,0.96,6.93
1.008,1.022,0.578,1.893,0.196,1.551,2.016,2.044,3.786
1.378,1.175,1.228,1.33,4.801,1.304,2.756,2.35,2.66
0.655,1.176,1.229,0.699,1.384,1.921,1.31,2.352,1.398
0.54,0.702,0.698,3.553,2.592,1.345,1.08,1.404,7.106
1.399,0.964,1.406,4.701,0.182,0.365,2.798,1.928,9.402
0.764,0.52,0.298,1.781,4.759,2.878,1.528,1.04,3.562
0.471,1.304,0.954,0.954,2.786,2.088,0.942,2.608,1.908
1.119,0.308,1.235,0.865,2.221,4.082,2.238,0.616,1.73
1.337,1.467,1.081,1.066,4.936,0.731,2.674,2.934,2.132
0.574,0.951,0.756,4.969,1.248,4.407,1.148,1.902,9.938
0.489,0.189,0.548,0.458,3.229,0.457,0.978,0.378,0.916
1.39,0.208,1.078,4.699,2.706,1.175,2.78,0.416,9.398
0.174,1.48,1.23,0.288,3.832,3.811,0.348,2.96,0.576
1.139,0.883,1.252,4.283,3.853,1.105,2.278,1.766,8.566
0.121,0.912,0.257,2.523,4.301,3.73,0.242,1.824,5.046
0.743,0.709,0.184,1.814,0.547,2.768,1.486,1.418,3.628
0.815,0.827,1.039,1.559,0.437,2.168,1.63,1.654,3.118
0.359,0.426,0.123,2.149,0.072,3.074,0.718,0.852,4.298
1.444,0.826,0.679,1.197,0.41,0.292,2.888,1.652,2.394
1.473,1.391,0.333,1.128,0.97,1.429,2.946,2.782,2.256
0.889,1.026,0.566,4.21,1.875,2.483,1.778,2.052,8.42
0.688,0.521,1.048,0.24,3.046,0.002,1.376,1.042,0.48
1.335,0.132,1.168,1.364,3.485,3.007,2.67,0.264,2.728
0.194,1.356,1.047,4.778,2.639,4.601,0.388,2.712,9.556
1.081,0.677,1.015,3.956,2.041,1.554,2.162,1.354,7.912
0.439,0.811,1.017,1.258,0.829,1.425,0.878,1.622,2.516
0.865,1.282,0.564,2.26,2.902,3.471,1.73,2.564,4.52
0.515,1.466,0.463,1.015,2.398,0.925,1.03,2.932,2.03
1.439,0.935,0.457,2.513,3.428,0.914,2.878,1.87,5.026
0.624,0.98,0.57,2.917,2.692,2.691,1.248,1.96,5.834
0.889,1.079,0.768,1.787,2.801,2.463,1.778,2.158,3.574
1.221,1.429,1.057,3.387,1.9,4.497,2.442,2.858,6.774
0.936,0.383,1.417,3.048,1.358,2.232,1.872,0.766,6.096
1.189,1.448,1.188,1.164,0.619,4.131,2.378,2.896,2.328
0.25,0.526,1.488,3.391,1.161,2.398,0.5,1.052,6.782
0.805,1.185,0.479,4.05,0.359,3.692,1.61,2.37,8.1
0.45,0.568,1.161,0.843,1.598,4.83,0.9,1.136,1.686
1.089,0.865,1.291,4.828,3.356,3.04,2.178,1.73,9.656
0.326,0.786,1.401,0.049,0.711,1.712,0.652,1.572,0.098
0.558,1.025,0.929,4.054,3.362,1.841,1.116,2.05,8.108
1.122,0.832,0.34,3.845,2.087,2.36,2.244,1.664,7.69
0.266,0.412,0.687,1.186,2.382,0.751,0.532,0.824,2.372
1.294,0.267,1.47,1.839,4.883,3.96,2.588,0.534,3.678
1.312,0.382,0.393,0.044,2.723,2.783,2.624,0.764,0.088
0.352,0.27,1.24,0.046,1.861,3.105,0.704,0.54,0.092
1.376,1.186,1.493,1.69,0.019,2.146,2.752,2.372,3.38
0.738,0.825,0.151,3.857,1.388,3.218,1.476,1.65,7.714
0.431,1.344,0.538,3.144,0.229,1.815,0.862,2.688,6.288
1.066,0.677,1.265,0.034,2.988,1.193,2.132,1.354,0.068
0.499,0.785,1.035,3.844,2.908,1.968,0.998,1.57,7.688
0.285,1.125,1.398,1.55,1.091,0.978,0.57,2.25,3.1
1.476,0.193,0.603,0.602,1.52,2.572,2.952,0.386,1.204
0.735,0.193,1.189,3.177,4.438,0.924,1.47,0.386,6.354
1.257,1.001,0.422,2.888,3.808,1.606,2.514,2.002,5.776
0.362,0.738,1.344,0.327,0.138,3.943,0.724,1.476,0.654
0.126,0.238,0.45,2.886,4.873,0.329,0.252,0.476,5.772
0.982,0.81,0.746,4.232,4.276,0.306,1.964,1.62,8.464
0.844,0.974,1.209,0.108,1.644,0.927,1.688,1.948,0.216
0.222,1.042,0.658,1.12,1.659,4.904,0.444,2.084,2.24
1.072,0.277,0.625,4.438,2.45,3.288,2.144,0.554,8.876
1.308,1.472,1.119,1.726,3.539,4.186,2.616,2.944,3.452
1.282,1.305,0.124,4.304,2.049,2.391,2.564,2.61,8.608
1.177,0.852,0.102,0.788,1.709,3.293,2.354,1.704,1.576
1.024,1.083,0.978,1.428,4.509,0.655,2.048,2.166,2.856
0.49,1.298,0.419,3.741,4.373,4.873,0.98,2.596,7.482
1.35,0.957,0.981,2.597,0.247,0.139,2.7,1.914,5.194
0.106,0.565,0.183,0.73,3.566,2.228,0.212,1.13,1.46
0.888,1.249,0.718,0.019,3.523,3.942,1.776,2.498,0.038
0.405,1.17,1.141,1.265,1.786,3.486,0.81,2.34,2.53
1.157,1.155,0.127,2.269,4.463,3.657,2.314,2.31,4.538
0.543,0.194,1.362,0.649,1.606,1.299,1.086,0.388,1.298
0.125,0.37,1.312,0.406,0.35,3.345,0.25,0.74,0.812
0.199,0.347,0.921,1.619,4.715,1.941,0.398,0.694,3.238
1.243,0.567,1.048,0.961,0.009,0.802,2.486,1.134,1.922
0.187,0.668,1.383,2.856,4.519,1.054,0.374,1.336,5.712
0.912,0.624,0.739,1.261,1.36,0.384,1.824,1.248,2.522
1.171,1.3,1.424,2.448,3.633,3.544,2.342,2.6,4.896
0.729,0.674,0.209,2.062,0.136,0.962,1.458,1.348,4.124
0.797,0.563,0.406,4.222,1.152,0.55,1.594,1.126,8.444
0.914,0.924,1.399,2.308,4.917,1.507,1.828,1.848,4.616
0.155,1.096,0.649,1.424,4.814,1.071,0.31,2.192,2.848
0.256,1.166,0.127,2.889,0.197,4.615,0.512,2.332,5.778
1.123,0.525,0.116,2.28,1.328,0.162,2.246,1.05,4.56
0.214,0.657,1.4,0.485,0.736,4.407,0.428,1.314,0.97
0.877,0.866,0.58,3.793,2.321,4.549,1.754,1.732,7.586
0.618,1.081,0.5,0.41,0.705,2.769,1.236,2.162,0.82
1.299,1.342,0.191,0.572,3.875,4.423,2.598,2.684,1.144
0.634,1.403,0.293,4.228,3.755,0.568,1.268,2.806,8.456
0.923,0.955,0.598,2.639,0.118,2.314,1.846,1.91,5.278
1.119,0.78,0.715,4.753,4.391,1.621,2.238,1.56,9.506
1.25,0.549,1.164,2.34,4.461,3.197,2.5,1.098,4.68
0.938,0.956,1.366,1.106,2.516,2.92,1.876,1.912,2.212
1.202,1.175,1.233,3.243,4.7,4.073,2.404,2.35,6.486
1.09,1.201,0.7,3.838,1.572,1.199,2.18,2.402,7.676
1.127,1.329,0.164,4.926,1.422,1.602,2.254,2.658,9.852
0.943,1.264,0.461,0.995,0.64,1.638,1.886,2.528,1.99
0.198,1.007,0.735,4.346,4.08,4.577,0.396,2.014,8.692
0.284,0.844,0.771,4.104,0.25,1.614,0.568,1.688,8.208
0.721,0.748,0.375,2.699,4.545,1.258,1.442,1.496,5.398
0.812,0.677,1.214,0.544,4.349,3.659,1.624,1.354,1.088
0.984,1.34,0.276,0.017,0.524,2.164,1.968,2.68,0.034
0.89,0.431,0.935,3.684,2.037,4.014,1.78,0.862,7.368
1.321,0.614,0.95,0.233,0.043,1.379,2.642,1.228,0.466
1.365,1.46,0.547,2.013,1.019,2.275,2.73,2.92,4.026
1.334,1.052,0.848,3.0,0.822,0.403,2.668,2.104,6.0
1.008,1.486,1.431,3.744,2.842,2.483,2.016,2.972,7.488
1.132,0.132,0.988,3.862,4.717,1.306,2.264,0.264,7.724
0.504,0.802,1.23,3.544,1.951,1.824,1.008,1.604,7.088
0.199,0.353,0.16,4.552,3.704,2.963,0.398,0.706,9.104
0.212,0.803,0.857,4.201,4.39,1.207,0.424,1.606,8.402
0.73,0.905,0.991,3.867,3.709,4.617,1.46,1.81,7.734
1.072,0.486,1.033,2.524,3.536,1.469,2.144,0.972,5.048
0.365,1.185,1.494,1.535,3.546,0.156,0.73,2.37,3.07
0.514,0.748,0.792,0.967,2.006,0.792,1.028,1.496,1.934
0.478,1.196,0.15,2.85,0.449,2.162,0.956,2.392,5.7
0.316,1.13,0.578,4.472,1.25,3.427,0.632,2.26,8.944
0.829,0.897,0.597,1.054,4.339,4.71,1.658,1.794,2.108
0.598,0.904,0.766,2.876,2.54,1.158,1.196,1.808,5.752
0.736,0.14,0.372,2.583,2.303,0.974,1.472,0.28,5.166
0.794,0.389,1.357,2.67,2.318,4.799,1.588,0.778,5.34
0.778,1.403,0.843,4.904,4.397,2.435,1.556,2.806,9.808
1.37,0.772,0.674,1.311,1.062,3.445,2.74,1.544,2.622
0.474,1.148,0.461,4.414,0.86,4.372,0.948,2.296,8.828
0.681,1.249,1.463,2.687,2.969,4.132,1.362,2.498,5.374
0.315,0.681,1.015,4.015,3.726,3.417,0.63,1.362,8.03
0.723,0.317,0.817,3.543,0.294,3.831,1.446,0.634,7.086
0.679,0.72,1.025,0.055,1.379,1.916,1.358,1.44,0.11
0.981,0.211,1.191,2.907,1.907,3.737,1.962,0.422,5.814
1.261,0.912,0.385,2.646,2.247,2.423,2.522,1.824,5.292
0.195,0.477,0.766,4.629,0.339,1.403,0.39,0.954,9.258
1.459,1.044,1.1,4.662,4.318,2.86,2.918,2.088,9.324
0.532,0.176,1.199,4.003,0.817,1.282,1.064,0.352,8.006
0.451,0.538,0.907,4.682,1.601,4.52,0.902,1.076,9.364
0.642,0.998,1.312,3.863,3.36,4.992,1.284,1.996,7.726
0.526,1.278,0.101,2.627,1.221,0.893,1.052,2.556,5.254
0.982,1.364,0.248,3.766,4.794,1.802,1.964,2.728,7.532
1.464,1.347,0.72,3.086,3.19,2.222,2.928,2.694,6.172
0.121,1.294,0.441,3.984,0.281,1.19,0.242,2.588,7.968
1.279,0.153,0.188,0.731,0.323,1.691,2.558,0.306,1.462
0.543,0.128,0.262,1.569,1.446,1.559,1.086,0.256,3.138
1.117,0.645,0.501,2.453,1.341,2.36,2.234,1.29,4.906
0.101,1.2,0.739,4.611,2.386,2.028,0.202,2.4,9.222
1.253,1.072,1.309,3.891,3.869,3.394,2.506,2.144,7.782
0.982,0.588,0.729,1.419,3.965,3.943,1.964,1.176,2.838
0.631,0.427,1.177,1.539,0.806,2.528,1.262,0.854,3.078
0.304,0.648,0.818,3.33,2.182,4.617,0.608,1.296,6.66
0.533,0.632,0.812,2.009,0.488,0.802,1.066,1.264,4.018
1.303,0.492,1.038,4.467,0.156,2.186,2.606,0.984,8.934
0.729,0.667,0.903,3.231,3.441,0.633,1.458,1.334,6.462
1.475,0.166,1.352,4.971,0.141,0.62,2.95,0.332,9.942
1.491,1.187,0.999,1.634,1.634,4.52,2.982,2.374,3.268
1.292,0.398,0.685,1.268,1.469,2.453,2.584,0.796,2.536
1.358,0.24,1.39,2.774,3.268,0.41,2.716,0.48,5.548
1.06,0.385,1.232,2.773,4.254,1.924,2.12,0.77,5.546
0.802,1.407,1.425,0.055,2.396,4.427,1.604,2.814,0.11
0.259,1.26,1.365,1.828,0.79,2.91,0.518,2.52,3.656
0.336,0.939,0.17,4.806,2.646,1.313,0.672,1.878,9.612
0.514,0.791,0.4,4.467,2.354,3.383,1.028,1.582,8.934
0.816,0.376,0.34,1.668,0.726,2.831,1.632,0.752,3.336
1.3,1.034,1.044,0.433,0.958,4.724,2.6,2.068,0.866
1.16,0.284,0.54,1.641,1.971,0.895,2.32,0.568,3.282
0.522,1.182,0.509,2.824,0.295,4.599,1.044,2.364,5.648
0.174,0.909,0.392,4.445,0.003,2.882,0.348,1.818,8.89
0.862,1.375,0.649,0.205,1.062,0.56,1.724,2.75,0.41
0.449,0.682,1.479,0.394,3.486,2.363,0.898,1.364,0.788
1.29,0.426,0.831,4.363,2.794,1.961,2.58,0.852,8.726
0.372,0.292,0.257,3.659,3.976,0.336,0.744,0.584,7.318
1.244,1.214,1.116,2.046,2.419,1.632,2.488,2.428,4.092
0.421,0.444,1.038,2.1,2.614,1.707,0.842,0.888,4.2
0.975,1.217,0.933,3.46,4.159,0.074,1.95,2.434,6.92
0.249,0.119,0.574,1.962,0.314,4.254,0.498,0.238,3.924
0.366,0.392,0.616,0.548,1.915,4.97,0.732,0.784,1.096
1.061,1.159,0.575,3.645,0.055,4.466,2.122,2.318,7.29
0.686,1.115,0.906,0.177,1.781,4.292,1.372,2.23,0.354
1.49,0.948,1.052,1.335,0.943,2.451,2.98,1.896,2.67
0.389,0.351,1.101,4.185,1.053,4.41,0.778,0.702,8.37
0.636,0.249,0.572,3.755,2.945,4.885,1.272,0.498,7.51
1.469,0.97,1.18,3.435,4.312,3.178,2.938,1.94,6.87
0.564,1.442,0.234,0.516,3.856,2.713,1.128,2.884,1.032
0.256,0.757,0.226,3.469,3.621,1.36,0.512,1.514,6.938
1.087,0.273,1.292,2.933,4.328,4.913,2.174,0.546,5.866
1.303,0.499,1.374,0.22,1.334,4.007,2.606,0.998,0.44
0.572,1.032,0.394,0.429,3.128,3.832,1.144,2.064,0.858
0.819,0.251,0.967,3.689,3.043,4.437,1.638,0.502,7.378
0.763,0.998,0.788,1.037,2.799,3.33,1.526,1.996,2.074
0.814,0.301,0.401,0.971,0.972,1.345,1.628,0.602,1.942
0.867,0.679,1.195,2.342,2.097,1.889,1.734,1.358,4.684
0.778,0.975,0.388,4.214,4.071,4.795,1.556,1.95,8.428
0.945,0.399,1.354,2.443,1.373,2.234,1.89,0.798,4.886
0.208,0.18,0.51,2.016,0.002,4.962,0.416,0.36,4.032
1.443,0.613,0.625,2.13,1.13,3.269,2.886,1.226,4.26
0.362,0.8,0.655,0.082,1.109,3.735,0.724,1.6,0.164
0.937,0.29,0.773,0.419,1.192,4.125,1.874,0.58,0.838
1.091,0.686,0.215,3.981,4.312,2.303,2.182,1.372,7.962
1.208,0.534,1.31,0.268,4.87,2.46,2.416,1.068,0.536
1.31,1.177,1.188,1.194,0.784,2.119,2.62,2.354,2.388
1.199,1.341,1.432,4.766,2.912,4.919,2.398,2.682,9.532
1.449,1.128,0.572,3.986,0.106,2.292,2.898,2.256,7.972
0.433,0.64,0.897,1.297,1.278,2.624,0.866,1.28,2.594
0.866,0.506,1.342,4.487,1.194,3.714,1.732,1.012,8.974
1.476,0.431,1.409,1.479,3.041,0.158,2.952,0.862,2.958
1.416,1.45,0.16,4.957,2.32,4.119,2.832,2.9,9.914
0.542,0.445,1.034,1.678,3.731,2.487,1.084,0.89,3.356
1.262,0.671,0.237,2.781,0.629,1.885,2.524,1.342,5.562
1.099,0.846,0.717,4.639,2.288,2.6,2.198,1.692,9.278
0.878,1.371,0.63,1.235,3.063,4.881,1.756,2.742,2.47
1.009,0.328,0.556,1.764,0.028,4.164,2.018,0.656,3.528
1.113,1.384,1.235,1.892,2.343,1.913,2.226,2.768,3.784
0.391,1.493,0.953,0.808,3.763,4.636,0.782,2.986,1.616
1.354,1.191,1.073,1.168,4.741,2.246,2.708,2.382,2.336
0.697,1.342,1.189,4.766,2.865,0.506,1.394,2.684,9.532
0.774,1.452,0.372,2.216,4.199,0.94,1.548,2.904,4.432
1.428,0.225,0.948,0.409,2.508,0.908,2.856,0.45,0.818
1.494,1.448,0.114,0.979,3.847,2.224,2.988,2.896,1.958
0.782,1.179,0.11,1.775,2.356,0.78,1.564,2.358,3.55
1.195,1.053,0.642,4.425,0.388,4.807,2.39,2.106,8.85
0.508,0.178,1.09,1.971,0.865,3.082,1.016,0.356,3.942
0.245,1.45,0.229,4.442,4.241,2.818,0.49,2.9,8.884
0.628,0.597,0.406,1.661,3.585,0.931,1.256,1.194,3.322
1.443,0.333,0.721,0.58,2.473,3.91,2.886,0.666,1.16
0.564,0.909,0.273,3.117,2.234,2.572,1.128,1.818,6.234
1.468,1.185,1.432,3.36,3.013,1.684,2.936,2.37,6.72
0.66,0.599,0.113,3.267,2.822,3.955,1.32,1.198,6.534
0.555,0.536,0.458,1.633,4.595,0.978,1.11,1.072,3.266
0.268,1.325,1.008,1.861,3.066,2.11,0.536,2.65,3.722
1.094,0.851,0.642,0.692,0.713,1.279,2.188,1.702,1.384
1.309,1.484,0.128,1.418,3.726,2.745,2.618,2.968,2.836
0.224,1.277,0.566,0.081,0.271,0.539,0.448,2.554,0.162
0.608,0.512,1.077,2.765,1.144,4.31,1.216,1.024,5.53
0.27,1.136,0.11,2.297,0.573,3.904,0.54,2.272,4.594
1.42,0.343,0.522,0.763,2.802,0.457,2.84,0.686,1.526
1.115,1.479,0.484,2.677,2.248,3.74,2.23,2.958,5.354
0.643,0.189,0.773,0.063,3.583,1.706,1.286,0.378,0.126
0.129,1.167,0.181,3.097,4.713,0.885,0.258,2.334,6.194
0.837,1.433,1.371,2.447,3.962,0.255,1.674,2.866,4.894
1.295,1.47,1.292,1.482,1.551,4.55,2.59,2.94,2.964
0.655,1.059,1.158,0.261,0.699,3.6,1.31,2.118,0.522
0.423,1.138,0.563,0.954,4.66,3.057,0.846,2.276,1.908
1.237,1.14,0.702,4.193,1.345,0.159,2.474,2.28,8.386
0.999,0.47,0.627,1.78,3.656,0.952,1.998,0.94,3.56
0.776,0.972,0.629,0.994,2.688,4.23,1.552,1.944,1.988
0.581,0.584,0.449,0.279,4.058,4.19,1.162,1.168,0.558
0.601,0.292,0.524,1.42,2.534,3.983,1.202,0.584,2.84
0.952,0.289,1.019,0.6,3.566,0.422,1.904,0.578,1.2
0.944,1.179,1.08,4.475,4.688,2.101,1.888,2.358,8.95
0.11,0.379,0.25,1.673,0.978,4.37,0.22,0.758,3.346
0.61,1.186,0.188,0.229,2.465,3.173,1.22,2.372,0.458
1.114,0.233,0.472,0.153,1.626,0.121,2.228,0.466,0.306
0.673,0.436,0.694,1.18,3.746,0.211,1.346,0.872,2.36
0.999,0.867,0.309,3.45,4.893,3.946,1.998,1.734,6.9
0.647,1.342,1.38,4.953,2.316,2.101,1.294,2.684,9.906
0.659,0.151,0.874,4.171,1.478,0.01,1.318,0.302,8.342
0.479,1.185,1.469,4.634,2.739,0.873,0.958,2.37,9.268
0.572,1.074,1.174,1.262,3.418,2.756,1.144,2.148,2.524
1.364,0.545,1.357,3.413,0.191,0.554,2.728,1.09,6.826
0.754,0.215,0.996,3.444,2.634,3.673,1.508,0.43,6.888
1.167,0.4,0.863,3.535,3.917,1.014,2.334,0.8,7.07
1.416,1.146,1.237,4.667,0.405,0.872,2.832,2.292,9.334
0.571,0.265,1.205,0.276,1.544,2.629,1.142,0.53,0.552
0.479,1.311,0.598,2.395,2.134,3.525,0.958,2.622,4.79
0.895,0.245,1.192,0.803,2.993,0.19,1.79,0.49,1.606
1.335,0.489,1.384,1.869,0.218,1.766,2.67,0.978,3.738
1.263,0.882,1.411,4.873,4.364,1.404,2.526,1.764,9.746
0.783,0.752,1.361,1.504,3.139,0.252,1.566,1.504,3.008
0.119,0.11,0.739,2.138,3.833,4.479,0.238,0.22,4.276
0.504,0.816,1.059,4.964,4.506,0.013,1.008,1.632,9.928
1.408,1.344,1.326,0.861,4.475,3.788,2.816,2.688,1.722
1.018,1.172,0.184,2.624,2.587,4.699,2.036,2.344,5.248
0.905,0.782,0.349,3.335,1.1,4.69,1.81,1.564,6.67
1.0,0.145,0.882,4.542,2.133,0.156,2.0,0.29,9.084
0.233,0.452,0.159,1.594,1.554,2.745,0.466,0.904,3.188
1.432,0.474,0.231,0.538,0.976,1.112,2.864,0.948,1.076
0.231,1.002,0.844,1.787,2.183,0.288,0.462,2.004,3.574
0.755,0.892,0.268,0.976,2.182,4.384,1.51,1.784,1.952
0.732,0.156,0.294,0.905,1.209,4.73,1.464,0.312,1.81
0.55,0.829,1.486,2.861,1.508,2.639,1.1,1.658,5.722
0.162,0.555,0.837,3.931,4.481,4.045,0.324,1.11,7.862
0.67,1.24,0.928,2.225,0.766,4.85,1.34,2.48,4.45
0.951,1.276,0.498,4.786,4.532,0.403,1.902,2.552,9.572
0.737,1.091,0.102,4.503,4.631,1.155,1.474,2.182,9.006
0.174,0.448,0.542,4.115,1.459,0.673,0.348,0.896,8.23
1.477,0.375,0.996,2.602,3.553,4.316,2.954,0.75,5.204
0.971,0.115,1.073,1.74,0.407,1.814,1.942,0.23,3.48
0.785,0.816,1.192,4.498,1.572,4.113,1.57,1.632,8.996
0.906,0.305,1.131,4.27,2.652,4.607,1.812,0.61,8.54
1.071,0.31,0.541,3.501,4.201,2.136,2.142,0.62,7.002
0.43,0.938,0.406,4.882,1.497,2.326,0.86,1.876,9.764
0.563,0.515,1.383,2.842,1.876,2.244,1.126,1.03,5.684
0.487,1.229,0.687,0.344,3.049,2.012,0.974,2.458,0.688
1.111,1.429,1.242,4.47,1.385,3.574,2.222,2.858,8.94
1.219,0.766,0.137,4.308,1.406,4.151,2.438,1.532,8.616
1.303,0.154,1.362,4.172,3.447,0.193,2.606,0.308,8.344
0.184,1.156,1.459,1.669,1.855,2.48,0.368,2.312,3.338
0.77,0.899,1.163,4.079,3.762,2.309,1.54,1.798,8.158
0.609,1.04,1.292,0.743,3.891,1.442,1.218,2.08,1.486
0.9,0.217,0.117,4.237,0.672,2.709,1.8,0.434,8.474
1.225,1.172,1.478,4.655,1.438,3.762,2.45,2.344,9.31
0.788,0.228,0.42,4.544,1.964,3.92,1.576,0.456,9.088
1.461,0.269,1.37,3.842,0.766,3.685,2.922,0.538,7.684
0.615,1.034,0.247,2.362,3.794,0.754,1.23,2.068,4.724
0.23,1.138,1.428,2.946,2.732,2.404,0.46,2.276,5.892
0.471,0.773,1.449,1.468,2.995,3.708,0.942,1.546,2.936
0.408,0.126,0.189,4.466,1.399,0.115,0.816,0.252,8.932
0.969,0.763,1.167,4.393,0.566,0.766,1.938,1.526,8.786
0.528,0.801,0.561,4.964,0.444,4.204,1.056,1.602,9.928
1.063,1.077,0.207,0.894,1.067,3.417,2.126,2.154,1.788
0.913,0.579,0.498,1.988,1.71,3.642,1.826,1.158,3.976
0.171,0.537,0.736,3.554,3.177,1.684,0.342,1.074,7.108
0.724,0.884,0.878,0.079,4.595,3.624,1.448,1.768,0.158
0.987,0.604,1.129,0.934,3.69,3.536,1.974,1.208,1.868
1.067,0.814,0.875,3.934,2.692,0.063,2.134,1.628,7.868
1.096,0.242,1.157,4.995,4.095,3.628,2.192,0.484,9.99
1.132,1.05,0.898,2.102,3.452,3.531,2.264,2.1,4.204
1.31,1.405,0.852,1.349,2.257,1.629,2.62,2.81,2.698
0.518,1.447,0.496,1.27,0.015,1.282,1.036,2.894,2.54
0.983,0.668,1.439,1.03,1.201,1.578,1.966,1.336,2.06
0.638,0.567,0.892,3.284,2.478,3.019,1.276,1.134,6.568
0.615,1.309,1.359,0.729,3.321,3.008,1.23,2.618,1.458
1.158,1.32,0.954,3.357,3.937,1.718,2.316,2.64,6.714
0.583,1.217,1.139,2.041,1.909,3.425,1.166,2.434,4.082
1.205,1.013,0.998,3.291,0.204,1.549,2.41,2.026,6.582
1.142,0.991,0.77,2.645,0.526,3.502,2.284,1.982,5.29
0.403,0.925,1.221,4.339,3.89,4.209,0.806,1.85,8.678
0.366,1.431,1.134,0.612,2.768,4.846,0.732,2.862,1.224
0.53,0.544,0.136,1.332,1.321,2.845,1.06,1.088,2.664
0.879,0.312,0.624,0.192,2.985,0.275,1.758,0.624,0.384
1.08,1.147,0.283,0.397,4.708,1.055,2.16,2.294,0.794
1.003,1.414,0.553,2.749,0.97,3.334,2.006,2.828,5.498
0.194,0.24,0.884,4.087,2.092,4.74,0.388,0.48,8.174
0.61,1.435,1.153,0.106,2.696,4.937,1.22,2.87,0.212
1.439,0.316,1.418,1.461,1.917,0.19,2.878,0.632,2.922
1.423,1.065,1.414,2.592,4.503,2.016,2.846,2.13,5.184
0.834,0.856,0.13,3.049,2.366,1.599,1.668,1.712,6.098
1.202,0.434,1.426,3.41,2.143,2.917,2.404,0.868,6.82
0.306,1.096,0.746,3.269,3.025,4.343,0.612,2.192,6.538
0.807,0.406,0.171,1.591,4.186,1.582,1.614,0.812,3.182
0.287,0.22,0.342,3.17,0.439,1.622,0.574,0.44,6.34
0.273,1.208,0.109,0.014,1.033,4.206,0.546,2.416,0.028
0.157,0.775,1.259,0.522,2.632,1.78,0.314,1.55,1.044
0.845,1.464,0.973,0.079,3.903,4.412,1.69,2.928,0.158
1.0,1.167,1.179,2.205,2.565,4.497,2.0,2.334,4.41
1.474,0.535,0.525,4.614,3.566,4.206,2.948,1.07,9.228
0.111,0.837,0.718,4.833,1.598,2.11,0.222,1.674,9.666
0.565,0.197,0.102,0.953,1.116,0.61,1.13,0.394,1.906
0.321,1.196,1.115,4.003,4.359,0.469,0.642,2.392,8.006
1.047,1.012,1.107,4.646,0.981,2.013,2.094,2.024,9.292
1.262,0.351,0.748,3.616,0.501,1.373,2.524,0.702,7.232
1.133,0.248,0.472,1.23,1.178,3.657,2.266,0.496,2.46
0.247,0.671,0.639,0.514,4.151,1.701,0.494,1.342,1.028
0.436,0.811,1.086,3.464,1.111,0.902,0.872,1.622,6.928
1.318,0.673,1.324,1.755,4.716,0.738,2.636,1.346,3.51
1.021,0.686,1.423,0.283,2.397,3.032,2.042,1.372,0.566
1.045,0.803,0.653,1.499,0.603,3.387,2.09,1.606,2.998
0.14,0.672,0.1,4.581,2.973,4.626,0.28,1.344,9.162
0.484,0.793,1.285,1.277,3.394,2.033,0.968,1.586,2.554
1.12,0.911,1.467,0.684,2.871,4.463,2.24,1.822,1.368
0.17,0.993,0.789,4.95,1.486,4.983,0.34,1.986,9.9
1.482,0.783,1.41,1.267,0.125,1.163,2.964,1.566,2.534
1.306,0.547,0.263,2.227,4.368,4.662,2.612,1.094,4.454
0.346,1.006,1.151,2.326,2.587,1.586,0.692,2.012,4.652
0.292,0.397,0.142,3.935,2.584,0.741,0.584,0.794,7.87
0.154,0.117,1.482,2.606,2.984,3.394,0.308,0.234,5.212
1.226,0.48,0.836,2.258,1.757,2.223,2.452,0.96,4.516
0.163,0.501,0.474,0.346,3.111,0.184,0.326,1.002,0.692
1.161,0.309,0.554,0.318,0.435,3.767,2.322,0.618,0.636
1.331,1.184,0.485,0.295,4.845,4.656,2.662,2.368,0.59
0.528,1.388,1.361,3.891,2.892,2.914,1.056,2.776,7.782
0.974,0.27,0.859,4.301,2.398,3.996,1.948,0.54,8.602
1.154,0.307,0.927,1.449,0.51,2.327,2.308,0.614,2.898
0.747,0.118,1.253,2.805,3.261,2.762,1.494,0.236,5.61
1.12,1.33,0.803,0.801,3.66,4.974,2.24,2.66,1.602
0.625,0.892,0.503,4.912,4.99,0.747,1.25,1.784,9.824
1.458,0.412,0.264,0.582,1.761,4.424,2.916,0.824,1.164
0.748,0.384,0.498,3.762,3.664,0.464,1.496,0.768,7.524
1.062,0.417,0.161,1.964,3.32,3.169,2.124,0.834,3.928
1.294,0.138,1.281,4.221,3.272,0.737,2.588,0.276,8.442
1.324,1.212,0.983,2.605,4.277,2.167,2.648,2.424,5.21
0.886,1.173,0.526,3.838,3.628,3.756,1.772,2.346,7.676
0.535,1.196,0.428,2.987,0.262,2.705,1.07,2.392,5.974
1.432,1.078,0.274,4.101,3.528,1.595,2.864,2.156,8.202
0.499,0.408,0.82,1.504,2.021,2.585,0.998,0.816,3.008
0.223,0.409,1.179,3.267,2.319,0.551,0.446,0.818,6.534
0.703,0.179,0.335,3.306,0.695,2.839,1.406,0.358,6.612
1.038,1.342,0.882,4.451,0.912,0.302,2.076,2.684,8.902
0.818,1.105,1.105,2.229,1.739,2.695,1.636,2.21,4.458
0.269,0.748,0.776,1.5,2.587,3.747,0.538,1.496,3.0
0.766,0.129,0.367,4.635,4.46,0.422,1.532,0.258,9.27
0.542,1.169,1.47,4.104,4.919,1.989,1.084,2.338,8.208
0.951,0.633,0.473,1.727,1.276,0.523,1.902,1.266,3.454
1.126,1.472,0.824,4.882,4.452,3.566,2.252,2.944,9.764
0.629,1.125,1.057,0.23,1.405,0.312,1.258,2.25,0.46
0.473,0.899,0.257,4.598,2.817,0.862,0.946,1.798,9.196
0.825,0.539,0.226,0.425,0.216,4.395,1.65,1.078,0.85
1.239,1.249,1.496,2.908,4.666,2.828,2.478,2.498,5.816
0.399,0.394,1.127,0.984,1.152,2.765,0.798,0.788,1.968
1.3,1.14,1.409,3.355,3.585,2.775,2.6,2.28,6.71
0.842,0.653,1.206,1.01,0.271,2.261,1.684,1.306,2.02
0.688,1.408,0.383,1.903,0.336,4.611,1.376,2.816,3.806
0.181,1.387,0.297,1.265,4.831,1.3,0.362,2.774,2.53
0.819,0.838,0.895,1.68,0.159,4.699,1.638,1.676,3.36
0.704,0.789,1.275,4.485,3.717,3.883,1.408,1.578,8.97
0.35,0.414,1.075,3.427,1.219,3.369,0.7,0.828,6.854
0.415,0.798,1.285,1.386,2.385,0.698,0.83,1.596,2.772
1.017,0.257,0.499,4.895,2.876,4.006,2.034,0.514,9.79
0.232,0.577,0.582,4.124,3.11,0.614,0.464,1.154,8.248
1.361,1.455,0.479,4.13,0.701,3.837,2.722,2.91,8.26
0.794,1.138,0.21,3.302,1.447,1.29,1.588,2.276,6.604
0.554,0.564,1.058,3.963,1.361,0.745,1.108,1.128,7.926
1.499,0.63,1.483,3.935,4.351,4.6,2.998,1.26,7.87
1.161,0.42,0.542,1.495,2.006,3.905,2.322,0.84,2.99
0.446,1.201,0.271,1.291,2.153,2.074,0.892,2.402,2.582
0.278,0.432,0.942,2.444,4.782,3.259,0.556,0.864,4.888
0.608,1.075,1.402,4.509,4.729,2.731,1.216,2.15,9.018
0.504,0.466,0.737,0.894,1.452,0.528,1.008,0.932,1.788
0.819,0.935,1.15,4.156,3.937,2.749,1.638,1.87,8.312
0.325,1.295,0.351,1.233,0.308,1.676,0.65,2.59,2.466
0.224,0.979,0.963,4.02,1.8,0.101,0.448,1.958,8.04
1.451,1.376,0.184,2.8,2.739,3.147,2.902,2.752,5.6
1.499,1.148,0.692,1.285,4.023,0.694,2.998,2.296,2.57
1.222,0.654,0.25,2.436,3.995,0.659,2.444,1.308,4.872
1.366,0.914,0.295,4.878,3.118,2.803,2.732,1.828,9.756
1.475,0.301,1.475,1.176,2.329,2.85,2.95,0.602,2.352
0.929,1.298,0.775,3.338,3.465,4.067,1.858,2.596,6.676
0.123,0.325,0.458,0.308,2.76,0.279,0.246,0.65,0.616
1.43,0.358,0.508,0.874,1.383,0.797,2.86,0.716,1.748
0.67,0.308,0.678,3.726,0.757,0.279,1.34,0.616,7.452
1.366,0.652,0.526,4.981,4.491,3.053,2.732,1.304,9.962
1.296,0.132,0.757,3.576,0.865,2.65,2.592,0.264,7.152
0.523,1.147,0.443,4.262,3.913,3.713,1.046,2.294,8.524
0.583,0.773,0.633,1.97,0.79,2.109,1.166,1.546,3.94
0.422,1.238,0.297,2.409,4.799,4.171,0.844,2.476,4.818
1.492,0.797,0.512,2.864,0.22,2.985,2.984,1.594,5.728
0.291,0.828,1.123,3.84,1.412,0.505,0.582,1.656,7.68
0.177,1.302,0.702,2.504,0.585,0.002,0.354,2.604,5.008
1.125,1.456,1.22,0.393,2.36,2.879,2.25,2.912,0.786
1.194,0.116,1.025,0.465,1.371,3.604,2.388,0.232,0.93
0.524,0.565,0.235,4.193,3.127,4.768,1.048,1.13,8.386
1.485,0.563,0.26,2.736,1.567,0.799,2.97,1.126,5.472
0.321,0.332,0.391,2.232,4.37,4.003,0.642,0.664,4.464
0.375,1.284,0.842,1.599,0.777,2.614,0.75,2.568,3.198
0.704,0.845,0.635,1.975,3.844,3.63,1.408,1.69,3.95
1.477,0.34,0.148,3.524,1.565,0.584,2.954,0.68,7.048
1.408,0.786,1.402,3.529,2.883,4.506,2.816,1.572,7.058
0.822,0.903,1.254,3.44,3.918,1.16,1.644,1.806,6.88
0.901,1.147,0.45,4.335,1.933,3.511,1.802,2.294,8.67
1.48,1.284,0.939,0.022,1.184,4.244,2.96,2.568,0.044
1.282,0.57,1.309,1.151,4.259,1.447,2.564,1.14,2.302
1.002,0.337,0.663,4.154,1.709,2.326,2.004,0.674,8.308
0.986,0.808,0.301,0.033,4.841,3.672,1.972,1.616,0.066
0.529,1.41,1.051,2.448,0.66,4.886,1.058,2.82,4.896
1.093,0.294,0.236,3.97,0.276,1.2,2.186,0.588,7.94
0.254,0.621,1.021,1.059,2.777,3.051,0.508,1.242,2.118
0.129,0.973,1.348,4.519,4.193,0.862,0.258,1.946,9.038
0.872,0.301,0.287,1.287,3.313,0.517,1.744,0.602,2.574
0.978,1.033,0.821,3.088,1.979,1.414,1.956,2.066,6.176
0.887,0.549,0.724,0.592,3.114,0.378,1.774,1.098,1.184
0.662,0.815,0.747,2.807,3.536,2.406,1.324,1.63,5.614
0.592,0.729,0.893,0.413,3.744,3.99,1.184,1.458,0.826
0.26,1.278,1.209,1.356,3.848,3.831,0.52,2.556,2.712
0.598,0.175,0.627,4.672,4.751,3.185,1.196,0.35,9.344
0.274,0.337,1.184,1.638,0.792,1.067,0.548,0.674,3.276
0.114,0.935,1.092,3.74,0.547,1.355,0.228,1.87,7.48
0.115,1.269,1.478,1.756,0.359,4.159,0.23,2.538,3.512
0.108,0.637,0.394,4.822,4.601,2.897,0.216,1.274,9.644
1.305,1.491,0.697,1.643,3.951,4.754,2.61,2.982,3.286
0.617,0.125,1.248,2.646,1.29,0.236,1.234,0.25,5.292
0.74,1.435,0.202,4.449,1.645,1.74,1.48,2.87,8.898
1.348,0.305,0.158,1.994,0.224,0.963,2.696,0.61,3.988
1.062,0.748,1.351,4.733,2.028,1.572,2.124,1.496,9.466
1.434,0.915,1.165,1.203,0.675,4.64,2.868,1.83,2.406
0.476,0.83,0.272,2.547,2.196,1.915,0.952,1.66,5.094
0.506,0.98,0.774,2.446,3.743,1.195,1.012,1.96,4.892
0.565,1.308,0.307,4.851,1.248,3.4,1.13,2.616,9.702
1.488,0.12,1.469,2.356,2.988,0.778,2.976,0.24,4.712
1.093,0.174,0.18,2.724,4.704,1.088,2.186,0.348,5.448
1.215,0.987,1.446,2.332,0.187,4.793,2.43,1.974,4.664
0.426,0.804,0.883,3.513,1.104,3.19,0.852,1.608,7.026
0.841,0.847,0.974,3.67,3.924,3.341,1.682,1.694,7.34
0.978,1.114,1.486,4.984,3.768,1.921,1.956,2.228,9.968
0.729,0.217,0.54,3.123,4.449,4.056,1.458,0.434,6.246
0.595,0.303,1.167,2.243,0.559,2.773,1.19,0.606,4.486
0.545,0.18,0.23,1.116,0.914,2.751,1.09,0.36,2.232
1.22,1.434,0.165,1.744,3.49,2.088,2.44,2.868,3.488
1.295,1.119,0.309,3.251,2.881,1.725,2.59,2.238,6.502
1.406,0.602,1.469,1.088,4.982,2.099,2.812,1.204,2.176
0.551,0.88,0.112,4.731,2.316,4.835,1.102,1.76,9.462
1.161,0.53,0.716,4.288,3.54,3.54,2.322,1.06,8.576
1.082,0.431,0.983,1.653,1.531,1.046,2.164,0.862,3.306
0.107,0.307,0.515,1.193,4.034,3.768,0.214,0.614,2.386
1.492,0.737,1.338,3.543,3.498,2.455,2.984,1.474,7.086
0.646,0.12,0.556,2.543,1.096,4.711,1.292,0.24,5.086
0.286,0.945,0.777,4.249,2.914,1.556,0.572,1.89,8.498
0.785,1.056,1.479,3.031,0.526,2.88,1.57,2.112,6.062
0.725,0.5,0.374,2.901,2.256,0.31,1.45,1.0,5.802
0.526,0.876,1.352,3.149,2.346,0.646,1.052,1.752,6.298
0.732,0.488,1.307,2.411,3.541,1.562,1.464,0.976,4.822
0.412,1.35,1.114,3.11,0.477,4.053,0.824,2.7,6.22
0.51,0.768,0.121,3.372,1.593,4.051,1.02,1.536,6.744
0.989,1.439,1.317,1.151,1.72,1.07,1.978,2.878,2.302
0.241,0.636,0.746,0.701,4.447,2.638,0.482,1.272,1.402
0.523,1.428,0.747,2.655,3.254,3.232,1.046,2.856,5.31
0.335,0.452,0.152,1.945,4.579,0.075,0.67,0.904,3.89
0.346,1.087,0.619,3.336,2.945,3.238,0.692,2.174,6.672
1.284,0.369,1.109,4.552,4.263,0.884,2.568,0.738,9.104
0.317,1.31,1.438,4.378,4.238,4.159,0.634,2.62,8.756
0.618,0.247,0.484,2.398,2.251,2.366,1.236,0.494,4.796
0.934,1.295,0.481,2.644,0.015,2.984,1.868,2.59,5.288
1.497,1.304,0.976,3.426,1.028,2.009,2.994,2.608,6.852
0.169,0.929,1.487,3.814,1.265,4.248,0.338,1.858,7.628
0.24,1.482,1.474,3.462,1.67,4.189,0.48,2.964,6.924
1.256,1.118,0.622,3.149,3.63,3.424,2.512,2.236,6.298
0.36,0.471,0.705,0.736,3.944,3.579,0.72,0.942,1.472
0.611,0.107,0.797,1.17,0.12,0.211,1.222,0.214,2.34
0.452,0.985,0.823,4.391,3.747,1.923,0.904,1.97,8.782
1.256,1.361,0.785,4.646,2.754,1.056,2.512,2.722,9.292
0.961,0.346,1.155,3.674,4.075,2.559,1.922,0.692,7.348
1.473,0.877,0.677,0.667,4.649,2.73,2.946,1.754,1.334
0.684,0.975,0.884,4.643,3.885,0.181,1.368,1.95,9.286
0.183,0.977,1.238,0.214,4.252,1.18,0.366,1.954,0.428
1.181,1.346,1.235,4.738,2.143,1.626,2.362,2.692,9.476
1.044,0.658,0.599,4.01,1.006,3.144,2.088,1.316,8.02
0.926,1.092,1.348,1.069,0.109,2.87,1.852,2.184,2.138
1.42,0.92,1.367,1.006,1.175,1.244,2.84,1.84,2.012
0.694,0.667,0.39,3.365,1.35,3.848,1.388,1.334,6.73
1.388,1.24,0.362,2.446,0.257,3.686,2.776,2.48,4.892
0.856,0.972,0.659,2.281,4.645,1.721,1.712,1.944,4.562
1.394,1.273,0.166,0.638,3.492,4.071,2.788,2.546,1.276
0.534,0.346,0.23,0.631,1.011,1.766,1.068,0.692,1.262
1.435,1.367,0.952,4.217,2.751,2.549,2.87,2.734,8.434
1.127,0.364,1.479,0.202,1.746,4.733,2.254,0.728,0.404
0.542,0.824,1.196,0.47,0.425,4.14,1.084,1.648,0.94
0.786,0.351,1.112,2.637,1.107,2.641,1.572,0.702,5.274
0.273,1.337,1.263,3.092,0.054,1.403,0.546,2.674,6.184
1.183,0.91,1.322,1.035,4.889,0.931,2.366,1.82,2.07
0.328,0.358,0.983,0.807,3.335,3.914,0.656,0.716,1.614
0.483,0.649,0.68,0.61,0.058,0.821,0.966,1.298,1.22
0.554,0.991,0.323,2.873,1.193,0.57,1.108,1.982,5.746
1.395,1.096,1.177,2.625,0.398,0.166,2.79,2.192,5.25
1.349,0.3,1.235,4.615,1.325,0.52,2.698,0.6,9.23
1.279,1.052,0.927,1.404,0.593,4.102,2.558,2.104,2.808
0.425,1.405,1.424,4.27,2.173,0.215,0.85,2.81,8.54
0.844,0.64,0.889,0.107,3.499,4.097,1.688,1.28,0.214
1.365,1.117,0.164,4.36,0.076,4.369,2.73,2.234,8.72
0.627,0.592,0.92,4.698,3.884,4.413,1.254,1.184,9.396
0.192,0.8,0.958,2.578,0.055,1.449,0.384,1.6,5.156
0.122,0.472,0.238,0.736,2.609,3.153,0.244,0.944,1.472
0.679,0.319,0.357,1.237,1.811,3.56,1.358,0.638,2.474
0.415,1.459,0.335,4.826,3.635,0.268,0.83,2.918,9.652
1.248,0.617,0.555,2.856,1.734,0.52,2.496,1.234,5.712
0.371,1.18,0.678,0.002,1.093,3.183,0.742,2.36,0.004
0.85,0.627,0.765,3.358,4.43,1.621,1.7,1.254,6.716
1.162,1.182,0.941,1.66,0.92,4.946,2.324,2.364,3.32
1.032,0.855,0.832,2.638,4.286,0.84,2.064,1.71,5.276
0.309,0.853,1.272,1.288,1.952,3.834,0.618,1.706,2.576
0.464,0.25,0.801,4.593,4.115,1.173,0.928,0.5,9.186
1.134,0.359,1.437,0.003,4.224,0.094,2.268,0.718,0.006
1.356,0.543,0.576,2.94,3.029,1.613,2.712,1.086,5.88
0.951,1.338,1.404,4.501,2.26,0.067,1.902,2.676,9.002
1.272,0.743,0.179,4.68,0.099,3.03,2.544,1.486,9.36
0.306,0.345,0.479,1.614,1.426,0.947,0.612,0.69,3.228
0.161,1.239,0.369,2.077,0.88,4.908,0.322,2.478,4.154
0.1,0.275,1.459,2.968,0.018,0.125,0.2,0.55,5.936
0.686,1.325,1.295,3.213,3.208,3.515,1.372,2.65,6.426
0.504,0.589,0.362,0.846,1.902,2.673,1.008,1.178,1.692
1.0,1.306,1.137,0.468,3.878,4.228,2.0,2.612,0.936
0.177,0.519,0.652,2.552,3.249,1.366,0.354,1.038,5.104
0.675,1.397,1.201,3.536,3.52,3.199,1.35,2.794,7.072
1.234,0.842,0.514,4.757,4.723,3.262,2.468,1.684,9.514
0.822,0.535,0.364,4.413,2.02,2.075,1.644,1.07,8.826
1.462,0.795,0.545,1.117,3.266,4.017,2.924,1.59,2.234
0.628,0.491,0.83,1.28,1.571,0.218,1.256,0.982,2.56
0.879,0.656,0.566,3.525,1.483,3.944,1.758,1.312,7.05
1.328,1.231,1.221,0.732,0.632,1.405,2.656,2.462,1.464
0.797,1.455,1.128,0.283,4.132,1.369,1.594,2.91,0.566
0.409,1.366,0.135,1.404,2.629,1.837,0.818,2.732,2.808
1.201,1.214,1.377,4.738,2.814,0.403,2.402,2.428,9.476
0.307,0.149,0.329,4.405,2.171,1.089,0.614,0.298,8.81
0.767,0.554,0.592,3.43,4.856,2.977,1.534,1.108,6.86
1.001,0.531,0.649,1.27,4.768,0.899,2.002,1.062,2.54
0.374,0.494,0.981,0.122,0.769,3.699,0.748,0.988,0.244
1.146,0.414,0.997,0.129,2.886,0.163,2.292,0.828,0.258
0.869,0.629,0.778,3.561,0.088,4.167,1.738,1.258,7.122
0.563,0.15,0.569,4.801,3.561,2.281,1.126,0.3,9.602
1.477,1.181,0.466,1.188,2.402,3.027,2.954,2.362,2.376
1.024,0.552,1.37,2.69,2.184,0.824,2.048,1.104,5.38
0.931,0.594,0.985,4.091,0.128,0.493,1.862,1.188,8.182
1.418,1.249,1.325,1.992,0.878,4.14,2.836,2.498,3.984
0.19,1.281,1.426,3.658,2.961,0.736,0.38,2.562,7.316
1.077,1.314,1.262,4.376,3.223,4.856,2.154,2.628,8.752
0.335,0.977,0.867,2.519,3.502,2.852,0.67,1.954,5.038
1.114,1.146,0.46,4.235,2.761,0.976,2.228,2.292,8.47
0.392,1.07,0.465,2.085,0.153,0.396,0.784,2.14,4.17
1.418,0.683,1.156,3.443,4.778,1.645,2.836,1.366,6.886
0.973,0.168,0.609,0.457,4.754,3.596,1.946,0.336,0.914
1.077,0.157,0.653,2.403,0.152,3.241,2.154,0.314,4.806
1.082,1.028,1.383,2.873,4.07,0.536,2.164,2.056,5.746
0.142,0.479,0.191,0.618,3.738,4.512,0.284,0.958,1.236
0.391,0.925,1.402,0.266,1.51,3.432,0.782,1.85,0.532
0.282,0.834,0.274,2.123,2.193,0.666,0.564,1.668,4.246
0.614,0.981,0.853,3.058,0.757,4.273,1.228,1.962,6.116
0.382,0.526,0.933,2.461,1.507,1.846,0.764,1.052,4.922
0.692,0.22,1.47,3.283,3.109,1.699,1.384,0.44,6.566
0.683,0.446,1.283,4.388,4.613,4.322,1.366,0.892,8.776
0.682,0.105,0.263,2.864,3.147,4.535,1.364,0.21,5.728
0.834,0.603,0.223,0.355,3.764,4.585,1.668,1.206,0.71
0.103,0.804,0.495,1.867,0.744,2.091,0.206,1.608,3.734
0.191,0.336,0.591,4.553,4.458,2.366,0.382,0.672,9.106
1.179,1.309,0.142,2.602,1.202,3.968,2.358,2.618,5.204
1.298,1.349,0.723,0.019,0.319,2.774,2.596,2.698,0.038
0.933,0.909,0.734,0.097,0.238,2.448,1.866,1.818,0.194
1.307,0.716,0.869,1.36,3.351,2.977,2.614,1.432,2.72
0.407,1.31,0.227,2.575,2.417,4.207,0.814,2.62,5.15
1.072,0.659,0.762,4.339,3.486,0.231,2.144,1.318,8.678
0.118,0.679,1.28,2.687,1.704,4.267,0.236,1.358,5.374
0.72,1.063,0.493,1.782,0.04,1.756,1.44,2.126,3.564
0.275,0.384,0.581,0.944,4.445,0.484,0.55,0.768,1.888
0.517,1.213,0.133,1.741,3.471,0.173,1.034,2.426,3.482
1.405,0.225,0.89,0.167,4.143,2.55,2.81,0.45,0.334
0.26,0.473,1.108,3.625,1.741,0.796,0.52,0.946,7.25
0.721,1.336,0.721,1.774,4.234,3.016,1.442,2.672,3.548
0.931,1.097,0.649,1.664,3.86,2.404,1.862,2.194,3.328
0.309,0.885,1.394,0.84,0.268,3.686,0.618,1.77,1.68
0.272,1.168,0.819,3.637,0.924,2.151,0.544,2.336,7.274
1.329,0.912,0.227,4.036,0.328,4.614,2.658,1.824,8.072
1.107,0.543,0.122,4.147,0.126,3.219,2.214,1.086,8.294
1.042,1.083,0.167,3.441,3.672,1.752,2.084,2.166,6.882
0.206,1.062,0.231,4.896,0.944,4.916,0.412,2.124,9.792
1.219,0.418,0.527,3.549,1.082,1.963,2.438,0.836,7.098
1.091,1.005,1.345,0.724,2.467,2.522,2.182,2.01,1.448
0.332,0.167,0.783,2.665,0.885,3.199,0.664,0.334,5.33
1.479,0.282,0.933,0.022,4.298,2.909,2.958,0.564,0.044
1.34,0.791,0.55,4.401,3.571,4.192,2.68,1.582,8.802
0.469,0.209,0.942,2.012,3.899,4.598,0.938,0.418,4.024
0.972,1.172,0.969,2.655,0.439,0.03,1.944,2.344,5.31
0.538,1.112,1.476,1.904,0.854,2.356,1.076,2.224,3.808
0.293,1.168,0.564,2.775,2.17,3.718,0.586,2.336,5.55
0.602,0.601,1.122,1.885,1.32,3.253,1.204,1.202,3.77
0.369,0.789,1.097,4.894,2.182,1.096,0.738,1.578,9.788
0.862,0.343,0.936,3.157,2.001,1.363,1.724,0.686,6.314
0.473,1.475,1.264,4.564,4.295,4.159,0.946,2.95,9.128
0.432,0.879,0.294,4.575,2.037,2.638,0.864,1.758,9.15
1.177,1.308,0.958,4.407,4.494,2.568,2.354,2.616,8.814
0.4,1.024,0.67,0.649,2.321,4.281,0.8,2.048,1.298
1.213,1.1,0.621,0.786,2.047,4.266,2.426,2.2,1.572
1.177,1.329,0.768,1.621,2.423,4.112,2.354,2.658,3.242
0.349,0.323,0.646,0.657,3.881,0.847,0.698,0.646,1.314
1.364,0.124,0.143,1.572,3.461,2.768,2.728,0.248,3.144
0.358,0.595,0.147,4.88,0.159,1.433,0.716,1.19,9.76
1.155,0.267,1.022,3.419,3.756,0.144,2.31,0.534,6.838
0.202,0.756,0.148,1.693,1.903,2.235,0.404,1.512,3.386
0.86,0.348,1.487,3.449,3.653,0.625,1.72,0.696,6.898
0.508,0.558,1.155,4.381,0.335,4.58,1.016,1.116,8.762
0.783,0.995,1.365,3.513,0.618,4.307,1.566,1.99,7.026
0.38,1.152,1.143,3.921,3.849,4.604,0.76,2.304,7.842
0.992,0.741,0.349,1.075,0.353,4.798,1.984,1.482,2.15
0.104,0.408,1.486,3.001,0.9,1.865,0.208,0.816,6.002
1.18,0.118,0.448,2.636,1.345,0.063,2.36,0.236,5.272
0.614,1.487,0.616,3.473,2.165,3.55,1.228,2.974,6.946
1.196,0.154,1.078,3.058,4.473,1.791,2.392,0.308,6.116
0.869,0.106,0.648,2.446,3.768,1.41,1.738,0.212,4.892
1.301,0.356,1.434,4.75,2.949,2.894,2.602,0.712,9.5
1.242,1.281,0.862,2.326,4.565,0.154,2.484,2.562,4.652
0.876,1.085,0.912,1.893,1.716,3.017,1.752,2.17,3.786
1.275,0.586,0.716,1.812,0.524,3.997,2.55,1.172,3.624
1.248,0.647,0.604,2.913,2.747,0.972,2.496,1.294,5.826
1.212,1.446,0.66,4.657,3.682,2.33,2.424,2.892,9.314
0.124,0.723,0.14,0.901,4.379,4.304,0.248,1.446,1.802
0.423,1.171,0.336,3.399,0.759,4.856,0.846,2.342,6.798
0.852,0.336,0.959,3.917,2.003,0.123,1.704,0.672,7.834
0.764,1.056,0.371,3.322,1.207,2.698,1.528,2.112,6.644
1.095,1.486,1.416,4.539,0.073,0.685,2.19,2.972,9.078
1.32,0.815,1.033,0.609,0.225,0.492,2.64,1.63,1.218
1.333,0.398,1.178,4.556,1.604,3.257,2.666,0.796,9.112
1.412,0.422,0.155,2.917,3.019,3.803,2.824,0.844,5.834
0.828,1.289,0.783,2.804,3.57,3.928,1.656,2.578,5.608
1.115,1.475,0.432,3.012,0.419,1.059,2.23,2.95,6.024
1.144,1.107,1.129,3.127,3.26,0.742,2.288,2.214,6.254
1.223,0.157,1.316,3.135,3.925,1.353,2.446,0.314,6.27
0.625,0.403,1.494,2.139,3.148,4.409,1.25,0.806,4.278
0.252,1.028,1.409,3.38,4.28,4.445,0.504,2.056,6.76
0.502,0.309,1.345,4.268,4.102,0.838,1.004,0.618,8.536
1.013,0.823,0.455,2.541,0.451,4.426,2.026,1.646,5.082
0.312,0.453,0.207,4.413,1.157,3.447,0.624,0.906,8.826
0.859,1.041,0.367,4.857,3.115,1.105,1.718,2.082,9.714
0.746,1.223,1.042,3.53,1.3,1.285,1.492,2.446,7.06
0.445,1.365,1.196,2.427,0.905,2.53,0.89,2.73,4.854
0.333,0.377,0.82,0.664,1.083,4.962,0.666,0.754,1.328
0.739,0.884,0.226,0.377,2.149,1.67,1.478,1.768,0.754
0.91,1.022,0.467,1.087,0.422,1.156,1.82,2.044,2.174
0.45,0.443,0.302,2.013,3.673,3.668,0.9,0.886,4.026
0.306,0.238,1.235,3.667,4.181,2.978,0.612,0.476,7.334
0.563,1.251,0.994,0.49,0.734,4.38,1.126,2.502,0.98
0.876,0.68,1.312,1.948,3.079,1.756,1.752,1.36,3.896
1.152,0.525,0.421,1.566,4.506,1.214,2.304,1.05,3.132
1.438,0.736,0.254,4.989,4.075,0.544,2.876,1.472,9.978
1.035,0.732,0.316,0.746,4.304,3.815,2.07,1.464,1.492
1.057,0.186,0.16,1.745,4.846,4.456,2.114,0.372,3.49
1.19,1.029,0.841,0.596,0.667,0.839,2.38,2.058,1.192
1.43,0.991,0.322,4.92,1.018,2.165,2.86,1.982,9.84
1.037,1.215,0.598,4.39,4.894,3.191,2.074,2.43,8.78
1.001,0.811,0.478,2.583,1.139,4.581,2.002,1.622,5.166
0.557,1.176,1.418,4.198,4.905,3.445,1.114,2.352,8.396
0.303,0.222,1.197,2.755,2.75,1.934,0.606,0.444,5.51
0.427,0.739,1.228,4.498,4.857,1.645,0.854,1.478,8.996
0.975,0.63,1.33,4.165,0.903,1.608,1.95,1.26,8.33
0.202,1.216,0.511,1.026,2.359,2.083,0.404,2.432,2.052
0.84,1.102,1.114,2.959,3.009,4.187,1.68,2.204,5.918
0.106,0.67,0.901,4.979,4.067,1.017,0.212,1.34,9.958
1.21,1.156,1.209,3.129,2.227,3.587,2.42,2.312,6.258
1.213,0.937,0.976,1.995,2.279,0.089,2.426,1.874,3.99
0.972,0.301,0.677,3.508,4.0,4.071,1.944,0.602,7.016
1.474,1.112,0.507,4.118,4.199,1.241,2.948,2.224,8.236
1.488,0.681,1.065,1.164,2.312,1.925,2.976,1.362,2.328
0.959,0.306,0.395,4.973,0.237,0.526,1.918,0.612,9.946
1.03,0.882,1.407,3.429,1.441,3.313,2.06,1.764,6.858
1.254,0.408,0.419,1.218,4.909,3.759,2.508,0.816,2.436
1.354,1.02,1.233,3.243,1.09,0.248,2.708,2.04,6.486
0.793,0.877,0.393,3.569,1.094,3.469,1.586,1.754,7.138
0.233,0.876,1.498,3.107,3.612,4.051,0.466,1.752,6.214
0.787,0.244,1.235,4.72,1.839,1.403,1.574,0.488,9.44
0.738,1.26,0.771,2.82,1.708,2.702,1.476,2.52,5.64
1.082,1.064,0.12,1.364,1.946,1.24,2.164,2.128,2.728
1.016,1.452,0.956,0.677,2.834,3.749,2.032,2.904,1.354
0.128,0.712,0.987,2.587,2.658,1.684,0.256,1.424,5.174
1.291,0.529,1.238,3.79,1.459,3.521,2.582,1.058,7.58
0.54,1.03,0.907,2.026,2.343,0.885,1.08,2.06,4.052
0.768,1.241,1.117,2.5,1.568,3.632,1.536,2.482,5.0
0.334,0.222,0.249,0.763,4.114,1.505,0.668,0.444,1.526
0.241,1.382,0.741,4.894,4.981,4.713,0.482,2.764,9.788
0.393,0.842,0.537,0.68,3.33,2.613,0.786,1.684,1.36
0.297,0.974,1.499,1.087,2.315,2.583,0.594,1.948,2.174
1.047,1.377,0.655,0.612,0.132,4.97,2.094,2.754,1.224
0.281,0.269,0.204,2.713,4.575,1.828,0.562,0.538,5.426
1.016,1.015,1.121,4.29,3.01,2.667,2.032,2.03,8.58
0.36,0.82,0.977,2.479,3.81,3.355,0.72,1.64,4.958
1.219,0.117,0.992,4.433,0.912,1.809,2.438,0.234,8.866
1.394,0.688,0.843,1.754,4.468,2.697,2.788,1.376,3.508
0.639,0.123,1.27,1.115,4.917,4.934,1.278,0.246,2.23
1.486,1.214,0.61,4.473,0.745,4.792,2.972,2.428,8.946
0.491,0.109,0.734,3.692,3.177,2.195,0.982,0.218,7.384
0.443,1.337,0.91,4.172,3.799,1.853,0.886,2.674,8.344
0.351,1.351,1.193,3.905,4.124,0.388,0.702,2.702,7.81
1.292,0.744,0.375,4.249,1.955,3.978,2.584,1.488,8.498
0.172,0.248,1.208,4.679,3.712,1.98,0.344,0.496,9.358
1.348,0.781,0.928,1.287,3.577,4.171,2.696,1.562,2.574
1.039,0.653,0.755,4.719,3.692,4.422,2.078,1.306,9.438
1.081,0.125,0.491,1.376,2.241,3.657,2.162,0.25,2.752
1.016,0.975,0.575,3.301,2.058,1.409,2.032,1.95,6.602
0.844,0.292,0.89,2.145,3.642,1.3,1.688,0.584,4.29
0.608,0.907,0.218,0.916,0.559,4.323,1.216,1.814,1.832
0.641,0.198,0.328,1.927,3.025,3.731,1.282,0.396,3.854
0.894,1.087,1.151,3.998,1.272,4.818,1.788,2.174,7.996
1.068,0.197,0.123,2.083,3.26,0.494,2.136,0.394,4.166
0.851,1.16,0.676,2.224,0.464,1.896,1.702,2.32,4.448
0.996,0.52,0.383,3.106,3.026,4.126,1.992,1.04,6.212
1.325,1.238,1.477,2.91,1.091,1.576,2.65,2.476,5.82
0.544,0.12,0.916,3.067,4.187,3.484,1.088,0.24,6.134
0.761,0.889,1.059,4.84,4.734,1.329,1.522,1.778,9.68
0.892,1.435,1.383,0.132,4.22,0.645,1.784,2.87,0.264
1.416,0.977,1.032,2.693,1.019,4.471,2.832,1.954,5.386
0.512,0.805,0.784,1.616,0.094,0.037,1.024,1.61,3.232
1.322,0.106,0.758,2.575,4.848,4.917,2.644,0.212,5.15
0.612,0.849,0.17,2.031,1.338,2.323,1.224,1.698,4.062
0.112,0.766,0.622,0.816,3.201,3.673,0.224,1.532,1.632
0.195,0.413,0.246,2.404,1.604,3.308,0.39,0.826,4.808
0.237,0.486,0.228,1.458,3.632,0.778,0.474,0.972,2.916
1.089,1.485,0.916,0.806,0.382,4.423,2.178,2.97,1.612
1.147,0.514,1.416,2.593,4.212,1.992,2.294,1.028,5.186
0.323,0.607,0.564,3.92,0.845,1.322,0.646,1.214,7.84
1.135,1.107,1.334,2.631,0.708,2.592,2.27,2.214,5.262
1.385,0.93,0.305,3.231,3.25,3.294,2.77,1.86,6.462
0.88,0.883,0.482,3.578,4.643,4.562,1.76,1.766,7.156
0.368,0.734,0.799,2.229,4.402,3.223,0.736,1.468,4.458
0.118,0.259,0.183,2.748,4.093,3.034,0.236,0.518,5.496
0.958,1.316,1.434,1.633,0.909,3.373,1.916,2.632,3.266
0.255,1.092,0.642,2.402,3.468,4.885,0.51,2.184,4.804
1.493,0.875,0.396,3.57,4.877,4.671,2.986,1.75,7.14
0.844,0.727,0.991,1.311,0.285,4.913,1.688,1.454,2.622
1.267,0.463,1.348,2.617,2.479,2.597,2.534,0.926,5.234
0.502,1.327,1.269,1.908,3.319,3.667,1.004,2.654,3.816
0.329,0.305,1.468,1.242,4.687,3.574,0.658,0.61,2.484
0.821,0.212,1.326,0.046,4.841,1.984,1.642,0.424,0.092
0.916,1.003,0.379,0.875,3.149,3.296,1.832,2.006,1.75
0.53,0.373,0.652,3.767,1.116,3.908,1.06,0.746,7.534
1.217,1.006,1.105,2.21,1.437,0.53,2.434,2.012,4.42
0.653,0.861,1.455,0.272,2.448,4.459,1.306,1.722,0.544
0.546,0.889,1.486,3.825,0.549,2.714,1.092,1.778,7.65
0.512,0.258,0.821,1.067,2.558,1.634,1.024,0.516,2.134
0.432,0.52,0.658,1.821,1.863,2.317,0.864,1.04,3.642
1.204,0.374,0.641,0.673,0.029,1.991,2.408,0.748,1.346
0.928,0.36,0.574,4.964,1.774,3.015,1.856,0.72,9.928
1.259,1.019,1.055,2.651,4.166,2.925,2.518,2.038,5.302
0.425,1.019,0.645,0.537,0.756,3.221,0.85,2.038,1.074
0.581,0.749,0.535,0.361,0.845,4.72,1.162,1.498,0.722
0.885,0.43,1.303,0.046,2.76,2.913,1.77,0.86,0.092
0.491,0.133,0.367,1.226,4.983,2.278,0.982,0.266,2.452
0.872,0.761,0.561,4.108,1.365,0.727,1.744,1.522,8.216
0.368,0.668,0.283,1.066,1.207,0.708,0.736,1.336,2.132
0.991,0.837,1.395,2.722,4.247,3.885,1.982,1.674,5.444
1.48,0.166,0.511,1.818,0.259,3.9,2.96,0.332,3.636
1.031,0.965,0.782,0.516,3.418,0.437,2.062,1.93,1.032
1.128,0.158,1.259,0.208,0.113,3.355,2.256,0.316,0.416
1.349,1.45,1.461,1.426,0.868,1.411,2.698,2.9,2.852
0.804,0.262,0.695,2.931,1.726,4.844,1.608,0.524,5.862
0.259,0.906,1.385,3.623,4.631,0.025,0.518,1.812,7.246
0.649,0.858,0.852,1.581,4.012,0.331,1.298,1.716,3.162
1.309,1.361,1.369,4.612,0.763,2.016,2.618,2.722,9.224
0.351,0.76,1.192,2.944,2.393,1.792,0.702,1.52,5.888
0.508,1.145,0.881,3.279,0.773,2.773,1.016,2.29,6.558
1.099,1.313,0.645,4.597,3.912,3.888,2.198,2.626,9.194
0.859,1.321,0.696,2.979,3.863,1.051,1.718,2.642,5.958
0.364,1.465,0.645,0.647,2.999,2.003,0.728,2.93,1.294
0.588,1.322,1.135,0.83,4.075,1.868,1.176,2.644,1.66
0.656,1.25,1.114,4.986,2.068,2.596,1.312,2.5,9.972
0.496,0.279,0.252,4.458,3.4,1.357,0.992,0.558,8.916
0.691,1.192,1.441,4.102,2.092,2.354,1.382,2.384,8.204
0.474,1.304,1.0,3.496,3.768,3.229,0.948,2.608,6.992
1.432,0.711,0.997,4.623,3.064,1.397,2.864,1.422,9.246
1.042,0.364,0.912,3.105,0.254,4.917,2.084,0.728,6.21
0.549,1.109,0.989,4.459,2.057,1.313,1.098,2.218,8.918
0.743,1.076,1.454,0.798,3.237,0.902,1.486,2.152,1.596
0.9,0.68,0.69,1.324,1.89,1.972,1.8,1.36,2.648
1.278,1.424,0.378,1.421,3.585,0.577,2.556,2.848,2.842
0.859,0.36,0.999,0.87,2.421,0.941,1.718,0.72,1.74
0.137,1.45,0.166,4.764,0.236,2.198,0.274,2.9,9.528
0.365,0.22,1.029,4.873,0.896,1.52,0.73,0.44,9.746
0.838,0.47,1.114,4.501,2.718,1.632,1.676,0.94,9.002
1.464,1.211,0.561,3.329,2.14,2.601,2.928,2.422,6.658
0.205,1.401,1.126,3.31,2.66,2.562,0.41,2.802,6.62
1.315,0.487,0.47,4.21,1.581,4.64,2.63,0.974,8.42
1.163,1.171,0.452,3.244,4.827,1.326,2.326,2.342,6.488
0.965,0.551,0.9,3.302,0.791,2.418,1.93,1.102,6.604
0.144,0.305,0.207,0.129,0.497,4.275,0.288,0.61,0.258
0.507,0.49,0.564,1.678,1.357,2.204,1.014,0.98,3.356
0.946,0.591,0.23,1.025,3.608,0.261,1.892,1.182,2.05
0.258,1.439,0.369,3.261,2.644,3.372,0.516,2.878,6.522
0.31,1.006,0.367,4.231,4.427,2.418,0.62,2.012,8.462
0.756,1.25,0.441,3.378,4.52,4.928,1.512,2.5,6.756
1.464,1.11,0.777,2.459,1.03,2.319,2.928,2.22,4.918
0.303,1.336,1.136,1.516,4.972,2.755,0.606,2.672,3.032
0.838,0.436,0.474,3.671,4.364,4.816,1.676,0.872,7.342
1.385,1.061,0.357,3.111,1.106,1.582,2.77,2.122,6.222
1.175,0.539,0.465,2.488,0.651,2.832,2.35,1.078,4.976
0.1,1.325,0.292,1.153,4.405,2.545,0.2,2.65,2.306
0.602,0.751,1.432,3.633,0.361,4.95,1.204,1.502,7.266
0.799,0.211,0.887,2.769,3.95,0.923,1.598,0.422,5.538
0.978,1.361,0.589,4.167,0.738,4.942,1.956,2.722,8.334
0.309,0.751,1.462,3.885,3.554,4.798,0.618,1.502,7.77
0.912,0.17,1.401,4.43,2.324,0.42,1.824,0.34,8.86
0.128,0.121,0.712,4.364,3.011,2.884,0.256,0.242,8.728
0.227,1.216,1.159,3.062,3.979,3.235,0.454,2.432,6.124
1.321,1.296,0.925,0.277,4.948,3.673,2.642,2.592,0.554
0.123,1.132,0.315,0.416,1.119,1.035,0.246,2.264,0.832
0.473,0.968,0.101,2.447,2.389,1.319,0.946,1.936,4.894
0.172,1.226,0.438,0.344,0.23,1.636,0.344,2.452,0.688
0.529,1.392,0.907,0.05,4.971,4.695,1.058,2.784,0.1
1.208,0.651,0.909,4.965,1.774,0.711,2.416,1.302,9.93
1.031,0.785,1.429,0.107,2.111,4.964,2.062,1.57,0.214
0.281,0.892,1.047,1.286,1.622,3.283,0.562,1.784,2.572
1.033,0.842,1.137,1.533,4.925,1.727,2.066,1.684,3.066
0.629,0.425,1.264,1.846,3.065,1.474,1.258,0.85,3.692
0.51,1.148,0.468,3.021,1.241,4.9,1.02,2.296,6.042
0.373,0.22,1.178,0.433,3.293,4.101,0.746,0.44,0.866
0.184,0.696,0.376,4.402,2.956,1.978,0.368,1.392,8.804
0.706,0.73,1.474,3.702,3.968,0.16,1.412,1.46,7.404
0.35,1.116,0.102,1.938,2.99,1.363,0.7,2.232,3.876
0.604,0.925,1.347,3.538,1.888,3.088,1.208,1.85,7.076
0.199,0.628,1.177,1.368,1.005,1.703,0.398,1.256,2.736
1.392,0.787,1.475,1.037,4.181,4.106,2.784,1.574,2.074
0.519,1.299,0.745,4.583,1.365,4.418,1.038,2.598,9.166
0.447,0.301,1.306,1.042,1.897,0.46,0.894,0.602,2.084
1.355,1.446,0.989,2.817,4.257,1.299,2.71,2.892,5.634
1.278,0.689,1.079,0.8,4.868,1.235,2.556,1.378,1.6
0.208,0.665,1.156,1.597,1.264,3.571,0.416,1.33,3.194
1.225,0.68,0.936,1.749,4.658,4.694,2.45,1.36,3.498
1.256,0.853,0.308,3.775,2.262,2.806,2.512,1.706,7.55
0.393,1.49,1.227,2.008,2.412,2.539,0.786,2.98,4.016
0.478,0.446,0.228,1.632,3.892,3.144,0.956,0.892,3.264
0.615,1.191,1.097,0.75,1.377,1.434,1.23,2.382,1.5
0.41,0.317,0.904,3.545,0.055,0.557,0.82,0.634,7.09
0.893,1.419,1.36,2.746,4.709,0.368,1.786,2.838,5.492
0.58,0.775,0.787,5.0,0.459,4.779,1.16,1.55,10.0
0.34,1.093,0.168,1.997,4.527,4.865,0.68,2.186,3.994
0.746,0.744,1.349,2.691,2.252,1.857,1.492,1.488,5.382
0.645,1.171,1.34,0.172,2.653,4.555,1.29,2.342,0.344
0.421,1.406,0.919,3.485,1.381,1.281,0.842,2.812,6.97
1.096,0.398,1.37,0.538,0.364,4.43,2.192,0.796,1.076
0.326,0.766,0.996,2.985,2.748,0.849,0.652,1.532,5.97
0.401,1.051,0.394,1.479,2.653,3.024,0.802,2.102,2.958
1.017,0.195,1.497,4.283,4.012,1.758,2.034,0.39,8.566
0.886,0.202,0.564,2.777,1.992,0.787,1.772,0.404,5.554
0.505,0.807,0.146,0.228,4.853,1.291,1.01,1.614,0.456
0.312,0.379,1.468,2.434,1.22,3.604,0.624,0.758,4.868
1.095,1.133,1.252,2.737,3.126,4.314,2.19,2.266,5.474
1.326,0.142,1.043,1.774,4.948,3.527,2.652,0.284,3.548
1.468,1.19,1.327,1.875,4.664,0.495,2.936,2.38,3.75
0.554,0.82,0.174,1.109,2.616,3.947,1.108,1.64,2.218
1.322,1.433,0.706,2.409,3.429,4.651,2.644,2.866,4.818
1.064,1.167,0.624,2.995,0.396,3.419,2.128,2.334,5.99
1.244,0.488,1.242,3.229,0.226,0.531,2.488,0.976,6.458
0.76,1.134,0.475,4.748,3.824,1.823,1.52,2.268,9.496
0.871,1.034,0.689,1.71,0.644,3.925,1.742,2.068,3.42
0.399,0.463,0.209,4.583,4.119,2.932,0.798,0.926,9.166
0.404,0.278,0.657,0.217,4.672,2.425,0.808,0.556,0.434
1.145,0.658,1.431,0.62,4.958,2.216,2.29,1.316,1.24
1.23,1.148,0.456,1.999,4.807,4.377,2.46,2.296,3.998
0.723,0.541,0.156,1.623,0.532,0.539,1.446,1.082,3.246
0.323,1.266,0.105,4.488,4.489,0.352,0.646,2.532,8.976
0.957,0.144,0.341,4.672,3.512,0.719,1.914,0.288,9.344
0.499,0.232,1.09,0.34,3.986,3.601,0.998,0.464,0.68
0.413,0.334,0.138,1.093,4.359,0.982,0.826,0.668,2.186
0.288,0.553,1.307,1.218,3.02,3.787,0.576,1.106,2.436
0.978,0.914,0.53,1.848,2.028,3.885,1.956,1.828,3.696
1.433,0.268,0.948,2.43,2.428,3.038,2.866,0.536,4.86
0.235,0.777,1.102,4.523,0.863,1.443,0.47,1.554,9.046
0.39,0.121,0.766,4.21,1.229,0.862,0.78,0.242,8.42
0.616,1.476,0.409,0.97,1.657,0.932,1.232,2.952,1.94
1.324,0.18,1.495,3.748,1.252,0.351,2.648,0.36,7.496
0.103,0.526,1.106,0.268,2.125,0.098,0.206,1.052,0.536
1.103,0.533,0.844,0.067,4.756,3.598,2.206,1.066,0.134
0.351,0.863,1.192,3.622,1.238,3.056,0.702,1.726,7.244
1.443,1.026,0.58,1.339,0.053,3.134,2.886,2.052,2.678
1.302,1.317,1.475,1.127,4.234,0.754,2.604,2.634,2.254
1.381,1.147,0.51,4.86,2.176,3.389,2.762,2.294,9.72
1.148,0.609,0.857,4.187,2.919,1.858,2.296,1.218,8.374
0.551,0.424,0.968,0.311,2.103,4.418,1.102,0.848,0.622
0.737,0.219,0.136,4.231,1.145,0.789,1.474,0.438,8.462
0.227,0.378,1.387,1.849,0.386,4.6,0.454,0.756,3.698
0.209,1.371,0.58,2.277,3.15,4.082,0.418,2.742,4.554
1.032,1.233,0.979,0.303,3.621,4.312,2.064,2.466,0.606
0.46,0.922,1.38,4.827,4.544,1.81,0.92,1.844,9.654
0.247,0.924,0.961,3.766,3.682,4.456,0.494,1.848,7.532
0.78,1.392,0.159,4.194,2.72,3.214,1.56,2.784,8.388
0.713,1.3,1.164,3.045,3.271,3.519,1.426,2.6,6.09
0.529,1.447,0.126,4.723,0.975,1.907,1.058,2.894,9.446
0.448,0.601,1.285,3.818,2.275,4.041,0.896,1.202,7.636
0.537,1.011,0.348,1.285,4.896,1.336,1.074,2.022,2.57
1.359,1.363,0.911,3.47,1.83,1.163,2.718,2.726,6.94
0.399,0.83,1.213,1.96,0.674,2.837,0.798,1.66,3.92
0.865,0.364,0.549,0.55,1.564,3.233,1.73,0.728,1.1
0.285,0.578,0.57,0.407,3.991,0.226,0.57,1.156,0.814
0.569,0.122,0.993,1.01,0.848,4.906,1.138,0.244,2.02
0.709,0.635,1.266,2.74,0.994,4.007,1.418,1.27,5.48
1.468,1.423,1.283,1.075,2.216,2.231,2.936,2.846,2.15
1.099,1.07,0.575,2.674,2.832,0.078,2.198,2.14,5.348
1.208,1.221,0.337,4.404,4.655,0.815,2.416,2.442,8.808
1.041,1.235,1.353,2.733,1.247,0.725,2.082,2.47,5.466
0.345,0.693,1.431,4.635,0.943,1.507,0.69,1.386,9.27
1.443,0.241,1.069,1.574,3.506,0.965,2.886,0.482,3.148
0.113,1.373,0.449,2.065,4.424,3.323,0.226,2.746,4.13
0.787,1.173,0.71,0.297,0.121,2.907,1.574,2.346,0.594
0.62,1.179,0.581,0.886,4.756,3.23,1.24,2.358,1.772
0.264,0.989,1.464,2.188,4.135,1.195,0.528,1.978,4.376
1.461,0.592,1.355,3.73,0.626,1.246,2.922,1.184,7.46
1.286,0.746,1.265,1.21,0.914,4.62,2.572,1.492,2.42
0.796,0.496,0.356,2.755,1.76,4.513,1.592,0.992,5.51
1.126,1.39,0.362,3.981,0.435,3.611,2.252,2.78,7.962
0.195,0.805,1.119,0.959,1.251,0.807,0.39,1.61,1.918
0.637,0.331,1.111,0.048,1.464,3.781,1.274,0.662,0.096
0.95,0.813,0.707,2.812,4.489,1.741,1.9,1.626,5.624
0.934,0.575,1.02,2.607,4.709,1.859,1.868,1.15,5.214
1.149,1.367,1.178,1.057,4.813,2.658,2.298,2.734,2.114
0.192,0.446,1.012,3.037,2.951,1.304,0.384,0.892,6.074
1.407,0.285,0.413,2.078,1.057,4.084,2.814,0.57,4.156
1.476,0.433,1.347,1.287,0.167,2.967,2.952,0.866,2.574
0.549,1.201,1.106,4.58,4.662,0.755,1.098,2.402,9.16
0.5,0.253,1.029,4.714,1.603,2.001,1.0,0.506,9.428
1.378,0.223,1.398,4.664,1.992,0.749,2.756,0.446,9.328
0.822,0.862,0.286,0.469,0.826,0.047,1.644,1.724,0.938
0.933,0.604,1.045,4.77,2.397,4.122,1.866,1.208,9.54
0.124,0.42,1.082,0.219,2.913,0.806,0.248,0.84,0.438
0.973,0.588,0.576,0.658,3.238,3.93,1.946,1.176,1.316
1.319,0.434,0.305,1.418,2.489,2.618,2.638,0.868,2.836
0.442,0.617,1.241,1.189,1.942,3.45,0.884,1.234,2.378
0.987,0.181,0.472,2.217,3.927,2.343,1.974,0.362,4.434
0.912,0.61,0.239,3.032,3.849,2.313,1.824,1.22,6.064
0.918,1.137,1.338,3.929,0.978,0.299,1.836,2.274,7.858
0.649,1.086,1.402,1.18,4.377,3.496,1.298,2.172,2.36
1.049,1.262,0.984,4.392,0.212,2.158,2.098,2.524,8.784
0.345,1.336,0.632,3.784,3.629,1.779,0.69,2.672,7.568
1.054,0.831,0.494,2.523,3.488,0.93,2.108,1.662,5.046
0.532,0.49,0.643,1.347,4.062,3.051,1.064,0.98,2.694
0.18,0.473,0.437,4.521,1.937,3.925,0.36,0.946,9.042
1.225,0.895,0.657,0.19,1.107,3.769,2.45,1.79,0.38
0.709,1.41,0.102,3.488,1.071,2.77,1.418,2.82,6.976
0.866,0.145,0.104,1.743,1.189,0.459,1.732,0.29,3.486
0.605,0.463,0.115,0.571,4.562,2.247,1.21,0.926,1.142
1.327,0.152,0.373,0.278,4.128,4.33,2.654,0.304,0.556
1.292,0.78,1.202,3.988,4.663,2.1,2.584,1.56,7.976
1.458,0.986,1.396,1.917,1.515,1.86,2.916,1.972,3.834
0.694,1.232,1.084,1.776,0.849,2.385,1.388,2.464,3.552
0.389,0.889,0.925,0.904,0.336,3.833,0.778,1.778,1.808
0.153,0.204,0.668,2.272,4.298,2.802,0.306,0.408,4.544
1.078,0.871,1.131,0.492,1.187,3.084,2.156,1.742,0.984
0.929,0.177,0.806,0.365,0.068,4.297,1.858,0.354,0.73
0.336,1.395,1.277,3.574,4.124,2.178,0.672,2.79,7.148
0.494,0.703,0.57,4.411,3.325,0.225,0.988,1.406,8.822
0.555,1.412,0.991,3.92,4.607,4.271,1.11,2.824,7.84
0.741,0.301,0.479,0.204,1.343,4.724,1.482,0.602,0.408
0.284,0.434,1.346,0.005,3.814,4.28,0.568,0.868,0.01
0.55,1.2,0.968,1.852,3.064,1.529,1.1,2.4,3.704
0.641,1.408,0.275,3.155,4.648,1.577,1.282,2.816,6.31
0.53,1.467,0.217,1.967,1.957,1.906,1.06,2.934,3.934
0.775,0.223,0.357,0.343,0.938,1.648,1.55,0.446,0.686
0.316,0.69,1.095,3.018,2.196,2.443,0.632,1.38,6.036
1.431,0.234,0.233,1.64,1.059,2.824,2.862,0.468,3.28
1.357,1.083,0.216,1.313,4.413,1.479,2.714,2.166,2.626
1.446,0.513,0.616,4.249,1.163,1.503,2.892,1.026,8.498
1.452,1.473,0.671,3.707,0.919,1.433,2.904,2.946,7.414
1.029,0.555,0.854,4.583,2.851,3.605,2.058,1.11,9.166
0.783,0.232,0.986,1.939,0.558,4.641,1.566,0.464,3.878
0.603,0.975,0.646,2.972,4.416,2.952,1.206,1.95,5.944
0.892,0.282,1.41,3.891,0.261,1.943,1.784,0.564,7.782
0.364,1.467,0.975,4.056,3.617,3.684,0.728,2.934,8.112
0.293,1.447,0.307,2.672,0.498,3.479,0.586,2.894,5.344
1.43,1.353,0.684,4.554,3.137,0.633,2.86,2.706,9.108
0.285,1.1,1.111,1.984,2.571,1.293,0.57,2.2,3.968
1.117,1.346,0.667,4.797,3.061,3.642,2.234,2.692,9.594
1.393,0.765,1.458,4.98,4.045,2.481,2.786,1.53,9.96
1.196,0.892,1.146,1.719,0.754,3.245,2.392,1.784,3.438
0.316,0.611,1.009,2.069,0.623,1.657,0.632,1.222,4.138
0.376,1.336,0.99,4.188,3.282,4.583,0.752,2.672,8.376
0.498,1.233,0.977,4.372,1.681,3.521,0.996,2.466,8.744
0.376,0.365,1.394,0.555,4.91,3.007,0.752,0.73,1.11
0.185,0.458,0.989,4.23,1.193,4.852,0.37,0.916,8.46
0.418,1.464,0.624,4.757,3.91,2.995,0.836,2.928,9.514
0.236,0.355,0.679,4.073,3.304,4.553,0.472,0.71,8.146
0.223,1.345,0.84,3.277,2.825,4.206,0.446,2.69,6.554
0.384,0.256,0.43,4.429,0.616,2.666,0.768,0.512,8.858
0.221,1.405,0.44,1.031,3.545,3.784,0.442,2.81,2.062
1.45,1.28,0.579,1.89,2.863,3.406,2.9,2.56,3.78
0.208,0.948,0.412,2.209,1.255,1.669,0.416,1.896,4.418
0.74,0.958,1.42,1.78,1.038,1.149,1.48,1.916,3.56
0.708,1.34,0.302,2.529,0.141,2.836,1.416,2.68,5.058
1.138,1.318,0.274,2.659,2.514,0.104,2.276,2.636,5.318
0.398,0.333,0.427,0.598,0.765,0.685,0.796,0.666,1.196
1.06,0.563,0.117,1.168,0.975,3.999,2.12,1.126,2.336
1.112,1.291,1.397,3.23,1.184,4.078,2.224,2.582,6.46
0.902,0.46,0.543,4.671,2.736,0.601,1.804,0.92,9.342
0.407,0.8,0.181,3.419,3.752,1.171,0.814,1.6,6.838
1.023,1.341,0.426,1.515,3.903,3.142,2.046,2.682,3.03
0.731,1.234,0.594,2.513,1.772,0.72,1.462,2.468,5.026
0.26,0.181,1.346,0.802,3.468,4.853,0.52,0.362,1.604
0.163,1.185,1.369,2.907,2.327,2.805,0.326,2.37,5.814
0.69,0.326,0.724,1.048,2.85,1.908,1.38,0.652,2.096
0.537,1.028,0.206,4.255,3.971,4.383,1.074,2.056,8.51
1.055,0.54,0.652,2.672,2.422,0.049,2.11,1.08,5.344
0.575,0.529,1.151,3.918,0.372,3.698,1.15,1.058,7.836
0.575,1.045,1.315,3.989,0.967,3.097,1.15,2.09,7.978
0.229,1.183,0.632,3.527,1.211,1.836,0.458,2.366,7.054
1.078,0.796,0.167,4.321,2.307,4.739,2.156,1.592,8.642
0.875,0.111,1.304,4.194,4.87,1.056,1.75,0.222,8.388
1.427,0.151,0.506,3.961,2.422,0.166,2.854,0.302,7.922
1.319,0.295,1.483,0.716,1.02,0.645,2.638,0.59,1.432
0.131,1.092,0.621,3.408,4.777,2.348,0.262,2.184,6.816
0.27,1.051,0.825,1.807,1.122,2.479,0.54,2.102,3.614
0.73,0.528,0.6,2.566,3.287,1.107,1.46,1.056,5.132
1.002,1.313,0.181,1.433,3.935,4.851,2.004,2.626,2.866
1.041,1.052,0.378,4.323,3.812,0.693,2.082,2.104,8.646
0.267,1.077,0.29,3.731,2.874,2.306,0.534,2.154,7.462
0.674,0.656,1.067,1.122,3.316,3.55,1.348,1.312,2.244
0.887,0.681,0.778,1.959,4.738,2.068,1.774,1.362,3.918
1.32,0.533,1.054,4.242,3.452,2.967,2.64,1.066,8.484
0.451,1.179,0.772,2.47,3.851,1.823,0.902,2.358,4.94
0.656,1.163,1.335,4.393,4.195,0.402,1.312,2.326,8.786
1.043,0.156,0.866,3.681,2.514,0.06,2.086,0.312,7.362
0.39,0.446,1.326,4.498,4.25,4.755,0.78,0.892,8.996
1.316,1.052,0.731,1.244,3.382,1.535,2.632,2.104,2.488
0.658,1.226,0.947,2.584,3.24,4.826,1.316,2.452,5.168
0.274,0.223,1.184,0.659,2.684,3.52,0.548,0.446,1.318
0.899,0.83,0.37,1.256,3.374,1.118,1.798,1.66,2.512
0.341,0.561,0.325,0.453,0.199,4.32,0.682,1.122,0.906
0.381,1.479,1.369,0.783,3.011,0.18,0.762,2.958,1.566
1.497,0.358,0.491,4.881,0.323,2.056,2.994,0.716,9.762
0.393,0.917,1.317,2.173,4.783,1.194,0.786,1.834,4.346
0.573,1.133,1.298,1.736,4.697,2.482,1.146,2.266,3.472
0.849,0.147,0.137,3.911,1.254,4.689,1.698,0.294,7.822
0.847,1.274,1.41,0.924,2.902,4.218,1.694,2.548,1.848
0.271,0.669,0.735,1.994,2.561,1.81,0.542,1.338,3.988
0.538,0.848,1.302,0.95,1.35,4.285,1.076,1.696,1.9
0.651,0.966,1.405,4.702,3.605,1.977,1.302,1.932,9.404
1.439,1.482,1.288,2.006,2.674,1.929,2.878,2.964,4.012
0.634,0.656,0.697,0.815,0.347,0.641,1.268,1.312,1.63
0.312,1.278,1.156,3.612,4.483,3.143,0.624,2.556,7.224
0.108,0.55,1.105,3.558,0.043,0.987,0.216,1.1,7.116
1.1,0.669,0.96,4.134,2.348,1.715,2.2,1.338,8.268
0.821,1.033,0.472,1.578,0.866,3.673,1.642,2.066,3.156
0.497,0.435,0.97,1.474,4.089,4.249,0.994,0.87,2.948
0.767,0.295,1.081,1.403,1.495,3.723,1.534,0.59,2.806
1.354,1.089,1.09,2.883,2.789,3.132,2.708,2.178,5.766
1.283,0.508,0.229,3.694,4.785,4.02,2.566,1.016,7.388
0.229,1.114,0.642,2.204,2.966,1.299,0.458,2.228,4.408
0.421,0.703,0.603,2.027,1.536,2.805,0.842,1.406,4.054
0.331,0.855,1.008,0.806,3.409,4.087,0.662,1.71,1.612
0.601,1.24,0.237,3.886,3.552,3.953,1.202,2.48,7.772
0.629,1.012,1.416,1.709,4.437,1.774,1.258,2.024,3.418
0.801,0.256,1.236,0.096,4.934,1.813,1.602,0.512,0.192
0.887,1.166,0.115,0.375,1.173,3.193,1.774,2.332,0.75
0.749,1.034,1.023,0.834,4.4,2.963,1.498,2.068,1.668
0.689,0.54,1.193,3.136,3.601,3.442,1.378,1.08,6.272
0.464,0.649,0.571,0.096,3.143,4.258,0.928,1.298,0.192
0.334,0.236,1.382,1.494,2.896,3.679,0.668,0.472,2.988
0.408,0.378,0.365,3.904,1.954,4.344,0.816,0.756,7.808
0.346,1.167,1.203,2.164,1.002,4.666,0.692,2.334,4.328
0.863,0.383,0.578,1.52,4.263,1.786,1.726,0.766,3.04
0.881,0.448,0.184,1.96,0.258,0.195,1.762,0.896,3.92
1.031,0.535,1.271,2.536,2.919,4.788,2.062,1.07,5.072
0.324,0.968,0.476,0.753,4.014,4.817,0.648,1.936,1.506
0.129,0.227,0.374,2.631,4.375,1.265,0.258,0.454,5.262
1.489,0.201,0.586,2.371,4.928,0.455,2.978,0.402,4.742
1.482,1.385,0.243,1.745,0.638,4.291,2.964,2.77,3.49
0.884,1.215,0.173,3.271,4.099,0.293,1.768,2.43,6.542
1.238,1.01,0.543,1.323,0.865,0.133,2.476,2.02,2.646
0.817,1.2,0.35,3.733,1.219,2.265,1.634,2.4,7.466
0.833,0.875,0.313,4.573,0.495,0.72,1.666,1.75,9.146
0.778,0.467,1.341,1.723,1.548,2.803,1.556,0.934,3.446
0.3,1.371,0.76,3.396,3.23,0.114,0.6,2.742,6.792
0.247,1.353,0.537,2.87,0.937,4.412,0.494,2.706,5.74
1.404,0.253,0.621,0.025,1.707,2.334,2.808,0.506,0.05
1.261,0.441,0.447,1.799,4.182,4.869,2.522,0.882,3.598
0.616,0.625,0.907,1.821,2.871,2.577,1.232,1.25,3.642
0.691,1.073,0.562,4.872,4.674,2.1,1.382,2.146,9.744
0.839,1.42,0.893,0.679,4.418,0.637,1.678,2.84,1.358
0.27,0.736,0.208,4.201,0.564,0.131,0.54,1.472,8.402
0.976,0.273,0.908,2.586,1.946,1.007,1.952,0.546,5.172
0.865,0.827,1.192,0.507,0.67,1.51,1.73,1.654,1.014
0.796,0.467,0.918,2.794,2.207,2.943,1.592,0.934,5.588
1.172,1.307,0.113,1.814,2.945,1.722,2.344,2.614,3.628
1.187,0.498,1.483,2.321,3.018,0.592,2.374,0.996,4.642
0.252,1.243,0.122,4.691,4.004,3.759,0.504,2.486,9.382
1.051,1.137,0.315,0.109,4.511,1.746,2.102,2.274,0.218
0.117,0.296,0.659,4.357,2.551,4.197,0.234,0.592,8.714
1.357,1.458,0.337,1.565,2.861,4.016,2.714,2.916,3.13
0.464,1.464,1.315,1.967,2.791,0.039,0.928,2.928,3.934
1.355,1.306,1.032,2.626,1.704,4.102,2.71,2.612,5.252
0.327,0.502,1.424,0.39,0.71,2.924,0.654,1.004,0.78
0.417,0.921,0.168,0.784,0.554,2.317,0.834,1.842,1.568
0.484,0.846,1.282,4.708,0.735,1.914,0.968,1.692,9.416
0.572,0.517,1.238,3.362,2.415,3.225,1.144,1.034,6.724
0.682,0.946,1.073,4.913,4.595,1.175,1.364,1.892,9.826
0.848,0.17,1.496,3.495,0.794,4.93,1.696,0.34,6.99
1.119,0.571,0.497,4.769,1.684,4.96,2.238,1.142,9.538
0.326,1.337,1.002,2.941,2.962,0.682,0.652,2.674,5.882
0.328,1.395,0.697,3.16,2.309,4.028,0.656,2.79,6.32
1.103,1.022,1.196,1.375,1.778,3.396,2.206,2.044,2.75
0.535,1.041,0.206,4.77,2.222,3.158,1.07,2.082,9.54
0.295,0.531,0.929,2.253,3.115,3.189,0.59,1.062,4.506
1.371,1.427,0.993,0.834,4.466,2.711,2.742,2.854,1.668
1.328,0.307,0.92,2.618,2.034,0.586,2.656,0.614,5.236
0.279,0.687,0.353,3.966,4.788,1.679,0.558,1.374,7.932
1.25,1.311,0.527,1.132,4.345,3.013,2.5,2.622,2.264
1.277,0.646,0.148,0.071,2.967,2.815,2.554,1.292,0.142
0.727,0.432,0.361,1.478,3.032,3.652,1.454,0.864,2.956
0.744,0.384,0.613,1.946,1.803,3.232,1.488,0.768,3.892
0.303,0.497,0.561,2.088,2.281,4.655,0.606,0.994,4.176
0.627,0.475,0.318,3.854,0.587,2.946,1.254,0.95,7.708
1.189,0.776,0.35,4.401,4.12,2.509,2.378,1.552,8.802
1.311,0.581,0.838,4.488,1.047,0.739,2.622,1.162,8.976
1.096,0.321,1.191,0.401,2.125,0.202,2.192,0.642,0.802
0.869,0.83,1.172,3.066,1.987,2.959,1.738,1.66,6.132
0.96,0.296,1.26,1.944,2.78,4.328,1.92,0.592,3.888
1.107,0.757,1.147,0.325,3.113,0.748,2.214,1.514,0.65
0.125,1.035,0.675,4.001,2.323,3.095,0.25,2.07,8.002
0.189,0.831,1.281,4.458,1.614,3.743,0.378,1.662,8.916
1.294,0.511,0.35,0.864,4.206,2.592,2.588,1.022,1.728
0.187,0.48,0.61,0.724,4.348,0.415,0.374,0.96,1.448
1.354,1.236,0.132,0.615,1.38,4.193,2.708,2.472,1.23
1.094,0.692,1.25,4.501,1.866,3.426,2.188,1.384,9.002
0.207,1.198,0.984,0.855,2.974,1.611,0.414,2.396,1.71
1.102,0.67,0.439,0.867,3.935,3.54,2.204,1.34,1.734
0.214,1.141,0.196,2.676,1.273,3.36,0.428,2.282,5.352
1.353,0.72,1.34,4.568,0.632,2.911,2.706,1.44,9.136
0.584,0.734,0.194,4.082,1.614,0.097,1.168,1.468,8.164
0.184,0.339,1.171,4.443,3.645,2.78,0.368,0.678,8.886
0.776,1.366,0.611,0.53,0.78,0.777,1.552,2.732,1.06
0.913,1.39,0.6,3.192,3.642,1.165,1.826,2.78,6.384
1.286,0.35,0.582,3.454,2.54,2.195,2.572,0.7,6.908
1.084,0.292,0.912,2.323,4.004,0.703,2.168,0.584,4.646
0.684,1.419,0.21,3.148,2.271,1.665,1.368,2.838,6.296
0.393,0.891,0.368,4.457,1.896,1.019,0.786,1.782,8.914
0.732,0.94,0.884,3.664,4.409,3.349,1.464,1.88,7.328
0.197,0.698,1.098,1.468,3.148,2.74,0.394,1.396,2.936
1.031,0.753,1.469,0.346,2.973,1.68,2.062,1.506,0.692
1.141,1.077,0.612,1.268,2.315,0.389,2.282,2.154,2.536
0.818,0.141,0.225,1.626,3.212,0.198,1.636,0.282,3.252
0.624,0.641,0.788,1.082,0.448,1.502,1.248,1.282,2.164
0.901,0.316,0.16,0.152,2.603,2.782,1.802,0.632,0.304
0.909,0.748,0.661,0.146,0.302,1.965,1.818,1.496,0.292
0.856,0.421,1.322,4.465,0.278,3.571,1.712,0.842,8.93
1.257,0.925,1.055,1.03,2.662,0.816,2.514,1.85,2.06
0.668,0.337,0.651,4.868,1.773,0.075,1.336,0.674,9.736
0.394,1.444,0.555,3.956,1.371,3.429,0.788,2.888,7.912
0.518,1.053,1.25,4.122,3.777,3.03,1.036,2.106,8.244
1.488,0.729,1.259,1.554,0.068,3.535,2.976,1.458,3.108
0.254,0.865,0.792,3.248,4.319,3.569,0.508,1.73,6.496
0.325,0.745,1.369,2.953,4.511,3.676,0.65,1.49,5.906
1.241,1.301,0.877,3.069,4.998,3.988,2.482,2.602,6.138
0.157,0.168,0.839,0.712,0.71,0.679,0.314,0.336,1.424
1.488,1.308,0.748,3.079,4.432,1.501,2.976,2.616,6.158
1.409,1.49,1.306,3.899,2.539,4.699,2.818,2.98,7.798
0.773,0.352,0.14,4.432,1.518,2.412,1.546,0.704,8.864
1.431,0.122,0.372,3.554,0.265,1.829,2.862,0.244,7.108
0.622,0.992,1.163,2.201,2.006,2.373,1.244,1.984,4.402
0.286,0.629,0.29,3.924,3.47,2.44,0.572,1.258,7.848
1.116,0.26,0.522,4.054,4.913,3.418,2.232,0.52,8.108
1.402,1.274,0.117,3.971,1.256,1.653,2.804,2.548,7.942
0.695,1.284,0.704,1.055,0.582,1.635,1.39,2.568,2.11
0.958,0.392,1.265,1.03,4.397,1.663,1.916,0.784,2.06
1.338,0.507,1.067,1.448,3.444,3.626,2.676,1.014,2.896
0.501,1.095,0.684,4.162,1.9,4.417,1.002,2.19,8.324
1.041,1.149,1.299,1.674,1.807,1.534,2.082,2.298,3.348
0.121,0.173,0.614,1.847,3.355,2.553,0.242,0.346,3.694
0.863,0.553,0.377,4.503,4.656,3.059,1.726,1.106,9.006
0.821,1.366,1.284,4.598,4.613,4.222,1.642,2.732,9.196
0.893,0.944,0.989,0.586,3.646,4.493,1.786,1.888,1.172
0.144,0.618,1.295,2.003,4.944,0.932,0.288,1.236,4.006
0.314,1.163,1.364,4.756,2.982,2.508,0.628,2.326,9.512
0.8,0.897,1.219,4.388,1.194,2.129,1.6,1.794,8.776
0.144,1.14,1.376,4.079,2.287,1.156,0.288,2.28,8.158
1.046,0.93,0.23,3.727,2.352,3.997,2.092,1.86,7.454
0.448,1.081,0.996,2.575,4.879,0.951,0.896,2.162,5.15
1.326,0.3,0.684,0.089,2.002,1.833,2.652,0.6,0.178
0.407,0.451,0.382,4.452,3.938,0.337,0.814,0.902,8.904
0.741,0.614,0.174,3.605,3.251,3.856,1.482,1.228,7.21
0.459,0.648,1.39,4.685,0.816,1.486,0.918,1.296,9.37
1.244,0.768,0.354,0.324,3.47,3.124,2.488,1.536,0.648
1.334,0.212,1.462,2.651,3.991,2.989,2.668,0.424,5.302
0.611,0.733,0.773,0.906,3.711,0.874,1.222,1.466,1.812
0.171,0.468,1.029,1.61,4.906,1.299,0.342,0.936,3.22
0.68,1.302,1.284,1.867,2.188,0.21,1.36,2.604,3.734
0.483,0.947,1.339,0.774,3.668,3.149,0.966,1.894,1.548
0.539,0.993,0.599,4.264,3.533,4.41,1.078,1.986,8.528
0.16,0.994,1.091,0.434,4.87,4.858,0.32,1.988,0.868
0.681,0.578,0.56,3.726,3.122,4.058,1.362,1.156,7.452
1.454,0.293,0.681,3.764,3.55,3.023,2.908,0.586,7.528
0.579,0.232,0.584,3.043,3.762,0.351,1.158,0.464,6.086
0.381,0.986,1.171,4.592,0.753,1.781,0.762,1.972,9.184
1.314,0.156,0.765,1.433,1.422,0.218,2.628,0.312,2.866
0.819,0.731,0.662,3.069,4.323,4.057,1.638,1.462,6.138
0.215,0.956,0.3,4.016,3.906,4.434,0.43,1.912,8.032
1.408,0.848,0.63,0.111,1.58,0.98,2.816,1.696,0.222
0.871,0.111,1.264,2.572,3.744,1.649,1.742,0.222,5.144
0.259,1.315,1.009,1.373,3.192,3.773,0.518,2.63,2.746
0.874,0.826,0.589,0.705,4.116,2.205,1.748,1.652,1.41
0.208,0.299,0.279,4.714,0.748,3.261,0.416,0.598,9.428
1.417,0.218,1.021,4.761,1.514,1.672,2.834,0.436,9.522
0.746,1.084,1.458,4.937,0.471,0.748,1.492,2.168,9.874
0.563,0.98,0.676,3.752,0.839,2.94,1.126,1.96,7.504
0.351,0.426,0.338,4.911,2.069,4.161,0.702,0.852,9.822
0.448,0.315,1.388,1.033,3.458,1.805,0.896,0.63,2.066
1.38,0.456,0.621,2.125,3.171,3.823,2.76,0.912,4.25
0.922,0.714,0.999,3.722,4.14,1.042,1.844,1.428,7.444
1.164,1.292,0.679,2.624,2.254,3.816,2.328,2.584,5.248
0.234,1.494,0.38,3.0,4.963,2.317,0.468,2.988,6.0
1.036,0.606,0.146,2.549,1.665,4.486,2.072,1.212,5.098
0.138,0.58,0.779,3.006,3.001,3.42,0.276,1.16,6.012
1.362,1.177,0.765,1.005,1.787,2.725,2.724,2.354,2.01
1.13,0.701,1.42,4.809,0.96,2.852,2.26,1.402,9.618
0.329,1.342,1.372,3.452,1.838,3.732,0.658,2.684,6.904
0.944,0.153,1.44,2.462,0.158,2.976,1.888,0.306,4.924
1.041,0.121,1.466,0.62,0.084,0.005,2.082,0.242,1.24
0.454,0.4,0.574,0.119,2.718,3.152,0.908,0.8,0.238
0.927,0.679,0.285,0.15,0.699,1.186,1.854,1.358,0.3
0.314,0.233,0.145,2.225,3.078,2.424,0.628,0.466,4.45
1.103,1.219,0.578,3.591,1.687,1.75,2.206,2.438,7.182
0.314,0.922,1.125,4.293,2.602,2.543,0.628,1.844,8.586
0.766,0.248,1.091,4.885,4.372,0.349,1.532,0.496,9.77
0.633,0.272,1.256,4.042,4.071,1.623,1.266,0.544,8.084
0.389,0.137,0.656,2.867,4.218,0.405,0.778,0.274,5.734
0.954,1.018,0.674,0.807,4.174,4.942,1.908,2.036,1.614
0.21,0.661,1.181,4.378,3.758,0.201,0.42,1.322,8.756
1.205,0.388,1.373,1.865,2.744,2.707,2.41,0.776,3.73
0.979,0.538,1.281,2.784,4.119,2.937,1.958,1.076,5.568
0.397,0.449,1.453,3.871,3.054,0.445,0.794,0.898,7.742
0.493,0.691,0.506,4.57,4.464,1.414,0.986,1.382,9.14
1.002,1.129,0.144,4.776,3.939,0.118,2.004,2.258,9.552
0.288,1.19,0.725,2.505,2.663,0.218,0.576,2.38,5.01
0.372,0.643,1.056,3.095,2.082,1.354,0.744,1.286,6.19
0.277,0.491,1.119,0.981,0.38,1.918,0.554,0.982,1.962
0.388,0.899,1.401,4.334,3.091,0.494,0.776,1.798,8.668
1.295,1.397,1.178,4.235,3.045,1.262,2.59,2.794,8.47
0.559,0.137,0.469,0.392,2.657,4.479,1.118,0.274,0.784
0.737,1.485,0.304,3.739,2.132,1.352,1.474,2.97,7.478
1.399,0.692,1.086,3.794,1.428,0.059,2.798,1.384,7.588
0.967,1.086,0.367,3.05,3.811,3.27,1.934,2.172,6.1
1.306,0.758,0.291,2.368,3.575,4.126,2.612,1.516,4.736
0.498,0.912,1.341,0.736,3.622,1.432,0.996,1.824,1.472
1.034,1.352,0.773,3.149,3.823,1.949,2.068,2.704,6.298
0.645,0.936,0.82,3.535,2.061,0.599,1.29,1.872,7.07
1.137,0.561,1.136,0.525,2.364,3.625,2.274,1.122,1.05
0.293,1.291,0.647,0.503,1.991,0.477,0.586,2.582,1.006
0.526,0.889,1.035,3.967,1.084,0.866,1.052,1.778,7.934
1.486,1.303,0.817,4.328,1.994,0.991,2.972,2.606,8.656
0.733,1.019,1.162,4.721,3.316,4.953,1.466,2.038,9.442
1.33,0.817,0.292,0.434,0.415,2.097,2.66,1.634,0.868
0.678,0.101,0.263,1.142,3.249,2.198,1.356,0.202,2.284
1.331,1.284,0.686,2.882,2.743,0.126,2.662,2.568,5.764
0.525,0.317,1.216,2.187,1.118,4.436,1.05,0.634,4.374
0.85,1.259,0.283,1.365,4.794,3.171,1.7,2.518,2.73
0.363,0.923,1.02,3.983,3.271,3.504,0.726,1.846,7.966
0.86,0.21,1.416,1.129,2.508,0.345,1.72,0.42,2.258
0.808,0.757,0.716,0.519,4.68,0.359,1.616,1.514,1.038
0.173,0.861,1.164,1.204,3.737,1.134,0.346,1.722,2.408
0.949,0.368,1.236,2.287,1.57,2.264,1.898,0.736,4.574
0.823,0.145,0.143,4.512,3.507,3.53,1.646,0.29,9.024
0.181,1.485,0.689,4.453,1.807,0.278,0.362,2.97,8.906
1.222,0.162,1.209,1.922,0.36,4.798,2.444,0.324,3.844
0.388,1.18,0.377,1.058,0.587,0.795,0.776,2.36,2.116
1.447,1.461,1.274,3.636,1.418,4.48,2.894,2.922,7.272
0.731,0.391,0.766,4.624,2.448,3.641,1.462,0.782,9.248
0.344,0.96,1.185,4.189,1.91,4.115,0.688,1.92,8.378
1.475,1.179,0.601,1.116,4.626,3.092,2.95,2.358,2.232
1.471,0.897,0.371,3.658,1.012,4.745,2.942,1.794,7.316
0.97,0.679,0.173,3.76,3.037,1.074,1.94,1.358,7.52
1.214,0.472,0.625,4.735,3.611,2.887,2.428,0.944,9.47
1.44,1.477,0.836,3.224,2.06,2.133,2.88,2.954,6.448
1.417,0.574,1.266,4.956,2.865,0.153,2.834,1.148,9.912
0.63,1.071,0.168,3.638,3.331,3.615,1.26,2.142,7.276
0.505,0.443,0.228,3.789,0.759,2.119,1.01,0.886,7.578
1.412,1.059,1.232,2.431,4.769,2.494,2.824,2.118,4.862
0.755,0.439,0.914,0.47,4.022,2.397,1.51,0.878,0.94
1.405,0.564,1.004,0.186,1.531,3.211,2.81,1.128,0.372
0.804,0.78,1.404,4.159,2.193,0.502,1.608,1.56,8.318
0.875,0.16,0.635,3.464,0.146,3.073,1.75,0.32,6.928
1.194,1.423,0.158,1.766,3.104,1.907,2.388,2.846,3.532
1.226,0.726,1.096,3.58,4.267,3.928,2.452,1.452,7.16
1.244,0.229,0.221,2.114,4.581,0.228,2.488,0.458,4.228
1.484,1.166,1.34,4.835,2.46,3.263,2.968,2.332,9.67
0.664,1.016,0.764,1.528,3.91,3.082,1.328,2.032,3.056
0.141,1.126,1.082,3.486,1.98,4.187,0.282,2.252,6.972
1.447,0.542,0.571,3.06,2.966,4.664,2.894,1.084,6.12
0.215,0.663,0.323,0.915,3.498,1.96,0.43,1.326,1.83
0.191,1.33,1.0,2.874,0.643,2.08,0.382,2.66,5.748
0.432,1.313,0.119,4.375,4.197,0.814,0.864,2.626,8.75
0.188,1.304,0.268,2.447,4.837,0.322,0.376,2.608,4.894
1.114,1.45,1.303,1.029,2.485,3.199,2.228,2.9,2.058
0.61,0.993,0.239,2.036,0.173,4.791,1.22,1.986,4.072
0.886,0.543,0.289,1.974,0.677,3.418,1.772,1.086,3.948
0.477,1.242,1.285,4.535,1.949,4.18,0.954,2.484,9.07
1.376,1.487,0.656,2.128,2.459,0.549,2.752,2.974,4.256
0.403,1.371,0.544,1.276,2.708,3.84,0.806,2.742,2.552
0.681,0.684,1.162,3.231,2.784,1.043,1.362,1.368,6.462
0.787,1.144,0.238,0.152,1.522,1.088,1.574,2.288,0.304
1.087,1.289,0.13,0.73,4.732,0.175,2.174,2.578,1.46
1.347,1.316,1.422,2.518,2.621,4.36,2.694,2.632,5.036
0.141,0.817,0.463,2.959,0.18,3.85,0.282,1.634,5.918
0.81,1.159,0.971,2.801,1.051,3.394,1.62,2.318,5.602
0.719,0.858,1.327,4.252,1.285,1.156,1.438,1.716,8.504
0.959,0.968,1.4,1.237,2.245,1.61,1.918,1.936,2.474
1.378,0.204,1.183,1.937,1.898,2.677,2.756,0.408,3.874
0.368,0.124,0.212,3.101,2.151,3.964,0.736,0.248,6.202
0.884,1.349,0.76,2.613,0.734,4.375,1.768,2.698,5.226
0.401,1.332,1.194,0.912,4.527,2.305,0.802,2.664,1.824
0.557,1.212,0.124,0.613,3.816,4.151,1.114,2.424,1.226
0.144,0.952,0.618,3.315,2.686,3.188,0.288,1.904,6.63
1.267,0.999,0.662,3.096,4.326,4.502,2.534,1.998,6.192
1.153,0.738,1.162,0.366,2.873,1.14,2.306,1.476,0.732
0.994,0.725,0.789,2.29,0.954,0.305,1.988,1.45,4.58
0.256,1.327,0.318,3.021,3.493,0.463,0.512,2.654,6.042
0.672,1.144,0.709,4.234,1.344,0.189,1.344,2.288,8.468
0.575,1.145,1.333,0.054,2.801,0.433,1.15,2.29,0.108
1.061,1.292,1.234,1.488,3.833,2.583,2.122,2.584,2.976
0.291,1.084,1.325,4.964,4.371,4.764,0.582,2.168,9.928
1.239,0.5,0.93,2.637,0.602,1.462,2.478,1.0,5.274
0.759,0.872,0.806,2.749,0.513,3.363,1.518,1.744,5.498
0.899,1.151,1.218,2.776,2.29,4.01,1.798,2.302,5.552
0.277,0.257,0.199,3.634,2.287,2.976,0.554,0.514,7.268
0.879,1.476,0.416,3.236,2.484,1.389,1.758,2.952,6.472
0.949,0.256,0.705,3.542,4.617,1.347,1.898,0.512,7.084
1.11,0.547,1.25,0.1,4.917,1.739,2.22,1.094,0.2
0.663,1.106,1.493,4.008,0.223,4.451,1.326,2.212,8.016
0.658,0.307,1.337,1.624,1.146,3.779,1.316,0.614,3.248
0.554,0.838,1.453,2.55,3.588,3.513,1.108,1.676,5.1
1.484,1.211,0.57,4.875,1.754,1.938,2.968,2.422,9.75
1.425,0.718,1.059,4.728,2.793,2.37,2.85,1.436,9.456
0.993,1.014,0.331,0.91,2.781,3.11,1.986,2.028,1.82
0.268,1.12,1.484,0.864,1.483,1.646,0.536,2.24,1.728
1.157,1.437,1.277,0.742,3.219,1.205,2.314,2.874,1.484
0.24,0.25,0.12,1.188,4.196,0.628,0.48,0.5,2.376
1.389,1.078,0.43,3.749,0.591,4.1,2.778,2.156,7.498
0.709,0.392,0.154,2.796,1.475,3.803,1.418,0.784,5.592
0.253,0.875,1.048,3.108,4.408,4.592,0.506,1.75,6.216
0.831,0.265,0.909,4.27,0.171,1.729,1.662,0.53,8.54
0.451,0.219,0.113,1.943,3.481,0.702,0.902,0.438,3.886
0.99,0.335,1.136,3.116,3.653,0.293,1.98,0.67,6.232
0.352,1.134,1.333,3.816,1.267,3.898,0.704,2.268,7.632
0.606,0.951,0.782,2.156,2.102,0.553,1.212,1.902,4.312
0.367,0.607,0.322,1.681,1.371,3.965,0.734,1.214,3.362
0.732,1.295,0.303,4.103,1.555,2.354,1.464,2.59,8.206
0.863,0.543,0.74,3.16,0.985,2.12,1.726,1.086,6.32
1.232,0.14,1.404,0.513,2.876,4.433,2.464,0.28,1.026
1.425,1.064,1.409,0.338,0.191,3.606,2.85,2.128,0.676
1.069,0.145,0.901,4.148,2.742,1.966,2.138,0.29,8.296
0.292,1.498,1.201,4.633,0.513,2.6,0.584,2.996,9.266
1.466,0.107,1.002,2.835,2.719,4.187,2.932,0.214,5.67
0.285,0.706,1.106,1.312,3.431,1.881,0.57,1.412,2.624
0.316,0.256,0.697,1.592,4.475,1.725,0.632,0.512,3.184
1.025,1.161,0.893,2.227,0.62,1.527,2.05,2.322,4.454
0.227,0.417,0.519,1.812,3.319,1.359,0.454,0.834,3.624
1.431,0.289,0.769,0.818,1.459,1.507,2.862,0.578,1.636
1.2,0.516,1.13,2.913,4.987,4.828,2.4,1.032,5.826
0.518,0.179,0.674,2.263,0.928,0.945,1.036,0.358,4.526
1.438,0.846,1.057,4.062,4.34,4.694,2.876,1.692,8.124
1.249,0.873,0.767,2.411,1.07,1.831,2.498,1.746,4.822
1.413,0.682,0.494,4.31,2.873,4.477,2.826,1.364,8.62
0.248,0.45,0.525,2.368,4.778,3.277,0.496,0.9,4.736
0.608,0.913,0.753,3.269,1.262,1.175,1.216,1.826,6.538
0.877,0.639,0.241,4.358,0.277,4.615,1.754,1.278,8.716
1.381,0.282,1.235,2.348,3.292,2.693,2.762,0.564,4.696
0.632,1.075,0.729,4.411,0.983,0.872,1.264,2.15,8.822
1.1,0.419,0.951,3.23,2.894,0.117,2.2,0.838,6.46
0.37,0.138,0.485,1.529,1.284,0.354,0.74,0.276,3.058
1.157,1.403,1.306,1.08,3.047,1.282,2.314,2.806,2.16
0.838,1.421,0.809,3.548,1.259,2.404,1.676,2.842,7.096
0.465,1.074,0.701,4.669,2.353,2.141,0.93,2.148,9.338
1.182,0.352,0.329,3.566,3.509,1.825,2.364,0.704,7.132
0.411,0.223,0.766,0.669,0.395,2.681,0.822,0.446,1.338
1.203,0.236,1.444,3.601,3.449,1.062,2.406,0.472,7.202
0.811,0.224,1.403,4.834,2.429,4.354,1.622,0.448,9.668
1.018,0.988,0.531,1.176,1.834,3.995,2.036,1.976,2.352
0.874,1.016,0.641,4.745,1.636,0.662,1.748,2.032,9.49
1.258,0.716,0.511,1.867,3.693,0.473,2.516,1.432,3.734
0.558,1.007,0.282,0.655,0.126,0.119,1.116,2.014,1.31
0.211,0.542,0.534,1.139,4.972,3.141,0.422,1.084,2.278
0.868,0.224,0.835,2.424,3.496,2.684,1.736,0.448,4.848
0.685,0.18,1.411,2.737,0.657,2.6,1.37,0.36,5.474
1.028,0.344,1.324,3.595,2.03,0.098,2.056,0.688,7.19
0.854,0.582,1.232,4.597,4.508,3.884,1.708,1.164,9.194
0.312,0.437,1.343,3.1,2.578,0.18,0.624,0.874,6.2
1.403,1.495,1.284,2.012,3.426,3.962,2.806,2.99,4.024
0.271,0.266,0.534,1.869,2.465,3.651,0.542,0.532,3.738
0.214,0.264,0.695,4.497,2.233,0.415,0.428,0.528,8.994
0.49,0.64,0.977,1.833,3.286,4.484,0.98,1.28,3.666
0.301,1.073,1.333,4.231,1.512,3.227,0.602,2.146,8.462
0.459,0.157,0.662,3.681,2.369,2.846,0.918,0.314,7.362
0.354,0.929,0.82,3.087,1.514,1.597,0.708,1.858,6.174
0.618,0.348,0.607,3.898,0.044,1.395,1.236,0.696,7.796
1.156,0.145,1.441,1.037,2.751,3.341,2.312,0.29,2.074
0.762,0.239,1.371,0.171,4.847,1.372,1.524,0.478,0.342
1.169,1.407,0.108,0.21,0.027,0.574,2.338,2.814,0.42
1.273,1.415,0.916,0.905,2.058,3.051,2.546,2.83,1.81
0.229,1.437,1.141,4.911,3.735,0.128,0.458,2.874,9.822
0.44,0.139,1.413,2.084,1.349,1.76,0.88,0.278,4.168
1.484,0.954,0.151,1.341,2.431,2.907,2.968,1.908,2.682
0.493,0.513,1.092,3.766,0.237,0.171,0.986,1.026,7.532
0.416,1.335,0.713,1.595,1.098,0.721,0.832,2.67,3.19
0.102,1.352,0.195,3.784,4.102,3.33,0.204,2.704,7.568
0.795,1.041,0.297,0.04,2.514,1.141,1.59,2.082,0.08
0.672,0.126,0.522,1.633,3.788,0.066,1.344,0.252,3.266
0.29,0.156,1.147,0.004,3.945,1.561,0.58,0.312,0.008
1.266,1.447,1.232,3.642,0.881,3.037,2.532,2.894,7.284
0.203,0.687,0.241,2.362,0.38,3.289,0.406,1.374,4.724
1.054,1.275,0.842,2.299,1.437,0.279,2.108,2.55,4.598
0.983,1.21,0.788,0.713,4.599,1.442,1.966,2.42,1.426
1.155,0.322,0.487,0.535,0.397,2.497,2.31,0.644,1.07
0.187,1.27,1.106,2.335,1.133,4.808,0.374,2.54,4.67
0.191,0.625,0.487,0.699,1.076,1.208,0.382,1.25,1.398
0.339,1.06,0.896,0.419,2.445,3.375,0.678,2.12,0.838
0.974,1.325,1.424,2.447,0.068,0.258,1.948,2.65,4.894
1.119,1.242,1.452,2.495,1.586,4.52,2.238,2.484,4.99
0.876,1.392,0.95,0.427,2.119,2.798,1.752,2.784,0.854
1.064,0.995,0.647,4.695,4.32,3.411,2.128,1.99,9.39
0.201,0.208,1.204,0.759,3.228,4.142,0.402,0.416,1.518
0.788,0.862,1.335,3.483,1.334,0.612,1.576,1.724,6.966
1.454,0.82,0.376,1.023,4.88,0.074,2.908,1.64,2.046
0.947,0.711,0.951,2.275,0.541,2.485,1.894,1.422,4.55
1.137,0.694,0.714,4.053,3.387,2.985,2.274,1.388,8.106
1.054,0.862,1.307,3.864,2.019,4.72,2.108,1.724,7.728
1.431,1.469,1.228,1.617,2.034,3.629,2.862,2.938,3.234
1.467,0.195,1.437,1.265,4.183,2.716,2.934,0.39,2.53
0.4,0.26,1.001,1.25,0.838,0.189,0.8,0.52,2.5
1.278,0.395,1.043,0.128,0.722,4.442,2.556,0.79,0.256
0.441,0.896,1.465,3.715,2.393,4.866,0.882,1.792,7.43
0.103,1.351,0.233,0.143,2.947,3.0,0.206,2.702,0.286
0.54,1.254,1.381,2.603,2.794,4.962,1.08,2.508,5.206
0.779,0.403,1.287,0.688,1.536,4.576,1.558,0.806,1.376
0.299,0.847,1.453,3.913,2.974,3.254,0.598,1.694,7.826
1.081,0.613,0.941,0.559,4.048,1.031,2.162,1.226,1.118
0.784,1.023,0.476,0.913,3.886,4.577,1.568,2.046,1.826
0.173,1.234,1.196,2.65,1.712,1.073,0.346,2.468,5.3
0.26,0.677,1.352,3.244,1.413,2.917,0.52,1.354,6.488
0.791,1.282,1.266,4.293,2.618,1.731,1.582,2.564,8.586
0.973,1.123,1.24,3.426,1.934,1.651,1.946,2.246,6.852
0.485,0.938,1.026,1.583,1.168,2.767,0.97,1.876,3.166
1.321,0.649,0.542,3.11,2.736,2.916,2.642,1.298,6.22
1.249,0.762,1.127,2.274,3.934,3.67,2.498,1.524,4.548
0.969,1.449,0.606,4.559,1.697,0.004,1.938,2.898,9.118
1.41,0.348,0.923,4.192,4.865,3.78,2.82,0.696,8.384
0.11,1.389,0.213,1.893,4.075,1.247,0.22,2.778,3.786
1.15,1.29,0.426,1.863,4.387,3.783,2.3,2.58,3.726
0.291,0.704,0.29,0.764,0.548,1.136,0.582,1.408,1.528
0.819,1.292,1.176,3.447,2.116,0.532,1.638,2.584,6.894
0.516,0.543,0.106,3.311,3.958,0.168,1.032,1.086,6.622
0.218,0.202,0.797,3.005,2.87,2.353,0.436,0.404,6.01
0.849,1.342,1.156,3.939,1.441,0.027,1.698,2.684,7.878
1.347,0.594,0.423,1.58,1.152,1.607,2.694,1.188,3.16
1.317,0.242,0.544,1.113,2.939,3.901,2.634,0.484,2.226
0.101,1.282,1.052,1.398,0.006,2.917,0.202,2.564,2.796
1.079,0.377,0.858,2.746,3.855,2.05,2.158,0.754,5.492
0.257,1.021,0.253,1.437,2.992,0.856,0.514,2.042,2.874
0.298,1.066,0.845,4.506,3.839,0.484,0.596,2.132,9.012
0.595,0.109,0.691,2.617,0.033,2.316,1.19,0.218,5.234
0.379,1.174,0.292,2.351,4.795,3.513,0.758,2.348,4.702
0.4,0.205,0.707,1.342,1.44,2.908,0.8,0.41,2.684
0.855,0.712,0.456,4.774,1.441,1.95,1.71,1.424,9.548
0.465,0.157,0.803,0.668,1.514,3.049,0.93,0.314,1.336
0.243,1.21,0.188,1.294,3.268,4.052,0.486,2.42,2.588
0.697,0.109,0.74,2.057,1.556,3.823,1.394,0.218,4.114
0.961,1.145,1.34,0.366,2.883,1.013,1.922,2.29,0.732
0.362,0.527,0.832,0.624,0.261,1.579,0.724,1.054,1.248
1.465,1.445,0.829,1.335,0.95,3.534,2.93,2.89,2.67
0.175,1.368,1.203,2.433,3.121,2.103,0.35,2.736,4.866
1.033,0.739,0.811,3.296,4.871,0.567,2.066,1.478,6.592
1.226,1.394,1.231,4.87,0.17,1.327,2.452,2.788,9.74
1.045,1.144,1.055,4.906,4.049,4.262,2.09,2.288,9.812
1.31,0.876,1.283,3.995,3.913,3.521,2.62,1.752,7.99
0.533,1.11,1.046,0.429,2.608,4.431,1.066,2.22,0.858
1.07,1.191,0.622,1.171,1.555,3.622,2.14,2.382,2.342
0.845,0.562,0.627,1.881,4.781,0.553,1.69,1.124,3.762
0.484,0.827,0.206,2.999,0.821,2.587,0.968,1.654,5.998
1.215,1.102,0.534,4.395,4.851,3.419,2.43,2.204,8.79
1.378,1.136,0.607,3.168,2.346,0.953,2.756,2.272,6.336
1.335,0.242,0.506,2.708,0.247,0.105,2.67,0.484,5.416
0.666,1.109,1.153,2.07,3.106,2.213,1.332,2.218,4.14
0.78,0.55,1.19,0.715,0.907,1.232,1.56,1.1,1.43
0.888,0.382,0.529,0.565,3.74,0.677,1.776,0.764,1.13
1.327,1.473,0.806,2.957,3.575,4.221,2.654,2.946,5.914
0.384,0.55,0.108,1.333,1.181,3.006,0.768,1.1,2.666
0.469,0.902,1.064,1.462,1.497,4.453,0.938,1.804,2.924
0.894,0.393,0.741,4.93,3.735,0.783,1.788,0.786,9.86
0.29,1.031,0.659,4.443,4.156,0.608,0.58,2.062,8.886
0.142,0.439,1.046,0.97,3.887,1.52,0.284,0.878,1.94
1.263,0.797,1.037,3.539,3.184,4.912,2.526,1.594,7.078
0.944,0.456,0.498,0.56,3.649,1.38,1.888,0.912,1.12
0.157,0.151,0.372,2.809,4.25,3.921,0.314,0.302,5.618
0.143,1.407,0.368,4.396,2.146,4.549,0.286,2.814,8.792
0.835,0.172,1.09,2.072,0.449,2.242,1.67,0.344,4.144
1.111,0.291,0.83,3.965,4.323,2.84,2.222,0.582,7.93
0.345,0.689,0.332,1.343,4.433,1.49,0.69,1.378,2.686
0.399,0.792,0.615,0.045,1.819,1.383,0.798,1.584,0.09
0.845,1.247,0.577,1.961,4.027,0.861,1.69,2.494,3.922
0.323,1.047,0.967,1.56,1.948,2.263,0.646,2.094,3.12
1.17,1.116,0.899,2.635,1.293,2.924,2.34,2.232,5.27
0.292,0.638,0.55,4.396,1.92,3.364,0.584,1.276,8.792
1.34,0.29,1.161,3.489,4.713,3.506,2.68,0.58,6.978
0.319,1.153,0.348,3.693,4.891,3.202,0.638,2.306,7.386
0.822,0.685,1.084,0.156,4.429,0.201,1.644,1.37,0.312
0.628,0.485,1.439,3.052,0.288,0.077,1.256,0.97,6.104
1.049,1.019,1.019,0.628,3.385,0.383,2.098,2.038,1.256
0.957,0.523,0.703,4.523,3.809,1.775,1.914,1.046,9.046
1.348,0.968,0.861,4.435,3.247,2.626,2.696,1.936,8.87
1.384,1.084,0.853,2.129,0.717,1.406,2.768,2.168,4.258
0.889,0.583,1.013,4.486,2.736,0.51,1.778,1.166,8.972
0.889,0.214,0.328,0.968,0.919,4.174,1.778,0.428,1.936
0.861,0.922,0.819,3.248,2.685,0.85,1.722,1.844,6.496
0.349,0.565,0.512,4.972,2.926,3.365,0.698,1.13,9.944
1.353,1.089,1.03,3.383,0.681,1.561,2.706,2.178,6.766
0.671,1.115,0.557,0.872,2.151,3.845,1.342,2.23,1.744
0.276,0.48,0.374,0.677,3.846,3.951,0.552,0.96,1.354
1.314,1.497,1.2,2.381,4.561,4.146,2.628,2.994,4.762
0.191,0.975,1.039,2.842,1.969,3.999,0.382,1.95,5.684
1.468,1.472,0.962,2.954,1.214,4.821,2.936,2.944,5.908
0.551,0.168,0.571,2.818,3.999,1.844,1.102,0.336,5.636
1.244,1.114,1.366,4.685,3.471,1.912,2.488,2.228,9.37
1.459,0.909,0.387,4.709,3.14,2.307,2.918,1.818,9.418
0.252,0.586,1.02,0.241,0.01,0.291,0.504,1.172,0.482
1.129,0.159,1.019,4.653,3.113,3.571,2.258,0.318,9.306
0.406,0.704,1.487,2.765,2.928,3.53,0.812,1.408,5.53
1.334,0.311,1.292,4.363,4.515,2.502,2.668,0.622,8.726
0.761,1.188,0.478,1.685,0.992,2.596,1.522,2.376,3.37
0.166,0.866,1.176,1.996,2.327,4.273,0.332,1.732,3.992
0.554,0.378,1.145,1.899,2.037,0.649,1.108,0.756,3.798
0.316,0.808,1.016,3.392,2.404,2.286,0.632,1.616,6.784
0.819,0.943,0.988,0.339,2.238,0.732,1.638,1.886,0.678
0.425,0.838,1.069,1.534,1.862,2.201,0.85,1.676,3.068
1.357,0.652,0.628,3.759,3.256,3.682,2.714,1.304,7.518
0.312,1.131,1.356,1.974,0.986,0.653,0.624,2.262,3.948
1.266,0.452,1.23,3.591,4.377,3.12,2.532,0.904,7.182
1.411,0.534,1.158,4.426,0.341,4.191,2.822,1.068,8.852
1.351,0.901,1.299,0.976,1.08,0.901,2.702,1.802,1.952
1.214,0.961,0.732,3.727,2.216,3.644,2.428,1.922,7.454
0.32,1.356,0.956,4.953,3.081,1.241,0.64,2.712,9.906
0.202,1.442,1.306,1.874,1.077,0.166,0.404,2.884,3.748
0.949,1.378,1.483,1.487,0.073,1.334,1.898,2.756,2.974
0.127,1.416,0.895,2.391,1.764,3.191,0.254,2.832,4.782
1.251,1.347,1.221,3.294,2.433,3.189,2.502,2.694,6.588
0.893,1.345,0.414,0.983,2.157,3.049,1.786,2.69,1.966
0.935,0.461,0.754,3.907,1.497,4.531,1.87,0.922,7.814
0.416,0.439,1.215,2.92,1.409,1.507,0.832,0.878,5.84
0.713,1.32,0.571,0.666,4.336,3.009,1.426,2.64,1.332
0.538,0.436,0.537,4.156,4.389,4.483,1.076,0.872,8.312
1.11,0.662,0.385,3.27,1.342,3.137,2.22,1.324,6.54
0.596,0.729,0.88,1.833,2.632,3.101,1.192,1.458,3.666
1.309,0.387,1.344,4.476,4.561,1.221,2.618,0.774,8.952
1.385,0.674,0.991,2.719,4.335,2.278,2.77,1.348,5.438
0.375,1.057,1.349,0.271,3.893,2.611,0.75,2.114,0.542
0.77,1.451,0.113,1.052,4.028,0.891,1.54,2.902,2.104
0.143,0.794,0.405,1.138,1.773,4.497,0.286,1.588,2.276
0.979,0.14,1.404,1.083,2.814,3.163,1.958,0.28,2.166
0.768,0.881,0.317,3.403,0.461,3.565,1.536,1.762,6.806
1.455,0.367,1.205,2.905,1.497,3.017,2.91,0.734,5.81
0.577,0.234,1.141,2.321,1.953,2.556,1.154,0.468,4.642
0.867,0.487,0.798,2.963,4.002,4.87,1.734,0.974,5.926
0.341,0.666,0.317,2.567,0.982,0.935,0.682,1.332,5.134
0.529,0.147,0.895,4.426,1.614,4.604,1.058,0.294,8.852
1.12,0.859,1.29,0.563,2.645,2.304,2.24,1.718,1.126
1.055,0.345,0.95,3.309,0.878,3.396,2.11,0.69,6.618
1.108,0.275,0.549,3.819,3.897,3.482,2.216,0.55,7.638
0.879,1.001,1.467,4.225,3.385,1.601,1.758,2.002,8.45
0.303,0.434,1.04,2.897,4.624,2.038,0.606,0.868,5.794
0.756,0.13,1.171,1.325,2.464,1.581,1.512,0.26,2.65
0.848,1.226,0.849,4.079,0.151,1.789,1.696,2.452,8.158
1.349,0.864,0.454,3.526,3.303,0.217,2.698,1.728,7.052
1.179,0.785,1.032,0.924,2.501,3.91,2.358,1.57,1.848
0.911,0.695,0.813,0.909,0.679,2.777,1.822,1.39,1.818
0.499,0.353,1.157,4.251,1.112,4.975,0.998,0.706,8.502
1.124,0.932,1.154,1.341,1.74,1.695,2.248,1.864,2.682
0.8,0.362,1.257,2.434,3.387,0.44,1.6,0.724,4.868
1.101,1.24,1.31,1.868,3.228,4.478,2.202,2.48,3.736
0.115,0.921,0.997,3.431,1.393,0.877,0.23,1.842,6.862
0.192,1.394,1.005,4.783,3.798,0.361,0.384,2.788,9.566
1.021,0.619,0.548,2.248,4.722,2.365,2.042,1.238,4.496
1.202,1.278,1.207,0.866,1.978,2.558,2.404,2.556,1.732
0.211,1.203,1.37,2.082,0.753,1.114,0.422,2.406,4.164
1.116,0.93,0.114,2.094,3.333,0.476,2.232,1.86,4.188
0.132,1.01,0.923,4.281,3.885,2.222,0.264,2.02,8.562
1.029,1.223,1.191,1.835,3.891,0.606,2.058,2.446,3.67
0.791,0.812,0.363,1.92,4.7,4.512,1.582,1.624,3.84
1.451,0.969,1.243,0.883,0.437,3.401,2.902,1.938,1.766
1.085,0.265,0.92,3.458,0.252,4.08,2.17,0.53,6.916
1.489,0.279,1.021,2.516,4.644,3.713,2.978,0.558,5.032
0.691,0.332,0.995,2.142,1.284,1.076,1.382,0.664,4.284
0.73,1.294,0.394,3.243,2.517,2.796,1.46,2.588,6.486
1.108,0.213,0.158,1.17,2.211,3.227,2.216,0.426,2.34
1.454,0.502,0.596,4.993,1.759,0.566,2.908,1.004,9.986
1.402,1.485,0.126,0.983,0.456,4.885,2.804,2.97,1.966
0.498,1.433,0.468,2.623,0.582,2.646,0.996,2.866,5.246
1.1,0.254,0.376,0.104,0.359,1.228,2.2,0.508,0.208
0.29,1.489,0.394,0.857,3.979,1.174,0.58,2.978,1.714
0.816,1.257,0.168,0.439,3.46,4.091,1.632,2.514,0.878
0.109,0.878,0.26,1.013,3.052,4.091,0.218,1.756,2.026
0.274,1.27,1.432,2.882,3.515,1.821,0.548,2.54,5.764
1.309,0.112,1.331,4.763,3.712,2.711,2.618,0.224,9.526
0.688,1.022,0.682,2.622,1.948,1.291,1.376,2.044,5.244
0.334,1.328,0.559,3.652,0.544,4.827,0.668,2.656,7.304
1.408,1.454,0.296,4.539,0.7,0.691,2.816,2.908,9.078
1.241,1.108,0.853,4.299,3.025,2.236,2.482,2.216,8.598
1.238,1.168,0.42,0.653,2.152,4.522,2.476,2.336,1.306
0.892,0.681,1.122,0.896,0.464,3.981,1.784,1.362,1.792
0.943,0.616,0.345,0.81,3.842,0.185,1.886,1.232,1.62
0.124,0.612,0.594,4.547,4.26,2.271,0.248,1.224,9.094
0.874,0.593,0.317,0.178,1.633,1.286,1.748,1.186,0.356
1.429,1.159,0.87,1.275,1.337,4.74,2.858,2.318,2.55
0.358,1.132,0.999,4.85,0.106,3.905,0.716,2.264,9.7
1.184,0.165,1.429,4.231,2.019,2.306,2.368,0.33,8.462
1.147,0.985,1.301,1.571,3.742,2.807,2.294,1.97,3.142
1.231,0.521,1.386,0.52,1.859,2.309,2.462,1.042,1.04
1.18,1.497,1.237,3.624,3.621,0.38,2.36,2.994,7.248
0.277,0.758,0.818,4.547,2.0,2.717,0.554,1.516,9.094
1.194,0.452,1.403,1.333,1.792,2.298,2.388,0.904,2.666
0.449,1.038,0.807,2.806,0.195,2.759,0.898,2.076,5.612
0.101,1.292,1.49,0.69,2.009,3.835,0.202,2.584,1.38
1.367,1.095,0.909,2.096,0.696,1.181,2.734,2.19,4.192
1.251,1.083,1.098,1.362,1.856,1.54,2.502,2.166,2.724
0.858,0.996,1.058,2.576,0.555,3.165,1.716,1.992,5.152
0.693,0.416,0.735,4.77,0.883,2.449,1.386,0.832,9.54
1.35,0.938,0.695,1.282,1.432,3.553,2.7,1.876,2.564
1.063,0.485,0.934,0.087,0.081,4.783,2.126,0.97,0.174
1.339,1.469,1.281,3.413,2.74,0.726,2.678,2.938,6.826
1.193,1.234,0.978,3.606,3.441,4.776,2.386,2.468,7.212
1.161,0.565,0.861,4.605,4.306,1.491,2.322,1.13,9.21
1.107,0.192,0.791,3.969,4.798,1.312,2.214,0.384,7.938
0.206,0.548,1.01,3.009,0.541,2.549,0.412,1.096,6.018
0.58,1.346,1.48,0.6,3.54,3.346,1.16,2.692,1.2
1.024,1.376,0.576,1.447,3.276,3.579,2.048,2.752,2.894
0.98,1.382,0.798,4.906,3.309,2.662,1.96,2.764,9.812
0.568,0.389,0.616,1.753,2.919,4.803,1.136,0.778,3.506
1.37,0.299,1.46,1.102,3.846,1.332,2.74,0.598,2.204
0.371,1.271,1.239,2.894,0.502,2.897,0.742,2.542,5.788
0.661,0.231,1.426,3.38,3.407,0.627,1.322,0.462,6.76
0.295,1.089,0.546,0.503,3.389,4.825,0.59,2.178,1.006
0.938,1.111,1.284,4.822,4.549,4.44,1.876,2.222,9.644
1.268,1.48,0.783,2.069,1.826,3.224,2.536,2.96,4.138
0.838,1.131,0.898,2.685,4.967,4.294,1.676,2.262,5.37
0.64,0.541,0.458,1.395,0.017,0.637,1.28,1.082,2.79
1.328,0.108,0.575,3.205,4.31,2.534,2.656,0.216,6.41
1.431,1.089,0.754,4.36,3.683,0.658,2.862,2.178,8.72
0.117,0.685,1.152,0.705,4.934,4.806,0.234,1.37,1.41
1.311,0.442,1.059,2.65,0.732,1.134,2.622,0.884,5.3
0.278,1.316,0.333,1.421,1.454,2.137,0.556,2.632,2.842
0.865,0.386,1.244,0.638,2.454,3.744,1.73,0.772,1.276
1.311,1.303,0.73,3.582,1.94,1.805,2.622,2.606,7.164
1.128,0.284,0.427,1.25,4.698,4.733,2.256,0.568,2.5
0.547,0.791,1.051,1.656,3.303,0.587,1.094,1.582,3.312
0.579,0.176,0.321,4.043,0.15,2.985,1.158,0.352,8.086
1.308,0.703,1.428,4.578,1.392,3.933,2.616,1.406,9.156
1.407,0.681,0.296,2.7,1.579,0.709,2.814,1.362,5.4
0.963,0.553,0.346,0.593,1.471,2.657,1.926,1.106,1.186
0.372,0.154,0.135,2.989,3.347,0.939,0.744,0.308,5.978
0.549,1.294,0.725,2.498,3.478,0.629,1.098,2.588,4.996
1.191,1.088,1.046,4.72,0.23,0.775,2.382,2.176,9.44
0.919,1.242,0.519,1.155,3.242,4.078,1.838,2.484,2.31
0.44,1.116,0.652,3.365,2.043,1.657,0.88,2.232,6.73
1.006,0.3,0.827,1.937,1.836,3.975,2.012,0.6,3.874
1.344,1.0,0.735,2.302,4.684,2.446,2.688,2.0,4.604
0.472,0.356,0.413,2.491,3.802,1.598,0.944,0.712,4.982
0.28,1.49,0.739,0.656,2.791,4.621,0.56,2.98,1.312
0.803,1.246,0.249,2.399,0.575,4.474,1.606,2.492,4.798
1.329,0.836,0.187,4.871,2.977,1.45,2.658,1.672,9.742
0.798,1.072,0.684,0.903,4.187,4.68,1.596,2.144,1.806
0.688,0.94,1.447,1.439,2.602,0.161,1.376,1.88,2.878
0.233,0.182,0.754,3.499,0.563,1.167,0.466,0.364,6.998
0.627,1.312,0.146,2.537,4.886,3.303,1.254,2.624,5.074
0.758,0.674,0.877,1.569,1.223,3.321,1.516,1.348,3.138
0.302,0.137,1.234,1.457,1.766,0.954,0.604,0.274,2.914
1.292,0.282,0.643,1.896,4.155,1.342,2.584,0.564,3.792
1.164,0.567,0.28,1.635,0.707,1.454,2.328,1.134,3.27
0.931,0.423,1.499,4.846,3.684,1.274,1.862,0.846,9.692
0.157,0.715,0.286,0.573,4.264,4.803,0.314,1.43,1.146
0.815,0.284,0.932,3.11,1.644,1.074,1.63,0.568,6.22
0.763,1.144,0.657,3.02,4.057,1.343,1.526,2.288,6.04
1.306,1.137,1.194,2.567,2.352,3.006,2.612,2.274,5.134
0.745,0.871,0.721,1.351,2.68,4.685,1.49,1.742,2.702
0.771,0.721,0.539,3.119,1.103,1.759,1.542,1.442,6.238
0.299,1.432,1.045,4.483,1.947,0.377,0.598,2.864,8.966
0.915,1.269,1.298,4.482,2.139,4.498,1.83,2.538,8.964
0.951,1.477,0.859,4.727,3.355,3.975,1.902,2.954,9.454
0.303,0.827,1.031,1.482,4.336,1.5,0.606,1.654,2.964
1.199,0.623,0.92,1.905,2.153,3.05,2.398,1.246,3.81
0.667,0.167,1.276,2.328,3.298,4.882,1.334,0.334,4.656
0.158,0.135,0.174,2.027,2.152,3.278,0.316,0.27,4.054
0.175,0.688,0.432,2.842,1.096,0.71,0.35,1.376,5.684
0.303,0.37,0.793,1.154,2.705,3.282,0.606,0.74,2.308
0.967,0.949,1.011,4.757,2.94,3.184,1.934,1.898,9.514
1.182,0.903,0.872,4.988,2.87,2.2,2.364,1.806,9.976
0.522,0.546,1.479,0.449,2.555,1.662,1.044,1.092,0.898
1.48,0.821,1.294,0.205,1.984,2.073,2.96,1.642,0.41
1.291,0.687,1.002,2.181,2.927,3.863,2.582,1.374,4.362
0.183,0.308,1.071,3.309,0.914,2.516,0.366,0.616,6.618
0.721,0.183,0.325,0.107,2.651,3.629,1.442,0.366,0.214
0.204,0.124,0.647,4.555,2.262,0.171,0.408,0.248,9.11
0.608,0.653,0.437,4.078,0.282,2.323,1.216,1.306,8.156
1.465,0.833,0.195,0.197,4.705,4.982,2.93,1.666,0.394
0.653,1.168,0.394,1.005,2.765,3.006,1.306,2.336,2.01
0.66,0.925,0.45,1.873,1.183,3.76,1.32,1.85,3.746
0.567,1.386,0.496,3.64,0.846,3.399,1.134,2.772,7.28
0.111,0.439,0.548,1.333,1.184,3.857,0.222,0.878,2.666
0.129,0.94,0.321,2.293,1.654,0.808,0.258,1.88,4.586
0.924,0.469,0.302,1.192,3.592,2.386,1.848,0.938,2.384
0.26,0.714,0.753,0.174,1.343,0.584,0.52,1.428,0.348
0.772,0.895,1.429,3.716,2.506,0.295,1.544,1.79,7.432
0.261,0.593,1.163,3.244,4.395,2.935,0.522,1.186,6.488
0.448,1.481,0.476,3.098,1.345,1.465,0.896,2.962,6.196
1.265,1.114,1.102,3.164,0.092,2.343,2.53,2.228,6.328
1.312,1.232,0.768,1.981,4.718,0.101,2.624,2.464,3.962
0.552,0.568,0.518,0.389,1.047,2.46,1.104,1.136,0.778
0.219,0.558,1.177,3.243,0.331,4.439,0.438,1.116,6.486
0.963,1.392,1.289,1.506,2.208,1.208,1.926,2.784,3.012
0.597,1.448,1.298,1.289,0.097,0.896,1.194,2.896,2.578
0.496,1.496,1.328,0.691,3.091,0.443,0.992,2.992,1.382
0.1,1.074,0.857,0.88,1.685,0.783,0.2,2.148,1.76
0.124,1.292,0.865,2.178,4.115,3.811,0.248,2.584,4.356
0.351,1.102,0.185,2.571,3.719,3.108,0.702,2.204,5.142
0.358,0.786,1.182,2.342,4.127,0.577,0.716,1.572,4.684
0.263,0.113,1.184,0.347,4.401,1.417,0.526,0.226,0.694
1.282,1.348,0.551,4.579,3.884,1.322,2.564,2.696,9.158
0.395,1.157,0.675,0.863,3.723,2.569,0.79,2.314,1.726
0.453,0.98,0.316,0.365,3.049,1.307,0.906,1.96,0.73
0.418,0.823,0.684,0.373,2.994,4.095,0.836,1.646,0.746
1.402,0.144,0.695,1.648,2.002,2.584,2.804,0.288,3.296
0.454,1.06,0.907,2.688,2.043,0.282,0.908,2.12,5.376
0.852,0.36,1.398,3.009,2.154,0.456,1.704,0.72,6.018
0.313,1.419,0.981,3.414,4.256,3.147,0.626,2.838,6.828
0.329,0.947,0.727,2.811,3.71,1.162,0.658,1.894,5.622
0.505,0.608,0.478,3.17,3.981,4.77,1.01,1.216,6.34
0.517,0.884,0.414,3.417,2.128,1.97,1.034,1.768,6.834
1.133,0.641,0.634,3.517,2.768,3.51,2.266,1.282,7.034
0.243,0.428,0.484,4.003,2.815,4.956,0.486,0.856,8.006
0.644,0.388,0.17,1.122,0.113,2.01,1.288,0.776,2.244
1.268,0.999,1.452,2.401,1.928,1.264,2.536,1.998,4.802
0.654,0.926,1.193,1.663,2.09,3.624,1.308,1.852,3.326
1.211,0.72,1.202,3.307,4.969,0.716,2.422,1.44,6.614
0.765,0.382,0.348,3.457,1.755,4.639,1.53,0.764,6.914
0.718,0.581,1.255,2.539,0.893,1.774,1.436,1.162,5.078
0.903,0.986,0.925,1.715,0.593,1.154,1.806,1.972,3.43
0.836,0.831,1.17,4.768,4.212,2.658,1.672,1.662,9.536
1.383,0.64,0.161,0.546,1.181,2.758,2.766,1.28,1.092
1.296,0.952,0.505,1.77,3.975,2.988,2.592,1.904,3.54
0.73,0.665,1.034,3.894,4.782,1.298,1.46,1.33,7.788
1.049,0.46,0.722,2.174,4.887,3.877,2.098,0.92,4.348
0.947,0.418,1.242,2.468,0.5,4.644,1.894,0.836,4.936
1.343,1.225,1.306,4.768,1.494,1.696,2.686,2.45,9.536
0.733,0.224,0.743,1.914,4.147,3.546,1.466,0.448,3.828
0.883,1.16,0.102,4.554,3.811,1.983,1.766,2.32,9.108
1.451,0.981,0.466,1.199,1.467,1.117,2.902,1.962,2.398
0.907,0.121,0.175,1.874,2.033,2.913,1.814,0.242,3.748
0.794,1.436,0.932,2.46,4.534,3.862,1.588,2.872,4.92
0.804,0.291,1.251,3.686,0.732,0.828,1.608,0.582,7.372
0.491,1.096,1.122,4.592,0.212,3.17,0.982,2.192,9.184
1.308,0.492,1.428,2.402,2.225,1.756,2.616,0.984,4.804
1.467,0.939,1.186,2.747,3.73,3.868,2.934,1.878,5.494
1.437,0.233,1.35,3.384,3.389,4.065,2.874,0.466,6.768
0.171,0.806,0.224,1.375,3.917,1.932,0.342,1.612,2.75
0.37,1.391,1.063,0.597,3.215,0.65,0.74,2.782,1.194
1.055,1.116,0.929,0.861,1.79,0.557,2.11,2.232,1.722
1.465,0.368,1.231,3.37,0.191,4.552,2.93,0.736,6.74
0.109,1.203,1.025,4.408,3.233,0.433,0.218,2.406,8.816
1.363,1.3,1.329,0.539,4.592,4.969,2.726,2.6,1.078
0.233,0.598,1.211,0.613,4.798,4.392,0.466,1.196,1.226
1.207,0.895,0.913,0.341,3.387,3.175,2.414,1.79,0.682
0.981,0.719,0.577,0.952,1.284,0.972,1.962,1.438,1.904
1.371,1.165,0.447,2.015,1.116,4.547,2.742,2.33,4.03
0.219,1.242,0.861,3.724,1.252,1.762,0.438,2.484,7.448
1.426,0.542,0.336,4.154,2.867,0.453,2.852,1.084,8.308
1.439,0.387,1.17,4.979,3.578,0.627,2.878,0.774,9.958
0.82,1.231,0.534,3.868,0.322,4.418,1.64,2.462,7.736
0.576,0.333,0.979,1.587,3.721,0.637,1.152,0.666,3.174
0.251,1.497,0.556,0.233,4.39,2.554,0.502,2.994,0.466
0.505,0.49,0.408,2.698,1.712,1.366,1.01,0.98,5.396
1.061,0.815,1.037,0.821,2.036,3.007,2.122,1.63,1.642
0.799,1.0,1.188,3.284,0.011,3.034,1.598,2.0,6.568
0.26,0.748,0.732,0.722,3.086,1.835,0.52,1.496,1.444
0.828,0.669,0.889,4.519,4.149,3.713,1.656,1.338,9.038
0.999,0.105,0.113,4.677,1.783,2.266,1.998,0.21,9.354
0.5,0.371,0.694,4.212,3.039,2.033,1.0,0.742,8.424
1.224,0.973,0.155,4.491,3.73,3.796,2.448,1.946,8.982
0.654,0.802,1.426,3.651,0.6,3.994,1.308,1.604,7.302
1.443,0.336,0.119,1.519,0.871,0.354,2.886,0.672,3.038
0.793,0.12,0.167,2.209,2.343,1.422,1.586,0.24,4.418
0.615,1.112,1.166,1.17,4.483,4.6,1.23,2.224,2.34
0.923,1.312,1.157,2.973,0.207,3.694,1.846,2.624,5.946
1.406,0.898,0.727,0.164,0.974,0.122,2.812,1.796,0.328
1.315,0.781,0.44,0.197,1.181,4.331,2.63,1.562,0.394
0.304,0.149,0.68,3.144,0.254,0.94,0.608,0.298,6.288
0.485,1.163,1.24,0.347,1.62,2.933,0.97,2.326,0.694
0.555,1.311,1.329,0.142,3.61,4.498,1.11,2.622,0.284
0.967,0.552,0.395,4.09,3.722,1.871,1.934,1.104,8.18
1.288,0.207,1.241,0.878,3.529,2.304,2.576,0.414,1.756
0.346,1.092,1.2,2.092,1.197,4.951,0.692,2.184,4.184
0.651,0.712,0.47,0.806,4.542,0.97,1.302,1.424,1.612
1.397,0.992,0.999,3.089,2.521,0.05,2.794,1.984,6.178
0.787,1.326,1.484,4.927,1.663,1.157,1.574,2.652,9.854
1.02,0.728,1.142,2.421,2.82,4.129,2.04,1.456,4.842
0.322,1.402,0.348,0.324,4.948,2.7,0.644,2.804,0.648
0.527,1.025,0.579,4.521,1.616,3.922,1.054,2.05,9.042
1.265,0.372,0.43,0.948,2.688,4.231,2.53,0.744,1.896
0.565,0.279,1.337,0.621,4.133,4.616,1.13,0.558,1.242
0.957,1.01,1.314,0.085,3.172,4.343,1.914,2.02,0.17
0.33,0.484,0.925,1.566,0.711,3.753,0.66,0.968,3.132
0.981,1.097,1.351,3.948,2.813,2.07,1.962,2.194,7.896
0.15,1.271,1.003,1.023,3.617,1.733,0.3,2.542,2.046
0.234,1.007,0.804,2.746,2.947,1.1,0.468,2.014,5.492
0.125,0.577,0.106,2.193,1.879,0.488,0.25,1.154,4.386
0.479,0.816,0.115,4.814,1.738,0.302,0.958,1.632,9.628
0.792,0.129,1.49,2.309,0.714,3.9,1.584,0.258,4.618
1.459,0.742,1.176,2.698,3.029,4.643,2.918,1.484,5.396
0.165,0.206,0.262,2.795,4.853,4.617,0.33,0.412,5.59
0.658,1.323,1.027,2.027,1.461,2.947,1.316,2.646,4.054
0.11,1.142,1.144,2.722,1.043,1.624,0.22,2.284,5.444
0.802,1.433,0.213,3.173,4.39,1.57,1.604,2.866,6.346
0.703,0.477,0.155,0.007,4.462,0.068,1.406,0.954,0.014
1.142,0.496,1.146,1.275,1.441,3.047,2.284,0.992,2.55
0.532,1.322,1.277,4.301,2.944,1.462,1.064,2.644,8.602
1.223,1.168,0.544,0.173,4.342,2.901,2.446,2.336,0.346
0.577,1.297,1.029,0.9,2.973,3.69,1.154,2.594,1.8
0.487,0.36,1.157,3.201,0.986,2.6,0.974,0.72,6.402
1.344,0.948,0.191,1.115,0.828,0.797,2.688,1.896,2.23
0.494,0.826,1.149,2.399,4.94,1.525,0.988,1.652,4.798
1.387,0.705,0.814,2.59,0.829,3.005,2.774,1.41,5.18
0.812,0.539,0.394,3.26,1.755,0.986,1.624,1.078,6.52
1.057,1.402,0.843,3.866,0.613,0.19,2.114,2.804,7.732
0.25,0.602,0.921,3.983,1.213,3.469,0.5,1.204,7.966
1.28,0.43,0.787,3.27,4.076,2.593,2.56,0.86,6.54
0.362,1.054,0.612,0.518,2.492,2.615,0.724,2.108,1.036
0.833,1.423,0.848,0.211,3.271,0.351,1.666,2.846,0.422
1.03,1.23,1.032,0.545,0.676,4.346,2.06,2.46,1.09
0.253,0.972,0.966,1.317,0.834,0.204,0.506,1.944,2.634
0.115,0.973,0.873,3.045,1.708,4.221,0.23,1.946,6.09
1.087,0.723,0.555,2.771,2.181,3.273,2.174,1.446,5.542
0.314,1.306,1.231,2.083,4.206,2.913,0.628,2.612,4.166
0.691,0.907,1.018,2.788,3.035,0.537,1.382,1.814,5.576
0.325,0.547,0.979,3.17,2.73,1.336,0.65,1.094,6.34
0.162,0.437,1.097,0.532,1.152,4.015,0.324,0.874,1.064
0.615,0.377,0.289,2.265,2.648,3.679,1.23,0.754,4.53
1.282,0.793,1.413,1.542,3.068,0.266,2.564,1.586,3.084
1.104,1.275,0.288,0.861,3.372,4.625,2.208,2.55,1.722
0.795,1.098,0.22,1.655,4.777,2.96,1.59,2.196,3.31
0.5,1.394,1.41,4.531,2.492,0.694,1.0,2.788,9.062
1.307,0.715,0.492,2.047,4.511,0.099,2.614,1.43,4.094
1.0,1.398,1.154,2.255,4.136,3.505,2.0,2.796,4.51
1.034,0.933,1.202,1.468,3.079,2.507,2.068,1.866,2.936
0.383,0.8,0.852,2.958,0.975,4.721,0.766,1.6,5.916
0.484,0.997,0.449,1.947,2.404,4.951,0.968,1.994,3.894
0.86,0.488,0.866,3.493,3.206,0.017,1.72,0.976,6.986
0.304,0.165,0.927,0.204,0.6,1.411,0.608,0.33,0.408
0.16,0.243,1.138,0.528,1.68,1.095,0.32,0.486,1.056
1.311,0.11,0.995,0.692,2.235,4.202,2.622,0.22,1.384
1.32,0.582,0.588,3.638,4.349,3.616,2.64,1.164,7.276
1.323,0.569,0.897,3.793,3.666,4.25,2.646,1.138,7.586
0.483,0.527,0.776,3.826,0.253,2.683,0.966,1.054,7.652
0.388,0.45,1.31,3.489,3.715,1.43,0.776,0.9,6.978
0.608,0.248,0.544,0.275,2.784,2.927,1.216,0.496,0.55
0.125,1.283,0.582,1.86,3.364,2.458,0.25,2.566,3.72
1.388,1.274,0.806,4.409,1.578,0.789,2.776,2.548,8.818
0.15,0.148,0.37,1.426,2.68,1.108,0.3,0.296,2.852
0.275,0.287,0.546,0.273,3.273,0.759,0.55,0.574,0.546
0.295,0.385,0.435,0.536,0.07,3.034,0.59,0.77,1.072
0.615,0.248,0.231,4.447,3.467,1.661,1.23,0.496,8.894
1.32,0.927,1.245,2.23,2.227,4.368,2.64,1.854,4.46
0.16,0.6,0.837,1.075,2.897,4.637,0.32,1.2,2.15
0.472,0.503,1.191,1.339,1.639,3.673,0.944,1.006,2.678
0.85,1.181,1.133,3.131,3.225,0.309,1.7,2.362,6.262
1.059,1.099,0.681,1.803,2.433,2.527,2.118,2.198,3.606
1.426,0.271,1.371,1.132,0.064,3.156,2.852,0.542,2.264
0.209,0.439,0.675,3.167,4.338,2.663,0.418,0.878,6.334
1.207,0.178,1.357,0.841,1.841,1.618,2.414,0.356,1.682
0.985,0.711,1.318,4.012,1.643,0.818,1.97,1.422,8.024
0.784,1.419,0.541,0.897,4.04,1.771,1.568,2.838,1.794
0.503,0.303,1.434,4.966,4.38,3.677,1.006,0.606,9.932
0.575,1.279,0.536,3.803,0.083,4.827,1.15,2.558,7.606
0.453,1.358,0.242,1.254,0.209,4.062,0.906,2.716,2.508
0.377,0.597,0.218,2.633,0.345,4.023,0.754,1.194,5.266
0.202,0.539,1.019,2.11,2.381,1.218,0.404,1.078,4.22
1.016,0.447,0.285,1.712,1.187,0.76,2.032,0.894,3.424
1.45,0.488,0.612,4.881,4.558,0.76,2.9,0.976,9.762
0.416,1.277,0.775,1.191,1.731,1.32,0.832,2.554,2.382
1.04,1.439,0.941,1.303,0.084,3.727,2.08,2.878,2.606
0.721,1.33,0.16,0.63,2.072,2.18,1.442,2.66,1.26
0.935,1.159,1.23,2.093,2.569,0.719,1.87,2.318,4.186
1.171,0.235,0.826,4.809,4.773,3.806,2.342,0.47,9.618
0.345,1.382,0.339,3.768,1.535,1.786,0.69,2.764,7.536
0.732,1.355,0.861,0.914,0.183,0.98,1.464,2.71,1.828
0.805,0.538,0.582,3.215,4.235,4.892,1.61,1.076,6.43
0.126,1.169,0.793,4.583,0.708,4.448,0.252,2.338,9.166
0.913,0.305,0.188,3.365,2.59,1.856,1.826,0.61,6.73
1.442,1.442,1.088,0.414,4.919,3.663,2.884,2.884,0.828
0.252,0.886,0.858,0.998,2.048,4.703,0.504,1.772,1.996
1.017,0.231,1.289,2.741,3.401,0.632,2.034,0.462,5.482
1.064,0.972,1.038,0.795,0.958,1.647,2.128,1.944,1.59
1.263,0.99,0.439,0.628,1.665,0.529,2.526,1.98,1.256
0.642,0.836,0.193,2.641,2.429,0.815,1.284,1.672,5.282
0.761,0.702,0.718,2.132,0.793,0.568,1.522,1.404,4.264
0.116,0.557,0.856,3.483,2.163,1.115,0.232,1.114,6.966
0.676,0.653,0.375,2.954,0.271,1.379,1.352,1.306,5.908
0.144,0.429,0.611,2.516,3.548,2.859,0.288,0.858,5.032
0.642,1.235,1.111,1.349,1.316,0.883,1.284,2.47,2.698
1.154,0.401,0.531,3.233,3.578,2.052,2.308,0.802,6.466
0.198,0.836,0.794,1.816,1.364,2.61,0.396,1.672,3.632
1.206,1.082,0.837,3.935,3.476,2.563,2.412,2.164,7.87
0.613,1.196,0.802,3.471,2.884,2.374,1.226,2.392,6.942
0.155,0.472,0.64,0.475,0.148,3.288,0.31,0.944,0.95
0.862,1.187,1.342,2.471,4.637,0.264,1.724,2.374,4.942
0.993,1.404,0.905,1.837,1.311,4.394,1.986,2.808,3.674
0.7,0.181,1.056,0.225,3.984,4.32,1.4,0.362,0.45
0.814,0.614,1.24,2.27,4.808,4.812,1.628,1.228,4.54
0.298,0.696,0.98,2.506,0.5,0.77,0.596,1.392,5.012
0.462,0.969,0.829,1.417,3.883,2.866,0.924,1.938,2.834
0.387,1.047,0.13,3.783,2.019,3.747,0.774,2.094,7.566
0.303,0.118,0.185,3.961,1.852,1.751,0.606,0.236,7.922
0.105,1.268,1.107,1.29,4.75,3.946,0.21,2.536,2.58
1.042,1.099,0.118,2.993,0.409,4.731,2.084,2.198,5.986
1.001,0.103,0.928,4.504,2.205,0.537,2.002,0.206,9.008
0.844,1.209,0.261,3.401,2.315,4.035,1.688,2.418,6.802
0.225,0.192,0.355,4.448,0.196,2.474,0.45,0.384,8.896
1.207,1.171,1.435,2.51,4.368,3.792,2.414,2.342,5.02
1.46,1.355,0.679,0.755,2.268,3.332,2.92,2.71,1.51
1.453,1.166,1.312,3.908,1.537,1.266,2.906,2.332,7.816
1.257,0.283,0.798,4.668,2.27,1.298,2.514,0.566,9.336
0.452,1.099,0.499,2.291,0.388,3.222,0.904,2.198,4.582
0.546,0.536,0.955,0.027,1.098,1.409,1.092,1.072,0.054
1.043,1.159,1.407,0.63,2.372,3.525,2.086,2.318,1.26
1.117,1.029,0.79,2.727,3.515,4.51,2.234,2.058,5.454
1.193,0.508,1.442,0.268,2.478,0.717,2.386,1.016,0.536
1.362,0.819,0.883,0.889,0.05,0.055,2.724,1.638,1.778
0.406,1.181,1.091,2.497,1.149,4.633,0.812,2.362,4.994
0.158,1.174,0.901,3.958,2.877,2.169,0.316,2.348,7.916
1.073,1.307,1.442,3.01,0.129,4.895,2.146,2.614,6.02
1.022,0.154,0.561,1.476,3.809,1.291,2.044,0.308,2.952
0.307,0.368,0.249,1.17,2.365,2.096,0.614,0.736,2.34
0.295,0.572,0.638,4.185,4.102,1.593,0.59,1.144,8.37
0.295,0.103,1.029,2.998,4.52,1.752,0.59,0.206,5.996
1.219,1.326,0.38,0.108,0.957,1.082,2.438,2.652,0.216
1.495,1.362,0.501,1.948,2.537,0.98,2.99,2.724,3.896
0.665,0.963,0.698,1.928,4.701,0.183,1.33,1.926,3.856
0.349,1.147,1.395,2.231,2.665,1.165,0.698,2.294,4.462
0.555,0.953,0.913,4.131,3.061,3.14,1.11,1.906,8.262
0.928,1.443,0.133,3.29,4.952,0.194,1.856,2.886,6.58
0.892,1.042,1.036,4.972,0.738,4.517,1.784,2.084,9.944
1.398,1.459,0.524,4.426,1.129,1.154,2.796,2.918,8.852
1.151,0.912,1.403,3.678,2.68,1.084,2.302,1.824,7.356
0.509,0.848,0.449,0.397,3.665,2.185,1.018,1.696,0.794
1.026,1.227,1.218,3.743,1.579,4.397,2.052,2.454,7.486
1.336,0.626,0.688,4.368,1.063,1.724,2.672,1.252,8.736
1.006,1.469,0.337,2.658,3.09,4.565,2.012,2.938,5.316
0.101,0.747,0.672,2.585,3.953,0.325,0.202,1.494,5.17
0.103,0.188,0.512,3.96,1.424,0.201,0.206,0.376,7.92
1.051,0.819,0.844,4.13,3.068,1.176,2.102,1.638,8.26
0.536,0.386,0.936,1.207,3.198,3.241,1.072,0.772,2.414
0.257,0.721,1.039,1.34,2.219,4.744,0.514,1.442,2.68
1.477,0.429,1.393,4.994,4.335,2.792,2.954,0.858,9.988
0.133,0.802,0.49,2.014,4.899,1.501,0.266,1.604,4.028
0.339,1.421,0.313,0.249,1.324,4.407,0.678,2.842,0.498
0.326,0.108,0.665,1.466,2.709,4.639,0.652,0.216,2.932
0.572,0.221,1.096,2.931,2.12,4.987,1.144,0.442,5.862
0.693,1.489,1.393,0.557,0.26,2.42,1.386,2.978,1.114
0.669,1.252,0.505,4.53,1.941,3.0,1.338,2.504,9.06
1.459,0.148,0.135,2.711,1.067,0.25,2.918,0.296,5.422
0.197,0.595,0.867,1.639,1.935,3.026,0.394,1.19,3.278
0.128,0.326,0.735,1.205,4.707,1.848,0.256,0.652,2.41
1.329,0.532,0.629,3.036,2.519,3.468,2.658,1.064,6.072
0.709,0.669,0.9,4.12,4.649,0.853,1.418,1.338,8.24
0.316,0.493,1.024,3.373,1.843,4.115,0.632,0.986,6.746
0.996,1.29,0.882,4.811,0.2,1.914,1.992,2.58,9.622
1.207,0.908,0.813,0.851,2.781,2.855,2.414,1.816,1.702
0.643,0.376,1.238,2.531,1.88,1.737,1.286,0.752,5.062
0.329,0.293,0.956,2.863,1.606,3.145,0.658,0.586,5.726
0.988,0.39,0.167,2.034,0.425,3.095,1.976,0.78,4.068
0.134,0.439,0.818,4.931,2.526,2.71,0.268,0.878,9.862
0.562,1.415,0.346,1.735,4.075,1.532,1.124,2.83,3.47
0.893,0.271,0.636,0.802,3.293,1.191,1.786,0.542,1.604
0.277,0.785,0.726,2.266,2.382,3.932,0.554,1.57,4.532
0.471,0.455,1.189,1.833,4.786,2.781,0.942,0.91,3.666
0.843,0.254,0.999,2.947,3.065,1.999,1.686,0.508,5.894
0.46,0.336,0.836,3.837,0.146,0.655,0.92,0.672,7.674
0.719,0.814,0.414,4.511,2.414,4.631,1.438,1.628,9.022
0.666,0.721,0.75,0.002,0.494,3.995,1.332,1.442,0.004
0.916,0.421,0.625,1.044,4.177,4.132,1.832,0.842,2.088
1.213,0.859,0.906,1.08,2.977,2.855,2.426,1.718,2.16
0.296,1.135,0.255,3.262,4.468,2.759,0.592,2.27,6.524
0.373,0.493,0.315,4.785,4.482,1.458,0.746,0.986,9.57
1.002,0.62,0.909,3.313,4.65,2.776,2.004,1.24,6.626
0.986,0.859,1.374,4.569,3.033,2.823,1.972,1.718,9.138
0.497,0.693,0.644,1.541,3.209,4.724,0.994,1.386,3.082
1.167,0.181,1.213,2.749,4.406,0.995,2.334,0.362,5.498
0.491,0.742,0.781,3.893,1.858,4.742,0.982,1.484,7.786
1.384,0.502,1.341,4.489,4.813,2.782,2.768,1.004,8.978
0.653,0.909,0.297,0.823,2.182,0.846,1.306,1.818,1.646
0.569,1.062,1.329,1.059,4.811,1.733,1.138,2.124,2.118
0.222,0.728,0.665,2.503,3.521,0.693,0.444,1.456,5.006
0.561,0.102,1.421,2.737,3.506,1.199,1.122,0.204,5.474
1.315,0.46,0.187,4.795,4.555,2.402,2.63,0.92,9.59
1.194,0.593,0.14,0.606,3.535,0.226,2.388,1.186,1.212
1.363,1.39,1.075,4.179,4.462,1.637,2.726,2.78,8.358
0.741,0.751,1.379,0.311,4.734,0.528,1.482,1.502,0.622
1.429,0.89,0.613,2.149,2.566,2.945,2.858,1.78,4.298
1.209,0.581,1.397,3.623,1.178,1.596,2.418,1.162,7.246
1.305,1.047,0.251,0.549,0.143,3.461,2.61,2.094,1.098
0.919,0.983,1.164,2.752,2.528,4.678,1.838,1.966,5.504
1.112,0.884,1.487,3.463,1.234,4.615,2.224,1.768,6.926
0.361,0.922,0.95,0.811,4.974,4.377,0.722,1.844,1.622
0.443,0.464,0.91,1.928,0.903,0.206,0.886,0.928,3.856
0.446,1.147,1.242,4.881,1.322,1.533,0.892,2.294,9.762
1.365,0.656,0.224,1.162,3.282,4.599,2.73,1.312,2.324
0.841,0.915,0.477,3.308,1.209,3.171,1.682,1.83,6.616
1.259,0.543,0.304,3.892,1.243,2.144,2.518,1.086,7.784
1.018,1.243,0.15,1.717,0.564,1.226,2.036,2.486,3.434
1.13,1.168,0.53,2.325,3.497,1.42,2.26,2.336,4.65
0.357,1.216,0.745,0.805,2.966,2.332,0.714,2.432,1.61
0.924,0.841,1.467,3.414,3.651,2.284,1.848,1.682,6.828
0.463,0.544,0.928,4.814,0.29,4.181,0.926,1.088,9.628
1.0,1.332,1.003,4.38,0.998,2.367,2.0,2.664,8.76
1.033,1.261,1.439,4.478,1.832,4.915,2.066,2.522,8.956
0.99,0.809,0.904,3.388,1.456,0.082,1.98,1.618,6.776
0.338,1.075,0.699,2.608,0.439,3.135,0.676,2.15,5.216
1.059,1.267,0.672,4.829,0.744,2.267,2.118,2.534,9.658
0.873,0.918,1.332,4.953,1.649,0.842,1.746,1.836,9.906
1.358,1.053,0.249,0.235,0.739,1.564,2.716,2.106,0.47
0.312,1.379,1.342,3.157,1.658,4.694,0.624,2.758,6.314
0.267,0.356,0.64,1.129,2.059,4.373,0.534,0.712,2.258
0.491,1.053,0.34,2.508,2.633,1.388,0.982,2.106,5.016
0.394,1.312,1.182,0.74,4.467,0.315,0.788,2.624,1.48
1.255,1.034,1.073,3.589,4.285,1.835,2.51,2.068,7.178
0.166,0.997,1.36,3.415,4.135,0.548,0.332,1.994,6.83
1.474,0.464,0.835,4.986,3.247,1.587,2.948,0.928,9.972
1.239,0.312,0.874,3.19,3.025,0.361,2.478,0.624,6.38
0.516,0.285,1.189,3.057,4.198,0.179,1.032,0.57,6.114
1.317,0.956,0.261,1.192,3.978,3.648,2.634,1.912,2.384
0.63,1.376,0.591,3.818,1.665,2.397,1.26,2.752,7.636
0.81,0.422,0.33,4.676,4.52,4.91,1.62,0.844,9.352
0.43,1.068,0.533,1.018,2.016,0.471,0.86,2.136,2.036
1.301,1.253,0.378,3.13,3.224,2.27,2.602,2.506,6.26
0.305,0.363,0.749,3.723,0.019,2.493,0.61,0.726,7.446
0.594,0.497,0.931,2.298,1.601,3.755,1.188,0.994,4.596
0.973,0.269,0.853,4.465,0.616,0.197,1.946,0.538,8.93
1.364,0.661,0.146,4.229,2.154,3.9,2.728,1.322,8.458
0.319,0.561,0.345,4.757,4.415,3.615,0.638,1.122,9.514
1.01,1.149,0.398,4.116,0.672,2.794,2.02,2.298,8.232
1.19,0.71,0.261,4.064,0.087,4.08,2.38,1.42,8.128
1.482,0.815,0.211,4.552,2.106,4.166,2.964,1.63,9.104
0.754,1.411,0.16,0.35,2.101,2.588,1.508,2.822,0.7
1.233,1.103,0.555,2.554,2.06,0.368,2.466,2.206,5.108
1.46,0.885,1.014,0.864,0.242,3.502,2.92,1.77,1.728
0.497,0.122,0.326,1.212,2.228,2.532,0.994,0.244,2.424
0.681,1.049,1.121,2.842,3.383,2.718,1.362,2.098,5.684
0.259,0.836,1.138,2.714,3.927,1.114,0.518,1.672,5.428
0.621,0.443,1.305,3.107,1.507,3.305,1.242,0.886,6.214
1.306,0.774,0.876,2.95,1.145,3.333,2.612,1.548,5.9
0.624,1.268,0.219,2.965,0.867,0.208,1.248,2.536,5.93
1.162,0.467,0.606,2.329,3.751,4.873,2.324,0.934,4.658
0.149,0.103,0.802,0.068,1.044,2.614,0.298,0.206,0.136
1.11,0.559,1.045,0.497,2.402,0.111,2.22,1.118,0.994
1.307,1.357,0.916,0.81,0.697,2.337,2.614,2.714,1.62
1.321,0.786,1.166,1.488,2.744,3.446,2.642,1.572,2.976
0.787,0.481,0.556,4.29,2.409,1.884,1.574,0.962,8.58
1.186,1.354,1.353,2.062,3.239,1.494,2.372,2.708,4.124
1.169,0.228,0.979,2.583,1.457,2.822,2.338,0.456,5.166
1.431,0.152,1.231,0.732,4.619,0.552,2.862,0.304,1.464
0.579,0.662,0.677,4.237,1.298,2.645,1.158,1.324,8.474
0.246,1.202,0.677,0.853,2.735,0.405,0.492,2.404,1.706
1.02,0.556,0.695,0.709,2.312,0.053,2.04,1.112,1.418
0.944,0.891,0.317,0.234,1.295,1.894,1.888,1.782,0.468
0.903,1.246,1.373,2.166,3.524,0.919,1.806,2.492,4.332
1.083,0.567,1.108,2.167,1.111,2.108,2.166,1.134,4.334
0.932,0.8,0.779,1.938,2.49,4.291,1.864,1.6,3.876
0.877,0.857,0.239,3.407,1.54,4.66,1.754,1.714,6.814
1.37,0.835,0.957,3.834,3.482,3.979,2.74,1.67,7.668
0.1,0.405,0.983,1.3,3.353,2.906,0.2,0.81,2.6
1.299,0.544,1.263,0.029,1.853,3.891,2.598,1.088,0.058
0.764,0.191,0.392,4.456,1.299,0.835,1.528,0.382,8.912
0.226,0.129,1.371,3.478,1.739,4.946,0.452,0.258,6.956
0.497,0.896,1.424,1.544,2.542,4.895,0.994,1.792,3.088
0.41,1.363,0.296,0.054,0.997,1.651,0.82,2.726,0.108
1.004,0.89,1.307,2.095,0.794,0.983,2.008,1.78,4.19
0.344,0.885,1.312,0.729,4.118,1.707,0.688,1.77,1.458
0.855,1.471,0.332,0.911,1.453,1.627,1.71,2.942,1.822
0.79,0.256,0.11,2.663,3.367,1.277,1.58,0.512,5.326
0.316,1.033,0.683,2.003,0.403,1.327,0.632,2.066,4.006
0.391,0.106,0.593,2.417,1.389,1.328,0.782,0.212,4.834
0.867,1.454,0.763,4.534,2.568,0.662,1.734,2.908,9.068
0.974,0.626,0.359,0.98,3.997,4.105,1.948,1.252,1.96
0.836,0.579,0.426,2.633,2.513,1.204,1.672,1.158,5.266
0.263,0.277,1.046,1.327,2.115,4.594,0.526,0.554,2.654
0.894,0.804,0.32,2.03,1.633,1.897,1.788,1.608,4.06
0.504,1.204,1.106,0.049,1.078,1.569,1.008,2.408,0.098
1.286,0.145,0.831,1.838,0.337,3.12,2.572,0.29,3.676
1.289,1.03,1.113,0.375,0.378,0.508,2.578,2.06,0.75
0.608,1.352,1.385,3.724,1.109,4.249,1.216,2.704,7.448
1.375,0.343,0.202,3.472,0.955,1.85,2.75,0.686,6.944
0.694,1.246,1.189,1.4,0.846,4.453,1.388,2.492,2.8
0.975,0.716,0.438,1.201,3.73,3.1,1.95,1.432,2.402
1.271,0.95,1.083,4.283,3.057,0.24,2.542,1.9,8.566
0.142,0.18,0.615,3.85,4.893,2.206,0.284,0.36,7.7
1.102,1.267,1.387,4.248,1.427,4.376,2.204,2.534,8.496
0.377,0.95,0.63,3.107,4.57,2.936,0.754,1.9,6.214
0.284,0.361,0.566,1.567,4.642,4.284,0.568,0.722,3.134
1.094,0.429,0.374,4.724,2.005,0.517,2.188,0.858,9.448
0.651,1.205,0.659,2.852,2.393,3.58,1.302,2.41,5.704
0.571,0.854,1.435,3.242,4.072,3.887,1.142,1.708,6.484
0.693,0.583,0.473,3.043,4.778,0.831,1.386,1.166,6.086
0.897,1.07,0.457,4.288,2.584,0.708,1.794,2.14,8.576
1.293,0.788,0.908,2.914,2.73,4.69,2.586,1.576,5.828
0.63,0.625,0.924,1.268,1.498,2.309,1.26,1.25,2.536
0.798,0.89,0.602,1.158,4.775,2.434,1.596,1.78,2.316
0.443,0.622,0.414,3.495,2.607,4.359,0.886,1.244,6.99
0.264,1.355,0.649,0.417,0.665,0.316,0.528,2.71,0.834
0.178,0.549,0.188,1.299,0.906,2.997,0.356,1.098,2.598
0.231,1.375,0.379,2.029,1.233,2.774,0.462,2.75,4.058
0.48,0.865,0.801,3.785,2.657,1.597,0.96,1.73,7.57
0.497,0.671,1.048,4.502,4.785,0.832,0.994,1.342,9.004
0.769,1.109,0.567,1.464,1.158,1.863,1.538,2.218,2.928
0.38,1.192,1.439,0.293,1.837,1.469,0.76,2.384,0.586
0.72,1.487,1.123,2.512,2.041,1.97,1.44,2.974,5.024
0.981,0.234,0.646,1.581,4.049,4.366,1.962,0.468,3.162
0.702,0.853,1.006,4.78,2.439,1.036,1.404,1.706,9.56
0.27,0.695,1.194,2.593,3.573,3.15,0.54,1.39,5.186
0.944,0.238,0.639,1.727,0.339,2.843,1.888,0.476,3.454
0.717,0.279,0.69,3.91,2.395,0.51,1.434,0.558,7.82
0.365,1.139,0.363,0.255,3.617,4.969,0.73,2.278,0.51
1.175,0.601,0.704,1.235,1.604,3.487,2.35,1.202,2.47
0.723,0.756,1.389,2.418,1.753,1.97,1.446,1.512,4.836
0.667,0.264,0.998,1.676,1.576,2.339,1.334,0.528,3.352
0.518,1.497,1.07,0.44,0.92,4.87,1.036,2.994,0.88
0.657,1.182,0.91,0.765,1.078,0.303,1.314,2.364,1.53
1.001,0.282,0.518,4.469,3.028,4.774,2.002,0.564,8.938
0.533,0.27,0.38,0.205,0.034,1.096,1.066,0.54,0.41
1.072,1.344,0.517,4.868,4.728,0.302,2.144,2.688,9.736
0.191,0.887,0.596,1.322,2.897,2.272,0.382,1.774,2.644
1.238,0.803,0.375,4.087,1.08,4.134,2.476,1.606,8.174
0.949,1.223,1.016,0.051,1.574,2.465,1.898,2.446,0.102
1.098,0.223,0.392,2.795,3.066,1.002,2.196,0.446,5.59
1.427,0.36,0.666,1.605,0.066,1.285,2.854,0.72,3.21
1.029,0.376,1.078,4.665,0.754,4.359,2.058,0.752,9.33
1.175,0.529,0.485,2.477,2.407,1.201,2.35,1.058,4.954
0.358,1.287,0.321,4.866,1.698,2.467,0.716,2.574,9.732
0.83,1.494,0.796,3.507,4.761,1.925,1.66,2.988,7.014
0.576,0.213,0.943,3.111,0.466,2.061,1.152,0.426,6.222
0.537,0.471,0.976,4.224,3.636,0.775,1.074,0.942,8.448
0.203,1.153,1.367,0.452,2.375,3.955,0.406,2.306,0.904
0.373,0.115,0.653,2.188,1.387,1.026,0.746,0.23,4.376
0.403,0.249,1.026,4.998,2.335,4.942,0.806,0.498,9.996
1.317,0.149,1.319,2.446,3.826,3.158,2.634,0.298,4.892
1.287,0.14,0.999,0.414,3.732,0.883,2.574,0.28,0.828
1.19,0.284,0.324,3.628,2.513,3.748,2.38,0.568,7.256
0.308,0.806,1.07,3.022,3.623,2.227,0.616,1.612,6.044
0.157,0.73,0.459,1.79,2.073,0.825,0.314,1.46,3.58
0.797,0.229,0.698,4.639,1.385,2.234,1.594,0.458,9.278
0.182,1.167,0.846,3.927,4.957,4.484,0.364,2.334,7.854
0.871,0.599,0.479,1.472,4.373,0.081,1.742,1.198,2.944
0.159,0.563,1.076,4.544,3.183,4.625,0.318,1.126,9.088
0.807,0.724,1.284,2.784,0.658,2.645,1.614,1.448,5.568
1.101,0.407,0.968,4.323,4.938,1.612,2.202,0.814,8.646
0.504,0.485,0.391,1.884,2.64,0.578,1.008,0.97,3.768
1.179,1.286,0.82,3.224,1.603,3.718,2.358,2.572,6.448
1.001,0.432,0.369,3.052,3.986,1.94,2.002,0.864,6.104
1.341,0.535,0.682,0.865,4.802,4.677,2.682,1.07,1.73
1.302,1.196,1.016,4.172,0.504,4.436,2.604,2.392,8.344
1.139,0.473,0.35,2.959,0.199,0.094,2.278,0.946,5.918
1.327,1.045,0.128,0.571,0.625,3.906,2.654,2.09,1.142
0.706,0.775,1.269,3.727,4.656,4.755,1.412,1.55,7.454
0.992,1.384,1.248,2.185,0.478,4.256,1.984,2.768,4.37
0.419,1.113,0.794,1.038,2.759,2.494,0.838,2.226,2.076
0.406,0.528,1.026,1.381,0.767,2.789,0.812,1.056,2.762
1.205,0.8,0.62,4.516,4.34,1.36,2.41,1.6,9.032
0.888,0.189,0.13,2.504,2.503,4.662,1.776,0.378,5.008
1.27,0.264,0.928,0.585,3.148,4.53,2.54,0.528,1.17
1.209,0.207,0.601,4.518,1.001,2.777,2.418,0.414,9.036
1.123,1.113,0.471,4.87,0.983,0.329,2.246,2.226,9.74
0.542,0.249,1.454,4.734,4.943,3.988,1.084,0.498,9.468
1.186,0.864,0.699,2.648,0.863,1.64,2.372,1.728,5.296
1.072,1.259,0.431,4.587,3.424,1.45,2.144,2.518,9.174
0.938,1.311,0.549,0.537,4.698,2.558,1.876,2.622,1.074
0.213,0.959,0.643,3.902,2.464,0.629,0.426,1.918,7.804
0.94,0.415,1.121,4.86,2.155,3.273,1.88,0.83,9.72
1.257,0.778,0.351,3.803,4.668,0.205,2.514,1.556,7.606
1.242,1.301,0.554,3.461,4.066,3.96,2.484,2.602,6.922
1.271,0.23,0.598,0.576,1.012,2.889,2.542,0.46,1.152
0.186,0.618,1.476,3.399,4.942,3.229,0.372,1.236,6.798
0.338,0.528,1.156,2.191,3.854,0.756,0.676,1.056,4.382
0.918,1.08,0.654,3.297,4.52,3.153,1.836,2.16,6.594
0.455,0.525,1.118,0.825,2.085,2.614,0.91,1.05,1.65
0.638,0.272,1.362,4.832,1.876,2.32,1.276,0.544,9.664
0.191,0.971,0.214,1.652,2.012,0.824,0.382,1.942,3.304
0.407,0.767,0.555,1.189,4.401,2.787,0.814,1.534,2.378
0.157,1.281,1.083,4.083,3.395,4.042,0.314,2.562,8.166
0.313,0.478,0.323,3.88,4.735,0.156,0.626,0.956,7.76
1.484,0.303,0.867,2.889,0.855,4.869,2.968,0.606,5.778
0.874,0.374,0.132,0.489,0.124,4.88,1.748,0.748,0.978
0.756,0.161,0.954,0.612,4.855,4.156,1.512,0.322,1.224
0.808,0.417,0.252,2.041,0.476,2.622,1.616,0.834,4.082
0.209,0.755,0.769,4.735,4.141,1.322,0.418,1.51,9.47
0.514,0.663,0.312,1.012,4.911,1.592,1.028,1.326,2.024
1.445,1.322,1.132,4.75,4.996,2.569,2.89,2.644,9.5
0.781,1.276,0.713,4.965,2.798,2.189,1.562,2.552,9.93
0.187,1.391,0.161,4.763,1.528,4.104,0.374,2.782,9.526
0.79,0.817,1.087,0.776,0.323,3.24,1.58,1.634,1.552
0.446,1.414,0.847,2.272,0.665,4.961,0.892,2.828,4.544
0.236,0.564,0.789,3.438,4.122,4.651,0.472,1.128,6.876
1.15,0.38,0.896,0.926,4.968,0.934,2.3,0.76,1.852
0.265,0.171,0.822,4.186,3.85,3.098,0.53,0.342,8.372
0.969,0.365,0.654,0.174,3.273,3.4,1.938,0.73,0.348
0.618,1.111,0.388,0.86,0.875,2.564,1.236,2.222,1.72
0.258,0.5,0.699,3.201,4.403,4.248,0.516,1.0,6.402
0.325,1.178,0.654,2.498,3.583,0.419,0.65,2.356,4.996
1.252,1.026,1.477,4.925,2.999,0.346,2.504,2.052,9.85
1.257,0.596,0.292,2.762,3.841,0.19,2.514,1.192,5.524
0.883,0.921,0.303,2.903,2.269,1.659,1.766,1.842,5.806
0.105,0.138,1.264,2.254,1.924,2.587,0.21,0.276,4.508
0.375,0.602,0.718,1.042,4.283,0.283,0.75,1.204,2.084
0.767,0.645,0.38,1.81,2.272,3.327,1.534,1.29,3.62
0.392,0.501,0.608,1.504,4.029,2.955,0.784,1.002,3.008
0.569,0.278,0.528,3.99,1.508,2.801,1.138,0.556,7.98
0.186,0.218,0.303,3.732,4.607,2.176,0.372,0.436,7.464
0.25,1.324,0.865,4.012,2.902,4.882,0.5,2.648,8.024
1.007,0.639,0.466,4.747,2.985,1.027,2.014,1.278,9.494
1.342,0.804,0.839,2.771,1.906,4.873,2.684,1.608,5.542
0.614,0.517,0.401,4.621,2.273,4.666,1.228,1.034,9.242
0.101,0.461,0.38,3.578,2.002,2.273,0.202,0.922,7.156
1.38,1.45,0.343,2.197,0.788,2.205,2.76,2.9,4.394
0.469,1.436,0.149,2.099,1.412,4.909,0.938,2.872,4.198
0.695,0.532,0.992,3.091,1.587,0.732,1.39,1.064,6.182
1.143,0.672,0.264,2.247,1.106,1.66,2.286,1.344,4.494
0.269,0.266,0.692,2.305,0.896,3.1,0.538,0.532,4.61
0.286,0.481,1.451,0.123,1.205,0.839,0.572,0.962,0.246
0.814,1.105,0.486,3.266,2.92,3.78,1.628,2.21,6.532
0.86,0.303,1.429,4.186,4.379,2.937,1.72,0.606,8.372
0.273,0.788,0.312,3.99,2.662,2.054,0.546,1.576,7.98
0.384,0.154,0.661,3.45,4.601,3.835,0.768,0.308,6.9
0.14,0.825,0.436,1.935,4.926,1.714,0.28,1.65,3.87
0.885,0.809,0.142,1.601,4.121,4.603,1.77,1.618,3.202
0.737,0.24,0.617,2.104,3.029,4.734,1.474,0.48,4.208
0.226,0.904,0.724,1.478,1.634,1.323,0.452,1.808,2.956
0.662,0.782,1.387,0.891,0.097,0.865,1.324,1.564,1.782
0.976,0.464,0.576,2.828,0.048,2.782,1.952,0.928,5.656
0.423,0.744,1.19,0.086,4.293,0.543,0.846,1.488,0.172
1.434,1.042,1.041,3.148,1.111,0.57,2.868,2.084,6.296
0.584,1.01,1.149,3.14,0.377,0.5,1.168,2.02,6.28
0.331,0.59,0.815,3.666,0.634,3.424,0.662,1.18,7.332
1.306,0.247,0.231,0.507,1.16,0.203,2.612,0.494,1.014
0.329,0.913,0.94,4.038,3.471,2.753,0.658,1.826,8.076
1.442,0.861,1.049,0.805,3.507,3.233,2.884,1.722,1.61
0.23,0.433,1.129,3.95,4.914,0.456,0.46,0.866,7.9
0.977,0.695,0.738,1.431,4.361,3.281,1.954,1.39,2.862
1.376,0.375,0.371,2.46,1.642,0.039,2.752,0.75,4.92
0.697,1.041,0.285,4.959,0.932,3.621,1.394,2.082,9.918
0.876,0.395,1.206,0.837,1.309,3.023,1.752,0.79,1.674
0.526,0.215,1.022,1.554,2.123,0.79,1.052,0.43,3.108
1.424,0.159,0.242,0.683,4.273,1.389,2.848,0.318,1.366
0.197,0.707,0.208,1.498,2.454,2.123,0.394,1.414,2.996
0.805,0.473,0.541,2.998,4.137,3.93,1.61,0.946,5.996
0.894,0.5,0.344,2.305,4.691,2.813,1.788,1.0,4.61
1.318,0.778,0.63,0.288,3.149,0.743,2.636,1.556,0.576
1.393,1.355,0.148,3.098,0.299,2.466,2.786,2.71,6.196
0.142,0.832,0.692,4.551,0.696,2.759,0.284,1.664,9.102
0.209,0.488,0.369,1.202,2.622,1.116,0.418,0.976,2.404
1.496,0.812,0.151,4.696,2.339,2.946,2.992,1.624,9.392
0.841,1.364,0.687,2.518,1.582,1.263,1.682,2.728,5.036
1.034,1.331,0.459,0.823,3.648,0.569,2.068,2.662,1.646
1.366,1.433,1.312,4.473,4.367,0.383,2.732,2.866,8.946
0.12,1.193,1.426,3.464,2.525,3.924,0.24,2.386,6.928
1.322,0.528,0.863,2.064,2.718,0.236,2.644,1.056,4.128
1.234,0.371,0.248,0.352,4.077,4.161,2.468,0.742,0.704
0.263,1.408,0.736,4.944,1.123,4.326,0.526,2.816,9.888
0.506,0.55,1.319,2.131,2.289,0.342,1.012,1.1,4.262
0.639,1.492,0.39,4.091,0.15,1.555,1.278,2.984,8.182
1.248,1.178,0.797,3.873,0.849,2.785,2.496,2.356,7.746
0.871,0.414,0.948,4.851,3.02,3.305,1.742,0.828,9.702
1.004,1.481,0.988,4.625,4.94,2.259,2.008,2.962,9.25
0.978,1.19,0.152,2.785,4.378,2.802,1.956,2.38,5.57
0.797,1.38,0.241,2.713,4.865,1.514,1.594,2.76,5.426
0.382,0.559,0.721,3.518,2.716,2.851,0.764,1.118,7.036
0.287,1.239,1.099,2.705,4.41,3.754,0.574,2.478,5.41
0.147,0.123,0.167,0.721,3.243,4.463,0.294,0.246,1.442
1.219,0.734,0.731,0.945,0.172,3.152,2.438,1.468,1.89
1.188,0.581,0.109,1.155,1.847,1.46,2.376,1.162,2.31
0.11,0.682,0.585,4.212,2.021,3.122,0.22,1.364,8.424
0.634,0.745,0.248,0.927,1.237,2.206,1.268,1.49,1.854
0.56,0.579,0.849,2.416,3.497,1.996,1.12,1.158,4.832
0.914,0.864,1.047,4.862,4.845,2.929,1.828,1.728,9.724
0.851,1.326,1.274,1.437,3.815,2.51,1.702,2.652,2.874
0.923,1.328,0.433,4.638,0.782,4.129,1.846,2.656,9.276
0.629,0.207,1.159,0.304,1.89,0.24,1.258,0.414,0.608
0.254,0.581,0.982,2.648,3.194,0.209,0.508,1.162,5.296
0.522,1.422,0.102,1.233,3.789,3.309,1.044,2.844,2.466
0.461,1.13,0.459,1.42,2.568,4.438,0.922,2.26,2.84
0.594,1.409,0.743,0.211,4.891,3.106,1.188,2.818,0.422
0.383,0.832,1.356,3.42,3.599,2.46,0.766,1.664,6.84
1.339,0.722,0.652,3.573,0.304,1.218,2.678,1.444,7.146
0.795,0.384,0.835,3.092,0.352,2.222,1.59,0.768,6.184
0.978,0.426,1.157,1.339,0.425,1.531,1.956,0.852,2.678
1.384,0.675,0.349,1.681,3.577,1.493,2.768,1.35,3.362
0.726,0.418,1.041,2.862,1.055,2.646,1.452,0.836,5.724
0.136,1.082,0.303,1.641,0.38,1.953,0.272,2.164,3.282
0.736,1.276,0.695,1.48,1.502,0.529,1.472,2.552,2.96
0.34,1.15,0.896,4.562,2.079,0.763,0.68,2.3,9.124
0.14,1.488,0.312,3.381,4.85,2.293,0.28,2.976,6.762
0.88,0.238,0.613,3.329,0.466,1.702,1.76,0.476,6.658
1.077,0.195,1.461,1.975,0.77,3.519,2.154,0.39,3.95
1.025,1.061,0.635,1.153,4.538,4.599,2.05,2.122,2.306
0.542,0.324,0.308,0.447,0.968,4.967,1.084,0.648,0.894
1.468,0.322,1.24,2.935,3.516,4.688,2.936,0.644,5.87
0.286,0.278,0.408,2.324,0.717,1.388,0.572,0.556,4.648
1.07,0.779,1.104,4.651,0.889,2.841,2.14,1.558,9.302
0.496,0.708,1.239,2.722,3.922,4.801,0.992,1.416,5.444
0.339,0.959,1.192,1.042,0.757,0.968,0.678,1.918,2.084
0.534,0.451,0.113,4.679,3.231,1.603,1.068,0.902,9.358
1.068,1.417,0.483,4.601,0.62,3.236,2.136,2.834,9.202
1.434,1.173,1.421,2.71,1.763,4.486,2.868,2.346,5.42
1.073,0.224,0.434,0.243,4.259,3.402,2.146,0.448,0.486
1.463,0.847,1.346,4.066,0.444,2.737,2.926,1.694,8.132
0.507,0.943,0.297,3.253,3.32,0.466,1.014,1.886,6.506
0.23,0.303,0.308,1.631,4.878,0.958,0.46,0.606,3.262
0.236,1.42,0.886,1.567,3.351,3.91,0.472,2.84,3.134
0.4,1.244,0.179,2.875,2.909,3.951,0.8,2.488,5.75
1.103,0.8,1.042,1.693,0.722,0.521,2.206,1.6,3.386
0.665,0.808,1.116,1.722,4.063,1.537,1.33,1.616,3.444
0.807,0.804,0.509,4.657,2.138,3.9,1.614,1.608,9.314
1.48,0.702,0.697,1.853,0.884,4.701,2.96,1.404,3.706
0.8,1.219,0.206,1.608,2.324,1.735,1.6,2.438,3.216
1.45,0.81,0.998,0.894,2.494,4.919,2.9,1.62,1.788
0.936,1.194,0.205,2.578,3.431,4.394,1.872,2.388,5.156
0.936,0.55,0.815,3.186,3.838,2.161,1.872,1.1,6.372
0.712,0.46,1.113,4.94,3.01,2.318,1.424,0.92,9.88
0.782,1.209,0.377,4.843,0.923,0.837,1.564,2.418,9.686
0.393,0.664,0.992,0.913,4.44,0.659,0.786,1.328,1.826
1.155,1.008,1.085,2.425,4.803,4.742,2.31,2.016,4.85
0.786,1.182,0.536,4.794,3.754,1.099,1.572,2.364,9.588
0.562,1.058,0.977,4.787,3.964,0.851,1.124,2.116,9.574
1.059,0.38,0.194,2.222,0.284,4.813,2.118,0.76,4.444
1.424,0.171,0.98,1.373,3.556,2.16,2.848,0.342,2.746
0.618,1.259,0.366,2.711,3.112,3.246,1.236,2.518,5.422
0.814,0.788,0.823,2.273,4.093,0.794,1.628,1.576,4.546
0.812,1.096,0.734,0.468,2.487,1.215,1.624,2.192,0.936
1.164,0.79,1.404,3.51,2.221,3.192,2.328,1.58,7.02
1.133,1.179,0.372,3.325,3.813,0.679,2.266,2.358,6.65
1.337,1.401,0.871,1.573,3.048,1.018,2.674,2.802,3.146
0.165,1.092,0.37,1.476,0.253,4.986,0.33,2.184,2.952
0.989,1.453,0.491,0.84,2.836,0.21,1.978,2.906,1.68
1.436,0.631,1.382,4.826,0.465,0.817,2.872,1.262,9.652
0.474,0.536,0.538,4.574,1.825,4.601,0.948,1.072,9.148
1.297,1.256,0.116,1.642,0.799,2.646,2.594,2.512,3.284
1.067,0.901,1.456,0.889,3.189,0.004,2.134,1.802,1.778
0.913,0.522,1.084,3.412,3.505,1.646,1.826,1.044,6.824
1.192,0.712,1.33,1.283,3.656,2.703,2.384,1.424,2.566
1.491,0.54,0.892,0.968,2.226,2.993,2.982,1.08,1.936
0.535,0.202,0.795,0.573,1.121,2.061,1.07,0.404,1.146
0.549,1.085,1.101,4.126,4.602,0.148,1.098,2.17,8.252
0.194,0.971,0.869,4.795,2.331,4.935,0.388,1.942,9.59
0.186,0.618,1.26,0.096,0.846,0.084,0.372,1.236,0.192
1.054,0.114,0.84,0.516,2.182,1.598,2.108,0.228,1.032
0.764,0.275,0.187,3.012,0.815,0.065,1.528,0.55,6.024
1.419,1.496,0.524,3.419,3.897,1.077,2.838,2.992,6.838
0.647,0.929,0.135,1.138,0.755,2.363,1.294,1.858,2.276
0.775,0.435,0.8,0.258,4.285,1.78,1.55,0.87,0.516
0.994,0.981,0.77,4.827,0.983,3.328,1.988,1.962,9.654
0.985,0.653,0.207,2.523,2.582,1.434,1.97,1.306,5.046
1.435,0.191,1.252,4.758,4.351,2.14,2.87,0.382,9.516
0.765,0.377,1.246,3.474,1.233,2.56,1.53,0.754,6.948
0.554,0.764,1.106,0.88,1.842,4.206,1.108,1.528,1.76
0.458,0.15,0.766,1.465,4.591,3.399,0.916,0.3,2.93
0.278,0.754,0.159,1.275,2.809,1.896,0.556,1.508,2.55
1.084,0.69,1.108,3.534,3.012,0.936,2.168,1.38,7.068
1.02,0.626,1.123,1.163,3.286,1.637,2.04,1.252,2.326
0.838,0.565,0.872,0.254,4.444,1.471,1.676,1.13,0.508
0.353,0.624,1.074,0.923,3.946,1.988,0.706,1.248,1.846
0.117,0.466,1.003,1.862,2.672,4.3,0.234,0.932,3.724
0.168,1.261,0.281,0.496,1.416,2.41,0.336,2.522,0.992
0.169,0.421,1.462,2.36,3.517,2.494,0.338,0.842,4.72
0.954,1.406,1.007,4.11,4.592,2.844,1.908,2.812,8.22
1.192,0.925,1.464,3.597,1.88,0.515,2.384,1.85,7.194
0.183,1.246,1.209,2.818,1.876,3.614,0.366,2.492,5.636
1.379,0.337,1.463,1.253,3.436,4.073,2.758,0.674,2.506
0.51,0.903,0.394,2.16,0.319,3.973,1.02,1.806,4.32
0.252,1.161,0.676,4.55,2.529,3.666,0.504,2.322,9.1
1.234,0.34,1.035,2.592,0.638,4.274,2.468,0.68,5.184
0.938,0.837,0.413,1.087,1.724,0.008,1.876,1.674,2.174
0.476,0.338,0.697,3.789,0.863,1.043,0.952,0.676,7.578
1.12,1.153,0.472,3.499,2.087,3.949,2.24,2.306,6.998
0.611,1.465,0.207,2.752,0.293,2.682,1.222,2.93,5.504
0.926,0.85,0.812,0.695,0.971,3.999,1.852,1.7,1.39
1.324,0.536,0.325,4.403,0.179,0.167,2.648,1.072,8.806
1.234,0.858,1.269,3.405,4.129,4.341,2.468,1.716,6.81
0.929,0.464,0.993,3.698,4.272,0.461,1.858,0.928,7.396
1.444,1.374,0.958,2.352,3.333,2.123,2.888,2.748,4.704
0.114,0.103,0.933,3.758,1.788,1.427,0.228,0.206,7.516
0.488,0.725,0.647,1.634,1.986,1.532,0.976,1.45,3.268
0.364,0.81,0.402,4.928,2.388,0.249,0.728,1.62,9.856
0.233,0.372,1.151,3.972,0.335,0.253,0.466,0.744,7.944
0.472,0.863,1.055,2.047,3.926,4.833,0.944,1.726,4.094
0.431,0.429,0.652,2.118,0.776,4.884,0.862,0.858,4.236
0.779,0.118,0.677,3.386,0.11,4.258,1.558,0.236,6.772
0.61,1.414,0.381,1.703,1.164,4.36,1.22,2.828,3.406
1.409,0.696,0.2,2.635,3.485,4.603,2.818,1.392,5.27
0.22,0.706,0.837,0.46,3.004,0.731,0.44,1.412,0.92
1.452,1.276,0.658,0.581,0.245,2.251,2.904,2.552,1.162
0.797,0.838,0.78,4.484,0.882,0.913,1.594,1.676,8.968
0.161,1.446,0.153,4.997,2.775,2.984,0.322,2.892,9.994
1.144,1.035,1.438,1.739,0.952,1.658,2.288,2.07,3.478
1.191,0.546,0.928,4.853,4.832,4.44,2.382,1.092,9.706
1.381,1.103,1.423,1.056,3.563,3.589,2.762,2.206,2.112
0.955,0.647,0.737,1.653,4.359,2.227,1.91,1.294,3.306
1.101,1.189,0.783,3.896,4.501,4.236,2.202,2.378,7.792
1.35,0.937,0.541,1.321,0.72,1.076,2.7,1.874,2.642
0.238,0.783,0.617,1.736,1.087,3.44,0.476,1.566,3.472
1.386,0.43,0.653,2.644,3.125,1.45,2.772,0.86,5.288
1.024,1.339,0.519,1.824,2.033,2.131,2.048,2.678,3.648
1.276,0.339,0.55,3.993,3.031,1.274,2.552,0.678,7.986
0.668,1.243,0.188,3.921,1.025,4.83,1.336,2.486,7.842
0.194,0.515,1.01,4.015,4.541,4.28,0.388,1.03,8.03
1.033,1.022,0.642,4.63,0.558,2.776,2.066,2.044,9.26
1.021,1.492,0.112,3.191,4.749,1.778,2.042,2.984,6.382
0.525,0.338,1.312,2.801,1.174,3.715,1.05,0.676,5.602
1.098,0.996,0.472,2.258,4.61,2.783,2.196,1.992,4.516
1.293,1.462,0.351,3.109,0.084,1.879,2.586,2.924,6.218
0.871,0.714,1.39,3.229,3.871,4.819,1.742,1.428,6.458
0.856,1.339,0.276,0.562,1.251,3.511,1.712,2.678,1.124
0.336,0.254,1.053,3.629,1.73,1.103,0.672,0.508,7.258
0.294,0.706,1.251,1.032,2.763,4.676,0.588,1.412,2.064
0.407,0.812,0.618,2.295,1.338,1.561,0.814,1.624,4.59
0.954,0.817,1.083,4.619,0.327,0.532,1.908,1.634,9.238
1.334,1.118,0.412,0.557,3.716,3.579,2.668,2.236,1.114
0.143,1.459,0.31,3.307,1.032,0.383,0.286,2.918,6.614
1.329,1.045,0.819,1.123,2.003,2.756,2.658,2.09,2.246
0.28,0.549,1.128,2.18,2.617,3.382,0.56,1.098,4.36
1.292,0.85,0.312,2.463,0.888,1.523,2.584,1.7,4.926
0.295,0.468,1.283,3.331,4.106,3.922,0.59,0.936,6.662
1.21,0.753,0.341,1.823,1.288,4.054,2.42,1.506,3.646
0.323,0.759,0.566,2.852,2.453,0.479,0.646,1.518,5.704
0.731,0.784,1.01,2.003,2.439,0.194,1.462,1.568,4.006
1.429,1.426,0.204,2.607,2.145,1.974,2.858,2.852,5.214
0.74,0.892,0.849,1.385,0.655,3.103,1.48,1.784,2.77
0.899,1.374,0.585,3.23,3.738,4.811,1.798,2.748,6.46
0.727,0.794,0.756,2.893,0.314,3.171,1.454,1.588,5.786
1.473,1.271,1.482,0.758,3.883,2.657,2.946,2.542,1.516
1.185,0.425,0.874,4.424,2.128,2.758,2.37,0.85,8.848
0.802,0.579,0.957,3.744,2.636,1.631,1.604,1.158,7.488
1.376,0.895,0.549,4.094,1.858,0.955,2.752,1.79,8.188
0.742,0.25,1.036,1.235,1.534,1.176,1.484,0.5,2.47
1.385,0.689,1.121,3.395,0.642,3.88,2.77,1.378,6.79
0.463,0.416,0.727,1.744,2.91,1.056,0.926,0.832,3.488
0.844,0.776,0.936,3.389,4.364,1.09,1.688,1.552,6.778
0.89,1.298,0.703,3.042,0.283,4.502,1.78,2.596,6.084
0.643,1.076,1.464,1.731,0.322,0.095,1.286,2.152,3.462
0.743,0.783,0.473,3.182,0.939,2.952,1.486,1.566,6.364
0.181,1.489,1.137,3.472,4.563,2.35,0.362,2.978,6.944
0.29,0.325,0.99,3.265,0.573,4.341,0.58,0.65,6.53
0.327,1.229,0.256,0.165,0.708,3.357,0.654,2.458,0.33
0.839,1.457,1.276,1.47,4.695,3.269,1.678,2.914,2.94
0.917,0.75,0.515,2.994,2.539,1.87,1.834,1.5,5.988
1.336,0.709,0.831,0.734,2.783,3.749,2.672,1.418,1.468
1.37,0.574,0.866,3.789,0.396,3.943,2.74,1.148,7.578
1.308,1.042,0.824,0.683,4.781,3.968,2.616,2.084,1.366
1.008,0.982,0.103,0.954,4.861,1.411,2.016,1.964,1.908
1.444,0.299,0.849,4.165,2.021,0.68,2.888,0.598,8.33
1.481,0.892,0.659,0.952,4.555,4.933,2.962,1.784,1.904
1.311,0.951,0.323,4.245,1.151,4.722,2.622,1.902,8.49
1.334,0.584,0.675,2.463,0.546,4.46,2.668,1.168,4.926
0.637,1.489,0.345,1.609,2.2,1.496,1.274,2.978,3.218
1.34,0.445,0.522,1.651,2.722,1.361,2.68,0.89,3.302
0.964,1.301,0.246,4.983,1.829,0.944,1.928,2.602,9.966
1.498,1.436,0.159,2.53,0.661,3.429,2.996,2.872,5.06
1.415,0.424,1.137,3.313,0.385,0.134,2.83,0.848,6.626
0.486,1.334,1.257,2.448,3.842,2.069,0.972,2.668,4.896
0.959,0.187,1.435,2.845,2.051,3.805,1.918,0.374,5.69
0.622,0.118,1.32,3.904,4.273,1.839,1.244,0.236,7.808
1.201,0.702,1.207,2.937,3.507,0.959,2.402,1.404,5.874
0.195,0.145,0.456,2.816,3.302,2.969,0.39,0.29,5.632
0.536,0.427,0.862,1.562,4.51,0.031,1.072,0.854,3.124
1.004,1.413,0.375,4.63,3.963,1.159,2.008,2.826,9.26
0.539,1.228,0.516,1.405,4.191,1.999,1.078,2.456,2.81
1.172,0.745,1.182,4.606,4.245,3.137,2.344,1.49,9.212
1.161,0.768,0.245,4.78,0.738,3.302,2.322,1.536,9.56
1.313,0.738,0.477,3.483,2.598,3.1,2.626,1.476,6.966
0.461,0.889,1.307,3.923,0.839,3.773,0.922,1.778,7.846
0.281,1.135,0.543,0.884,1.163,0.979,0.562,2.27,1.768
0.353,0.314,1.234,4.653,3.791,4.054,0.706,0.628,9.306
0.632,0.902,0.687,3.109,1.092,4.673,1.264,1.804,6.218
0.432,1.15,1.437,3.175,1.612,3.921,0.864,2.3,6.35
0.842,0.362,0.816,0.482,2.714,1.889,1.684,0.724,0.964
0.671,0.392,0.873,3.277,0.085,2.981,1.342,0.784,6.554
0.662,0.473,1.177,3.14,0.328,1.805,1.324,0.946,6.28
0.69,0.857,0.891,0.65,2.007,3.882,1.38,1.714,1.3
1.209,1.193,0.532,3.092,2.8,4.759,2.418,2.386,6.184
1.202,0.225,0.945,3.7,0.988,3.008,2.404,0.45,7.4
0.423,0.94,1.494,0.329,4.821,1.962,0.846,1.88,0.658
1.382,0.451,1.302,4.003,4.075,3.639,2.764,0.902,8.006
0.918,0.36,0.678,0.976,1.002,2.18,1.836,0.72,1.952
0.296,0.616,0.335,0.788,3.676,4.981,0.592,1.232,1.576
1.451,0.121,0.623,2.849,1.391,4.807,2.902,0.242,5.698
0.866,0.437,0.114,0.919,4.209,1.016,1.732,0.874,1.838
1.105,0.298,0.783,2.661,2.001,3.447,2.21,0.596,5.322
0.986,0.436,1.226,3.546,3.06,0.697,1.972,0.872,7.092
0.256,1.055,0.31,4.599,3.958,2.966,0.512,2.11,9.198
0.386,0.825,0.197,3.249,1.694,1.627,0.772,1.65,6.498
1.408,1.192,0.236,0.101,3.626,1.344,2.816,2.384,0.202
1.128,0.394,0.876,2.944,3.792,2.458,2.256,0.788,5.888
0.356,0.915,1.384,4.578,1.318,3.352,0.712,1.83,9.156
0.518,0.194,1.436,2.262,3.596,3.867,1.036,0.388,4.524
1.142,0.966,0.133,3.04,1.03,4.657,2.284,1.932,6.08
1.494,1.226,0.435,0.74,2.317,2.115,2.988,2.452,1.48
0.6,0.336,0.491,1.041,0.26,3.844,1.2,0.672,2.082
0.346,1.402,0.214,3.059,1.143,4.69,0.692,2.804,6.118
0.684,0.418,0.899,3.839,4.253,1.351,1.368,0.836,7.678
1.293,0.149,0.261,4.551,1.295,4.261,2.586,0.298,9.102
0.462,0.367,1.078,4.978,4.385,2.764,0.924,0.734,9.956
0.488,0.293,1.379,0.066,3.91,2.685,0.976,0.586,0.132
0.803,0.772,0.229,0.398,3.903,0.596,1.606,1.544,0.796
0.598,0.713,1.444,3.037,1.949,0.961,1.196,1.426,6.074
0.263,0.333,1.033,4.188,1.969,0.842,0.526,0.666,8.376
0.844,0.974,0.322,4.394,0.827,4.829,1.688,1.948,8.788
1.108,0.486,1.374,3.022,4.151,2.39,2.216,0.972,6.044
1.1,1.441,0.175,4.578,2.681,2.328,2.2,2.882,9.156
1.097,0.437,0.839,1.235,0.746,4.879,2.194,0.874,2.47
1.065,0.831,0.793,2.871,3.544,4.572,2.13,1.662,5.742
1.212,0.422,0.556,4.622,0.071,2.922,2.424,0.844,9.244
0.782,1.138,1.068,3.716,1.074,1.338,1.564,2.276,7.432
0.35,0.567,0.795,0.192,3.37,2.084,0.7,1.134,0.384
1.43,1.134,1.118,4.547,2.941,3.127,2.86,2.268,9.094
0.499,1.223,0.733,2.884,1.937,3.616,0.998,2.446,5.768
0.989,1.227,1.133,4.713,0.692,3.168,1.978,2.454,9.426
1.299,0.922,0.234,3.672,3.591,2.354,2.598,1.844,7.344
0.481,0.76,1.389,1.322,4.767,0.799,0.962,1.52,2.644
1.349,0.256,0.427,1.369,2.273,2.323,2.698,0.512,2.738
0.264,1.34,0.846,3.794,0.562,2.588,0.528,2.68,7.588
0.885,0.638,0.787,4.145,0.272,1.307,1.77,1.276,8.29
0.709,0.97,0.219,0.996,1.294,4.076,1.418,1.94,1.992
0.227,0.526,0.496,1.643,0.841,4.449,0.454,1.052,3.286
0.985,1.205,0.575,3.663,4.351,3.669,1.97,2.41,7.326
1.359,1.433,1.135,3.184,0.536,0.663,2.718,2.866,6.368
0.301,0.397,0.928,3.914,3.03,0.327,0.602,0.794,7.828
0.214,0.129,1.389,0.606,4.103,0.063,0.428,0.258,1.212
0.948,1.164,0.245,3.225,4.993,1.259,1.896,2.328,6.45
0.584,0.951,0.755,1.612,3.32,3.736,1.168,1.902,3.224
0.499,0.324,1.313,4.869,0.58,2.545,0.998,0.648,9.738
0.562,1.354,0.633,1.444,2.087,0.125,1.124,2.708,2.888
1.233,1.248,0.902,4.162,3.403,2.275,2.466,2.496,8.324
1.208,0.624,0.19,0.129,1.697,1.106,2.416,1.248,0.258
1.192,1.377,0.355,4.641,3.397,3.461,2.384,2.754,9.282
0.575,1.288,1.052,4.539,1.844,0.321,1.15,2.576,9.078
0.739,0.535,0.732,2.708,3.058,2.491,1.478,1.07,5.416
0.273,0.634,1.452,3.696,0.829,1.713,0.546,1.268,7.392
0.284,0.611,1.0,2.92,4.776,4.096,0.568,1.222,5.84
0.173,0.702,1.347,2.96,0.138,0.389,0.346,1.404,5.92
1.167,0.578,0.396,4.509,2.568,3.388,2.334,1.156,9.018
0.657,1.5,0.618,1.884,3.066,1.556,1.314,3.0,3.768
0.215,0.159,0.48,1.772,0.787,0.81,0.43,0.318,3.544
1.164,0.439,1.361,4.312,4.955,0.807,2.328,0.878,8.624
0.708,1.171,0.418,4.765,2.603,4.28,1.416,2.342,9.53
0.493,1.194,1.228,0.814,0.293,0.876,0.986,2.388,1.628
1.279,0.628,0.443,2.585,0.42,3.66,2.558,1.256,5.17
0.152,0.519,0.112,2.927,3.393,4.292,0.304,1.038,5.854
1.181,1.269,1.29,1.998,4.067,3.542,2.362,2.538,3.996
0.372,0.479,1.267,1.908,0.289,1.178,0.744,0.958,3.816
1.225,0.239,0.779,4.895,4.265,1.129,2.45,0.478,9.79
0.7,0.903,1.322,1.892,0.45,4.768,1.4,1.806,3.784
1.379,0.845,1.272,3.098,1.34,0.29,2.758,1.69,6.196
1.038,1.255,0.289,0.265,1.771,4.343,2.076,2.51,0.53
1.004,0.337,0.914,0.541,4.037,2.698,2.008,0.674,1.082
0.935,1.337,0.303,1.929,4.495,1.798,1.87,2.674,3.858
0.233,0.96,0.761,1.855,2.528,2.727,0.466,1.92,3.71
0.207,0.305,0.792,0.156,4.215,4.262,0.414,0.61,0.312
0.847,0.81,1.266,0.889,3.566,1.238,1.694,1.62,1.778
0.711,0.671,0.712,1.79,4.105,4.376,1.422,1.342,3.58
1.294,0.536,0.673,2.246,0.795,3.922,2.588,1.072,4.492
0.852,0.36,0.604,1.457,1.345,4.325,1.704,0.72,2.914
1.001,0.193,0.182,1.499,2.069,1.2,2.002,0.386,2.998
0.322,1.044,1.176,3.27,3.121,2.779,0.644,2.088,6.54
1.252,1.12,0.335,3.516,2.866,0.856,2.504,2.24,7.032
0.556,0.245,0.484,3.889,1.507,0.47,1.112,0.49,7.778
1.374,1.339,1.268,3.996,3.897,0.311,2.748,2.678,7.992
0.446,1.488,0.621,1.347,0.424,3.863,0.892,2.976,2.694
0.789,0.88,0.615,2.763,2.295,3.186,1.578,1.76,5.526
1.028,0.645,1.45,2.889,3.119,4.313,2.056,1.29,5.778
1.213,0.584,1.091,2.661,1.53,1.86,2.426,1.168,5.322
1.428,0.533,1.208,4.302,3.539,2.412,2.856,1.066,8.604
0.113,0.949,0.317,1.096,0.173,2.182,0.226,1.898,2.192
0.467,0.914,1.058,1.359,4.61,1.466,0.934,1.828,2.718
0.503,1.19,0.672,0.673,1.232,1.177,1.006,2.38,1.346
0.857,0.276,0.281,2.971,1.258,3.404,1.714,0.552,5.942
0.364,0.434,0.328,1.479,0.261,2.545,0.728,0.868,2.958
0.742,0.664,1.194,3.231,0.218,3.162,1.484,1.328,6.462
1.369,0.885,1.24,0.811,3.092,1.118,2.738,1.77,1.622
0.253,0.474,1.026,1.745,2.918,3.346,0.506,0.948,3.49
0.926,0.58,1.173,2.517,3.221,4.153,1.852,1.16,5.034
1.211,0.15,0.507,4.425,1.843,3.115,2.422,0.3,8.85
1.5,1.41,1.467,1.25,4.623,1.894,3.0,2.82,2.5
0.698,1.196,1.258,1.197,1.089,1.674,1.396,2.392,2.394
0.273,0.889,1.123,1.007,1.974,1.072,0.546,1.778,2.014
1.493,0.102,0.317,1.482,0.814,3.996,2.986,0.204,2.964
0.801,0.118,0.511,2.135,0.706,0.219,1.602,0.236,4.27
0.694,0.597,0.792,3.579,0.402,4.587,1.388,1.194,7.158
1.076,0.286,0.785,0.996,4.733,0.735,2.152,0.572,1.992
0.212,1.002,1.037,3.014,2.489,4.668,0.424,2.004,6.028
1.235,0.478,1.374,3.771,3.057,0.073,2.47,0.956,7.542
0.46,0.53,0.468,1.265,1.175,2.23,0.92,1.06,2.53
1.44,0.704,1.319,4.852,1.254,1.473,2.88,1.408,9.704
1.373,1.421,0.469,1.698,4.276,2.33,2.746,2.842,3.396
1.392,1.357,1.422,3.098,2.22,4.218,2.784,2.714,6.196
0.832,0.4,0.107,1.675,1.728,2.798,1.664,0.8,3.35
1.043,1.141,0.682,4.623,3.656,0.065,2.086,2.282,9.246
1.312,0.642,0.668,3.135,0.056,4.222,2.624,1.284,6.27
0.671,0.155,1.408,1.31,0.432,2.993,1.342,0.31,2.62
0.101,0.665,1.133,1.207,4.064,4.082,0.202,1.33,2.414
0.552,0.174,1.379,2.871,1.129,0.437,1.104,0.348,5.742
0.273,1.108,0.244,3.446,0.914,0.917,0.546,2.216,6.892
0.705,0.847,0.275,2.569,3.329,1.338,1.41,1.694,5.138
1.213,0.5,0.23,3.352,0.719,0.628,2.426,1.0,6.704
1.398,1.472,0.732,2.908,4.941,1.176,2.796,2.944,5.816
1.086,0.954,0.239,2.532,2.041,2.135,2.172,1.908,5.064
0.812,0.898,1.255,4.697,3.234,3.882,1.624,1.796,9.394
0.636,0.636,0.398,2.11,0.771,0.739,1.272,1.272,4.22
1.152,1.015,0.323,4.878,3.694,4.117,2.304,2.03,9.756
0.615,1.083,0.981,2.665,4.574,0.898,1.23,2.166,5.33
0.117,0.816,1.432,4.913,0.385,1.45,0.234,1.632,9.826
0.125,1.061,0.611,2.415,4.463,3.449,0.25,2.122,4.83
1.073,1.061,0.509,2.944,3.693,4.821,2.146,2.122,5.888
1.016,1.236,0.294,3.99,2.034,3.618,2.032,2.472,7.98
0.545,1.164,1.441,2.566,3.528,3.023,1.09,2.328,5.132
1.164,0.823,1.08,2.233,3.167,4.948,2.328,1.646,4.466
0.527,0.982,0.227,2.052,2.222,1.476,1.054,1.964,4.104
0.534,0.925,1.315,0.944,4.976,1.814,1.068,1.85,1.888
1.003,1.471,1.452,1.41,2.145,1.794,2.006,2.942,2.82
0.652,1.012,0.859,2.745,1.553,3.608,1.304,2.024,5.49
1.145,1.152,0.488,3.891,0.212,4.771,2.29,2.304,7.782
0.726,0.616,0.186,2.045,2.409,4.419,1.452,1.232,4.09
1.444,0.35,0.278,0.187,2.772,1.828,2.888,0.7,0.374
0.755,0.767,0.318,2.202,2.096,0.838,1.51,1.534,4.404
1.259,0.516,0.788,4.965,0.655,3.79,2.518,1.032,9.93
0.384,0.305,0.19,1.869,3.058,3.95,0.768,0.61,3.738
1.167,1.466,0.869,0.01,4.735,2.835,2.334,2.932,0.02
0.549,1.308,1.415,0.997,0.662,1.996,1.098,2.616,1.994
0.577,0.232,0.876,4.268,0.142,3.186,1.154,0.464,8.536
0.216,1.365,1.105,0.949,0.511,1.297,0.432,2.73,1.898
1.17,1.097,0.435,2.134,3.712,4.338,2.34,2.194,4.268
1.167,0.391,0.895,3.677,1.134,4.661,2.334,0.782,7.354
1.081,0.142,1.4,4.679,1.003,3.079,2.162,0.284,9.358
0.573,0.394,1.47,4.991,4.493,4.871,1.146,0.788,9.982
0.762,0.232,0.356,2.606,4.833,3.571,1.524,0.464,5.212
0.316,0.616,0.933,1.893,4.612,2.92,0.632,1.232,3.786
1.109,0.545,1.017,0.633,4.384,1.946,2.218,1.09,1.266
1.471,0.401,0.657,0.894,1.426,1.598,2.942,0.802,1.788
0.566,0.494,0.583,0.916,4.167,3.993,1.132,0.988,1.832
0.333,0.657,0.323,4.821,0.305,0.807,0.666,1.314,9.642
0.101,0.423,0.155,3.896,0.314,2.048,0.202,0.846,7.792
0.814,0.817,0.608,2.455,3.816,4.187,1.628,1.634,4.91
0.284,0.89,0.742,4.684,1.782,0.529,0.568,1.78,9.368
0.296,0.487,0.161,3.89,2.106,3.998,0.592,0.974,7.78
1.308,0.499,1.216,1.264,3.277,0.504,2.616,0.998,2.528
0.914,0.471,1.379,2.176,4.007,2.903,1.828,0.942,4.352
1.019,1.076,0.969,3.313,1.962,1.208,2.038,2.152,6.626
1.244,0.136,1.461,3.725,2.049,0.475,2.488,0.272,7.45
1.335,0.93,0.424,0.461,3.474,3.626,2.67,1.86,0.922
0.268,0.902,0.312,2.332,2.787,4.953,0.536,1.804,4.664
0.379,0.692,0.728,2.727,1.466,0.952,0.758,1.384,5.454
1.33,1.274,0.611,3.977,2.175,0.445,2.66,2.548,7.954
0.759,1.492,0.781,3.104,1.235,0.727,1.518,2.984,6.208
1.141,0.982,1.219,0.5,1.384,4.542,2.282,1.964,1.0
0.698,0.764,1.144,3.642,1.815,2.828,1.396,1.528,7.284
0.843,0.723,0.956,1.802,2.519,2.625,1.686,1.446,3.604
0.97,0.596,0.82,0.919,1.474,2.011,1.94,1.192,1.838
0.849,0.761,0.579,2.559,0.857,1.16,1.698,1.522,5.118
1.195,1.353,0.33,1.201,0.815,1.633,2.39,2.706,2.402
0.43,0.657,0.419,3.755,3.886,2.146,0.86,1.314,7.51
1.433,1.141,0.379,0.692,4.798,4.944,2.866,2.282,1.384
1.428,1.167,0.181,0.734,0.476,0.493,2.856,2.334,1.468
0.159,1.422,0.272,3.769,2.355,3.453,0.318,2.844,7.538
0.297,0.727,0.153,1.535,1.389,0.477,0.594,1.454,3.07
0.695,0.541,0.813,3.631,3.376,2.672,1.39,1.082,7.262
0.603,1.158,0.36,1.781,3.792,2.11,1.206,2.316,3.562
1.207,0.606,1.214,1.338,2.719,0.622,2.414,1.212,2.676
0.885,0.208,0.645,0.919,2.025,4.246,1.77,0.416,1.838
1.288,1.137,0.22,0.075,2.856,2.938,2.576,2.274,0.15
0.906,1.009,1.071,3.991,3.316,3.359,1.812,2.018,7.982
0.549,0.405,1.283,4.516,3.576,4.516,1.098,0.81,9.032
1.389,1.232,0.677,2.075,1.591,0.205,2.778,2.464,4.15
0.233,1.355,0.345,3.811,2.453,1.987,0.466,2.71,7.622
0.535,1.43,0.943,4.31,3.459,2.476,1.07,2.86,8.62
0.783,0.291,0.332,3.752,3.972,4.108,1.566,0.582,7.504
0.204,0.126,1.24,1.811,0.46,0.946,0.408,0.252,3.622
0.35,0.824,0.542,3.591,3.609,2.186,0.7,1.648,7.182
1.454,0.556,1.169,4.273,1.027,3.571,2.908,1.112,8.546
0.68,0.118,1.31,4.125,0.63,1.438,1.36,0.236,8.25
0.599,1.019,1.199,1.886,3.735,0.252,1.198,2.038,3.772
0.913,0.584,1.44,2.68,1.631,4.647,1.826,1.168,5.36
1.322,1.233,0.25,3.107,0.778,3.151,2.644,2.466,6.214
1.052,1.109,0.975,2.896,0.066,4.361,2.104,2.218,5.792
0.456,1.364,0.408,4.465,2.413,1.282,0.912,2.728,8.93
1.048,0.549,1.043,1.442,1.28,1.717,2.096,1.098,2.884
1.045,1.468,0.38,2.216,2.52,4.019,2.09,2.936,4.432
1.493,0.141,0.429,2.898,1.275,0.184,2.986,0.282,5.796
0.766,0.235,1.134,4.841,4.01,1.561,1.532,0.47,9.682
0.975,0.262,0.287,4.794,0.624,3.708,1.95,0.524,9.588
1.398,0.501,0.815,1.699,3.7,4.507,2.796,1.002,3.398
0.473,1.06,0.945,1.882,3.428,4.36,0.946,2.12,3.764
0.845,0.761,0.656,2.907,2.532,4.194,1.69,1.522,5.814
0.965,1.237,0.721,3.737,1.36,2.948,1.93,2.474,7.474
1.472,1.389,1.457,2.83,3.173,1.331,2.944,2.778,5.66
0.269,0.386,0.123,1.838,0.693,3.198,0.538,0.772,3.676
0.364,0.942,0.475,2.594,0.0,3.222,0.728,1.884,5.188
1.127,0.311,1.384,3.823,1.89,0.94,2.254,0.622,7.646
1.009,0.476,0.438,4.019,3.307,1.763,2.018,0.952,8.038
0.402,0.683,0.277,4.442,0.009,0.96,0.804,1.366,8.884
0.886,0.126,1.268,4.268,3.809,3.604,1.772,0.252,8.536
0.945,0.733,1.498,3.158,4.602,0.675,1.89,1.466,6.316
0.398,0.265,0.746,1.884,4.458,4.214,0.796,0.53,3.768
0.774,0.71,0.957,0.912,2.936,0.985,1.548,1.42,1.824
1.068,0.711,1.119,0.403,4.379,0.541,2.136,1.422,0.806
0.635,0.708,0.961,3.457,1.897,3.529,1.27,1.416,6.914
0.957,1.464,1.416,2.377,4.808,2.563,1.914,2.928,4.754
1.167,0.25,0.107,1.44,2.529,1.843,2.334,0.5,2.88
0.752,1.418,1.208,0.605,3.894,1.985,1.504,2.836,1.21
0.744,0.697,1.303,3.337,1.273,3.73,1.488,1.394,6.674
0.666,1.409,0.568,3.095,0.816,4.114,1.332,2.818,6.19
1.467,1.476,0.86,3.907,1.253,0.741,2.934,2.952,7.814
0.44,0.797,0.81,0.211,1.188,3.974,0.88,1.594,0.422
0.88,0.221,0.168,1.661,3.34,2.886,1.76,0.442,3.322
0.776,0.947,1.481,1.831,2.72,3.229,1.552,1.894,3.662
0.28,1.195,0.368,3.588,4.65,0.822,0.56,2.39,7.176
0.535,1.237,0.688,0.92,0.487,4.402,1.07,2.474,1.84
0.832,1.169,0.624,2.486,1.861,3.765,1.664,2.338,4.972
0.602,0.166,0.719,3.504,1.823,3.345,1.204,0.332,7.008
1.04,1.032,0.696,4.544,1.451,3.659,2.08,2.064,9.088
0.761,1.458,1.111,4.963,3.012,4.007,1.522,2.916,9.926
1.011,0.29,1.463,2.057,4.964,3.197,2.022,0.58,4.114
0.284,0.476,1.297,2.872,1.552,0.983,0.568,0.952,5.744
1.479,1.296,0.553,3.83,2.416,3.493,2.958,2.592,7.66
1.12,0.735,0.646,1.521,3.684,4.355,2.24,1.47,3.042
1.054,0.426,0.848,3.717,4.871,0.192,2.108,0.852,7.434
0.958,0.328,0.102,3.476,3.593,3.75,1.916,0.656,6.952
0.482,1.136,0.485,0.608,4.665,0.158,0.964,2.272,1.216
1.396,0.129,0.952,0.907,0.766,4.616,2.792,0.258,1.814
0.798,0.49,1.375,0.886,1.966,2.284,1.596,0.98,1.772
0.199,0.763,0.185,4.88,1.984,4.927,0.398,1.526,9.76
1.162,0.384,0.511,1.292,0.905,3.63,2.324,0.768,2.584
1.236,0.678,0.532,0.598,0.245,4.042,2.472,1.356,1.196
1.185,1.383,1.264,1.942,3.356,3.12,2.37,2.766,3.884
1.268,0.966,0.339,1.215,0.063,4.203,2.536,1.932,2.43
0.676,0.206,0.811,0.878,2.715,1.184,1.352,0.412,1.756
0.258,1.221,1.311,3.149,1.005,3.846,0.516,2.442,6.298
0.147,0.948,1.042,3.01,4.442,4.989,0.294,1.896,6.02
1.372,0.258,0.925,1.034,4.083,2.752,2.744,0.516,2.068
0.418,1.078,1.448,1.406,1.602,0.882,0.836,2.156,2.812
0.66,1.414,0.231,3.114,4.331,3.62,1.32,2.828,6.228
1.104,0.565,1.358,1.639,4.246,4.769,2.208,1.13,3.278
0.317,0.153,0.761,3.166,1.194,3.457,0.634,0.306,6.332
0.699,0.61,1.475,0.494,2.903,0.717,1.398,1.22,0.988
1.273,0.887,1.235,2.598,0.389,3.812,2.546,1.774,5.196
1.267,1.48,0.106,3.37,1.599,2.938,2.534,2.96,6.74
0.7,1.339,0.627,4.364,1.236,4.528,1.4,2.678,8.728
1.016,0.651,1.084,4.599,1.496,4.121,2.032,1.302,9.198
1.278,0.832,0.414,0.123,1.929,2.539,2.556,1.664,0.246
1.189,0.701,1.133,4.711,4.27,4.87,2.378,1.402,9.422
0.988,0.509,1.136,0.312,0.558,3.056,1.976,1.018,0.624
0.641,0.197,0.65,1.206,2.151,1.734,1.282,0.394,2.412
1.045,1.023,0.341,3.784,0.171,2.908,2.09,2.046,7.568
0.634,0.371,0.406,2.325,1.606,4.895,1.268,0.742,4.65
0.584,0.639,1.036,1.99,0.649,0.159,1.168,1.278,3.98
0.979,1.132,0.478,4.899,2.974,3.863,1.958,2.264,9.798
1.313,0.828,0.161,1.737,0.499,4.151,2.626,1.656,3.474
1.433,0.34,1.324,0.192,2.349,1.194,2.866,0.68,0.384
0.626,0.249,0.515,3.132,4.754,1.992,1.252,0.498,6.264
1.038,0.589,1.489,0.497,2.554,0.144,2.076,1.178,0.994
1.145,0.386,0.876,0.78,3.018,2.552,2.29,0.772,1.56
1.279,0.99,1.352,1.695,4.951,4.399,2.558,1.98,3.39
0.866,0.919,0.324,3.05,1.214,4.081,1.732,1.838,6.1
0.619,1.484,0.247,4.556,4.375,2.585,1.238,2.968,9.112
1.445,0.613,0.189,0.856,3.031,3.515,2.89,1.226,1.712
0.728,1.045,1.061,4.489,4.234,1.11,1.456,2.09,8.978
1.091,0.336,1.189,4.133,2.714,0.823,2.182,0.672,8.266
1.243,0.198,1.405,1.345,1.746,1.603,2.486,0.396,2.69
0.244,1.368,1.015,4.001,3.373,3.278,0.488,2.736,8.002
1.231,0.166,0.958,4.154,0.254,4.445,2.462,0.332,8.308
1.006,0.881,0.38,2.159,0.732,2.634,2.012,1.762,4.318
1.311,1.446,0.477,3.883,3.51,2.818,2.622,2.892,7.766
0.925,1.485,0.221,1.84,2.378,1.991,1.85,2.97,3.68
0.886,1.349,1.013,3.711,1.772,1.983,1.772,2.698,7.422
0.169,1.208,0.281,0.832,3.016,4.535,0.338,2.416,1.664
0.774,0.898,0.158,1.517,3.706,4.088,1.548,1.796,3.034
1.403,0.158,0.985,2.101,0.334,0.517,2.806,0.316,4.202
0.675,0.621,0.839,2.311,1.19,1.875,1.35,1.242,4.622
1.353,1.33,0.503,1.993,1.859,4.084,2.706,2.66,3.986
1.181,1.113,1.129,0.262,2.051,0.908,2.362,2.226,0.524
0.902,1.101,1.421,4.683,0.407,0.921,1.804,2.202,9.366
1.414,0.914,1.224,1.333,1.957,4.705,2.828,1.828,2.666
1.018,1.014,1.313,3.163,3.797,2.945,2.036,2.028,6.326
0.887,0.75,0.32,2.392,1.937,4.175,1.774,1.5,4.784
1.473,0.261,0.878,0.5,4.974,3.645,2.946,0.522,1.0
1.208,0.495,1.455,1.651,3.728,2.814,2.416,0.99,3.302
0.504,1.089,0.954,4.303,3.027,0.668,1.008,2.178,8.606
0.252,1.435,0.107,3.362,1.847,1.94,0.504,2.87,6.724
0.828,0.982,0.221,4.671,1.186,4.13,1.656,1.964,9.342
0.494,1.296,0.453,0.666,3.456,0.843,0.988,2.592,1.332
0.686,0.639,0.755,2.9,4.071,2.608,1.372,1.278,5.8
1.332,0.282,0.257,2.538,4.124,0.011,2.664,0.564,5.076
0.164,0.345,0.322,3.178,3.583,4.192,0.328,0.69,6.356
0.815,0.741,0.803,3.784,0.296,1.947,1.63,1.482,7.568
0.853,0.905,1.347,4.776,3.144,1.57,1.706,1.81,9.552
1.249,0.623,1.104,3.1,3.621,0.151,2.498,1.246,6.2
1.08,1.135,0.701,2.911,1.038,3.614,2.16,2.27,5.822
0.959,0.287,0.542,1.001,3.021,3.191,1.918,0.574,2.002
1.224,0.351,1.093,2.904,1.878,0.092,2.448,0.702,5.808
0.883,0.308,1.415,4.949,1.193,1.726,1.766,0.616,9.898
0.796,1.089,0.56,3.367,3.042,4.885,1.592,2.178,6.734
0.14,0.764,0.106,3.873,3.796,1.884,0.28,1.528,7.746
1.381,0.639,1.081,4.865,3.205,2.549,2.762,1.278,9.73
0.963,0.296,0.507,4.709,4.206,4.573,1.926,0.592,9.418
0.379,0.888,0.372,3.179,1.452,2.395,0.758,1.776,6.358
0.415,1.026,1.414,1.745,4.161,2.267,0.83,2.052,3.49
1.183,1.206,0.93,3.299,2.391,2.694,2.366,2.412,6.598
1.318,1.454,1.323,1.143,4.245,2.004,2.636,2.908,2.286
0.459,0.444,0.503,2.729,1.284,3.649,0.918,0.888,5.458
0.702,0.507,0.626,3.448,4.724,4.224,1.404,1.014,6.896
0.575,1.404,0.316,1.974,1.888,0.363,1.15,2.808,3.948
1.376,0.911,1.36,2.771,1.809,2.651,2.752,1.822,5.542
1.319,1.056,0.811,3.704,4.621,2.485,2.638,2.112,7.408
0.401,1.022,1.078,2.692,2.626,0.86,0.802,2.044,5.384
1.329,0.433,0.619,1.253,3.655,0.107,2.658,0.866,2.506
0.494,1.164,1.319,4.199,4.441,1.645,0.988,2.328,8.398
0.676,1.173,1.093,3.616,1.691,4.206,1.352,2.346,7.232
0.214,0.616,0.282,1.264,4.972,4.02,0.428,1.232,2.528
0.217,0.673,0.279,2.071,0.18,4.343,0.434,1.346,4.142
0.282,0.416,0.991,4.351,2.914,0.797,0.564,0.832,8.702
1.081,1.156,0.941,3.379,3.876,1.205,2.162,2.312,6.758
1.128,0.98,0.429,1.024,1.226,4.131,2.256,1.96,2.048
0.856,0.849,0.442,4.758,3.254,1.376,1.712,1.698,9.516
0.739,1.087,1.024,3.981,1.688,3.559,1.478,2.174,7.962
0.928,0.63,1.07,1.772,2.092,4.26,1.856,1.26,3.544
1.17,0.622,0.918,0.487,0.512,2.979,2.34,1.244,0.974
1.14,0.579,0.896,2.487,2.502,4.364,2.28,1.158,4.974
0.396,1.301,0.67,3.425,4.693,3.704,0.792,2.602,6.85
1.271,1.28,0.72,3.03,1.7,3.976,2.542,2.56,6.06
0.381,1.039,1.085,1.8,4.971,1.076,0.762,2.078,3.6
1.398,0.909,1.202,0.236,4.299,3.655,2.796,1.818,0.472
0.703,0.501,0.997,3.608,4.649,3.764,1.406,1.002,7.216
1.255,1.429,0.383,3.48,1.029,1.454,2.51,2.858,6.96
1.042,0.345,0.282,0.263,3.061,2.508,2.084,0.69,0.526
1.026,0.722,0.233,0.839,2.859,4.682,2.052,1.444,1.678
1.465,1.284,1.079,4.827,1.753,0.353,2.93,2.568,9.654
0.855,0.988,0.235,1.169,0.117,4.847,1.71,1.976,2.338
0.778,1.25,1.31,4.104,1.669,2.545,1.556,2.5,8.208
0.169,0.741,0.85,0.519,2.017,3.934,0.338,1.482,1.038
0.344,1.109,1.021,3.918,1.772,1.713,0.688,2.218,7.836
0.201,0.287,0.488,2.104,3.63,1.175,0.402,0.574,4.208
1.323,0.508,0.581,2.424,4.331,4.839,2.646,1.016,4.848
0.863,0.314,0.254,4.463,1.253,2.584,1.726,0.628,8.926
1.198,0.916,0.704,4.643,0.376,1.377,2.396,1.832,9.286
0.356,0.615,0.643,0.717,4.831,0.869,0.712,1.23,1.434
1.0,0.348,0.228,3.895,1.85,2.355,2.0,0.696,7.79
1.484,1.488,0.159,2.345,4.671,4.252,2.968,2.976,4.69
1.272,0.16,0.189,0.774,4.761,0.103,2.544,0.32,1.548
0.112,0.758,0.468,2.21,3.183,4.137,0.224,1.516,4.42
0.744,0.734,0.931,1.998,4.139,2.51,1.488,1.468,3.996
1.093,0.326,0.787,2.433,4.953,1.152,2.186,0.652,4.866
1.181,0.341,0.377,4.423,3.129,2.75,2.362,0.682,8.846
1.164,0.672,0.825,1.417,0.153,3.786,2.328,1.344,2.834
0.995,0.925,1.082,1.32,2.414,2.881,1.99,1.85,2.64
1.016,0.433,0.507,2.682,4.651,4.52,2.032,0.866,5.364
0.644,0.741,1.145,2.969,0.67,2.097,1.288,1.482,5.938
0.654,1.022,0.503,3.663,1.511,2.481,1.308,2.044,7.326
1.16,0.834,0.606,3.866,4.742,2.547,2.32,1.668,7.732
0.593,0.968,1.333,2.689,0.548,4.568,1.186,1.936,5.378
0.49,0.305,0.717,0.657,1.939,3.111,0.98,0.61,1.314
1.0,0.599,1.431,1.246,3.193,2.886,2.0,1.198,2.492
0.845,0.102,1.044,2.071,4.582,2.756,1.69,0.204,4.142
1.08,1.186,0.95,2.491,3.075,4.235,2.16,2.372,4.982
0.672,0.731,0.893,1.75,1.182,4.08,1.344,1.462,3.5
0.925,0.41,1.005,3.508,1.514,3.715,1.85,0.82,7.016
1.422,0.869,0.475,0.171,4.81,4.221,2.844,1.738,0.342
0.176,0.679,0.574,1.249,4.412,0.801,0.352,1.358,2.498
0.373,0.941,1.325,4.409,1.044,4.033,0.746,1.882,8.818
0.992,1.04,0.924,3.539,3.674,1.978,1.984,2.08,7.078
1.432,0.899,0.489,1.497,4.444,4.305,2.864,1.798,2.994
0.259,1.073,0.653,0.46,4.35,1.154,0.518,2.146,0.92
0.871,0.841,0.261,2.9,1.218,0.75,1.742,1.682,5.8
1.068,0.582,0.176,4.647,0.37,2.982,2.136,1.164,9.294
0.775,0.465,0.449,4.693,3.575,1.459,1.55,0.93,9.386
0.97,0.658,0.642,1.151,4.559,3.736,1.94,1.316,2.302
0.879,0.526,1.359,0.175,0.797,3.438,1.758,1.052,0.35
1.061,0.551,1.129,0.014,1.426,1.588,2.122,1.102,0.028
1.221,0.218,0.22,1.962,0.544,0.001,2.442,0.436,3.924
1.118,0.781,1.464,1.777,2.668,2.144,2.236,1.562,3.554
0.913,1.268,1.025,3.991,2.73,3.783,1.826,2.536,7.982
0.35,1.406,0.301,2.087,4.126,0.855,0.7,2.812,4.174
0.915,1.445,0.612,0.393,4.895,1.382,1.83,2.89,0.786
0.25,0.623,1.021,4.47,1.809,3.614,0.5,1.246,8.94
0.549,0.376,1.166,2.947,2.526,2.403,1.098,0.752,5.894
0.839,0.777,1.322,1.879,0.899,2.027,1.678,1.554,3.758
0.248,0.449,0.806,2.582,2.039,2.645,0.496,0.898,5.164
0.103,1.286,1.314,2.364,0.363,1.015,0.206,2.572,4.728
1.019,0.989,1.022,1.435,1.414,0.336,2.038,1.978,2.87
0.184,0.739,0.301,3.761,2.13,2.572,0.368,1.478,7.522
1.175,1.274,1.103,3.563,0.741,1.804,2.35,2.548,7.126
0.945,1.128,0.624,0.054,1.726,3.309,1.89,2.256,0.108
1.395,0.351,1.064,3.443,2.461,2.02,2.79,0.702,6.886
1.496,0.21,0.859,2.49,2.641,2.987,2.992,0.42,4.98
0.96,1.103,0.882,2.134,0.053,4.962,1.92,2.206,4.268
0.658,1.405,0.528,1.98,0.995,3.218,1.316,2.81,3.96
1.485,0.18,0.978,1.203,0.537,0.449,2.97,0.36,2.406
0.623,1.204,1.427,1.602,0.144,3.214,1.246,2.408,3.204
1.345,0.986,0.899,2.677,2.008,0.954,2.69,1.972,5.354
0.259,1.494,0.808,1.164,2.763,0.965,0.518,2.988,2.328
0.251,0.721,1.377,4.094,4.163,3.469,0.502,1.442,8.188
0.433,1.429,0.778,2.239,1.645,4.097,0.866,2.858,4.478
1.035,1.29,0.787,2.328,4.085,1.533,2.07,2.58,4.656
0.949,0.799,0.174,4.484,2.433,0.936,1.898,1.598,8.968
0.273,1.239,0.845,2.209,0.359,0.354,0.546,2.478,4.418
0.514,1.106,0.204,1.021,4.195,1.754,1.028,2.212,2.042
1.121,1.388,0.728,4.039,1.542,4.783,2.242,2.776,8.078
1.102,0.989,0.176,3.879,1.52,4.528,2.204,1.978,7.758
0.516,1.204,0.841,0.423,1.792,0.208,1.032,2.408,0.846
1.352,0.346,0.378,0.934,3.407,2.044,2.704,0.692,1.868
0.905,0.804,1.479,0.062,0.604,4.612,1.81,1.608,0.124
1.19,0.646,0.107,1.459,4.147,0.769,2.38,1.292,2.918
0.266,0.947,0.954,4.208,0.987,3.118,0.532,1.894,8.416
0.595,1.328,1.069,4.051,4.867,0.447,1.19,2.656,8.102
0.299,0.8,0.683,3.733,3.034,3.146,0.598,1.6,7.466
0.665,1.417,0.696,1.342,1.607,2.826,1.33,2.834,2.684
0.946,1.428,0.384,3.629,3.19,1.005,1.892,2.856,7.258
0.621,0.923,0.344,2.946,4.761,1.555,1.242,1.846,5.892
0.931,1.472,0.683,1.138,1.019,3.398,1.862,2.944,2.276
1.229,1.024,0.284,1.259,2.418,2.467,2.458,2.048,2.518
1.273,1.458,0.854,4.062,0.969,2.081,2.546,2.916,8.124
0.778,0.248,1.057,2.417,0.078,4.372,1.556,0.496,4.834
1.47,1.05,0.39,0.345,3.518,3.004,2.94,2.1,0.69
0.632,1.486,1.467,0.119,4.337,1.148,1.264,2.972,0.238
0.651,1.215,1.23,4.15,0.915,2.352,1.302,2.43,8.3
0.634,0.721,0.626,2.073,0.467,4.696,1.268,1.442,4.146
1.181,1.001,0.79,3.605,0.889,4.208,2.362,2.002,7.21
1.03,1.168,0.207,0.912,4.817,1.743,2.06,2.336,1.824
1.468,0.378,1.388,0.989,4.49,1.287,2.936,0.756,1.978
1.075,1.326,0.889,0.339,0.857,2.27,2.15,2.652,0.678
0.932,0.297,0.616,1.602,1.428,3.151,1.864,0.594,3.204
0.875,1.246,0.674,1.886,3.982,4.814,1.75,2.492,3.772
0.469,0.578,0.761,1.048,4.281,0.063,0.938,1.156,2.096
1.431,0.891,0.165,1.686,4.759,2.881,2.862,1.782,3.372
0.265,0.317,0.941,3.304,0.068,2.931,0.53,0.634,6.608
0.999,1.267,1.277,3.314,3.227,4.891,1.998,2.534,6.628
1.108,1.069,0.482,4.724,0.537,0.728,2.216,2.138,9.448
0.225,0.199,0.586,3.229,4.192,1.314,0.45,0.398,6.458
1.348,0.858,1.489,4.325,4.352,2.66,2.696,1.716,8.65
1.424,0.854,0.678,2.162,4.064,4.612,2.848,1.708,4.324
1.07,0.782,1.31,0.633,3.48,1.786,2.14,1.564,1.266
0.177,0.961,0.213,0.776,0.61,2.697,0.354,1.922,1.552
0.221,0.163,0.222,0.349,2.607,1.887,0.442,0.326,0.698
0.29,0.653,0.91,2.556,1.396,1.457,0.58,1.306,5.112
0.32,0.699,1.35,4.337,1.268,0.099,0.64,1.398,8.674
0.667,0.766,0.887,3.934,2.002,0.646,1.334,1.532,7.868
0.937,0.286,1.228,3.054,0.645,2.304,1.874,0.572,6.108
1.136,1.253,0.935,0.982,1.694,4.95,2.272,2.506,1.964
0.135,1.02,0.878,3.83,2.464,1.18,0.27,2.04,7.66
0.136,0.631,1.331,4.691,4.148,0.922,0.272,1.262,9.382
1.05,0.516,1.281,4.26,4.256,0.923,2.1,1.032,8.52
1.129,0.149,1.112,1.061,0.401,1.611,2.258,0.298,2.122
1.104,0.289,1.403,1.279,2.11,0.949,2.208,0.578,2.558
0.383,0.27,1.001,0.974,3.341,4.995,0.766,0.54,1.948
0.525,1.384,1.188,1.857,1.732,2.3,1.05,2.768,3.714
0.881,1.438,0.838,4.77,4.598,2.957,1.762,2.876,9.54
0.749,0.151,0.493,2.056,0.581,3.508,1.498,0.302,4.112
0.631,1.167,0.433,1.928,4.866,2.531,1.262,2.334,3.856
0.62,0.532,0.682,0.144,3.156,1.823,1.24,1.064,0.288
0.671,1.476,0.72,0.277,4.433,3.025,1.342,2.952,0.554
1.208,0.903,0.737,1.857,0.736,2.542,2.416,1.806,3.714
0.723,1.246,0.499,0.364,0.992,3.476,1.446,2.492,0.728
1.173,1.276,1.366,1.837,4.239,4.785,2.346,2.552,3.674
1.483,0.495,0.192,1.016,2.601,1.763,2.966,0.99,2.032
1.172,0.933,0.692,4.446,3.185,2.637,2.344,1.866,8.892
0.322,1.316,0.123,4.894,0.475,2.611,0.644,2.632,9.788
0.531,1.257,1.374,1.883,1.619,4.529,1.062,2.514,3.766
0.775,0.598,0.504,0.105,3.835,1.477,1.55,1.196,0.21
0.448,0.871,0.995,0.167,0.818,4.803,0.896,1.742,0.334
0.776,0.903,0.333,3.337,0.556,4.319,1.552,1.806,6.674
0.454,1.277,0.987,2.188,4.644,2.009,0.908,2.554,4.376
1.041,1.477,0.52,3.586,0.771,3.4,2.082,2.954,7.172
0.525,0.735,0.48,4.016,3.955,4.8,1.05,1.47,8.032
1.394,1.076,1.068,2.092,0.137,3.086,2.788,2.152,4.184
1.401,0.493,0.352,0.58,0.838,0.665,2.802,0.986,1.16
1.454,0.855,0.632,0.569,2.677,2.329,2.908,1.71,1.138
1.2,0.682,0.603,2.701,2.27,0.851,2.4,1.364,5.402
0.997,0.731,0.899,2.213,4.157,0.352,1.994,1.462,4.426
1.002,0.859,0.74,0.603,1.293,2.892,2.004,1.718,1.206
0.303,0.454,0.858,2.028,4.878,3.869,0.606,0.908,4.056
0.522,0.538,1.271,3.753,0.187,0.826,1.044,1.076,7.506
0.721,0.446,0.107,4.762,3.491,2.546,1.442,0.892,9.524
0.817,1.208,1.263,3.273,1.561,4.943,1.634,2.416,6.546
0.759,0.786,0.842,2.922,2.418,1.608,1.518,1.572,5.844
0.214,0.779,0.305,1.769,2.179,4.014,0.428,1.558,3.538
0.85,0.701,1.128,3.97,0.137,1.056,1.7,1.402,7.94
1.106,1.348,0.389,1.748,3.447,1.922,2.212,2.696,3.496
0.615,0.162,0.175,2.801,4.668,1.965,1.23,0.324,5.602
0.515,1.404,0.29,0.419,4.658,1.653,1.03,2.808,0.838
0.26,0.203,0.446,0.206,0.046,0.399,0.52,0.406,0.412
0.479,0.231,0.691,1.47,0.916,3.078,0.958,0.462,2.94
0.377,0.113,0.137,3.067,4.657,4.207,0.754,0.226,6.134
1.164,1.427,0.606,1.549,2.993,3.94,2.328,2.854,3.098
0.576,1.429,0.487,2.652,4.367,1.179,1.152,2.858,5.304
0.851,1.341,1.174,0.823,0.964,2.017,1.702,2.682,1.646
0.656,0.747,0.928,2.288,3.56,3.69,1.312,1.494,4.576
1.15,0.799,1.431,2.724,2.351,4.485,2.3,1.598,5.448
0.802,1.427,1.353,1.945,0.255,2.468,1.604,2.854,3.89
0.912,1.164,1.455,0.293,0.864,3.022,1.824,2.328,0.586
0.859,1.027,1.131,2.209,4.796,2.009,1.718,2.054,4.418
1.185,0.892,0.956,1.156,4.293,4.723,2.37,1.784,2.312
0.231,1.447,0.278,0.275,3.245,0.035,0.462,2.894,0.55
0.709,0.207,0.54,2.01,4.979,1.437,1.418,0.414,4.02
1.114,0.832,0.17,4.611,0.332,0.292,2.228,1.664,9.222
1.325,0.592,0.465,3.467,1.074,3.988,2.65,1.184,6.934
0.499,0.93,0.544,2.208,1.554,0.941,0.998,1.86,4.416
0.519,0.815,1.297,1.694,2.569,0.422,1.038,1.63,3.388
0.791,0.234,0.963,1.667,2.141,1.116,1.582,0.468,3.334
1.398,0.289,1.286,2.669,2.96,4.245,2.796,0.578,5.338
0.387,1.071,1.287,1.826,1.322,1.615,0.774,2.142,3.652
1.012,1.354,0.553,1.751,2.759,3.576,2.024,2.708,3.502
0.209,1.312,1.083,1.368,3.896,0.158,0.418,2.624,2.736
0.425,1.34,0.728,1.628,4.605,1.393,0.85,2.68,3.256
0.827,0.854,0.467,2.296,4.755,0.029,1.654,1.708,4.592
0.541,1.045,1.214,1.286,3.883,3.602,1.082,2.09,2.572
0.202,0.232,0.868,1.269,2.89,4.461,0.404,0.464,2.538
0.955,1.003,0.795,1.904,3.355,4.053,1.91,2.006,3.808
1.404,0.562,0.405,1.277,0.095,3.599,2.808,1.124,2.554
1.147,0.982,1.347,4.74,0.553,1.543,2.294,1.964,9.48
0.383,0.785,0.303,0.302,2.9,3.194,0.766,1.57,0.604
1.397,0.748,0.79,2.857,1.144,4.961,2.794,1.496,5.714
0.405,1.06,0.882,0.878,1.706,0.038,0.81,2.12,1.756
0.734,0.523,0.344,0.625,2.0,0.55,1.468,1.046,1.25
1.436,0.626,0.496,2.057,2.754,3.72,2.872,1.252,4.114
1.477,1.061,0.993,1.009,0.614,4.42,2.954,2.122,2.018
0.763,0.865,0.183,3.275,1.099,0.678,1.526,1.73,6.55
0.226,0.639,0.356,4.386,2.133,3.577,0.452,1.278,8.772
1.2,0.926,0.628,3.111,0.183,4.499,2.4,1.852,6.222
0.105,0.452,1.149,3.162,0.496,1.025,0.21,0.904,6.324
0.899,0.908,1.196,0.417,0.444,4.765,1.798,1.816,0.834
0.23,0.166,1.151,1.583,3.841,2.07,0.46,0.332,3.166
1.394,0.971,0.404,3.968,3.112,1.204,2.788,1.942,7.936
0.442,1.038,0.203,2.621,0.956,3.758,0.884,2.076,5.242
1.462,1.163,0.956,0.634,1.97,0.596,2.924,2.326,1.268
0.598,1.303,0.775,2.794,3.456,4.388,1.196,2.606,5.588
0.613,0.861,0.621,3.995,4.678,3.726,1.226,1.722,7.99
0.713,0.622,1.253,3.457,4.538,3.268,1.426,1.244,6.914
1.0,0.508,0.523,2.88,2.786,1.783,2.0,1.016,5.76
0.124,1.146,1.037,4.765,2.992,3.103,0.248,2.292,9.53
0.252,0.243,1.164,1.943,3.571,1.593,0.504,0.486,3.886
0.749,0.642,0.553,2.464,0.115,3.842,1.498,1.284,4.928
0.355,1.003,0.479,3.283,2.738,1.868,0.71,2.006,6.566
1.453,0.939,1.082,1.335,2.476,0.009,2.906,1.878,2.67
1.454,0.845,0.102,3.979,3.159,0.193,2.908,1.69,7.958
1.143,1.184,0.431,4.242,4.654,1.5,2.286,2.368,8.484
1.329,0.167,0.637,3.627,0.097,0.129,2.658,0.334,7.254
1.014,0.115,1.433,4.759,0.884,0.677,2.028,0.23,9.518
0.134,0.263,0.461,3.913,4.511,3.269,0.268,0.526,7.826
1.021,0.445,0.129,0.56,2.183,2.229,2.042,0.89,1.12
0.439,0.42,1.427,0.032,1.148,3.358,0.878,0.84,0.064
1.425,0.752,0.604,1.397,1.735,4.684,2.85,1.504,2.794
1.432,1.229,0.849,3.348,4.268,1.042,2.864,2.458,6.696
1.169,0.635,1.138,1.378,0.75,1.374,2.338,1.27,2.756
1.437,1.122,0.655,3.486,3.503,1.268,2.874,2.244,6.972
1.463,0.73,1.384,4.494,0.546,0.401,2.926,1.46,8.988
0.526,0.349,1.456,3.85,2.361,2.667,1.052,0.698,7.7
0.262,1.062,1.343,4.368,4.71,2.624,0.524,2.124,8.736
1.101,1.45,0.959,3.007,1.781,1.831,2.202,2.9,6.014
1.431,0.745,1.144,0.985,1.615,2.496,2.862,1.49,1.97
1.105,0.332,0.74,3.184,4.894,0.367,2.21,0.664,6.368
0.136,0.536,0.641,2.507,3.998,0.331,0.272,1.072,5.014
1.411,0.449,1.03,1.241,0.207,3.625,2.822,0.898,2.482
1.246,0.248,1.063,2.497,4.009,3.276,2.492,0.496,4.994
1.006,0.729,0.514,4.008,0.024,0.874,2.012,1.458,8.016
0.573,0.275,0.607,4.971,3.088,0.108,1.146,0.55,9.942
1.02,0.445,1.422,2.31,4.456,2.821,2.04,0.89,4.62
0.444,1.303,1.473,0.238,3.577,4.049,0.888,2.606,0.476
0.702,0.44,0.288,4.106,4.081,2.422,1.404,0.88,8.212
0.459,1.021,0.21,2.633,1.686,4.899,0.918,2.042,5.266
0.101,1.318,0.332,3.753,0.493,3.971,0.202,2.636,7.506
0.529,1.482,0.149,1.976,4.764,0.515,1.058,2.964,3.952
1.382,1.408,0.375,2.486,4.307,3.52,2.764,2.816,4.972
0.742,0.809,0.77,1.514,4.428,2.704,1.484,1.618,3.028
1.216,0.307,1.08,4.628,4.285,4.962,2.432,0.614,9.256
0.889,1.215,1.229,3.299,3.268,1.886,1.778,2.43,6.598
0.23,0.343,1.301,1.462,0.166,4.829,0.46,0.686,2.924
0.957,0.549,0.663,4.358,3.281,1.616,1.914,1.098,8.716
0.656,1.307,0.816,4.718,3.522,2.437,1.312,2.614,9.436
1.306,0.21,0.99,3.046,0.468,0.209,2.612,0.42,6.092
1.239,0.847,0.438,2.431,1.462,0.396,2.478,1.694,4.862
0.729,0.632,1.01,2.68,0.377,4.958,1.458,1.264,5.36
1.416,0.969,0.456,3.348,4.563,0.977,2.832,1.938,6.696
1.367,0.811,1.121,1.342,0.569,3.906,2.734,1.622,2.684
1.248,0.908,0.472,3.947,4.762,3.208,2.496,1.816,7.894
0.829,0.239,0.268,4.579,3.562,4.284,1.658,0.478,9.158
0.376,1.083,1.017,1.44,2.845,1.198,0.752,2.166,2.88
0.402,0.786,0.873,1.959,3.246,1.59,0.804,1.572,3.918
0.738,0.816,0.218,4.386,2.786,4.618,1.476,1.632,8.772
1.372,0.631,0.485,0.267,2.375,2.487,2.744,1.262,0.534
1.464,1.201,0.409,2.977,4.677,4.178,2.928,2.402,5.954
1.318,1.373,0.681,1.921,0.631,4.92,2.636,2.746,3.842
0.572,0.113,1.412,2.913,0.986,2.851,1.144,0.226,5.826
1.368,1.426,1.476,2.799,2.438,1.508,2.736,2.852,5.598
0.959,0.252,0.502,4.003,3.884,1.946,1.918,0.504,8.006
0.146,0.165,1.456,4.501,1.642,4.521,0.292,0.33,9.002
0.859,0.742,0.185,0.379,4.016,2.485,1.718,1.484,0.758
0.628,0.499,1.176,4.096,1.153,2.925,1.256,0.998,8.192
0.525,1.321,0.645,1.42,4.629,4.467,1.05,2.642,2.84
1.5,0.936,0.691,2.088,0.555,4.861,3.0,1.872,4.176
0.436,0.51,0.256,1.566,1.829,4.85,0.872,1.02,3.132
1.269,0.425,1.034,3.687,1.619,2.934,2.538,0.85,7.374
0.429,1.17,0.229,3.982,3.122,3.031,0.858,2.34,7.964
0.671,1.438,0.206,0.206,4.87,0.294,1.342,2.876,0.412
1.116,0.835,0.698,4.622,0.211,2.689,2.232,1.67,9.244
1.061,0.549,0.922,3.002,3.924,1.047,2.122,1.098,6.004
0.578,0.608,0.91,0.327,0.427,4.335,1.156,1.216,0.654
0.9,0.594,0.511,2.036,3.8,1.811,1.8,1.188,4.072
0.765,0.493,0.443,3.85,0.42,3.979,1.53,0.986,7.7
0.127,0.828,0.341,3.497,0.007,1.148,0.254,1.656,6.994
0.499,1.084,1.244,4.576,3.649,1.962,0.998,2.168,9.152
0.678,0.658,1.384,3.181,0.657,4.925,1.356,1.316,6.362
0.499,1.399,0.555,1.57,0.618,4.246,0.998,2.798,3.14
1.234,0.867,1.088,3.966,2.732,2.336,2.468,1.734,7.932
0.97,0.242,0.115,2.01,4.957,0.182,1.94,0.484,4.02
0.32,1.452,0.999,0.823,4.633,1.974,0.64,2.904,1.646
0.886,1.194,0.379,0.583,0.447,2.701,1.772,2.388,1.166
1.42,0.759,0.384,2.377,0.734,1.014,2.84,1.518,4.754
1.068,0.911,0.138,0.279,3.735,3.302,2.136,1.822,0.558
1.047,1.315,0.198,0.566,1.095,0.632,2.094,2.63,1.132
0.48,1.324,0.166,4.428,3.98,2.76,0.96,2.648,8.856
0.277,0.474,1.057,2.296,3.146,2.878,0.554,0.948,4.592
0.347,0.804,1.475,1.851,4.566,1.479,0.694,1.608,3.702
0.246,0.867,0.331,2.054,0.239,0.132,0.492,1.734,4.108
1.215,0.428,0.256,3.948,0.301,4.81,2.43,0.856,7.896
1.158,0.181,1.117,4.924,1.088,0.446,2.316,0.362,9.848
1.254,0.656,1.304,2.639,3.913,3.73,2.508,1.312,5.278
0.436,1.027,0.311,1.172,0.453,2.437,0.872,2.054,2.344
0.948,1.461,0.434,0.178,1.479,1.354,1.896,2.922,0.356
0.678,0.375,0.63,4.26,1.479,3.541,1.356,0.75,8.52
0.23,0.541,0.297,4.202,2.465,1.204,0.46,1.082,8.404
1.008,0.227,0.692,3.045,4.529,2.716,2.016,0.454,6.09
0.859,0.225,0.237,1.837,2.646,2.213,1.718,0.45,3.674
0.977,0.108,0.957,4.91,3.978,1.757,1.954,0.216,9.82
1.212,0.22,0.441,4.429,3.139,1.725,2.424,0.44,8.858
0.631,0.883,1.382,4.091,3.228,1.193,1.262,1.766,8.182
0.524,0.416,0.846,3.021,2.973,0.269,1.048,0.832,6.042
0.91,0.909,1.294,3.453,3.44,0.396,1.82,1.818,6.906
0.544,0.507,0.958,4.589,0.666,3.908,1.088,1.014,9.178
1.475,0.774,0.176,0.304,1.375,2.954,2.95,1.548,0.608
1.137,1.482,0.106,2.771,2.79,0.555,2.274,2.964,5.542
0.408,0.758,0.505,4.898,0.875,3.599,0.816,1.516,9.796
0.773,0.175,1.118,0.35,0.799,0.506,1.546,0.35,0.7
0.961,1.383,0.174,1.517,1.644,2.411,1.922,2.766,3.034
0.639,1.219,0.964,2.023,1.704,1.014,1.278,2.438,4.046
0.28,0.673,1.141,2.249,4.513,2.833,0.56,1.346,4.498
0.918,0.749,0.526,4.405,4.274,1.438,1.836,1.498,8.81
0.581,0.685,0.242,0.563,0.801,1.31,1.162,1.37,1.126
1.366,0.95,1.093,2.211,4.861,1.593,2.732,1.9,4.422
1.48,1.151,0.413,0.3,1.487,4.901,2.96,2.302,0.6
1.436,0.967,1.176,4.248,2.541,3.942,2.872,1.934,8.496
0.298,0.298,0.283,4.848,2.857,4.41,0.596,0.596,9.696
1.173,1.477,0.239,2.253,1.03,2.361,2.346,2.954,4.506
0.771,0.871,0.365,2.245,4.241,1.291,1.542,1.742,4.49
0.614,0.464,0.74,1.098,0.733,4.383,1.228,0.928,2.196
0.803,1.017,0.903,4.33,1.839,2.735,1.606,2.034,8.66
0.601,1.008,0.691,3.926,0.334,1.613,1.202,2.016,7.852
0.709,1.348,0.562,1.227,4.504,2.013,1.418,2.696,2.454
0.793,1.455,0.565,3.489,2.047,3.06,1.586,2.91,6.978
1.197,0.55,0.762,1.79,3.056,0.32,2.394,1.1,3.58
1.193,1.392,0.884,3.708,4.47,4.362,2.386,2.784,7.416
0.44,1.13,0.446,1.996,1.435,0.666,0.88,2.26,3.992
1.349,1.34,0.748,2.075,0.037,1.6,2.698,2.68,4.15
0.411,0.832,1.24,1.111,4.689,1.602,0.822,1.664,2.222
1.042,0.48,0.653,2.898,0.585,1.625,2.084,0.96,5.796
0.391,0.882,0.954,3.712,2.253,2.222,0.782,1.764,7.424
1.491,1.45,1.431,0.003,1.067,2.416,2.982,2.9,0.006
1.346,1.023,0.427,0.219,4.555,3.338,2.692,2.046,0.438
0.439,0.131,0.438,2.128,4.193,3.966,0.878,0.262,4.256
0.638,0.564,0.5,4.719,1.23,0.088,1.276,1.128,9.438
0.505,0.397,0.749,1.262,1.27,1.333,1.01,0.794,2.524
0.232,0.572,0.402,2.774,2.601,4.771,0.464,1.144,5.548
0.976,1.124,1.123,1.965,2.892,1.464,1.952,2.248,3.93
0.577,0.737,1.278,1.156,1.367,1.792,1.154,1.474,2.312
1.137,1.267,1.1,4.304,2.294,3.584,2.274,2.534,8.608
1.048,0.725,0.316,2.232,3.076,4.391,2.096,1.45,4.464
0.277,1.157,0.899,4.836,4.043,4.79,0.554,2.314,9.672
1.303,0.297,1.298,2.319,2.34,0.423,2.606,0.594,4.638
0.457,1.252,0.584,0.691,4.628,1.157,0.914,2.504,1.382
0.101,0.169,1.35,0.552,0.34,1.481,0.202,0.338,1.104
0.413,0.148,1.441,1.475,2.278,0.521,0.826,0.296,2.95
0.592,0.817,1.408,4.008,3.901,2.225,1.184,1.634,8.016
0.197,0.384,0.224,0.496,3.392,4.229,0.394,0.768,0.992
0.798,0.801,1.4,2.809,3.6,1.492,1.596,1.602,5.618
0.933,1.431,1.197,0.409,0.018,0.04,1.866,2.862,0.818
1.265,0.64,1.337,0.005,1.864,2.009,2.53,1.28,0.01
1.48,0.513,0.657,3.324,1.891,3.324,2.96,1.026,6.648
1.16,1.159,1.48,0.848,4.567,1.54,2.32,2.318,1.696
0.868,0.643,0.648,4.685,1.233,0.345,1.736,1.286,9.37
0.106,0.156,1.457,0.124,3.93,3.581,0.212,0.312,0.248
0.304,0.482,0.721,2.472,0.801,4.031,0.608,0.964,4.944
0.123,1.196,1.105,2.018,0.85,1.551,0.246,2.392,4.036
1.222,1.004,1.419,2.835,1.255,4.817,2.444,2.008,5.67
0.322,1.414,0.192,0.273,0.548,2.609,0.644,2.828,0.546
0.381,0.596,0.197,3.725,0.073,1.578,0.762,1.192,7.45
1.162,0.565,0.869,2.451,4.126,0.158,2.324,1.13,4.902
0.593,0.948,0.245,3.213,4.61,4.422,1.186,1.896,6.426
0.58,0.549,1.13,1.431,1.084,4.605,1.16,1.098,2.862
0.74,0.207,0.915,3.204,2.762,2.124,1.48,0.414,6.408
0.966,1.364,0.325,2.201,2.687,2.299,1.932,2.728,4.402
0.824,1.254,0.141,4.063,3.117,1.992,1.648,2.508,8.126
0.232,0.759,0.352,3.332,1.915,2.189,0.464,1.518,6.664
0.788,1.124,1.356,3.42,2.776,0.34,1.576,2.248,6.84
0.905,1.104,0.761,4.106,3.047,4.092,1.81,2.208,8.212
1.323,0.731,0.706,3.162,0.396,1.409,2.646,1.462,6.324
0.326,1.255,0.636,1.971,3.471,1.869,0.652,2.51,3.942
0.128,1.331,0.221,2.596,2.287,0.642,0.256,2.662,5.192
0.618,0.385,0.315,3.614,2.602,1.643,1.236,0.77,7.228
0.663,0.678,0.259,0.326,4.747,4.012,1.326,1.356,0.652
1.095,1.21,0.639,0.49,1.64,0.223,2.19,2.42,0.98
0.288,1.241,0.153,1.655,0.243,0.492,0.576,2.482,3.31
0.466,1.213,1.376,3.444,3.38,2.756,0.932,2.426,6.888
1.216,0.485,1.07,4.377,0.64,1.89,2.432,0.97,8.754
1.411,1.032,1.369,4.546,2.133,2.357,2.822,2.064,9.092
0.751,1.068,1.327,3.683,3.2,3.076,1.502,2.136,7.366
1.471,0.466,0.752,4.445,3.532,4.996,2.942,0.932,8.89
0.7,1.497,0.808,3.315,2.051,4.324,1.4,2.994,6.63
0.858,1.061,0.221,4.148,3.651,1.946,1.716,2.122,8.296
1.303,0.345,0.652,1.737,0.666,4.287,2.606,0.69,3.474
0.316,1.125,1.402,1.779,0.311,3.541,0.632,2.25,3.558
0.953,0.163,1.178,2.454,2.376,0.884,1.906,0.326,4.908
0.569,1.066,0.521,0.671,4.904,1.559,1.138,2.132,1.342
1.162,0.349,0.785,3.146,3.968,0.293,2.324,0.698,6.292
1.033,0.534,0.248,3.29,2.1,3.565,2.066,1.068,6.58
0.886,0.428,0.793,4.389,0.008,4.176,1.772,0.856,8.778
1.095,1.19,0.998,4.556,3.727,1.31,2.19,2.38,9.112
0.65,0.781,1.387,0.008,0.232,3.972,1.3,1.562,0.016
0.777,1.405,1.208,1.666,0.327,0.351,1.554,2.81,3.332
1.158,1.424,1.071,4.844,4.247,1.688,2.316,2.848,9.688
0.616,1.463,0.125,0.602,2.164,0.849,1.232,2.926,1.204
1.326,0.756,1.174,3.977,3.963,4.262,2.652,1.512,7.954
0.674,1.146,0.155,0.18,4.488,3.493,1.348,2.292,0.36
1.336,1.262,0.601,3.7,3.635,2.461,2.672,2.524,7.4
0.218,0.875,0.684,1.474,4.269,4.06,0.436,1.75,2.948
0.256,1.35,1.444,2.967,0.589,4.278,0.512,2.7,5.934
0.763,0.191,0.176,3.791,1.456,0.099,1.526,0.382,7.582
0.182,0.7,0.205,3.449,4.332,3.081,0.364,1.4,6.898
0.43,0.849,1.456,1.321,4.034,2.954,0.86,1.698,2.642
0.699,0.11,1.071,3.103,1.644,1.301,1.398,0.22,6.206
0.751,1.178,1.237,3.379,0.685,3.012,1.502,2.356,6.758
0.972,0.361,0.982,3.519,1.695,4.935,1.944,0.722,7.038
0.577,0.834,1.406,2.879,3.04,3.347,1.154,1.668,5.758
1.225,0.538,1.064,0.572,1.829,1.252,2.45,1.076,1.144
1.069,0.102,0.587,2.268,0.933,1.111,2.138,0.204,4.536
1.21,0.198,0.248,0.906,2.233,3.093,2.42,0.396,1.812
0.767,0.578,0.733,4.553,3.379,0.899,1.534,1.156,9.106
0.904,0.837,1.201,4.833,3.18,3.387,1.808,1.674,9.666
0.251,1.29,0.285,1.259,0.82,3.354,0.502,2.58,2.518
0.193,1.052,0.602,0.92,1.632,3.644,0.386,2.104,1.84
0.876,1.398,0.192,2.689,3.017,0.436,1.752,2.796,5.378
0.436,0.68,0.572,0.819,3.841,1.131,0.872,1.36,1.638
1.129,0.792,0.936,3.498,1.367,1.463,2.258,1.584,6.996
1.239,1.173,0.452,4.274,1.571,1.605,2.478,2.346,8.548
0.119,1.285,0.627,1.916,2.796,1.565,0.238,2.57,3.832
0.663,0.828,1.032,0.376,3.7,3.926,1.326,1.656,0.752
0.895,1.041,0.253,2.796,3.746,3.045,1.79,2.082,5.592
0.565,0.504,0.275,3.303,3.83,3.164,1.13,1.008,6.606
0.604,0.895,1.356,3.065,2.368,2.408,1.208,1.79,6.13
0.968,0.165,1.42,4.591,3.223,2.753,1.936,0.33,9.182
1.235,1.073,0.309,4.02,1.957,4.591,2.47,2.146,8.04
0.87,1.362,1.489,2.999,4.597,3.834,1.74,2.724,5.998
1.103,1.432,0.137,1.669,4.704,2.327,2.206,2.864,3.338
0.33,1.086,0.249,0.184,4.147,2.329,0.66,2.172,0.368
0.879,1.123,0.886,4.582,1.288,4.239,1.758,2.246,9.164
0.938,0.139,0.168,1.831,4.887,3.399,1.876,0.278,3.662
1.15,1.141,0.71,3.953,1.533,2.34,2.3,2.282,7.906
1.156,1.176,0.85,1.216,1.112,0.857,2.312,2.352,2.432
0.357,0.19,0.709,4.911,1.988,0.149,0.714,0.38,9.822
1.343,1.112,0.46,2.43,2.876,4.667,2.686,2.224,4.86
1.132,0.911,1.039,1.301,4.577,2.573,2.264,1.822,2.602
1.287,1.48,0.255,1.955,0.803,4.811,2.574,2.96,3.91
0.609,0.799,0.366,2.286,4.244,3.035,1.218,1.598,4.572
0.537,0.762,0.499,2.808,1.68,4.101,1.074,1.524,5.616
1.046,0.882,0.457,1.383,4.191,1.417,2.092,1.764,2.766
1.118,1.157,1.106,3.527,4.542,4.72,2.236,2.314,7.054
0.181,0.743,0.467,1.044,4.18,4.944,0.362,1.486,2.088
0.536,1.252,1.269,0.312,0.232,0.218,1.072,2.504,0.624
1.41,1.106,0.381,3.047,0.836,1.808,2.82,2.212,6.094
0.107,0.248,0.681,0.358,0.932,3.362,0.214,0.496,0.716
0.605,0.492,1.132,4.145,2.753,3.039,1.21,0.984,8.29
1.057,1.043,0.975,2.407,4.56,1.975,2.114,2.086,4.814
0.556,0.113,0.368,1.108,1.723,2.265,1.112,0.226,2.216
0.833,0.744,0.281,1.874,4.631,3.593,1.666,1.488,3.748
0.592,1.172,1.284,3.185,1.376,3.649,1.184,2.344,6.37
1.211,1.374,0.101,2.387,3.077,0.163,2.422,2.748,4.774
0.231,0.177,0.176,0.925,2.474,3.056,0.462,0.354,1.85
1.306,1.49,0.317,0.544,1.392,1.684,2.612,2.98,1.088
0.109,1.303,0.467,0.909,3.83,2.611,0.218,2.606,1.818
0.125,0.6,0.816,0.977,0.842,4.266,0.25,1.2,1.954
1.362,0.555,0.131,0.803,1.164,0.372,2.724,1.11,1.606
0.65,0.626,0.755,3.176,1.561,1.183,1.3,1.252,6.352
0.418,1.124,1.018,2.153,4.427,4.543,0.836,2.248,4.306
0.241,0.405,1.013,0.619,0.906,1.031,0.482,0.81,1.238
1.232,0.591,1.273,1.807,3.55,2.452,2.464,1.182,3.614
1.268,0.436,1.46,1.271,3.059,3.418,2.536,0.872,2.542
0.197,1.344,0.495,1.435,0.986,0.573,0.394,2.688,2.87
0.525,1.385,1.131,3.121,0.388,1.374,1.05,2.77,6.242
0.127,1.314,1.35,2.158,0.955,0.84,0.254,2.628,4.316
1.172,0.232,0.414,0.083,2.38,1.719,2.344,0.464,0.166
0.267,1.443,0.217,3.493,2.775,1.572,0.534,2.886,6.986
1.467,1.447,1.088,1.638,0.926,2.157,2.934,2.894,3.276
1.299,0.387,0.524,0.859,1.794,4.031,2.598,0.774,1.718
1.325,1.171,1.376,2.775,3.16,4.637,2.65,2.342,5.55
0.221,0.653,0.307,1.159,1.425,3.992,0.442,1.306,2.318
0.736,0.527,0.216,3.952,3.518,2.686,1.472,1.054,7.904
0.878,1.354,1.037,3.949,0.316,2.769,1.756,2.708,7.898
1.375,1.114,0.495,2.666,2.76,2.987,2.75,2.228,5.332
0.325,0.25,1.053,4.114,4.709,3.867,0.65,0.5,8.228
1.375,0.682,0.281,2.035,0.036,3.162,2.75,1.364,4.07
1.351,0.261,0.704,1.14,4.4,0.427,2.702,0.522,2.28
0.26,0.477,0.758,3.004,2.872,4.747,0.52,0.954,6.008
0.99,0.128,0.899,3.197,1.315,3.645,1.98,0.256,6.394
1.437,1.013,0.675,4.077,4.098,2.831,2.874,2.026,8.154
1.379,0.173,0.803,3.403,4.644,3.298,2.758,0.346,6.806
0.906,0.927,0.599,4.275,1.257,2.476,1.812,1.854,8.55
1.203,1.006,1.261,2.127,4.807,3.365,2.406,2.012,4.254
1.223,0.682,0.394,2.977,0.753,3.651,2.446,1.364,5.954
0.893,0.606,0.416,3.796,2.287,0.22,1.786,1.212,7.592
0.805,0.86,0.376,0.671,0.339,4.566,1.61,1.72,1.342
0.543,1.48,1.396,3.865,4.853,0.126,1.086,2.96,7.73
0.841,0.939,1.438,0.539,2.585,4.641,1.682,1.878,1.078
1.337,1.098,0.764,3.083,1.879,4.757,2.674,2.196,6.166
0.825,0.541,1.027,2.635,2.323,0.18,1.65,1.082,5.27
0.448,0.802,0.428,4.92,0.756,2.693,0.896,1.604,9.84
1.206,1.162,0.582,1.637,4.475,0.205,2.412,2.324,3.274
1.087,1.364,0.948,0.371,0.031,2.238,2.174,2.728,0.742
0.225,1.203,0.311,1.248,1.967,1.582,0.45,2.406,2.496
1.11,0.199,0.668,3.449,2.209,0.024,2.22,0.398,6.898
1.092,0.924,0.771,3.719,0.568,0.029,2.184,1.848,7.438
0.166,0.198,0.368,0.084,4.926,1.341,0.332,0.396,0.168
0.46,1.04,1.059,2.819,0.408,3.948,0.92,2.08,5.638
1.132,1.162,1.266,3.937,1.011,1.398,2.264,2.324,7.874
0.88,0.225,1.488,3.86,1.97,3.981,1.76,0.45,7.72
0.399,1.214,1.433,1.542,4.561,2.547,0.798,2.428,3.084
0.493,1.353,1.008,2.679,1.044,3.529,0.986,2.706,5.358
0.541,0.497,0.878,2.336,1.075,4.855,1.082,0.994,4.672
1.292,0.522,0.959,1.997,3.039,2.822,2.584,1.044,3.994
0.128,0.969,1.0,2.671,2.272,0.875,0.256,1.938,5.342
0.854,0.192,0.289,3.057,4.981,3.337,1.708,0.384,6.114
0.587,0.987,0.302,3.46,1.698,0.536,1.174,1.974,6.92
0.802,1.178,0.674,0.263,3.607,0.306,1.604,2.356,0.526
1.266,0.88,0.907,2.274,3.081,3.186,2.532,1.76,4.548
0.771,1.022,1.335,1.891,1.093,1.316,1.542,2.044,3.782
0.295,1.212,0.783,2.184,0.217,1.624,0.59,2.424,4.368
1.122,1.336,0.672,4.112,0.817,1.08,2.244,2.672,8.224
0.701,1.065,0.714,1.451,2.336,4.884,1.402,2.13,2.902
1.221,1.19,0.636,0.131,0.155,0.481,2.442,2.38,0.262
0.614,1.416,0.9,0.417,1.235,3.771,1.228,2.832,0.834
0.701,1.485,0.501,4.067,1.649,3.905,1.402,2.97,8.134
0.851,0.499,1.273,2.111,3.373,0.162,1.702,0.998,4.222
1.349,0.488,1.059,4.169,3.401,0.476,2.698,0.976,8.338
1.362,0.295,1.46,4.735,2.268,2.205,2.724,0.59,9.47
0.126,1.426,1.034,4.438,0.246,2.734,0.252,2.852,8.876
1.063,0.248,1.115,3.278,3.321,0.553,2.126,0.496,6.556
1.194,0.244,0.307,0.337,3.589,2.708,2.388,0.488,0.674
0.564,0.216,1.126,2.89,0.717,0.517,1.128,0.432,5.78
0.215,0.651,1.249,2.384,1.007,3.739,0.43,1.302,4.768
1.14,0.536,1.062,0.88,1.182,4.317,2.28,1.072,1.76
1.296,1.339,0.839,0.941,0.469,3.81,2.592,2.678,1.882
1.191,1.418,0.855,2.567,3.727,0.33,2.382,2.836,5.134
0.502,1.259,1.456,4.425,3.832,0.249,1.004,2.518,8.85
1.367,0.912,1.418,2.129,0.186,0.881,2.734,1.824,4.258
0.431,0.172,0.76,3.214,1.277,1.951,0.862,0.344,6.428
0.985,0.598,0.279,0.757,4.459,1.241,1.97,1.196,1.514
0.776,1.345,0.786,2.693,3.108,2.31,1.552,2.69,5.386
0.708,1.071,0.324,2.554,3.158,1.452,1.416,2.142,5.108
1.282,0.12,0.122,3.536,0.508,3.303,2.564,0.24,7.072
1.215,0.457,1.476,3.3,0.41,3.293,2.43,0.914,6.6
0.924,0.334,0.437,2.672,2.83,1.835,1.848,0.668,5.344
1.013,1.216,0.553,0.965,1.537,2.269,2.026,2.432,1.93
1.093,0.678,0.31,3.181,2.865,4.693,2.186,1.356,6.362
0.408,1.308,1.006,2.131,2.358,2.137,0.816,2.616,4.262
0.455,1.457,0.447,0.971,0.047,0.432,0.91,2.914,1.942
0.57,0.496,0.878,0.744,1.986,4.054,1.14,0.992,1.488
0.476,0.407,1.261,4.0,1.267,3.096,0.952,0.814,8.0
0.669,0.269,1.24,3.065,0.568,4.13,1.338,0.538,6.13
1.443,0.426,0.365,3.156,4.151,3.382,2.886,0.852,6.312
1.158,0.684,1.063,1.7,0.767,0.759,2.316,1.368,3.4
0.263,1.237,0.342,1.404,2.205,3.33,0.526,2.474,2.808
1.16,0.642,1.106,2.081,1.225,0.576,2.32,1.284,4.162
0.196,0.486,1.389,0.961,0.14,4.797,0.392,0.972,1.922
0.994,0.938,1.098,0.764,0.764,4.818,1.988,1.876,1.528
1.272,0.537,0.516,2.698,2.074,1.21,2.544,1.074,5.396
0.988,0.976,1.194,4.549,0.313,1.512,1.976,1.952,9.098
0.857,0.675,0.67,0.501,3.804,4.814,1.714,1.35,1.002
1.447,1.136,0.997,1.491,1.893,4.733,2.894,2.272,2.982
1.152,0.791,0.201,2.614,2.918,4.812,2.304,1.582,5.228
1.344,1.027,0.594,0.663,3.645,0.487,2.688,2.054,1.326
1.426,1.23,1.319,0.34,4.708,1.879,2.852,2.46,0.68
0.265,1.341,1.001,4.259,1.638,0.544,0.53,2.682,8.518
1.033,0.535,1.164,4.722,0.027,3.262,2.066,1.07,9.444
0.118,0.396,1.054,4.746,4.661,3.714,0.236,0.792,9.492
0.176,1.19,1.311,2.152,1.581,0.448,0.352,2.38,4.304
0.67,0.88,0.857,2.537,4.754,3.418,1.34,1.76,5.074
1.5,0.608,1.09,2.102,3.634,2.206,3.0,1.216,4.204
1.038,0.137,0.905,3.572,4.13,4.909,2.076,0.274,7.144
1.281,0.847,0.132,3.785,1.279,0.804,2.562,1.694,7.57
0.502,0.476,0.529,1.249,4.153,4.674,1.004,0.952,2.498
0.398,0.482,1.222,0.378,3.983,2.377,0.796,0.964,0.756
0.615,0.206,0.778,3.197,3.246,0.603,1.23,0.412,6.394
0.161,0.814,1.014,1.837,0.566,2.976,0.322,1.628,3.674
1.207,0.545,0.58,4.981,0.391,4.031,2.414,1.09,9.962
1.306,0.237,1.037,4.78,0.455,0.842,2.612,0.474,9.56
0.193,0.392,1.029,1.83,0.448,0.048,0.386,0.784,3.66
0.681,1.028,0.662,1.232,4.064,3.286,1.362,2.056,2.464
1.114,0.327,0.235,4.595,0.352,4.543,2.228,0.654,9.19
1.444,0.543,0.225,4.29,0.929,4.995,2.888,1.086,8.58
1.491,0.523,1.19,2.418,4.037,4.935,2.982,1.046,4.836
0.239,0.288,0.124,1.898,3.878,4.762,0.478,0.576,3.796
1.266,0.962,0.56,2.882,4.666,1.195,2.532,1.924,5.764
0.516,1.363,0.645,0.21,0.456,2.178,1.032,2.726,0.42
1.478,0.366,0.242,0.179,1.964,2.104,2.956,0.732,0.358
0.889,0.883,0.626,3.553,3.174,0.64,1.778,1.766,7.106
0.782,1.211,0.235,1.159,1.32,2.858,1.564,2.422,2.318
0.266,1.448,1.423,1.516,3.277,3.934,0.532,2.896,3.032
1.087,1.242,1.488,2.207,1.915,4.024,2.174,2.484,4.414
1.044,0.54,0.408,2.658,4.655,4.17,2.088,1.08,5.316
1.265,0.274,0.804,3.757,1.773,2.61,2.53,0.548,7.514
0.521,0.867,0.273,1.626,2.121,2.264,1.042,1.734,3.252
1.034,0.262,1.26,0.981,3.381,2.206,2.068,0.524,1.962
1.332,1.24,0.994,1.128,2.944,3.558,2.664,2.48,2.256
0.393,0.522,0.506,1.781,1.182,0.089,0.786,1.044,3.562
0.488,0.828,0.606,2.89,3.562,0.997,0.976,1.656,5.78
0.671,0.608,1.304,2.356,2.095,1.552,1.342,1.216,4.712
1.187,0.368,0.404,0.5,1.659,2.615,2.374,0.736,1.0
0.574,1.179,1.087,3.024,1.515,2.497,1.148,2.358,6.048
1.218,0.281,1.2,3.66,1.337,4.724,2.436,0.562,7.32
1.379,0.853,1.387,1.886,1.886,3.476,2.758,1.706,3.772
1.429,0.376,1.473,3.54,0.948,2.041,2.858,0.752,7.08
0.89,0.765,1.187,4.148,5.0,0.094,1.78,1.53,8.296
0.902,0.464,1.454,0.076,1.009,2.914,1.804,0.928,0.152
1.156,1.066,0.484,4.706,2.604,0.241,2.312,2.132,9.412
1.454,0.87,0.184,0.472,0.246,2.304,2.908,1.74,0.944
0.428,0.389,0.387,2.494,3.204,3.657,0.856,0.778,4.988
0.11,0.872,1.156,3.498,4.282,0.052,0.22,1.744,6.996
0.919,0.984,0.615,1.21,1.692,3.111,1.838,1.968,2.42
0.584,0.86,0.244,4.513,2.141,3.898,1.168,1.72,9.026
0.758,0.541,1.213,4.239,1.747,0.582,1.516,1.082,8.478
1.351,0.178,1.275,2.716,4.094,2.556,2.702,0.356,5.432
0.934,1.312,0.885,4.767,1.187,3.034,1.868,2.624,9.534
1.295,0.597,1.414,0.694,0.177,3.075,2.59,1.194,1.388
0.102,1.257,0.577,1.079,4.091,2.239,0.204,2.514,2.158
0.692,0.319,1.118,1.494,4.724,3.135,1.384,0.638,2.988
0.445,0.508,1.155,2.572,4.422,2.485,0.89,1.016,5.144
0.272,0.196,1.175,4.582,3.08,1.403,0.544,0.392,9.164
1.364,0.314,1.05,1.358,2.842,0.67,2.728,0.628,2.716
0.757,0.613,0.245,0.424,1.324,1.725,1.514,1.226,0.848
1.205,1.177,0.302,2.811,1.392,2.574,2.41,2.354,5.622
0.657,1.423,1.262,1.15,3.468,1.6,1.314,2.846,2.3
0.198,0.196,0.735,2.068,3.488,1.974,0.396,0.392,4.136
0.961,0.577,0.656,4.955,0.962,2.876,1.922,1.154,9.91
0.998,0.106,0.507,1.084,3.88,0.249,1.996,0.212,2.168
0.827,0.956,0.995,2.666,4.918,1.161,1.654,1.912,5.332
1.267,0.838,1.168,0.973,3.898,0.487,2.534,1.676,1.946
1.078,1.116,1.351,0.961,4.123,2.982,2.156,2.232,1.922
1.369,1.1,0.957,1.915,1.737,1.438,2.738,2.2,3.83
0.13,1.093,0.27,0.018,4.622,4.418,0.26,2.186,0.036
0.76,0.324,1.229,0.68,0.996,4.254,1.52,0.648,1.36
0.792,0.522,0.918,4.468,1.905,1.861,1.584,1.044,8.936
0.695,0.927,0.743,1.237,0.072,2.143,1.39,1.854,2.474
0.251,0.697,0.229,4.199,0.92,3.964,0.502,1.394,8.398
0.865,1.159,1.013,4.633,4.703,2.937,1.73,2.318,9.266
0.508,0.72,0.411,2.256,0.843,1.238,1.016,1.44,4.512
1.412,0.827,1.1,4.669,3.216,3.148,2.824,1.654,9.338
0.179,0.317,0.523,2.536,0.178,0.385,0.358,0.634,5.072
1.466,1.265,0.651,3.881,2.027,1.89,2.932,2.53,7.762
0.958,1.474,0.44,0.155,3.292,2.248,1.916,2.948,0.31
1.07,1.206,0.367,3.309,4.329,0.111,2.14,2.412,6.618
1.179,1.314,0.688,4.837,0.765,0.062,2.358,2.628,9.674
0.714,0.435,0.66,1.185,4.171,1.956,1.428,0.87,2.37
1.138,0.511,0.371,1.883,3.684,3.429,2.276,1.022,3.766
0.183,0.37,1.036,2.715,4.146,2.015,0.366,0.74,5.43
0.379,0.74,0.795,4.229,4.11,2.063,0.758,1.48,8.458
1.185,0.85,0.344,3.749,2.495,0.635,2.37,1.7,7.498
1.095,0.618,1.022,4.023,0.763,2.003,2.19,1.236,8.046
1.197,0.979,1.494,2.11,4.372,2.409,2.394,1.958,4.22
0.656,1.136,1.371,4.215,2.706,3.345,1.312,2.272,8.43
1.442,1.134,0.679,3.795,2.101,0.272,2.884,2.268,7.59
0.154,0.545,0.416,0.837,0.666,0.362,0.308,1.09,1.674
0.489,0.653,1.382,4.782,2.582,3.062,0.978,1.306,9.564
0.228,0.182,0.373,4.969,4.084,4.945,0.456,0.364,9.938
1.077,0.127,1.181,2.173,0.639,4.11,2.154,0.254,4.346
0.687,0.98,0.274,4.351,0.505,1.574,1.374,1.96,8.702
0.927,1.351,1.016,0.078,4.914,1.113,1.854,2.702,0.156
0.965,0.808,1.125,4.796,2.301,1.252,1.93,1.616,9.592
0.684,0.336,1.417,1.507,2.071,2.297,1.368,0.672,3.014
1.163,0.54,0.774,3.306,2.951,0.975,2.326,1.08,6.612
1.165,0.936,1.028,2.398,0.6,0.011,2.33,1.872,4.796
0.624,0.529,1.289,2.111,4.352,0.175,1.248,1.058,4.222
1.411,0.678,0.416,3.459,2.788,0.931,2.822,1.356,6.918
0.909,0.804,1.23,0.021,3.483,3.907,1.818,1.608,0.042
0.901,0.243,0.519,3.718,4.742,1.953,1.802,0.486,7.436
0.407,0.703,1.28,3.899,4.425,2.753,0.814,1.406,7.798
0.866,0.392,0.631,4.796,4.975,1.529,1.732,0.784,9.592
1.335,1.486,0.96,2.05,3.635,3.073,2.67,2.972,4.1
0.363,0.512,1.335,3.516,2.072,4.891,0.726,1.024,7.032
0.15,1.129,0.182,1.799,1.842,1.238,0.3,2.258,3.598
0.218,1.446,0.921,4.605,1.544,0.958,0.436,2.892,9.21
0.646,1.056,0.883,3.245,3.099,0.435,1.292,2.112,6.49
1.444,1.228,1.438,4.255,1.03,2.934,2.888,2.456,8.51
1.126,1.417,0.196,4.874,3.65,0.279,2.252,2.834,9.748
1.479,1.428,1.417,0.015,2.195,1.297,2.958,2.856,0.03
1.085,0.197,0.635,3.104,0.827,1.624,2.17,0.394,6.208
1.248,1.06,0.749,3.721,0.605,4.866,2.496,2.12,7.442
0.921,0.214,0.166,0.438,3.591,2.424,1.842,0.428,0.876
1.027,1.127,0.299,4.959,3.961,3.743,2.054,2.254,9.918
0.796,0.139,0.958,1.728,1.472,2.168,1.592,0.278,3.456
0.32,1.276,1.217,2.399,0.563,4.216,0.64,2.552,4.798
0.231,0.359,1.318,2.138,2.517,3.016,0.462,0.718,4.276
1.059,0.111,1.392,2.352,1.252,2.782,2.118,0.222,4.704
1.318,1.105,1.264,4.28,4.67,2.556,2.636,2.21,8.56
0.539,1.349,0.97,3.137,0.953,4.185,1.078,2.698,6.274
0.957,0.524,0.627,1.387,4.867,4.227,1.914,1.048,2.774
0.946,0.718,0.566,0.941,0.889,2.406,1.892,1.436,1.882
1.094,0.436,0.255,3.764,2.059,4.09,2.188,0.872,7.528
1.377,1.297,1.418,4.369,3.197,2.18,2.754,2.594,8.738
0.346,1.324,1.09,1.41,4.639,2.927,0.692,2.648,2.82
0.773,1.006,0.493,2.988,2.371,2.358,1.546,2.012,5.976
1.109,0.372,0.165,3.138,1.889,3.122,2.218,0.744,6.276
0.81,1.188,0.486,2.37,4.783,3.315,1.62,2.376,4.74
1.083,1.043,1.387,1.207,2.399,2.482,2.166,2.086,2.414
1.445,1.288,0.611,0.777,4.197,2.15,2.89,2.576,1.554
0.187,0.351,0.312,2.074,3.698,2.334,0.374,0.702,4.148
0.347,0.684,0.358,4.052,3.265,4.179,0.694,1.368,8.104
1.44,0.795,0.579,0.884,1.165,3.245,2.88,1.59,1.768
1.313,1.192,1.184,3.939,4.331,4.403,2.626,2.384,7.878
0.293,0.965,1.308,0.888,1.891,2.673,0.586,1.93,1.776
1.343,0.151,0.459,0.155,4.113,1.685,2.686,0.302,0.31
1.286,0.285,1.233,1.776,3.067,3.015,2.572,0.57,3.552
0.816,0.605,1.289,0.362,2.441,1.352,1.632,1.21,0.724
1.01,1.152,0.854,4.194,3.171,4.239,2.02,2.304,8.388
1.082,0.393,0.356,1.962,0.615,0.402,2.164,0.786,3.924
1.371,1.24,1.12,1.041,4.625,1.292,2.742,2.48,2.082
0.5,0.992,1.006,4.598,0.545,3.62,1.0,1.984,9.196
0.433,1.323,1.404,1.75,0.586,3.407,0.866,2.646,3.5
1.06,0.587,1.136,1.221,4.608,0.127,2.12,1.174,2.442
1.077,1.401,0.8,0.082,2.036,3.912,2.154,2.802,0.164
0.139,1.34,0.547,1.615,2.763,1.57,0.278,2.68,3.23
0.395,0.404,0.495,1.498,1.826,0.873,0.79,0.808,2.996
1.118,0.496,1.012,3.744,4.509,1.958,2.236,0.992,7.488
0.397,1.497,1.385,4.259,2.645,2.856,0.794,2.994,8.518
0.456,0.15,0.772,3.02,4.849,3.15,0.912,0.3,6.04
1.134,0.884,0.204,3.807,3.475,0.711,2.268,1.768,7.614
0.842,1.391,0.686,4.599,3.549,0.364,1.684,2.782,9.198
1.088,0.815,0.858,4.496,0.448,0.511,2.176,1.63,8.992
1.454,0.276,0.825,4.077,0.394,4.306,2.908,0.552,8.154
0.389,0.553,0.267,4.219,3.041,0.949,0.778,1.106,8.438
0.664,0.438,1.416,0.438,4.105,0.564,1.328,0.876,0.876
1.411,0.467,0.755,1.03,3.643,0.984,2.822,0.934,2.06
0.256,0.42,0.232,4.728,2.127,3.155,0.512,0.84,9.456
1.373,0.744,0.361,0.818,4.418,1.645,2.746,1.488,1.636
1.063,1.295,1.161,0.134,3.282,4.743,2.126,2.59,0.268
0.442,1.366,0.613,3.627,1.363,4.995,0.884,2.732,7.254
1.031,0.255,0.891,1.717,1.663,4.058,2.062,0.51,3.434
0.58,0.983,1.435,0.206,4.649,1.078,1.16,1.966,0.412
0.347,0.542,0.925,4.925,4.016,2.454,0.694,1.084,9.85
1.224,1.321,0.275,1.71,3.646,2.985,2.448,2.642,3.42
0.652,1.252,0.272,2.404,1.968,3.144,1.304,2.504,4.808
0.724,0.237,0.168,0.149,2.383,1.078,1.448,0.474,0.298
0.689,1.094,1.022,1.007,4.625,2.368,1.378,2.188,2.014
0.474,0.834,1.179,0.436,0.157,1.262,0.948,1.668,0.872
0.964,0.975,0.424,1.903,4.172,0.907,1.928,1.95,3.806
0.468,0.446,0.526,3.923,3.216,1.128,0.936,0.892,7.846
0.494,1.096,1.332,0.679,2.46,3.373,0.988,2.192,1.358
1.372,0.539,1.038,4.556,1.549,1.459,2.744,1.078,9.112
0.301,0.721,1.416,3.865,3.664,3.557,0.602,1.442,7.73
0.941,0.528,0.511,2.499,1.19,1.566,1.882,1.056,4.998
0.341,0.302,0.149,1.512,2.537,3.401,0.682,0.604,3.024
0.305,1.147,0.665,2.519,2.58,0.566,0.61,2.294,5.038
0.767,1.11,0.203,4.74,0.003,0.216,1.534,2.22,9.48
1.13,1.067,0.369,3.378,4.246,2.632,2.26,2.134,6.756
0.268,0.1,0.363,3.909,4.65,0.217,0.536,0.2,7.818
0.715,0.893,0.393,2.675,0.216,2.296,1.43,1.786,5.35
0.436,0.616,0.923,4.142,4.243,4.392,0.872,1.232,8.284
1.055,0.154,1.474,4.357,4.334,4.353,2.11,0.308,8.714
0.837,0.575,0.827,2.134,4.693,1.472,1.674,1.15,4.268
0.242,1.272,0.188,4.539,2.509,2.42,0.484,2.544,9.078
1.403,0.961,0.808,0.024,4.655,2.553,2.806,1.922,0.048
0.515,0.179,1.041,4.097,4.332,4.077,1.03,0.358,8.194
0.338,0.356,0.84,1.925,0.044,2.841,0.676,0.712,3.85
0.29,0.278,1.224,0.835,2.96,4.126,0.58,0.556,1.67
1.202,1.033,0.834,3.565,3.626,4.342,2.404,2.066,7.13
0.763,1.175,1.272,4.935,2.037,4.102,1.526,2.35,9.87
1.236,0.566,0.629,0.213,4.382,3.303,2.472,1.132,0.426
1.454,0.828,0.475,0.958,2.699,4.598,2.908,1.656,1.916
0.339,1.271,1.055,4.116,2.829,2.788,0.678,2.542,8.232
1.116,0.485,1.369,2.031,1.53,3.005,2.232,0.97,4.062
0.885,0.502,0.797,4.466,1.17,1.783,1.77,1.004,8.932
0.548,0.463,0.613,2.22,3.796,2.715,1.096,0.926,4.44
0.15,1.066,0.397,1.21,1.186,2.473,0.3,2.132,2.42
0.956,0.938,1.272,1.523,2.763,3.691,1.912,1.876,3.046
0.11,0.536,0.108,1.602,3.971,1.879,0.22,1.072,3.204
0.667,0.498,1.122,1.246,0.203,1.029,1.334,0.996,2.492
0.992,1.286,1.287,1.184,1.243,4.919,1.984,2.572,2.368
1.251,1.434,0.741,4.57,4.736,0.166,2.502,2.868,9.14
1.154,1.288,1.0,4.131,2.002,0.301,2.308,2.576,8.262
1.163,0.437,0.127,2.27,3.317,2.785,2.326,0.874,4.54
1.117,1.176,1.008,2.15,1.842,1.658,2.234,2.352,4.3
0.716,0.197,1.064,3.275,2.721,2.39,1.432,0.394,6.55
0.761,0.493,0.78,0.878,0.345,4.401,1.522,0.986,1.756
0.229,0.429,1.458,0.064,0.257,0.606,0.458,0.858,0.128
0.856,1.392,1.444,1.078,2.247,3.295,1.712,2.784,2.156
0.573,1.442,1.06,2.877,3.484,2.123,1.146,2.884,5.754
0.703,0.708,1.184,2.059,1.417,2.672,1.406,1.416,4.118
1.463,0.566,1.248,1.784,2.485,3.683,2.926,1.132,3.568
1.232,0.839,1.361,2.374,4.61,0.894,2.464,1.678,4.748
0.138,0.74,0.67,2.812,3.165,2.266,0.276,1.48,5.624
0.839,1.079,0.689,0.438,2.199,2.272,1.678,2.158,0.876
1.411,0.831,0.638,1.176,1.355,4.036,2.822,1.662,2.352
0.297,1.229,0.669,3.536,2.484,2.951,0.594,2.458,7.072
0.545,0.322,0.762,4.38,4.001,1.101,1.09,0.644,8.76
0.466,0.733,1.045,1.211,3.849,0.658,0.932,1.466,2.422
0.248,0.405,0.784,0.289,0.482,2.515,0.496,0.81,0.578
1.22,1.318,1.398,2.179,0.435,3.026,2.44,2.636,4.358
0.874,0.104,0.969,1.96,2.076,3.858,1.748,0.208,3.92
0.634,0.128,0.982,3.123,4.703,2.619,1.268,0.256,6.246
0.47,0.458,1.233,2.041,1.106,0.99,0.94,0.916,4.082
1.181,1.24,1.266,2.5,0.993,4.545,2.362,2.48,5.0
1.239,0.203,1.006,4.444,3.37,4.173,2.478,0.406,8.888
0.863,0.988,0.687,2.957,1.585,1.367,1.726,1.976,5.914
0.816,0.844,0.733,0.025,1.383,1.056,1.632,1.688,0.05
0.198,0.59,0.304,0.818,3.276,2.316,0.396,1.18,1.636
1.432,0.843,1.045,4.971,2.474,3.865,2.864,1.686,9.942
1.002,0.881,0.538,0.986,0.557,4.528,2.004,1.762,1.972
0.93,0.653,1.496,4.62,2.819,4.415,1.86,1.306,9.24
0.969,0.777,1.245,1.025,0.962,1.398,1.938,1.554,2.05
0.632,0.873,1.152,2.7,2.49,3.212,1.264,1.746,5.4
0.669,1.365,0.226,3.151,4.902,1.804,1.338,2.73,6.302
0.17,0.637,0.176,2.393,2.199,3.793,0.34,1.274,4.786
0.265,1.387,1.048,4.236,2.673,0.04,0.53,2.774,8.472
0.242,0.972,0.446,4.082,2.589,3.838,0.484,1.944,8.164
0.832,0.65,0.606,0.722,2.434,0.922,1.664,1.3,1.444
0.366,1.147,1.418,0.45,2.806,3.27,0.732,2.294,0.9
0.332,0.261,1.374,4.981,2.759,3.585,0.664,0.522,9.962
0.638,0.458,1.265,1.94,1.699,4.982,1.276,0.916,3.88
1.059,0.154,0.698,3.362,0.125,3.214,2.118,0.308,6.724
0.483,0.202,1.069,4.825,0.824,1.717,0.966,0.404,9.65
0.627,0.556,1.32,0.52,4.795,0.19,1.254,1.112,1.04
0.737,0.957,0.347,4.127,2.264,0.856,1.474,1.914,8.254
0.958,1.474,0.531,3.837,2.283,3.899,1.916,2.948,7.674
0.643,0.33,0.741,0.008,1.291,1.386,1.286,0.66,0.016
0.547,1.059,1.334,2.401,3.764,1.326,1.094,2.118,4.802
0.325,0.933,0.817,2.073,1.911,3.336,0.65,1.866,4.146
1.387,0.835,0.9,3.95,0.842,4.665,2.774,1.67,7.9
0.395,0.18,1.294,3.325,2.202,0.11,0.79,0.36,6.65
1.446,1.052,0.973,1.796,1.21,0.321,2.892,2.104,3.592
1.203,0.987,0.758,1.649,0.35,1.237,2.406,1.974,3.298
1.464,0.119,0.282,2.215,0.099,1.363,2.928,0.238,4.43
0.231,1.305,0.959,2.108,4.08,1.367,0.462,2.61,4.216
1.32,0.489,1.318,0.377,3.755,4.122,2.64,0.978,0.754
0.292,0.261,1.154,3.896,4.91,1.038,0.584,0.522,7.792
0.943,1.463,1.099,0.75,1.841,0.966,1.886,2.926,1.5
1.349,0.547,0.711,0.751,1.458,1.692,2.698,1.094,1.502
1.45,0.542,0.475,3.908,1.941,1.749,2.9,1.084,7.816
1.467,0.368,1.103,1.168,1.189,4.197,2.934,0.736,2.336
0.258,0.144,1.014,3.308,1.32,1.138,0.516,0.288,6.616
0.624,0.631,0.678,1.362,1.248,3.38,1.248,1.262,2.724
1.092,1.081,0.78,0.777,1.527,2.916,2.184,2.162,1.554
0.355,0.28,1.219,2.049,3.269,2.53,0.71,0.56,4.098
1.245,0.831,0.174,0.109,4.825,1.762,2.49,1.662,0.218
0.325,1.264,0.706,4.136,0.737,2.154,0.65,2.528,8.272
0.604,0.876,0.492,4.013,3.9,1.417,1.208,1.752,8.026
0.628,0.846,1.045,0.522,3.497,3.407,1.256,1.692,1.044
1.412,0.606,0.177,0.227,3.794,1.745,2.824,1.212,0.454
0.645,1.286,0.238,3.855,4.204,2.698,1.29,2.572,7.71
0.76,0.187,0.125,3.032,1.136,2.947,1.52,0.374,6.064
0.944,1.24,0.636,3.357,3.253,1.655,1.888,2.48,6.714
1.483,0.127,0.687,4.152,4.195,2.687,2.966,0.254,8.304
0.97,1.343,0.834,0.672,1.947,0.079,1.94,2.686,1.344
1.174,0.102,1.481,0.189,1.734,1.614,2.348,0.204,0.378
0.618,1.107,0.935,1.311,3.061,4.94,1.236,2.214,2.622
0.454,0.837,0.579,3.993,4.252,3.494,0.908,1.674,7.986
0.216,0.205,1.485,2.23,1.613,2.01,0.432,0.41,4.46
0.306,0.652,0.731,1.37,4.672,0.268,0.612,1.304,2.74
0.287,1.185,0.647,4.044,4.802,2.297,0.574,2.37,8.088
1.165,1.242,0.979,0.986,4.569,3.127,2.33,2.484,1.972
1.267,0.863,0.152,0.33,1.046,4.738,2.534,1.726,0.66
1.263,0.595,1.395,0.788,3.535,0.628,2.526,1.19,1.576
1.291,0.191,1.379,4.762,1.475,3.979,2.582,0.382,9.524
1.461,0.624,0.136,0.268,4.137,1.192,2.922,1.248,0.536
0.951,0.798,0.548,4.741,3.617,3.326,1.902,1.596,9.482
0.198,1.287,0.112,4.106,1.693,2.758,0.396,2.574,8.212
1.271,0.189,1.253,3.302,3.906,4.564,2.542,0.378,6.604
1.377,0.863,1.279,0.045,2.96,0.822,2.754,1.726,0.09
1.177,1.22,0.179,1.274,2.528,3.897,2.354,2.44,2.548
1.369,0.928,0.889,1.659,2.45,2.736,2.738,1.856,3.318
0.949,0.169,0.865,1.405,0.739,0.458,1.898,0.338,2.81
0.439,1.452,0.963,2.27,4.113,4.821,0.878,2.904,4.54
1.223,1.47,1.257,1.876,1.472,2.878,2.446,2.94,3.752
0.1,1.053,0.973,2.062,2.366,0.599,0.2,2.106,4.124
1.187,1.174,0.99,0.105,2.435,4.502,2.374,2.348,0.21
0.716,0.69,0.263,0.616,4.327,1.63,1.432,1.38,1.232
1.068,0.996,0.494,3.399,2.517,3.723,2.136,1.992,6.798
0.739,0.41,0.324,2.455,2.76,2.303,1.478,0.82,4.91
1.023,1.174,0.133,0.634,3.919,4.123,2.046,2.348,1.268
0.345,1.163,0.852,4.53,3.456,4.701,0.69,2.326,9.06
0.751,0.692,0.105,4.104,1.249,2.525,1.502,1.384,8.208
0.306,1.23,1.114,4.93,1.778,3.662,0.612,2.46,9.86
1.071,1.118,0.32,1.272,0.489,4.423,2.142,2.236,2.544
0.549,0.17,1.224,2.39,3.673,4.956,1.098,0.34,4.78
0.906,0.696,0.171,0.75,1.958,4.543,1.812,1.392,1.5
0.915,1.087,0.804,0.158,4.491,4.038,1.83,2.174,0.316
1.243,0.611,0.295,1.06,0.287,3.9,2.486,1.222,2.12
0.273,0.101,0.814,2.171,0.705,1.391,0.546,0.202,4.342
1.405,0.797,0.68,3.061,2.013,3.358,2.81,1.594,6.122
0.466,0.507,0.463,1.224,4.824,1.519,0.932,1.014,2.448
0.359,0.29,1.341,1.831,3.847,3.323,0.718,0.58,3.662
1.273,0.179,0.47,2.697,2.952,0.225,2.546,0.358,5.394
0.915,0.291,0.487,4.962,4.649,1.467,1.83,0.582,9.924
0.221,0.932,1.462,2.699,2.441,1.612,0.442,1.864,5.398
1.375,0.812,0.21,1.934,0.809,3.409,2.75,1.624,3.868
0.948,0.531,0.148,2.451,4.741,1.102,1.896,1.062,4.902
1.267,0.485,1.163,2.152,2.422,4.717,2.534,0.97,4.304
0.912,1.357,0.701,3.53,2.45,4.131,1.824,2.714,7.06
0.267,1.475,0.592,1.032,4.36,2.11,0.534,2.95,2.064
0.554,0.754,1.288,4.065,3.663,4.062,1.108,1.508,8.13
0.629,1.272,0.156,2.664,0.529,3.546,1.258,2.544,5.328
0.638,0.489,0.725,0.473,3.439,2.398,1.276,0.978,0.946
1.261,1.281,0.374,1.352,0.747,2.575,2.522,2.562,2.704
0.791,0.869,0.158,4.298,3.405,0.677,1.582,1.738,8.596
1.26,0.225,1.333,4.435,3.11,0.735,2.52,0.45,8.87
0.633,0.555,0.187,0.047,0.141,3.222,1.266,1.11,0.094
0.768,1.263,1.462,4.777,1.897,4.96,1.536,2.526,9.554
1.131,1.152,0.252,0.34,2.577,3.596,2.262,2.304,0.68
0.633,0.194,0.776,0.583,3.55,1.311,1.266,0.388,1.166
0.215,1.147,0.653,2.99,2.006,3.751,0.43,2.294,5.98
0.253,1.436,0.815,4.509,3.48,2.479,0.506,2.872,9.018
1.25,0.769,1.299,0.936,2.101,3.131,2.5,1.538,1.872
1.069,0.567,0.502,0.914,1.686,3.639,2.138,1.134,1.828
0.329,0.869,0.513,3.196,3.966,1.141,0.658,1.738,6.392
0.277,0.902,0.512,2.205,3.541,4.609,0.554,1.804,4.41
1.498,0.177,0.124,2.852,4.365,1.098,2.996,0.354,5.704
1.03,0.4,1.39,2.765,1.746,3.489,2.06,0.8,5.53
0.907,1.185,0.645,1.416,4.929,2.228,1.814,2.37,2.832
0.244,0.964,0.808,3.941,4.392,2.77,0.488,1.928,7.882
1.235,1.146,0.893,0.287,4.007,1.455,2.47,2.292,0.574
0.427,0.71,0.423,4.792,3.031,2.095,0.854,1.42,9.584
1.093,1.484,0.387,4.84,1.89,0.905,2.186,2.968,9.68
0.637,1.323,0.206,0.12,4.984,4.397,1.274,2.646,0.24
1.188,0.121,0.138,4.572,1.259,3.985,2.376,0.242,9.144
0.613,1.493,1.2,3.205,0.27,2.637,1.226,2.986,6.41
0.24,1.378,0.237,4.875,1.262,3.309,0.48,2.756,9.75
1.071,0.241,0.106,4.672,1.289,1.506,2.142,0.482,9.344
0.82,0.671,1.201,4.832,4.534,2.976,1.64,1.342,9.664
0.297,0.912,0.637,2.423,3.369,2.809,0.594,1.824,4.846
1.222,0.854,0.8,0.683,2.467,3.338,2.444,1.708,1.366
0.903,0.808,0.129,1.769,4.998,0.469,1.806,1.616,3.538
0.711,1.488,1.092,3.018,2.641,3.779,1.422,2.976,6.036
1.302,0.288,1.146,1.242,0.395,0.253,2.604,0.576,2.484
1.234,0.925,0.129,2.36,4.213,2.052,2.468,1.85,4.72
0.429,0.136,1.457,4.081,1.638,3.175,0.858,0.272,8.162
1.249,1.335,0.412,3.562,3.285,0.478,2.498,2.67,7.124
0.843,0.917,0.118,4.982,0.952,2.051,1.686,1.834,9.964
1.371,1.34,1.209,1.957,3.983,1.526,2.742,2.68,3.914
0.165,0.114,0.871,2.834,3.842,1.655,0.33,0.228,5.668
1.086,0.211,0.685,0.95,3.436,0.661,2.172,0.422,1.9
0.332,0.906,0.694,4.62,4.117,4.492,0.664,1.812,9.24
1.457,1.022,0.118,0.877,4.066,3.588,2.914,2.044,1.754
0.774,0.791,0.249,3.924,4.375,1.156,1.548,1.582,7.848
1.035,0.771,0.42,4.864,2.742,0.236,2.07,1.542,9.728
0.98,1.116,0.683,4.651,2.972,1.219,1.96,2.232,9.302
1.073,0.354,0.513,0.448,4.527,4.737,2.146,0.708,0.896
0.639,1.495,0.749,3.183,4.417,3.934,1.278,2.99,6.366
1.315,1.315,0.948,1.443,4.397,2.225,2.63,2.63,2.886
1.341,0.543,0.16,3.899,2.959,4.755,2.682,1.086,7.798
1.181,0.95,0.814,0.418,1.912,3.336,2.362,1.9,0.836
0.438,0.507,0.42,2.256,4.755,4.888,0.876,1.014,4.512
1.336,1.333,1.023,1.516,4.036,2.551,2.672,2.666,3.032
0.847,0.31,0.72,4.32,2.392,0.273,1.694,0.62,8.64
1.17,1.085,1.11,3.149,3.861,4.47,2.34,2.17,6.298
0.556,1.079,1.431,4.803,0.01,4.613,1.112,2.158,9.606
1.147,0.408,1.158,2.315,3.911,2.049,2.294,0.816,4.63
0.114,0.926,0.868,4.969,0.216,3.087,0.228,1.852,9.938
1.082,1.187,1.226,3.788,2.025,3.807,2.164,2.374,7.576
0.197,1.079,0.891,1.743,0.664,3.101,0.394,2.158,3.486
1.382,0.745,1.207,2.638,4.611,4.238,2.764,1.49,5.276
1.204,0.434,1.311,4.036,4.059,1.268,2.408,0.868,8.072
0.296,0.945,1.093,0.563,3.771,2.939,0.592,1.89,1.126
1.144,0.279,1.266,4.75,2.44,0.501,2.288,0.558,9.5
1.412,0.431,0.827,4.989,1.592,0.34,2.824,0.862,9.978
1.228,0.309,1.065,4.16,0.399,1.733,2.456,0.618,8.32
0.847,0.722,0.4,0.13,3.845,4.145,1.694,1.444,0.26
1.287,1.22,0.679,3.369,3.534,0.026,2.574,2.44,6.738
1.427,1.204,1.088,2.943,1.06,3.594,2.854,2.408,5.886
0.258,0.159,0.216,4.565,1.455,1.602,0.516,0.318,9.13
0.271,0.336,0.213,0.981,1.545,0.392,0.542,0.672,1.962
1.395,1.279,0.504,2.791,2.137,0.295,2.79,2.558,5.582
0.804,0.259,1.327,3.917,1.126,4.632,1.608,0.518,7.834
0.498,0.626,1.084,1.881,4.147,4.648,0.996,1.252,3.762
0.25,0.785,0.975,3.902,0.286,1.905,0.5,1.57,7.804
0.747,1.431,0.857,0.512,2.334,1.062,1.494,2.862,1.024
0.446,1.404,1.468,4.96,1.511,0.378,0.892,2.808,9.92
0.232,1.391,1.253,0.041,4.216,0.071,0.464,2.782,0.082
0.816,0.965,0.719,3.944,3.887,4.193,1.632,1.93,7.888
0.12,1.382,1.462,0.815,3.838,4.192,0.24,2.764,1.63
1.238,1.284,0.342,3.928,4.28,0.689,2.476,2.568,7.856
1.014,0.21,1.109,2.114,1.739,2.416,2.028,0.42,4.228
0.491,0.378,0.441,4.25,0.799,2.732,0.982,0.756,8.5
1.156,0.306,0.229,3.259,2.163,2.818,2.312,0.612,6.518
1.405,1.041,0.227,0.306,2.312,3.681,2.81,2.082,0.612
0.365,0.212,1.354,3.284,0.288,4.198,0.73,0.424,6.568
0.6,0.788,0.212,1.784,0.661,0.362,1.2,1.576,3.568
1.34,1.49,0.4,2.0,2.003,3.87,2.68,2.98,4.0
0.639,0.415,0.51,3.483,2.257,0.613,1.278,0.83,6.966
0.815,1.416,1.08,1.907,3.462,4.994,1.63,2.832,3.814
0.516,0.488,0.634,1.397,0.741,2.853,1.032,0.976,2.794
0.969,0.216,0.197,4.78,3.131,3.001,1.938,0.432,9.56
1.079,1.428,0.237,4.442,0.237,3.03,2.158,2.856,8.884
0.801,0.681,1.238,2.042,0.124,4.653,1.602,1.362,4.084
0.692,1.26,0.276,3.173,3.559,4.411,1.384,2.52,6.346
0.248,1.337,0.177,2.57,0.273,1.242,0.496,2.674,5.14
0.891,0.542,1.015,2.288,1.904,1.507,1.782,1.084,4.576
0.902,1.131,0.742,0.62,3.397,3.933,1.804,2.262,1.24
1.401,0.863,1.167,4.473,3.296,2.947,2.802,1.726,8.946
0.701,0.919,0.634,1.3,1.79,4.783,1.402,1.838,2.6
1.247,0.666,1.139,4.652,4.099,4.245,2.494,1.332,9.304
1.264,0.624,0.721,4.572,3.705,2.15,2.528,1.248,9.144
0.383,0.285,0.124,4.012,4.734,4.416,0.766,0.57,8.024
0.738,1.336,1.364,3.916,2.696,1.203,1.476,2.672,7.832
0.616,0.313,0.959,1.318,2.669,2.358,1.232,0.626,2.636
1.15,0.386,0.249,3.381,3.177,2.869,2.3,0.772,6.762
1.433,0.73,0.719,0.687,3.763,1.556,2.866,1.46,1.374
1.13,0.518,0.67,0.004,0.113,1.185,2.26,1.036,0.008
0.189,0.494,0.195,2.388,3.341,1.971,0.378,0.988,4.776
1.354,0.137,1.373,4.041,4.182,2.452,2.708,0.274,8.082
0.253,0.721,1.362,0.119,0.529,4.767,0.506,1.442,0.238
0.185,0.55,0.512,1.98,3.48,1.195,0.37,1.1,3.96
1.074,0.574,1.464,3.02,4.419,1.726,2.148,1.148,6.04
0.129,1.454,0.252,1.673,3.411,2.302,0.258,2.908,3.346
1.434,1.033,1.12,1.312,0.751,4.931,2.868,2.066,2.624
1.092,0.698,0.662,1.087,3.779,4.164,2.184,1.396,2.174
0.119,0.873,0.607,3.728,2.596,4.36,0.238,1.746,7.456
0.259,0.876,0.598,1.87,1.724,3.773,0.518,1.752,3.74
0.448,1.024,0.258,3.076,1.378,1.8,0.896,2.048,6.152
1.452,0.294,1.423,4.439,1.564,4.621,2.904,0.588,8.878
0.787,1.43,0.132,3.602,3.628,2.176,1.574,2.86,7.204
0.161,1.143,1.225,0.141,3.348,0.528,0.322,2.286,0.282
0.382,0.725,0.837,0.633,3.941,2.117,0.764,1.45,1.266
0.329,0.313,0.825,4.503,4.79,4.927,0.658,0.626,9.006
0.524,1.325,0.569,2.058,0.251,4.152,1.048,2.65,4.116
0.196,1.145,0.313,2.263,3.224,0.179,0.392,2.29,4.526
0.631,0.201,0.763,3.574,4.569,2.083,1.262,0.402,7.148
0.622,0.422,0.205,3.306,4.907,2.71,1.244,0.844,6.612
0.467,1.105,0.393,3.879,3.028,1.575,0.934,2.21,7.758
0.539,1.23,1.256,1.856,1.536,0.809,1.078,2.46,3.712
0.587,0.984,0.344,1.59,2.693,1.536,1.174,1.968,3.18
0.773,0.705,1.213,4.399,4.181,0.957,1.546,1.41,8.798
1.446,0.923,0.891,1.275,3.96,1.189,2.892,1.846,2.55
1.05,0.77,1.009,2.183,4.325,1.89,2.1,1.54,4.366
0.67,0.442,0.236,3.298,2.45,3.037,1.34,0.884,6.596
0.721,1.141,0.597,2.383,4.315,0.501,1.442,2.282,4.766
0.372,0.375,1.177,2.481,4.955,3.592,0.744,0.75,4.962
1.133,0.294,1.284,3.297,3.885,0.195,2.266,0.588,6.594
1.226,0.658,1.219,1.269,0.663,0.909,2.452,1.316,2.538
0.167,0.372,0.79,3.064,0.896,2.789,0.334,0.744,6.128
1.059,1.076,0.734,0.584,1.871,2.151,2.118,2.152,1.168
0.598,0.415,0.715,0.081,3.594,4.385,1.196,0.83,0.162
1.047,1.419,0.511,4.777,3.209,1.654,2.094,2.838,9.554
0.916,1.354,0.43,3.617,3.218,4.804,1.832,2.708,7.234
0.213,1.141,0.953,0.392,2.14,4.033,0.426,2.282,0.784
0.664,0.395,1.114,0.12,2.188,2.13,1.328,0.79,0.24
1.167,0.153,1.233,0.872,0.722,1.917,2.334,0.306,1.744
0.455,0.193,0.418,1.885,4.363,3.088,0.91,0.386,3.77
0.133,1.069,0.14,0.374,0.654,3.236,0.266,2.138,0.748
0.901,0.26,1.406,4.669,3.549,1.564,1.802,0.52,9.338
0.947,0.45,0.921,4.359,1.514,0.145,1.894,0.9,8.718
1.313,0.652,0.753,2.751,0.672,1.423,2.626,1.304,5.502
0.598,0.193,0.25,1.161,1.106,4.025,1.196,0.386,2.322
0.227,0.615,0.983,0.041,1.215,2.731,0.454,1.23,0.082
0.894,0.444,1.375,2.238,3.569,0.724,1.788,0.888,4.476
0.791,0.211,0.371,3.809,1.731,3.677,1.582,0.422,7.618
0.828,0.255,1.45,2.676,3.877,1.303,1.656,0.51,5.352
0.933,1.003,1.287,3.051,2.283,1.048,1.866,2.006,6.102
1.376,1.007,0.745,2.335,2.087,2.111,2.752,2.014,4.67
1.475,1.371,1.401,3.296,3.152,0.767,2.95,2.742,6.592
1.054,0.149,0.488,0.487,2.664,2.096,2.108,0.298,0.974
1.429,0.902,1.212,3.361,2.53,3.921,2.858,1.804,6.722
0.289,1.142,0.55,1.419,2.939,3.464,0.578,2.284,2.838
0.483,0.777,0.263,0.883,3.481,0.754,0.966,1.554,1.766
1.422,1.001,0.628,2.859,4.967,0.944,2.844,2.002,5.718
1.447,0.853,0.907,1.83,3.98,4.501,2.894,1.706,3.66
0.519,1.083,1.09,0.853,4.961,1.035,1.038,2.166,1.706
0.215,0.303,0.48,3.846,3.473,4.09,0.43,0.606,7.692
0.821,0.575,0.713,2.619,0.506,3.369,1.642,1.15,5.238
0.385,0.399,0.612,2.415,1.242,1.014,0.77,0.798,4.83
0.229,0.714,0.749,2.653,2.05,1.906,0.458,1.428,5.306
0.333,0.397,0.138,3.449,4.208,4.235,0.666,0.794,6.898
0.598,0.798,0.778,4.644,3.417,2.459,1.196,1.596,9.288
0.117,1.391,1.171,1.134,1.793,2.975,0.234,2.782,2.268
1.103,0.146,0.214,4.83,0.142,1.424,2.206,0.292,9.66
0.687,0.684,0.391,2.1,3.698,1.575,1.374,1.368,4.2
0.552,0.42,0.242,0.783,2.432,3.08,1.104,0.84,1.566
0.326,0.222,0.673,1.73,4.536,4.447,0.652,0.444,3.46
0.328,1.439,0.334,4.554,0.345,1.391,0.656,2.878,9.108
0.436,0.556,1.272,4.156,1.586,0.481,0.872,1.112,8.312
0.293,0.599,1.274,4.289,3.456,3.019,0.586,1.198,8.578
1.472,0.72,1.378,4.323,3.19,1.58,2.944,1.44,8.646
1.273,1.38,1.493,2.113,3.629,0.978,2.546,2.76,4.226
1.382,1.462,0.911,1.947,1.301,4.5,2.764,2.924,3.894
1.381,1.381,0.74,1.123,1.497,2.642,2.762,2.762,2.246
0.237,0.65,1.036,2.744,1.891,2.12,0.474,1.3,5.488
0.854,1.008,0.551,0.316,1.95,1.827,1.708,2.016,0.632
0.795,0.684,0.37,4.525,2.885,1.388,1.59,1.368,9.05
1.281,1.256,0.285,0.9,3.523,0.319,2.562,2.512,1.8
0.531,0.121,0.194,0.372,1.055,2.107,1.062,0.242,0.744
0.64,0.184,0.663,1.715,4.322,1.66,1.28,0.368,3.43
0.842,0.532,0.413,0.339,4.299,3.556,1.684,1.064,0.678
0.296,0.658,0.302,3.573,0.638,2.139,0.592,1.316,7.146
1.161,0.25,0.611,1.438,3.324,0.849,2.322,0.5,2.876
0.502,0.594,1.213,2.254,4.184,2.924,1.004,1.188,4.508
0.524,0.543,0.716,0.019,0.711,0.224,1.048,1.086,0.038
1.408,0.599,1.37,3.059,2.015,3.27,2.816,1.198,6.118
0.326,1.083,0.437,4.604,2.855,4.547,0.652,2.166,9.208
0.616,1.1,0.779,1.404,0.788,3.491,1.232,2.2,2.808
0.275,0.27,1.017,3.097,4.982,1.585,0.55,0.54,6.194
0.599,0.642,1.346,3.977,0.784,4.109,1.198,1.284,7.954
1.449,0.985,0.434,2.298,1.759,4.427,2.898,1.97,4.596
1.362,0.846,0.37,3.574,2.159,3.022,2.724,1.692,7.148
1.457,0.833,1.206,0.153,2.173,3.832,2.914,1.666,0.306
1.312,0.87,0.638,4.658,4.068,3.305,2.624,1.74,9.316
1.272,0.676,0.154,4.818,1.786,2.554,2.544,1.352,9.636
0.657,0.223,1.322,2.505,3.308,0.75,1.314,0.446,5.01
0.634,0.887,1.231,2.22,2.268,4.203,1.268,1.774,4.44
1.028,0.107,0.403,3.966,0.498,4.818,2.056,0.214,7.932
0.482,0.843,1.302,2.79,3.365,4.351,0.964,1.686,5.58
0.335,1.343,1.299,0.607,3.53,4.214,0.67,2.686,1.214
0.795,0.871,0.172,4.965,3.542,2.724,1.59,1.742,9.93
1.189,1.397,0.836,1.359,3.032,0.591,2.378,2.794,2.718
0.444,1.259,1.132,4.708,1.606,4.494,0.888,2.518,9.416
0.907,0.836,0.728,2.48,0.854,3.204,1.814,1.672,4.96
0.814,0.814,0.432,0.923,3.06,0.142,1.628,1.628,1.846
0.13,1.384,1.267,1.536,2.381,1.748,0.26,2.768,3.072
1.0,0.451,0.195,4.324,2.182,2.335,2.0,0.902,8.648
0.294,0.846,0.11,2.678,0.196,0.599,0.588,1.692,5.356
1.251,1.353,0.12,1.062,1.736,0.987,2.502,2.706,2.124
0.396,0.276,1.035,3.282,4.827,4.451,0.792,0.552,6.564
1.066,0.561,1.434,3.641,4.393,1.085,2.132,1.122,7.282
0.732,0.676,0.935,3.311,4.18,1.771,1.464,1.352,6.622
0.189,0.623,0.832,4.518,0.9,3.555,0.378,1.246,9.036
0.719,1.281,1.221,1.91,1.59,1.422,1.438,2.562,3.82
1.151,0.63,1.264,0.428,4.959,1.533,2.302,1.26,0.856
0.906,0.817,1.385,3.553,0.393,3.858,1.812,1.634,7.106
1.022,0.444,0.849,2.774,1.658,3.379,2.044,0.888,5.548
1.195,1.205,0.507,0.043,3.111,3.357,2.39,2.41,0.086
1.225,0.558,1.224,2.481,4.033,0.96,2.45,1.116,4.962
0.897,0.435,0.268,3.193,1.478,3.089,1.794,0.87,6.386
0.234,0.458,0.516,2.918,4.604,2.307,0.468,0.916,5.836
0.351,0.282,1.021,3.449,1.732,1.11,0.702,0.564,6.898
0.304,1.218,0.286,2.705,4.32,4.793,0.608,2.436,5.41
0.858,1.129,1.165,1.733,1.098,0.76,1.716,2.258,3.466
0.552,0.451,1.48,0.919,3.05,1.791,1.104,0.902,1.838
1.336,1.045,0.837,1.874,0.059,2.156,2.672,2.09,3.748
0.987,1.155,0.694,4.648,1.382,2.735,1.974,2.31,9.296
0.184,0.915,1.355,3.198,3.228,0.683,0.368,1.83,6.396
0.938,1.302,0.835,2.594,3.28,0.269,1.876,2.604,5.188
0.688,1.094,0.921,3.892,2.028,1.977,1.376,2.188,7.784
1.497,0.781,0.475,0.656,1.03,4.452,2.994,1.562,1.312
1.418,0.617,0.903,4.465,4.76,2.415,2.836,1.234,8.93
0.388,0.372,0.814,4.24,1.791,4.449,0.776,0.744,8.48
0.874,1.036,0.209,4.84,3.143,4.759,1.748,2.072,9.68
0.416,0.48,0.841,2.95,2.302,4.823,0.832,0.96,5.9
1.232,1.458,0.527,0.897,0.213,0.752,2.464,2.916,1.794
0.58,0.676,0.113,1.464,1.274,3.137,1.16,1.352,2.928
0.8,0.119,0.482,0.633,0.684,2.487,1.6,0.238,1.266
1.079,0.15,0.974,3.61,1.671,2.712,2.158,0.3,7.22
0.613,0.21,1.214,3.793,3.336,1.05,1.226,0.42,7.586
1.171,1.407,0.626,4.661,3.532,2.821,2.342,2.814,9.322
0.845,0.323,0.319,3.108,4.077,1.121,1.69,0.646,6.216
0.893,0.464,1.344,1.625,2.574,1.401,1.786,0.928,3.25
1.497,1.157,1.32,4.526,0.595,0.276,2.994,2.314,9.052
1.097,1.266,0.404,3.987,1.005,4.737,2.194,2.532,7.974
0.443,0.516,1.375,1.61,1.705,1.514,0.886,1.032,3.22
1.05,0.374,0.978,1.337,2.82,4.079,2.1,0.748,2.674
0.764,1.209,1.483,4.674,3.236,0.507,1.528,2.418,9.348
1.4,0.444,0.976,1.666,1.329,3.468,2.8,0.888,3.332
0.884,1.364,1.284,4.313,3.114,2.966,1.768,2.728,8.626
0.578,1.464,0.426,2.493,1.403,4.258,1.156,2.928,4.986
0.379,1.489,0.313,4.041,3.198,4.399,0.758,2.978,8.082
0.82,1.195,0.433,1.235,2.743,0.881,1.64,2.39,2.47
1.302,0.718,0.612,3.265,0.518,4.779,2.604,1.436,6.53
1.034,0.456,1.058,2.067,0.697,2.446,2.068,0.912,4.134
1.393,1.229,0.246,2.493,2.677,1.713,2.786,2.458,4.986
0.538,1.476,0.367,4.097,4.644,4.981,1.076,2.952,8.194
1.491,0.922,0.763,3.661,4.456,0.115,2.982,1.844,7.322
0.329,0.136,0.909,0.505,3.944,1.0,0.658,0.272,1.01
1.02,0.767,0.351,4.146,3.04,3.103,2.04,1.534,8.292
0.964,1.15,0.595,2.7,1.9,3.399,1.928,2.3,5.4
0.525,1.269,0.458,1.926,0.011,2.823,1.05,2.538,3.852
0.238,0.147,1.165,0.19,1.039,2.351,0.476,0.294,0.38
0.763,0.94,1.184,0.727,2.295,0.165,1.526,1.88,1.454
0.131,0.751,1.414,0.21,4.816,0.114,0.262,1.502,0.42
0.767,0.983,1.206,3.667,1.78,4.2,1.534,1.966,7.334
0.568,0.373,1.22,3.093,3.566,3.476,1.136,0.746,6.186
0.887,0.636,1.084,0.262,1.979,2.109,1.774,1.272,0.524
0.45,0.406,0.287,2.508,1.333,2.04,0.9,0.812,5.016
0.401,0.886,1.197,2.987,4.959,3.644,0.802,1.772,5.974
0.872,0.986,0.657,0.532,1.251,1.994,1.744,1.972,1.064
0.243,1.491,0.391,2.929,1.072,4.466,0.486,2.982,5.858
1.384,0.197,0.706,0.704,0.829,0.091,2.768,0.394,1.408
0.355,0.785,0.861,3.984,0.44,2.998,0.71,1.57,7.968
1.186,0.724,0.668,1.532,0.671,1.349,2.372,1.448,3.064
0.798,0.476,1.071,4.617,1.269,2.061,1.596,0.952,9.234
0.747,1.099,1.469,0.131,2.755,2.958,1.494,2.198,0.262
0.951,0.179,0.212,4.672,3.647,1.917,1.902,0.358,9.344
0.87,0.782,1.497,3.386,4.016,0.109,1.74,1.564,6.772
1.417,0.603,0.793,4.182,1.386,4.092,2.834,1.206,8.364
0.143,0.231,0.699,2.945,0.242,2.686,0.286,0.462,5.89
0.573,0.755,0.475,0.634,4.756,0.909,1.146,1.51,1.268
0.789,0.469,1.353,2.731,4.194,1.402,1.578,0.938,5.462
0.378,0.887,0.112,3.723,3.444,1.814,0.756,1.774,7.446
0.967,0.604,0.722,0.834,3.994,2.344,1.934,1.208,1.668
0.599,0.267,0.76,3.378,4.928,3.038,1.198,0.534,6.756
1.104,1.041,1.037,0.473,3.675,4.596,2.208,2.082,0.946
0.584,1.369,1.027,4.237,3.697,4.482,1.168,2.738,8.474
0.891,0.181,1.466,3.49,3.075,0.895,1.782,0.362,6.98
1.306,0.174,0.101,2.891,4.766,3.327,2.612,0.348,5.782
1.352,1.093,0.917,3.931,3.484,0.701,2.704,2.186,7.862
0.876,1.185,0.873,1.895,0.491,0.089,1.752,2.37,3.79
0.254,1.084,0.699,2.0,1.4,4.581,0.508,2.168,4.0
0.304,0.616,0.466,0.358,0.655,0.766,0.608,1.232,0.716
1.257,0.674,1.139,4.218,3.42,3.726,2.514,1.348,8.436
1.452,0.176,0.678,3.525,3.46,0.16,2.904,0.352,7.05
0.288,1.213,0.309,0.224,3.131,3.124,0.576,2.426,0.448
0.994,0.144,1.039,2.679,2.73,2.655,1.988,0.288,5.358
1.021,0.341,0.697,0.502,2.357,0.269,2.042,0.682,1.004
0.209,1.112,0.258,2.858,0.364,3.596,0.418,2.224,5.716
0.62,1.336,1.475,1.845,2.167,2.789,1.24,2.672,3.69
0.371,0.799,0.574,3.954,2.008,4.956,0.742,1.598,7.908
0.207,0.457,0.241,1.983,4.694,3.807,0.414,0.914,3.966
1.208,0.658,1.394,0.102,2.33,1.897,2.416,1.316,0.204
0.359,0.252,0.556,1.031,0.484,1.618,0.718,0.504,2.062
0.814,1.328,0.221,4.091,0.03,4.552,1.628,2.656,8.182
0.777,0.963,1.144,4.886,1.733,0.52,1.554,1.926,9.772
0.403,0.702,1.307,4.847,3.57,2.499,0.806,1.404,9.694
0.607,0.636,0.508,2.726,0.314,2.069,1.214,1.272,5.452
0.183,0.65,0.67,2.083,3.484,0.16,0.366,1.3,4.166
1.158,0.322,1.013,4.461,2.108,1.627,2.316,0.644,8.922
1.212,1.11,0.157,2.94,3.081,4.427,2.424,2.22,5.88
0.688,0.499,0.932,2.74,1.437,3.855,1.376,0.998,5.48
1.306,0.759,0.362,2.48,0.258,4.325,2.612,1.518,4.96
0.604,0.383,0.798,4.722,4.837,3.876,1.208,0.766,9.444
0.334,1.083,1.093,4.624,1.545,3.087,0.668,2.166,9.248
0.256,1.462,0.837,0.364,3.982,3.79,0.512,2.924,0.728
1.146,0.28,0.492,3.328,0.915,1.662,2.292,0.56,6.656
0.28,0.782,1.412,2.406,0.364,4.22,0.56,1.564,4.812
0.275,1.222,1.4,4.282,2.578,4.802,0.55,2.444,8.564
1.092,1.4,0.439,3.844,1.879,0.844,2.184,2.8,7.688
1.351,0.988,1.497,0.121,4.995,4.08,2.702,1.976,0.242
0.503,1.258,1.067,0.217,1.912,4.838,1.006,2.516,0.434
1.106,0.813,1.314,1.091,1.066,2.326,2.212,1.626,2.182
0.683,0.587,0.412,0.581,2.87,4.409,1.366,1.174,1.162
0.327,0.266,1.395,3.132,1.113,2.107,0.654,0.532,6.264
0.421,0.618,1.16,2.926,3.953,1.292,0.842,1.236,5.852
0.745,0.997,1.31,1.386,0.134,0.719,1.49,1.994,2.772
1.434,1.199,0.118,3.731,4.127,3.463,2.868,2.398,7.462
0.113,1.027,1.183,0.383,1.544,0.34,0.226,2.054,0.766
1.276,0.478,0.491,4.218,2.108,4.237,2.552,0.956,8.436
0.593,1.197,0.849,3.524,2.68,4.63,1.186,2.394,7.048
1.022,0.772,0.614,0.553,4.618,1.601,2.044,1.544,1.106
0.338,0.205,1.454,1.333,3.741,0.156,0.676,0.41,2.666
0.18,1.161,1.241,4.043,2.92,2.099,0.36,2.322,8.086
0.312,0.957,0.764,3.582,0.781,3.099,0.624,1.914,7.164
0.543,0.95,0.545,1.647,2.792,3.97,1.086,1.9,3.294
0.737,1.144,0.144,3.388,1.018,4.271,1.474,2.288,6.776
1.344,0.288,1.182,3.591,2.674,0.354,2.688,0.576,7.182
0.163,0.705,0.405,3.253,4.041,1.374,0.326,1.41,6.506
0.668,1.306,0.491,3.229,4.94,1.548,1.336,2.612,6.458
0.215,1.269,1.142,1.973,3.299,4.618,0.43,2.538,3.946
1.177,1.31,0.104,3.121,4.686,1.382,2.354,2.62,6.242
1.178,0.816,0.354,2.74,0.86,1.669,2.356,1.632,5.48
0.804,0.965,0.959,0.87,0.157,2.176,1.608,1.93,1.74
0.106,0.336,1.392,1.275,2.706,1.817,0.212,0.672,2.55
0.546,0.909,0.439,0.236,2.452,3.498,1.092,1.818,0.472
0.653,0.104,1.129,3.274,2.034,1.889,1.306,0.208,6.548
0.843,1.482,0.311,1.239,2.319,4.399,1.686,2.964,2.478
0.74,0.539,1.238,1.774,0.467,3.214,1.48,1.078,3.548
1.123,0.262,0.683,1.305,3.706,4.302,2.246,0.524,2.61
1.316,1.262,1.111,2.74,0.467,0.384,2.632,2.524,5.48
0.215,0.273,0.288,0.505,1.698,1.299,0.43,0.546,1.01
0.373,1.383,0.722,3.861,4.989,0.745,0.746,2.766,7.722
0.804,0.911,0.227,1.149,0.04,0.873,1.608,1.822,2.298
0.218,0.376,0.742,3.343,0.497,2.77,0.436,0.752,6.686
1.158,1.387,0.186,2.401,2.87,2.191,2.316,2.774,4.802
0.272,0.743,0.447,2.044,3.203,3.772,0.544,1.486,4.088
0.889,1.34,1.24,3.773,3.323,3.078,1.778,2.68,7.546
0.812,0.978,1.113,1.845,0.134,0.934,1.624,1.956,3.69
1.333,0.77,1.148,1.244,0.381,1.8,2.666,1.54,2.488
1.304,0.437,1.169,0.558,4.088,0.399,2.608,0.874,1.116
0.816,1.083,0.431,1.762,2.815,2.376,1.632,2.166,3.524
1.039,1.197,0.121,0.699,2.584,1.648,2.078,2.394,1.398
0.853,0.396,1.446,4.478,3.34,4.922,1.706,0.792,8.956
1.214,1.33,0.103,3.357,2.356,4.43,2.428,2.66,6.714
1.188,0.154,0.459,0.161,2.99,3.678,2.376,0.308,0.322
0.349,1.064,0.189,1.743,1.15,2.401,0.698,2.128,3.486
0.307,1.437,0.56,3.57,4.375,3.2,0.614,2.874,7.14
0.768,0.356,0.81,1.346,0.572,2.192,1.536,0.712,2.692
0.425,0.487,0.193,4.152,3.977,3.311,0.85,0.974,8.304
0.216,0.513,1.189,4.863,3.061,1.848,0.432,1.026,9.726
1.375,0.386,0.338,3.247,3.016,3.279,2.75,0.772,6.494
0.167,1.175,1.195,4.103,3.145,2.213,0.334,2.35,8.206
0.728,0.708,1.309,3.9,4.892,3.906,1.456,1.416,7.8
0.67,0.927,0.328,2.778,0.249,2.638,1.34,1.854,5.556
1.186,1.0,1.025,2.998,0.144,1.884,2.372,2.0,5.996
0.56,1.489,0.812,0.843,4.094,4.57,1.12,2.978,1.686
0.571,0.877,0.514,4.033,3.447,0.203,1.142,1.754,8.066
0.932,0.922,1.226,1.881,3.612,1.344,1.864,1.844,3.762
0.444,0.826,1.373,3.229,1.658,2.24,0.888,1.652,6.458
1.267,0.292,0.627,2.316,3.991,4.476,2.534,0.584,4.632
0.375,0.319,0.838,1.541,0.303,2.616,0.75,0.638,3.082
0.956,0.214,0.113,4.938,4.855,1.446,1.912,0.428,9.876
1.169,0.174,0.615,4.59,4.61,3.192,2.338,0.348,9.18
0.444,0.299,0.862,1.775,0.14,1.373,0.888,0.598,3.55
1.452,1.345,1.461,1.222,0.626,3.429,2.904,2.69,2.444
0.538,1.489,1.379,0.572,2.894,3.031,1.076,2.978,1.144
1.078,0.476,1.163,1.968,3.611,2.118,2.156,0.952,3.936
1.018,0.595,0.858,2.725,4.434,0.498,2.036,1.19,5.45
0.652,0.468,0.901,2.979,3.965,1.089,1.304,0.936,5.958
0.394,0.709,1.176,1.336,4.213,1.103,0.788,1.418,2.672
1.491,0.771,0.107,1.695,3.718,1.876,2.982,1.542,3.39
1.237,0.326,0.519,1.882,4.995,4.069,2.474,0.652,3.764
0.633,1.225,0.759,3.943,3.818,4.86,1.266,2.45,7.886
1.375,0.363,1.172,3.365,0.646,3.501,2.75,0.726,6.73
1.401,1.016,0.877,4.513,4.486,4.895,2.802,2.032,9.026
0.697,0.924,0.567,4.411,4.43,3.883,1.394,1.848,8.822
0.61,1.411,1.19,4.384,4.156,4.511,1.22,2.822,8.768
0.445,0.845,1.493,4.691,2.439,4.211,0.89,1.69,9.382
0.161,0.457,0.319,1.901,2.439,2.32,0.322,0.914,3.802
1.178,0.114,1.325,0.731,3.076,2.75,2.356,0.228,1.462
0.718,1.06,0.605,2.707,3.384,1.454,1.436,2.12,5.414
0.677,0.572,0.504,4.661,3.379,1.034,1.354,1.144,9.322
0.629,1.284,0.234,2.455,3.803,3.044,1.258,2.568,4.91
0.894,0.863,0.271,3.462,1.075,0.49,1.788,1.726,6.924
1.427,0.207,1.322,2.084,1.711,3.761,2.854,0.414,4.168
0.485,1.104,1.335,3.656,2.48,0.041,0.97,2.208,7.312
1.385,0.319,0.117,2.775,1.079,2.331,2.77,0.638,5.55
0.167,0.946,0.568,2.475,4.724,0.232,0.334,1.892,4.95
0.692,0.885,0.999,3.336,1.089,4.131,1.384,1.77,6.672
1.076,0.265,1.448,1.352,1.995,3.802,2.152,0.53,2.704
1.203,0.499,1.11,0.65,3.892,3.549,2.406,0.998,1.3
0.17,1.048,0.824,3.061,4.873,1.716,0.34,2.096,6.122
0.509,1.471,1.078,4.2,1.109,2.849,1.018,2.942,8.4
0.864,0.527,0.299,2.467,4.179,0.218,1.728,1.054,4.934
0.969,0.756,1.074,2.1,4.619,3.109,1.938,1.512,4.2
0.256,1.418,1.377,1.129,1.129,3.765,0.512,2.836,2.258
1.181,0.509,0.864,4.6,2.125,3.782,2.362,1.018,9.2
0.39,1.124,1.03,2.736,2.038,2.929,0.78,2.248,5.472
1.226,0.273,0.809,3.561,2.693,4.473,2.452,0.546,7.122
0.329,0.918,0.768,0.591,1.938,1.676,0.658,1.836,1.182
1.149,1.486,1.049,0.843,3.141,2.997,2.298,2.972,1.686
0.321,0.595,1.482,3.187,3.398,1.357,0.642,1.19,6.374
1.15,1.077,1.493,3.203,0.391,1.304,2.3,2.154,6.406
0.39,1.234,1.189,2.628,2.313,1.41,0.78,2.468,5.256
0.33,1.062,0.45,2.098,2.141,1.631,0.66,2.124,4.196
0.489,1.325,0.467,4.436,0.407,3.146,0.978,2.65,8.872
1.208,0.622,0.917,3.867,1.975,3.523,2.416,1.244,7.734
0.744,0.977,1.307,0.699,2.808,1.383,1.488,1.954,1.398
0.527,1.294,0.66,3.036,0.832,4.186,1.054,2.588,6.072
0.416,0.694,1.35,0.164,1.535,0.981,0.832,1.388,0.328
0.921,0.643,0.456,1.091,0.444,3.057,1.842,1.286,2.182
1.236,0.212,1.047,1.827,4.738,0.868,2.472,0.424,3.654
0.328,0.527,0.101,0.901,1.066,1.089,0.656,1.054,1.802
1.227,0.607,1.255,0.215,4.623,2.97,2.454,1.214,0.43
1.023,1.124,0.725,1.454,3.06,1.163,2.046,2.248,2.908
0.862,1.069,0.667,0.773,4.15,0.718,1.724,2.138,1.546
0.479,1.171,1.419,1.952,1.517,4.073,0.958,2.342,3.904
1.361,1.153,0.717,1.921,1.921,3.132,2.722,2.306,3.842
1.013,0.994,0.635,1.102,2.684,4.771,2.026,1.988,2.204
0.604,1.155,0.157,4.298,2.527,3.039,1.208,2.31,8.596
1.103,0.569,1.408,0.387,4.615,2.112,2.206,1.138,0.774
0.206,1.117,0.283,4.347,0.908,1.128,0.412,2.234,8.694
0.325,1.193,0.816,1.038,3.348,0.245,0.65,2.386,2.076
0.401,1.011,0.824,0.014,1.612,4.399,0.802,2.022,0.028
1.24,0.409,1.495,1.491,0.056,1.849,2.48,0.818,2.982
1.285,1.076,1.494,4.948,1.595,2.373,2.57,2.152,9.896
0.267,1.202,0.702,1.479,1.51,2.464,0.534,2.404,2.958
1.47,1.282,0.86,3.706,0.111,4.606,2.94,2.564,7.412
1.237,0.372,0.597,1.209,4.311,4.454,2.474,0.744,2.418
1.318,0.834,1.42,4.255,0.684,1.164,2.636,1.668,8.51
0.397,1.335,0.236,2.052,4.792,3.821,0.794,2.67,4.104
1.074,0.739,0.149,0.856,3.492,3.046,2.148,1.478,1.712
0.258,0.934,1.467,3.181,0.741,3.878,0.516,1.868,6.362
0.457,1.16,0.102,0.879,4.005,3.498,0.914,2.32,1.758
1.405,1.487,0.405,0.204,1.39,1.366,2.81,2.974,0.408
0.416,1.09,0.896,3.719,2.612,2.751,0.832,2.18,7.438
1.436,0.348,1.22,3.817,4.352,3.201,2.872,0.696,7.634
0.963,1.122,0.581,0.167,0.244,4.133,1.926,2.244,0.334
1.244,0.208,0.525,2.889,1.579,0.556,2.488,0.416,5.778
1.05,0.927,0.262,4.469,3.68,1.457,2.1,1.854,8.938
1.359,0.219,0.956,1.742,2.172,2.632,2.718,0.438,3.484
0.721,0.613,0.102,1.699,3.112,4.988,1.442,1.226,3.398
0.708,0.999,0.299,3.466,3.536,3.293,1.416,1.998,6.932
0.29,1.319,1.197,2.541,1.591,4.071,0.58,2.638,5.082
0.249,1.188,1.244,2.798,0.498,2.263,0.498,2.376,5.596
0.866,0.601,1.296,3.641,1.201,1.097,1.732,1.202,7.282
0.69,0.31,0.828,1.904,3.194,4.647,1.38,0.62,3.808
1.007,0.596,0.446,4.46,0.101,0.206,2.014,1.192,8.92
1.279,0.112,0.566,2.118,2.745,4.279,2.558,0.224,4.236
1.324,0.912,0.921,2.262,4.38,3.558,2.648,1.824,4.524
1.444,0.632,1.258,3.944,3.248,4.6,2.888,1.264,7.888
1.457,0.487,0.542,0.442,4.73,4.009,2.914,0.974,0.884
1.353,0.657,1.003,4.428,0.365,4.74,2.706,1.314,8.856
0.695,0.576,1.298,1.591,1.304,4.353,1.39,1.152,3.182
1.239,0.618,0.691,4.469,1.194,1.964,2.478,1.236,8.938
0.3,0.465,0.722,3.18,4.926,1.109,0.6,0.93,6.36
0.415,0.228,1.174,4.552,2.222,4.243,0.83,0.456,9.104
0.415,0.216,0.863,4.946,1.522,1.054,0.83,0.432,9.892
1.109,0.878,0.936,3.618,3.75,4.563,2.218,1.756,7.236
0.162,1.259,1.259,3.529,2.635,0.315,0.324,2.518,7.058
0.882,0.795,0.106,0.806,3.709,2.037,1.764,1.59,1.612
0.647,1.017,1.259,3.927,4.973,1.553,1.294,2.034,7.854
0.813,1.421,0.219,1.421,3.223,1.572,1.626,2.842,2.842
1.375,0.483,0.835,4.968,1.035,2.793,2.75,0.966,9.936
1.231,0.377,1.1,3.542,0.065,4.27,2.462,0.754,7.084
0.371,1.331,0.317,2.049,3.305,4.976,0.742,2.662,4.098
1.149,0.846,0.465,3.488,4.194,4.9,2.298,1.692,6.976
0.463,1.175,0.622,3.915,3.071,1.953,0.926,2.35,7.83
1.133,0.347,0.875,4.168,2.79,2.828,2.266,0.694,8.336
0.42,0.204,0.242,0.333,4.822,4.429,0.84,0.408,0.666
0.492,0.536,1.098,3.47,3.877,1.009,0.984,1.072,6.94
1.356,1.269,0.418,3.808,0.855,3.257,2.712,2.538,7.616
1.288,0.3,0.521,1.294,0.033,3.369,2.576,0.6,2.588
1.062,1.024,1.196,2.293,1.39,0.075,2.124,2.048,4.586
0.613,1.144,0.487,2.356,3.113,1.157,1.226,2.288,4.712
0.743,0.485,1.203,0.31,3.825,1.644,1.486,0.97,0.62
0.436,0.402,1.359,3.568,4.676,3.947,0.872,0.804,7.136
1.129,1.323,0.822,0.013,3.193,2.469,2.258,2.646,0.026
1.33,0.266,0.74,0.896,2.876,0.829,2.66,0.532,1.792
1.242,1.141,0.572,3.606,3.719,0.125,2.484,2.282,7.212
0.192,1.055,0.471,3.327,3.108,1.712,0.384,2.11,6.654
0.361,1.333,0.762,0.745,3.776,1.632,0.722,2.666,1.49
0.731,0.215,0.774,1.442,3.605,3.508,1.462,0.43,2.884
0.524,1.051,1.462,0.333,0.685,3.939,1.048,2.102,0.666
0.542,0.665,0.33,0.813,0.637,3.193,1.084,1.33,1.626
1.285,0.124,0.416,0.403,2.539,1.123,2.57,0.248,0.806
0.154,0.897,0.304,3.028,4.353,4.841,0.308,1.794,6.056
0.336,1.101,0.668,1.005,1.113,1.876,0.672,2.202,2.01
0.64,1.296,0.318,3.018,4.942,4.756,1.28,2.592,6.036
0.657,0.685,0.361,1.353,0.7,2.232,1.314,1.37,2.706
1.038,1.457,0.789,4.53,1.217,1.065,2.076,2.914,9.06
1.063,0.975,0.254,3.889,2.87,2.832,2.126,1.95,7.778
1.029,0.721,0.709,3.656,3.819,1.079,2.058,1.442,7.312
0.798,1.458,0.436,2.307,2.212,2.619,1.596,2.916,4.614
0.763,0.571,0.873,4.308,0.833,0.978,1.526,1.142,8.616
0.674,0.832,1.178,1.419,3.215,1.046,1.348,1.664,2.838
1.082,1.283,0.626,1.969,3.67,2.499,2.164,2.566,3.938
0.755,0.89,0.67,4.695,0.254,2.841,1.51,1.78,9.39
1.307,0.922,1.002,0.759,0.257,2.9,2.614,1.844,1.518
0.856,0.492,0.739,0.934,2.525,0.579,1.712,0.984,1.868
1.182,1.329,1.156,1.824,3.972,2.383,2.364,2.658,3.648
1.349,0.644,1.074,2.163,0.55,3.669,2.698,1.288,4.326
0.463,0.121,1.27,3.054,3.601,0.046,0.926,0.242,6.108
1.095,0.896,1.282,0.564,1.327,4.96,2.19,1.792,1.128
1.36,0.592,0.577,4.865,0.769,2.252,2.72,1.184,9.73
0.785,0.134,0.832,4.337,1.49,4.385,1.57,0.268,8.674
0.317,0.152,1.316,0.268,2.551,4.409,0.634,0.304,0.536
0.89,0.536,0.396,3.516,4.185,1.944,1.78,1.072,7.032
0.384,0.116,1.18,3.674,1.404,3.193,0.768,0.232,7.348
0.175,0.401,1.454,3.434,1.58,4.608,0.35,0.802,6.868
0.144,1.313,1.327,2.789,3.319,3.742,0.288,2.626,5.578
1.196,0.32,1.302,4.905,4.933,0.785,2.392,0.64,9.81
0.374,1.076,1.082,3.638,3.237,2.006,0.748,2.152,7.276
1.136,0.475,1.341,3.156,0.979,0.455,2.272,0.95,6.312
1.242,0.201,1.39,4.873,4.37,1.816,2.484,0.402,9.746
0.519,0.261,0.164,3.734,2.913,0.991,1.038,0.522,7.468
1.38,0.231,0.545,2.248,0.766,4.105,2.76,0.462,4.496
0.633,0.213,0.892,4.883,1.0,2.521,1.266,0.426,9.766
1.129,1.411,0.578,3.021,0.558,2.245,2.258,2.822,6.042
1.122,0.255,0.441,2.411,1.476,2.591,2.244,0.51,4.822
0.285,1.425,0.514,1.238,1.766,2.053,0.57,2.85,2.476
1.474,1.249,1.426,3.567,3.856,0.205,2.948,2.498,7.134
1.461,0.163,0.229,0.748,1.7,4.686,2.922,0.326,1.496
0.652,0.437,0.82,2.015,0.712,0.657,1.304,0.874,4.03
1.344,0.282,0.222,1.091,0.21,1.148,2.688,0.564,2.182
1.446,0.671,0.357,2.057,1.951,2.34,2.892,1.342,4.114
0.193,1.171,0.854,4.33,0.85,3.311,0.386,2.342,8.66
0.653,1.169,0.895,4.884,1.766,1.513,1.306,2.338,9.768
0.604,1.196,0.917,0.17,2.652,3.277,1.208,2.392,0.34
0.32,0.583,0.374,1.072,4.6,4.936,0.64,1.166,2.144
0.412,1.048,0.159,2.174,4.667,1.702,0.824,2.096,4.348
0.912,0.896,0.346,2.754,1.511,0.042,1.824,1.792,5.508
1.096,0.829,1.161,2.527,0.312,2.979,2.192,1.658,5.054
1.271,1.379,1.302,0.254,2.636,4.728,2.542,2.758,0.508
1.043,0.168,0.615,0.844,1.256,3.581,2.086,0.336,1.688
0.788,1.123,0.23,0.95,2.691,4.02,1.576,2.246,1.9
0.451,1.085,0.454,2.872,2.713,1.092,0.902,2.17,5.744
1.492,0.909,1.149,2.95,2.128,2.348,2.984,1.818,5.9
0.959,1.166,1.106,1.522,2.849,4.998,1.918,2.332,3.044
0.135,0.404,1.122,3.449,1.205,3.343,0.27,0.808,6.898
0.68,0.132,0.109,3.179,3.303,4.884,1.36,0.264,6.358
0.295,1.377,1.249,1.465,4.736,4.852,0.59,2.754,2.93
0.373,0.171,0.582,3.167,1.7,0.52,0.746,0.342,6.334
1.309,0.351,1.219,0.416,1.193,1.432,2.618,0.702,0.832
1.485,1.093,0.939,2.139,2.476,4.051,2.97,2.186,4.278
0.528,1.017,0.87,1.118,4.218,4.862,1.056,2.034,2.236
0.28,1.074,0.931,0.461,1.425,3.251,0.56,2.148,0.922
0.109,0.545,0.274,0.534,2.655,1.303,0.218,1.09,1.068
0.598,0.829,1.357,2.308,2.096,4.314,1.196,1.658,4.616
0.808,0.953,0.595,3.974,3.093,4.455,1.616,1.906,7.948
1.428,0.689,0.45,3.124,0.731,4.903,2.856,1.378,6.248
0.95,0.506,0.287,4.686,2.727,2.695,1.9,1.012,9.372
1.166,1.087,0.738,2.324,2.976,4.811,2.332,2.174,4.648
1.398,0.295,0.58,2.602,1.764,4.023,2.796,0.59,5.204
0.951,0.362,0.271,3.88,1.259,1.433,1.902,0.724,7.76
1.464,0.572,0.685,3.955,0.632,0.733,2.928,1.144,7.91
0.958,0.242,0.54,2.764,0.111,0.867,1.916,0.484,5.528
1.234,0.129,1.179,0.57,3.369,4.887,2.468,0.258,1.14
1.123,1.272,0.769,1.532,0.226,4.501,2.246,2.544,3.064
0.681,0.813,0.751,0.509,4.514,3.709,1.362,1.626,1.018
0.385,0.606,0.573,1.306,1.19,1.289,0.77,1.212,2.612
1.0,0.732,1.418,0.921,4.665,2.609,2.0,1.464,1.842
1.228,0.711,0.58,3.327,4.567,0.463,2.456,1.422,6.654
1.191,1.406,0.256,1.343,2.716,4.131,2.382,2.812,2.686
1.122,0.859,0.132,2.16,4.361,1.466,2.244,1.718,4.32
0.694,0.95,1.26,4.178,3.848,2.928,1.388,1.9,8.356
0.126,0.725,0.69,4.849,3.129,1.292,0.252,1.45,9.698
0.967,1.306,0.173,4.771,3.246,3.648,1.934,2.612,9.542
1.361,0.131,0.567,4.851,2.719,0.947,2.722,0.262,9.702
0.524,0.749,1.459,1.662,2.095,4.653,1.048,1.498,3.324
0.579,0.858,0.739,4.725,0.534,1.498,1.158,1.716,9.45
0.224,0.992,0.71,0.134,1.717,0.388,0.448,1.984,0.268
0.579,0.294,0.583,1.55,0.74,0.788,1.158,0.588,3.1
0.46,0.67,0.344,2.155,4.999,1.338,0.92,1.34,4.31
0.259,0.878,1.206,3.05,2.809,2.334,0.518,1.756,6.1
0.434,1.246,1.176,2.597,4.172,1.24,0.868,2.492,5.194
1.0,1.099,1.08,0.639,1.668,2.201,2.0,2.198,1.278
0.748,0.292,0.112,2.06,3.498,2.971,1.496,0.584,4.12
0.704,0.244,0.805,3.868,0.168,0.164,1.408,0.488,7.736
0.308,0.808,0.623,0.829,3.656,2.205,0.616,1.616,1.658
0.696,0.58,0.999,4.28,2.831,4.498,1.392,1.16,8.56
0.222,0.547,0.7,4.654,1.475,0.409,0.444,1.094,9.308
0.116,0.992,0.412,1.803,0.082,2.236,0.232,1.984,3.606
0.912,0.832,0.336,3.89,1.746,2.73,1.824,1.664,7.78
1.314,1.016,0.509,4.146,3.126,3.224,2.628,2.032,8.292
1.147,1.472,0.796,4.526,1.719,3.717,2.294,2.944,9.052
0.467,0.996,0.839,3.822,3.773,1.328,0.934,1.992,7.644
0.927,0.884,0.346,1.554,2.703,4.93,1.854,1.768,3.108
0.95,0.69,1.128,4.003,2.977,0.895,1.9,1.38,8.006
1.327,0.361,1.188,4.142,2.876,2.198,2.654,0.722,8.284
0.206,0.937,1.102,1.174,4.677,3.882,0.412,1.874,2.348
0.347,1.424,0.115,1.679,0.408,2.587,0.694,2.848,3.358
1.424,0.415,0.772,4.718,1.057,3.697,2.848,0.83,9.436
1.492,0.529,1.152,3.877,4.397,0.69,2.984,1.058,7.754
0.825,0.775,0.247,0.75,3.431,0.945,1.65,1.55,1.5
0.396,0.578,0.203,2.692,3.489,0.705,0.792,1.156,5.384
0.393,0.289,1.44,4.966,3.799,3.1,0.786,0.578,9.932
0.813,1.441,0.728,0.459,2.843,3.808,1.626,2.882,0.918
1.202,0.626,1.096,3.841,5.0,1.089,2.404,1.252,7.682
0.159,0.343,0.36,0.678,2.385,0.57,0.318,0.686,1.356
0.773,0.672,1.337,2.863,3.983,2.811,1.546,1.344,5.726
0.978,0.449,0.983,4.352,2.755,4.915,1.956,0.898,8.704
0.68,0.699,0.43,4.976,0.21,0.939,1.36,1.398,9.952
0.759,1.441,0.275,0.221,2.655,0.774,1.518,2.882,0.442
0.71,1.445,1.29,2.879,1.335,0.089,1.42,2.89,5.758
1.335,0.93,0.292,3.396,0.27,4.033,2.67,1.86,6.792
0.305,1.113,0.98,0.033,1.415,0.226,0.61,2.226,0.066
0.757,0.815,0.759,0.511,3.997,1.193,1.514,1.63,1.022
0.646,0.717,1.106,4.317,3.341,2.191,1.292,1.434,8.634
0.182,1.382,0.579,2.32,0.237,4.869,0.364,2.764,4.64
0.33,1.008,0.597,3.237,4.516,0.787,0.66,2.016,6.474
0.638,0.561,0.147,1.256,3.247,4.182,1.276,1.122,2.512
0.812,1.201,1.146,4.717,2.122,3.878,1.624,2.402,9.434
1.46,1.424,1.497,4.231,2.793,1.881,2.92,2.848,8.462
0.771,1.448,0.124,2.238,0.39,0.403,1.542,2.896,4.476
0.309,0.209,0.435,0.593,0.866,1.651,0.618,0.418,1.186
1.257,0.224,0.163,1.553,3.195,3.428,2.514,0.448,3.106
0.66,0.762,0.579,0.951,1.993,3.442,1.32,1.524,1.902
0.515,0.311,1.031,0.815,4.248,3.031,1.03,0.622,1.63
1.175,1.22,1.131,3.412,4.26,1.318,2.35,2.44,6.824
0.99,0.947,0.581,1.343,1.214,3.875,1.98,1.894,2.686
0.57,1.348,0.999,2.97,3.242,2.272,1.14,2.696,5.94
1.401,0.392,1.252,0.917,2.226,4.4,2.802,0.784,1.834
0.867,0.122,1.309,3.561,2.389,4.305,1.734,0.244,7.122
0.852,0.44,1.465,0.467,4.24,2.626,1.704,0.88,0.934
0.244,0.115,0.276,2.23,1.831,4.121,0.488,0.23,4.46
1.454,1.032,0.454,0.13,2.288,0.601,2.908,2.064,0.26
0.323,0.581,1.188,0.026,4.947,2.971,0.646,1.162,0.052
1.209,0.451,0.909,4.424,1.827,2.155,2.418,0.902,8.848
1.328,0.514,1.329,0.999,3.598,2.978,2.656,1.028,1.998
0.559,1.461,0.547,4.679,2.14,2.689,1.118,2.922,9.358
0.542,1.383,1.258,2.445,1.017,4.064,1.084,2.766,4.89
0.93,0.458,1.166,4.44,3.682,2.622,1.86,0.916,8.88
1.497,0.11,1.344,0.722,0.664,0.312,2.994,0.22,1.444
0.264,0.606,0.786,1.852,2.578,2.775,0.528,1.212,3.704
0.59,0.801,0.422,0.816,2.19,2.974,1.18,1.602,1.632
0.266,0.86,0.284,2.356,3.643,1.822,0.532,1.72,4.712
1.253,0.675,0.788,2.921,4.542,3.376,2.506,1.35,5.842
0.757,0.675,1.32,2.557,0.755,2.167,1.514,1.35,5.114
1.331,0.313,1.091,1.323,4.838,0.465,2.662,0.626,2.646
0.479,0.444,0.661,1.794,2.274,0.697,0.958,0.888,3.588
0.288,0.389,1.342,2.1,3.307,2.554,0.576,0.778,4.2
1.16,0.45,1.392,0.722,1.558,4.841,2.32,0.9,1.444
0.978,1.198,0.668,1.861,3.119,3.984,1.956,2.396,3.722
1.112,1.412,0.757,2.604,2.851,1.629,2.224,2.824,5.208
0.772,0.651,1.132,4.976,3.111,3.257,1.544,1.302,9.952
0.203,1.467,1.458,3.527,3.403,3.287,0.406,2.934,7.054
0.397,0.461,0.962,3.403,2.784,2.318,0.794,0.922,6.806
1.216,1.399,0.962,0.01,0.002,1.565,2.432,2.798,0.02
0.463,0.306,0.933,1.789,3.565,4.369,0.926,0.612,3.578
0.684,0.353,0.51,1.903,0.097,4.041,1.368,0.706,3.806
0.319,0.473,0.75,0.203,4.02,4.474,0.638,0.946,0.406
0.668,1.065,0.582,2.569,1.839,3.243,1.336,2.13,5.138
1.483,0.384,0.251,4.673,1.977,2.595,2.966,0.768,9.346
0.212,0.586,0.522,4.616,2.471,4.148,0.424,1.172,9.232
0.425,0.149,0.936,2.78,3.207,3.225,0.85,0.298,5.56
1.318,1.019,1.153,1.864,1.058,2.575,2.636,2.038,3.728
1.173,0.62,1.145,3.91,2.01,1.876,2.346,1.24,7.82
0.928,1.036,0.855,3.534,2.953,3.413,1.856,2.072,7.068
1.407,1.348,0.269,4.313,2.531,4.707,2.814,2.696,8.626
1.416,0.742,0.57,1.866,2.388,2.66,2.832,1.484,3.732
0.349,0.27,0.534,0.42,0.17,3.177,0.698,0.54,0.84
0.271,0.389,1.188,3.113,2.701,2.82,0.542,0.778,6.226
0.65,0.554,1.179,2.227,4.081,2.396,1.3,1.108,4.454
0.156,0.766,1.152,1.759,1.756,3.549,0.312,1.532,3.518
0.788,0.857,0.956,2.085,4.831,4.825,1.576,1.714,4.17
1.353,1.423,0.603,2.612,1.677,3.579,2.706,2.846,5.224
1.343,1.264,0.742,0.462,3.763,1.877,2.686,2.528,0.924
0.531,0.114,0.181,4.611,4.932,3.976,1.062,0.228,9.222
0.955,0.368,0.938,4.603,4.412,4.512,1.91,0.736,9.206
0.103,0.577,1.176,3.078,1.615,3.314,0.206,1.154,6.156
1.314,1.255,0.338,1.931,3.734,1.352,2.628,2.51,3.862
0.503,0.637,1.09,4.997,1.987,2.065,1.006,1.274,9.994
0.959,1.178,1.176,4.968,4.638,0.11,1.918,2.356,9.936
0.669,0.541,1.298,4.748,3.51,3.933,1.338,1.082,9.496
0.128,0.447,0.21,3.302,1.715,2.772,0.256,0.894,6.604
0.165,1.396,0.986,2.72,1.211,2.91,0.33,2.792,5.44
0.613,0.783,0.362,0.963,2.163,2.228,1.226,1.566,1.926
1.02,0.144,1.493,2.617,3.979,0.371,2.04,0.288,5.234
0.174,0.153,0.857,1.328,3.21,4.964,0.348,0.306,2.656
0.94,1.008,0.719,0.705,3.728,1.668,1.88,2.016,1.41
0.84,0.851,0.954,1.665,1.395,0.224,1.68,1.702,3.33
0.35,0.951,1.047,3.264,1.816,1.208,0.7,1.902,6.528
1.013,0.816,1.299,3.231,1.807,4.116,2.026,1.632,6.462
1.375,0.596,0.327,4.153,2.227,0.417,2.75,1.192,8.306
1.196,1.314,0.127,0.616,2.326,4.492,2.392,2.628,1.232
0.745,0.714,0.964,1.067,0.48,1.872,1.49,1.428,2.134
0.799,0.242,0.164,3.911,1.064,2.522,1.598,0.484,7.822
0.217,0.982,0.778,2.857,2.128,0.433,0.434,1.964,5.714
0.113,0.713,1.186,3.925,4.976,0.784,0.226,1.426,7.85
1.281,0.712,1.293,2.007,2.65,3.165,2.562,1.424,4.014
0.903,1.33,1.308,0.493,4.975,2.774,1.806,2.66,0.986
0.938,0.781,1.423,1.736,3.317,4.069,1.876,1.562,3.472
1.127,1.271,0.21,2.321,3.437,1.112,2.254,2.542,4.642
0.799,1.171,1.4,4.42,0.296,1.4,1.598,2.342,8.84
0.781,0.805,0.374,2.325,4.275,2.807,1.562,1.61,4.65
0.917,1.31,0.769,3.35,3.459,0.624,1.834,2.62,6.7
0.652,0.843,0.239,1.387,4.445,2.637,1.304,1.686,2.774
1.126,0.961,0.977,1.307,4.076,4.879,2.252,1.922,2.614
1.275,0.765,0.145,4.905,3.511,0.095,2.55,1.53,9.81
0.16,0.832,0.393,4.429,0.176,2.655,0.32,1.664,8.858
1.315,0.64,0.574,0.625,4.298,4.455,2.63,1.28,1.25
0.163,0.558,0.618,1.881,1.59,2.601,0.326,1.116,3.762
1.119,0.976,0.105,3.821,0.425,0.929,2.238,1.952,7.642
0.691,1.42,0.361,4.39,1.409,2.779,1.382,2.84,8.78
0.685,0.694,0.502,3.14,4.802,3.883,1.37,1.388,6.28
0.257,0.793,0.128,3.872,3.648,1.265,0.514,1.586,7.744
0.172,0.914,1.379,4.693,2.562,0.575,0.344,1.828,9.386
0.137,1.392,0.286,4.432,4.06,3.65,0.274,2.784,8.864
1.359,0.125,0.279,4.421,2.069,2.755,2.718,0.25,8.842
0.632,1.266,1.342,2.168,2.497,0.123,1.264,2.532,4.336
1.117,0.176,1.054,2.392,1.193,2.64,2.234,0.352,4.784
1.223,0.849,0.888,2.193,3.936,4.914,2.446,1.698,4.386
0.377,1.093,0.745,4.347,2.677,2.553,0.754,2.186,8.694
0.257,1.432,1.355,3.797,2.459,3.624,0.514,2.864,7.594
0.965,1.178,0.351,4.861,2.011,3.844,1.93,2.356,9.722
0.49,1.08,1.458,1.157,1.081,4.844,0.98,2.16,2.314
0.735,0.634,0.114,4.952,2.901,1.678,1.47,1.268,9.904
1.278,0.418,0.815,4.779,2.32,1.609,2.556,0.836,9.558
0.842,0.752,0.946,4.128,1.368,2.531,1.684,1.504,8.256
0.448,1.422,1.395,3.961,4.341,3.671,0.896,2.844,7.922
0.15,0.845,0.642,0.97,4.52,3.619,0.3,1.69,1.94
0.311,0.728,0.829,4.805,3.825,0.962,0.622,1.456,9.61
1.346,0.467,0.535,2.822,0.674,2.862,2.692,0.934,5.644
0.651,0.754,0.877,3.321,1.402,0.149,1.302,1.508,6.642
1.099,0.688,1.36,0.82,4.871,0.264,2.198,1.376,1.64
1.204,0.483,0.301,0.107,4.433,0.607,2.408,0.966,0.214
0.294,0.179,0.982,1.722,1.791,1.795,0.588,0.358,3.444
0.203,1.11,0.718,4.216,2.724,4.201,0.406,2.22,8.432
0.706,0.965,1.309,0.282,3.547,2.031,1.412,1.93,0.564
0.149,0.778,0.672,1.068,4.307,0.82,0.298,1.556,2.136
0.533,0.227,0.357,2.085,2.762,0.691,1.066,0.454,4.17
0.376,0.363,1.18,2.047,4.893,2.501,0.752,0.726,4.094
0.173,1.442,1.383,4.811,0.139,2.199,0.346,2.884,9.622
0.824,0.729,0.63,4.636,2.007,2.671,1.648,1.458,9.272
0.877,0.378,1.153,1.735,4.008,1.61,1.754,0.756,3.47
0.974,0.534,1.329,1.44,0.858,4.845,1.948,1.068,2.88
0.238,1.228,0.939,3.002,4.103,3.736,0.476,2.456,6.004
1.182,1.16,1.164,2.792,4.644,4.913,2.364,2.32,5.584
1.307,1.374,0.968,4.921,3.396,3.04,2.614,2.748,9.842
1.203,0.981,0.865,2.102,3.193,4.561,2.406,1.962,4.204
0.854,0.863,0.584,2.449,4.622,3.395,1.708,1.726,4.898
0.311,0.313,1.264,4.166,1.203,2.916,0.622,0.626,8.332
1.071,0.516,1.035,3.232,2.002,2.428,2.142,1.032,6.464
0.366,0.795,0.696,4.82,4.733,3.764,0.732,1.59,9.64
0.156,0.939,0.729,0.016,0.268,2.793,0.312,1.878,0.032
0.64,0.512,0.573,4.578,3.447,2.545,1.28,1.024,9.156
0.841,0.512,1.045,0.961,1.088,3.558,1.682,1.024,1.922
1.439,0.266,1.008,3.824,4.996,3.299,2.878,0.532,7.648
0.738,0.719,0.179,2.036,3.793,3.487,1.476,1.438,4.072
1.073,0.826,1.378,3.925,3.419,1.479,2.146,1.652,7.85
0.576,0.555,0.494,3.587,0.963,4.426,1.152,1.11,7.174
0.874,0.272,1.476,4.709,4.589,1.727,1.748,0.544,9.418
0.158,0.257,0.23,0.175,3.791,1.885,0.316,0.514,0.35
1.494,0.575,0.463,0.634,4.959,0.844,2.988,1.15,1.268
0.811,1.336,1.166,1.498,3.939,1.542,1.622,2.672,2.996
0.689,1.102,0.432,3.226,1.741,3.004,1.378,2.204,6.452
1.023,0.979,0.235,4.308,1.986,1.484,2.046,1.958,8.616
1.267,1.057,0.748,0.844,1.328,1.257,2.534,2.114,1.688
1.279,1.285,1.064,3.23,4.732,4.558,2.558,2.57,6.46
0.88,0.142,1.003,1.486,3.171,1.083,1.76,0.284,2.972
0.507,0.208,0.195,2.237,0.441,3.289,1.014,0.416,4.474
0.847,1.368,1.04,3.135,4.075,1.956,1.694,2.736,6.27
0.357,0.701,0.874,0.244,2.189,2.895,0.714,1.402,0.488
0.826,0.44,1.353,0.44,1.792,1.862,1.652,0.88,0.88
0.866,0.78,0.721,4.412,4.533,2.87,1.732,1.56,8.824
0.25,1.135,1.047,2.244,0.024,2.373,0.5,2.27,4.488
0.104,0.22,1.247,2.934,4.282,0.803,0.208,0.44,5.868
1.479,0.995,1.258,3.047,3.003,4.892,2.958,1.99,6.094
0.602,0.793,0.434,2.93,0.435,0.276,1.204,1.586,5.86
1.034,1.465,1.463,2.394,2.646,2.123,2.068,2.93,4.788
1.388,0.835,0.711,3.007,2.763,4.046,2.776,1.67,6.014
0.234,0.646,0.975,0.068,0.711,2.865,0.468,1.292,0.136
0.984,0.499,0.415,0.681,4.318,1.99,1.968,0.998,1.362
0.608,0.223,0.116,1.015,3.24,0.412,1.216,0.446,2.03
0.366,0.373,0.944,2.942,1.689,4.208,0.732,0.746,5.884
0.721,1.393,1.079,4.011,2.651,2.95,1.442,2.786,8.022
1.211,0.867,0.912,4.204,3.688,0.952,2.422,1.734,8.408
0.481,0.429,0.395,3.867,0.55,2.636,0.962,0.858,7.734
0.208,1.301,0.575,1.337,4.292,0.257,0.416,2.602,2.674
0.602,0.139,0.705,1.684,1.416,3.918,1.204,0.278,3.368
0.444,0.759,0.934,0.222,1.779,2.289,0.888,1.518,0.444
1.253,0.998,0.866,4.477,3.999,0.212,2.506,1.996,8.954
0.477,0.302,1.15,2.863,2.861,0.506,0.954,0.604,5.726
1.131,0.292,1.254,0.414,0.017,4.064,2.262,0.584,0.828
1.454,1.391,1.187,1.573,4.325,4.707,2.908,2.782,3.146
1.134,0.887,1.255,4.204,0.563,3.103,2.268,1.774,8.408
1.463,0.352,1.253,0.646,3.071,1.019,2.926,0.704,1.292
0.996,1.401,1.316,0.617,3.998,1.412,1.992,2.802,1.234
0.733,0.782,0.286,0.673,2.315,3.441,1.466,1.564,1.346
1.044,1.35,1.307,1.077,2.722,1.654,2.088,2.7,2.154
0.536,0.559,0.132,3.13,2.418,1.065,1.072,1.118,6.26
0.504,0.441,0.899,4.823,2.842,3.967,1.008,0.882,9.646
1.129,0.125,1.161,2.278,1.531,1.269,2.258,0.25,4.556
0.346,1.279,1.476,1.475,1.952,1.506,0.692,2.558,2.95
0.538,1.413,0.754,2.512,4.533,2.792,1.076,2.826,5.024
0.66,0.328,0.701,1.477,1.378,4.039,1.32,0.656,2.954
0.817,0.189,1.138,2.529,2.369,3.125,1.634,0.378,5.058
0.586,0.744,0.815,1.776,1.834,1.672,1.172,1.488,3.552
1.347,1.296,1.316,1.579,2.367,0.363,2.694,2.592,3.158
0.942,0.726,0.748,0.415,1.765,1.419,1.884,1.452,0.83
0.463,1.079,1.031,2.724,1.356,1.829,0.926,2.158,5.448
0.147,1.294,0.314,2.999,4.185,4.651,0.294,2.588,5.998
0.527,1.393,1.254,0.476,0.666,2.306,1.054,2.786,0.952
0.63,1.488,0.365,3.744,0.335,1.308,1.26,2.976,7.488
1.371,1.422,1.39,4.662,3.708,1.615,2.742,2.844,9.324
0.618,1.12,1.303,4.467,3.27,3.995,1.236,2.24,8.934
0.823,0.397,0.944,2.95,2.165,1.524,1.646,0.794,5.9
1.447,0.501,1.259,0.501,2.998,4.141,2.894,1.002,1.002
0.107,0.85,0.333,3.527,1.074,0.777,0.214,1.7,7.054
0.366,1.119,0.1,0.365,2.919,4.911,0.732,2.238,0.73
1.164,0.234,0.384,3.974,4.623,2.21,2.328,0.468,7.948
1.093,0.921,1.254,1.157,3.772,4.537,2.186,1.842,2.314
1.276,1.025,0.842,1.929,3.198,4.746,2.552,2.05,3.858
1.35,0.973,0.359,4.708,1.959,0.46,2.7,1.946,9.416
0.182,1.395,0.536,1.43,1.925,4.672,0.364,2.79,2.86
0.534,0.483,1.444,1.388,1.78,0.873,1.068,0.966,2.776
0.392,0.949,0.572,4.024,3.823,3.169,0.784,1.898,8.048
1.104,0.604,0.791,3.886,3.466,4.408,2.208,1.208,7.772
0.978,0.707,0.295,4.051,2.227,2.225,1.956,1.414,8.102
1.024,0.544,1.009,0.001,0.541,2.054,2.048,1.088,0.002
0.775,1.47,0.315,0.022,4.089,0.752,1.55,2.94,0.044
1.077,0.424,1.464,1.007,2.598,4.215,2.154,0.848,2.014
1.338,0.253,0.221,4.289,3.197,3.09,2.676,0.506,8.578
0.791,0.575,1.415,4.202,0.894,4.991,1.582,1.15,8.404
1.187,1.014,0.865,2.26,1.456,0.349,2.374,2.028,4.52
1.477,1.221,1.012,4.132,1.464,1.359,2.954,2.442,8.264
0.894,1.485,1.164,2.98,3.13,4.953,1.788,2.97,5.96
0.421,0.951,0.291,2.46,1.425,2.664,0.842,1.902,4.92
0.836,1.412,1.238,4.775,3.846,2.025,1.672,2.824,9.55
1.343,0.164,1.049,0.555,4.272,1.364,2.686,0.328,1.11
0.492,0.152,0.799,4.865,1.429,0.646,0.984,0.304,9.73
0.4,1.345,1.023,0.911,3.44,3.725,0.8,2.69,1.822
1.469,0.183,0.865,0.944,4.617,1.526,2.938,0.366,1.888
1.399,1.143,1.287,4.474,0.892,0.451,2.798,2.286,8.948
0.827,1.066,0.592,0.099,0.4,3.214,1.654,2.132,0.198
0.4,0.565,0.442,0.139,0.339,3.05,0.8,1.13,0.278
0.105,0.101,0.516,1.229,2.091,0.122,0.21,0.202,2.458
1.17,1.022,0.948,4.067,1.558,2.067,2.34,2.044,8.134
0.922,0.132,1.39,0.771,4.75,2.573,1.844,0.264,1.542
0.806,1.424,1.274,0.572,2.567,0.391,1.612,2.848,1.144
1.423,0.979,1.264,2.021,4.876,3.317,2.846,1.958,4.042
0.362,0.472,1.459,4.644,3.71,4.244,0.724,0.944,9.288
0.144,0.435,0.76,1.968,0.523,4.305,0.288,0.87,3.936
1.168,1.459,1.155,4.942,3.627,1.489,2.336,2.918,9.884
1.418,0.679,1.298,0.732,4.875,3.15,2.836,1.358,1.464
0.948,0.303,0.373,1.815,4.115,2.617,1.896,0.606,3.63
0.25,1.459,0.242,2.143,0.146,4.895,0.5,2.918,4.286
1.139,1.077,0.394,2.475,4.079,0.657,2.278,2.154,4.95
1.311,1.16,0.679,1.266,4.026,4.824,2.622,2.32,2.532
0.803,1.143,1.019,3.653,4.792,2.934,1.606,2.286,7.306
1.063,0.665,0.282,3.836,0.681,3.344,2.126,1.33,7.672
0.837,1.266,0.443,2.366,2.718,3.637,1.674,2.532,4.732
1.125,0.276,1.037,4.282,0.458,4.383,2.25,0.552,8.564
0.896,1.213,0.222,1.081,2.256,4.494,1.792,2.426,2.162
0.19,0.328,0.351,3.82,3.892,2.622,0.38,0.656,7.64
0.35,0.929,0.661,3.014,4.151,1.448,0.7,1.858,6.028
1.404,0.672,1.039,4.333,0.661,1.098,2.808,1.344,8.666
1.194,0.748,1.041,1.875,0.788,4.89,2.388,1.496,3.75
0.692,1.207,0.5,1.121,4.119,0.101,1.384,2.414,2.242
0.905,0.74,1.232,0.124,0.862,0.868,1.81,1.48,0.248
0.732,1.299,1.35,2.317,3.97,3.076,1.464,2.598,4.634
0.712,0.714,0.791,1.739,0.629,0.272,1.424,1.428,3.478
0.54,0.4,0.97,3.834,4.412,3.766,1.08,0.8,7.668
0.13,0.972,1.491,0.843,4.698,3.916,0.26,1.944,1.686
0.516,0.566,1.098,0.876,3.992,0.523,1.032,1.132,1.752
0.295,1.139,1.196,4.348,4.712,3.882,0.59,2.278,8.696
1.045,1.492,0.957,4.103,1.07,2.24,2.09,2.984,8.206
1.138,1.066,0.411,0.803,3.372,3.757,2.276,2.132,1.606
1.207,1.29,0.564,3.109,2.161,1.428,2.414,2.58,6.218
1.273,0.727,1.036,3.875,0.301,1.486,2.546,1.454,7.75
1.396,1.257,1.212,4.237,0.136,0.852,2.792,2.514,8.474
1.268,0.293,0.611,2.865,0.6,2.802,2.536,0.586,5.73
0.523,1.151,1.143,1.625,3.875,0.782,1.046,2.302,3.25
0.13,1.129,0.373,2.004,4.161,4.646,0.26,2.258,4.008
0.804,0.998,0.458,0.13,1.52,1.408,1.608,1.996,0.26
0.45,1.245,0.893,4.255,1.92,4.5,0.9,2.49,8.51
1.423,0.206,0.465,0.11,3.379,1.098,2.846,0.412,0.22
0.781,0.591,0.593,3.455,3.125,3.398,1.562,1.182,6.91
0.292,1.11,0.803,2.302,1.504,3.229,0.584,2.22,4.604
0.853,1.327,0.137,0.747,0.833,4.934,1.706,2.654,1.494
0.225,0.295,0.207,4.872,2.308,3.494,0.45,0.59,9.744
0.808,1.243,0.646,1.457,2.471,4.372,1.616,2.486,2.914
0.554,0.205,0.882,2.639,3.204,3.505,1.108,0.41,5.278
0.889,1.309,0.942,4.369,0.478,4.182,1.778,2.618,8.738
0.302,1.408,0.713,3.271,0.424,2.847,0.604,2.816,6.542
0.11,0.215,0.225,0.449,0.094,3.318,0.22,0.43,0.898
1.091,0.398,0.896,1.895,4.251,3.984,2.182,0.796,3.79
1.199,1.297,1.099,1.303,4.888,2.206,2.398,2.594,2.606
0.16,0.854,1.483,0.55,4.838,3.815,0.32,1.708,1.1
0.353,0.424,0.431,2.455,3.371,3.076,0.706,0.848,4.91
1.405,1.374,1.067,4.206,2.607,3.367,2.81,2.748,8.412
0.218,1.051,0.517,4.204,1.409,3.046,0.436,2.102,8.408
0.524,0.572,0.815,0.221,1.295,2.378,1.048,1.144,0.442
1.13,0.122,0.258,4.027,0.128,2.139,2.26,0.244,8.054
0.889,0.337,1.453,3.634,1.979,0.012,1.778,0.674,7.268
0.999,0.571,0.871,3.41,2.768,4.169,1.998,1.142,6.82
0.696,0.364,0.407,4.374,0.411,0.234,1.392,0.728,8.748
0.643,1.353,0.906,0.147,1.938,0.133,1.286,2.706,0.294
1.16,0.837,1.076,4.724,2.698,3.097,2.32,1.674,9.448
1.41,0.316,0.56,0.494,0.24,0.129,2.82,0.632,0.988
0.915,0.362,0.633,3.867,3.138,4.983,1.83,0.724,7.734
0.412,0.92,0.515,3.184,2.838,4.998,0.824,1.84,6.368
0.159,1.056,1.042,3.38,0.404,1.648,0.318,2.112,6.76
1.133,1.04,0.976,1.568,1.554,4.274,2.266,2.08,3.136
0.93,0.768,1.082,2.303,1.298,2.863,1.86,1.536,4.606
0.92,0.893,1.35,3.028,4.343,3.005,1.84,1.786,6.056
1.086,0.476,0.994,1.855,2.421,1.467,2.172,0.952,3.71
0.588,0.59,0.811,3.323,0.312,4.623,1.176,1.18,6.646
0.457,0.775,0.922,0.404,4.406,2.683,0.914,1.55,0.808
1.12,0.714,0.749,3.355,2.959,0.038,2.24,1.428,6.71
0.339,1.085,0.869,4.283,3.894,3.711,0.678,2.17,8.566
1.409,1.16,0.133,4.739,2.198,2.358,2.818,2.32,9.478
0.845,0.321,0.985,3.262,4.11,4.035,1.69,0.642,6.524
0.464,0.957,1.06,2.793,0.976,2.495,0.928,1.914,5.586
0.384,1.418,0.462,0.469,2.904,1.227,0.768,2.836,0.938
0.335,1.433,0.91,1.401,4.678,4.318,0.67,2.866,2.802
1.146,1.489,0.942,0.911,4.864,0.095,2.292,2.978,1.822
0.571,1.479,0.517,4.252,1.479,2.997,1.142,2.958,8.504
0.349,1.303,1.106,4.685,4.639,3.614,0.698,2.606,9.37
0.363,0.724,0.43,2.254,2.91,3.707,0.726,1.448,4.508
0.151,0.593,0.28,3.07,4.439,0.547,0.302,1.186,6.14
1.308,1.082,0.215,4.423,1.582,4.247,2.616,2.164,8.846
0.263,1.417,0.501,0.229,0.419,2.955,0.526,2.834,0.458
0.938,1.2,1.292,3.234,0.134,3.741,1.876,2.4,6.468
0.462,1.04,0.688,3.668,3.459,0.529,0.924,2.08,7.336
0.256,0.747,0.275,3.256,0.923,0.285,0.512,1.494,6.512
0.887,0.936,0.488,1.9,0.992,2.439,1.774,1.872,3.8
1.431,0.571,0.355,4.899,2.912,3.01,2.862,1.142,9.798
1.205,0.702,0.184,2.688,2.386,4.778,2.41,1.404,5.376
1.348,0.204,0.526,1.077,4.878,2.186,2.696,0.408,2.154
1.216,0.261,1.37,4.757,2.024,2.456,2.432,0.522,9.514
1.432,0.483,0.955,1.374,4.772,3.394,2.864,0.966,2.748
1.341,0.813,1.11,3.036,0.902,1.867,2.682,1.626,6.072
0.642,0.469,1.125,0.056,4.544,4.813,1.284,0.938,0.112
0.3,1.252,1.018,3.434,0.06,1.448,0.6,2.504,6.868
0.21,0.218,0.608,2.317,0.162,3.841,0.42,0.436,4.634
1.132,1.369,1.263,1.077,2.559,2.219,2.264,2.738,2.154
0.994,0.779,0.392,2.003,0.972,0.55,1.988,1.558,4.006
0.991,1.381,1.419,4.773,4.882,4.028,1.982,2.762,9.546
1.493,0.89,0.89,1.538,2.021,3.677,2.986,1.78,3.076
1.138,1.257,0.544,0.387,2.996,4.818,2.276,2.514,0.774
0.107,0.518,1.449,0.659,1.915,3.939,0.214,1.036,1.318
0.971,0.532,0.955,4.584,0.741,3.074,1.942,1.064,9.168
1.298,1.28,0.957,3.795,4.85,2.007,2.596,2.56,7.59
0.744,1.146,0.401,0.314,0.193,0.925,1.488,2.292,0.628
0.596,0.454,0.996,1.901,1.818,0.375,1.192,0.908,3.802
1.277,0.818,0.93,2.415,2.776,2.636,2.554,1.636,4.83
0.518,0.119,0.893,0.104,2.69,3.402,1.036,0.238,0.208
1.046,0.899,0.208,0.955,1.907,0.07,2.092,1.798,1.91
0.433,0.149,0.422,2.135,2.595,1.453,0.866,0.298,4.27
0.98,1.254,0.535,1.555,1.591,0.032,1.96,2.508,3.11
0.358,1.472,1.09,4.227,4.252,3.234,0.716,2.944,8.454
0.468,0.836,0.361,1.76,2.086,0.299,0.936,1.672,3.52
0.16,0.466,1.431,3.632,3.868,4.498,0.32,0.932,7.264
0.872,0.879,0.228,4.192,4.662,3.92,1.744,1.758,8.384
0.779,0.993,0.318,3.25,2.241,3.704,1.558,1.986,6.5
0.689,0.826,0.716,0.885,2.993,1.548,1.378,1.652,1.77
1.154,0.463,0.96,2.432,1.201,3.067,2.308,0.926,4.864
1.493,0.206,0.338,3.46,0.472,3.412,2.986,0.412,6.92
1.105,0.421,0.348,0.143,4.916,2.836,2.21,0.842,0.286
0.252,1.323,0.613,0.633,2.115,0.517,0.504,2.646,1.266
0.242,1.216,0.962,4.882,0.5,2.253,0.484,2.432,9.764
0.83,0.509,1.121,1.248,0.062,3.403,1.66,1.018,2.496
0.783,1.101,0.215,3.388,1.977,1.397,1.566,2.202,6.776
0.89,0.287,1.225,4.777,1.057,1.108,1.78,0.574,9.554
0.186,0.192,0.629,4.093,1.417,2.894,0.372,0.384,8.186
1.386,1.164,1.25,1.808,0.85,0.725,2.772,2.328,3.616
0.314,0.348,0.957,4.801,4.508,2.647,0.628,0.696,9.602
0.21,1.224,0.357,3.096,1.811,4.777,0.42,2.448,6.192
1.242,0.69,1.469,4.982,3.838,0.196,2.484,1.38,9.964
0.798,0.702,1.056,0.718,4.777,4.975,1.596,1.404,1.436
1.136,0.974,0.297,1.383,2.31,0.468,2.272,1.948,2.766
0.625,0.504,0.313,3.17,4.912,2.584,1.25,1.008,6.34
0.823,0.428,1.2,3.113,2.31,2.733,1.646,0.856,6.226
0.123,1.439,0.675,0.304,3.101,0.86,0.246,2.878,0.608
1.059,0.544,1.228,2.348,2.498,1.533,2.118,1.088,4.696
0.176,1.237,1.443,4.668,1.726,2.518,0.352,2.474,9.336
0.525,0.496,0.416,2.257,0.307,0.791,1.05,0.992,4.514
1.189,0.992,0.542,1.475,4.57,1.373,2.378,1.984,2.95
0.294,1.243,1.484,4.228,3.971,2.314,0.588,2.486,8.456
1.116,0.649,1.062,4.238,3.131,1.754,2.232,1.298,8.476
0.194,0.835,0.397,0.849,2.257,2.449,0.388,1.67,1.698
1.172,1.001,0.513,0.826,0.232,0.974,2.344,2.002,1.652
1.148,1.424,0.843,1.293,2.513,1.792,2.296,2.848,2.586
0.47,0.316,0.383,3.934,1.796,2.783,0.94,0.632,7.868
1.156,0.675,0.336,2.314,0.524,3.947,2.312,1.35,4.628
1.244,1.01,1.056,2.829,4.75,2.726,2.488,2.02,5.658
0.508,0.637,1.269,2.427,1.453,0.032,1.016,1.274,4.854
1.497,0.171,1.438,4.392,1.663,0.807,2.994,0.342,8.784
0.744,0.408,0.35,0.999,0.648,4.018,1.488,0.816,1.998
0.896,1.042,0.179,3.617,1.648,1.182,1.792,2.084,7.234
1.46,0.783,0.538,3.273,0.563,1.457,2.92,1.566,6.546
0.919,1.342,1.319,0.731,3.361,1.837,1.838,2.684,1.462
0.388,0.802,1.495,3.113,1.514,3.726,0.776,1.604,6.226
0.625,0.611,1.155,0.792,4.001,1.705,1.25,1.222,1.584
0.692,1.07,1.211,4.608,3.772,2.355,1.384,2.14,9.216
1.287,0.629,0.299,1.325,3.582,0.097,2.574,1.258,2.65
0.763,0.429,0.403,0.251,4.504,2.661,1.526,0.858,0.502
0.937,1.023,1.387,3.643,2.145,2.482,1.874,2.046,7.286
0.485,1.299,1.159,0.16,3.723,1.486,0.97,2.598,0.32
0.763,0.767,1.291,0.796,2.057,1.438,1.526,1.534,1.592
0.111,0.115,1.022,0.866,4.286,1.762,0.222,0.23,1.732
0.277,0.396,1.052,3.156,1.615,4.444,0.554,0.792,6.312
0.514,0.966,1.229,4.154,4.817,0.26,1.028,1.932,8.308
0.873,0.177,0.996,4.853,1.474,3.278,1.746,0.354,9.706
1.343,0.653,0.755,2.49,4.418,1.243,2.686,1.306,4.98
1.049,0.836,0.102,1.087,4.291,4.582,2.098,1.672,2.174
1.329,1.464,0.102,4.069,1.41,3.521,2.658,2.928,8.138
1.186,0.441,0.523,3.966,2.49,0.446,2.372,0.882,7.932
0.846,0.477,0.181,4.109,4.748,2.118,1.692,0.954,8.218
0.576,0.798,0.145,2.929,3.79,3.387,1.152,1.596,5.858
0.673,1.499,1.085,4.402,3.171,0.738,1.346,2.998,8.804
0.468,0.832,1.2,2.853,4.683,0.959,0.936,1.664,5.706
1.031,0.154,1.085,2.518,0.401,1.766,2.062,0.308,5.036
0.278,0.697,1.461,2.058,1.559,3.954,0.556,1.394,4.116
1.278,0.373,1.041,3.319,1.345,3.268,2.556,0.746,6.638
1.404,0.858,0.838,4.835,4.166,0.716,2.808,1.716,9.67
0.179,0.236,0.465,1.19,0.812,2.123,0.358,0.472,2.38
0.481,0.589,0.396,2.434,0.799,3.374,0.962,1.178,4.868
1.361,0.896,0.683,2.956,3.741,2.052,2.722,1.792,5.912
0.733,1.312,1.4,1.408,3.922,4.152,1.466,2.624,2.816
1.372,0.605,0.759,1.258,0.623,2.173,2.744,1.21,2.516
0.9,0.284,0.262,1.866,4.863,4.976,1.8,0.568,3.732
1.459,0.513,0.703,1.173,0.358,0.262,2.918,1.026,2.346
0.291,1.242,0.211,4.509,1.457,4.175,0.582,2.484,9.018
0.253,0.378,0.896,1.254,1.971,0.798,0.506,0.756,2.508
1.473,0.914,1.477,0.688,1.038,0.949,2.946,1.828,1.376
0.496,0.809,1.489,4.466,3.308,4.76,0.992,1.618,8.932
0.328,0.386,1.338,2.525,0.901,2.368,0.656,0.772,5.05
0.795,0.577,0.349,4.325,3.443,1.129,1.59,1.154,8.65
1.097,0.158,1.43,3.296,2.852,4.766,2.194,0.316,6.592
0.85,1.075,1.287,1.854,3.107,1.496,1.7,2.15,3.708
0.769,0.443,0.948,0.942,4.566,1.445,1.538,0.886,1.884
1.058,1.268,0.312,0.859,2.093,0.156,2.116,2.536,1.718
0.728,0.11,0.328,2.849,0.478,3.047,1.456,0.22,5.698
0.371,0.575,0.454,2.15,3.549,0.013,0.742,1.15,4.3
1.244,0.103,1.157,3.847,2.685,0.395,2.488,0.206,7.694
0.84,0.285,0.888,2.52,1.172,0.384,1.68,0.57,5.04
0.21,0.596,1.463,1.339,1.12,3.392,0.42,1.192,2.678
1.157,0.358,1.181,4.777,4.274,3.68,2.314,0.716,9.554
1.134,0.919,1.134,4.493,2.322,1.809,2.268,1.838,8.986
1.493,0.169,0.209,3.421,1.055,3.601,2.986,0.338,6.842
0.651,0.228,0.812,0.331,2.524,2.591,1.302,0.456,0.662
0.403,0.123,1.028,4.069,1.501,3.664,0.806,0.246,8.138
1.031,0.45,0.549,4.467,2.189,1.799,2.062,0.9,8.934
1.043,0.267,1.015,4.527,4.296,0.105,2.086,0.534,9.054
1.102,0.108,0.421,3.978,1.657,2.391,2.204,0.216,7.956
0.38,1.06,0.207,3.664,3.8,4.551,0.76,2.12,7.328
0.47,0.261,0.514,4.68,3.269,4.565,0.94,0.522,9.36
1.397,0.343,1.349,0.968,2.17,2.789,2.794,0.686,1.936
0.363,1.31,0.497,3.956,0.276,0.321,0.726,2.62,7.912
1.119,0.466,0.126,3.61,1.949,0.128,2.238,0.932,7.22
1.065,0.662,1.242,2.802,1.196,0.282,2.13,1.324,5.604
0.768,1.445,0.123,3.232,0.679,3.736,1.536,2.89,6.464
0.836,1.114,1.095,0.369,4.208,2.454,1.672,2.228,0.738
0.565,0.892,0.983,2.776,2.761,2.02,1.13,1.784,5.552
1.461,1.204,0.978,3.23,0.083,0.832,2.922,2.408,6.46
1.171,0.986,1.312,1.914,3.533,3.855,2.342,1.972,3.828
0.722,1.256,1.474,2.512,0.012,2.384,1.444,2.512,5.024
0.315,1.009,1.304,3.167,2.32,1.745,0.63,2.018,6.334
0.217,1.241,0.631,2.947,3.811,1.065,0.434,2.482,5.894
0.579,1.209,0.338,3.46,3.256,3.146,1.158,2.418,6.92
0.176,0.402,0.115,1.307,2.648,3.598,0.352,0.804,2.614
1.383,1.235,0.306,1.655,3.831,2.251,2.766,2.47,3.31
0.753,0.581,0.869,3.522,0.269,0.83,1.506,1.162,7.044
0.675,1.286,0.361,2.942,2.727,0.997,1.35,2.572,5.884
0.262,1.218,0.842,2.806,0.814,1.19,0.524,2.436,5.612
0.36,0.134,0.78,2.267,3.867,3.104,0.72,0.268,4.534
0.126,1.412,0.46,4.935,2.629,1.835,0.252,2.824,9.87
0.745,0.506,0.543,0.002,4.01,2.215,1.49,1.012,0.004
0.649,1.304,1.449,0.631,0.039,1.647,1.298,2.608,1.262
0.212,1.438,0.704,1.43,4.83,0.646,0.424,2.876,2.86
0.127,0.658,0.193,4.265,3.127,2.546,0.254,1.316,8.53
0.609,0.812,0.477,4.622,3.419,1.201,1.218,1.624,9.244
1.206,1.309,0.538,3.035,3.61,1.807,2.412,2.618,6.07
0.212,1.023,0.323,1.52,1.87,0.792,0.424,2.046,3.04
0.129,1.391,0.641,2.662,1.633,0.381,0.258,2.782,5.324
1.33,1.126,0.72,4.833,3.351,3.844,2.66,2.252,9.666
0.3,0.85,1.434,3.094,0.373,0.946,0.6,1.7,6.188
1.499,1.412,1.099,3.041,2.756,2.107,2.998,2.824,6.082
0.334,0.986,1.247,1.713,2.315,1.7,0.668,1.972,3.426
1.051,0.968,0.62,4.248,1.503,2.677,2.102,1.936,8.496
1.499,1.336,0.921,1.987,1.457,4.501,2.998,2.672,3.974
1.327,0.451,1.059,2.368,2.811,4.234,2.654,0.902,4.736
1.326,0.412,0.21,4.771,1.972,3.347,2.652,0.824,9.542
0.601,0.883,1.431,0.987,3.981,4.863,1.202,1.766,1.974
0.666,1.211,0.649,3.371,0.048,0.69,1.332,2.422,6.742
0.882,1.086,1.425,1.838,2.767,4.042,1.764,2.172,3.676
0.324,0.507,1.445,2.364,2.247,0.375,0.648,1.014,4.728
1.144,1.333,0.438,3.013,3.829,3.344,2.288,2.666,6.026
0.185,0.184,0.313,2.984,4.57,3.16,0.37,0.368,5.968
1.342,1.458,0.463,2.841,2.139,1.515,2.684,2.916,5.682
0.207,0.439,0.608,3.042,1.733,1.743,0.414,0.878,6.084
0.793,1.36,0.47,3.539,0.311,2.63,1.586,2.72,7.078
0.933,0.207,0.499,0.109,1.812,3.056,1.866,0.414,0.218
0.253,0.427,1.457,3.429,4.235,1.702,0.506,0.854,6.858
1.207,1.305,0.497,3.84,4.786,0.282,2.414,2.61,7.68
1.156,1.422,0.752,3.036,4.337,3.276,2.312,2.844,6.072
0.213,1.29,0.57,3.869,2.538,3.464,0.426,2.58,7.738
0.235,1.398,0.73,1.146,3.574,2.87,0.47,2.796,2.292
1.236,0.64,0.941,0.783,2.278,0.316,2.472,1.28,1.566
0.356,1.118,0.402,0.663,3.006,2.247,0.712,2.236,1.326
0.448,0.843,0.967,1.464,0.185,4.716,0.896,1.686,2.928
1.13,0.603,1.45,4.774,4.405,1.04,2.26,1.206,9.548
0.541,1.424,0.656,0.9,1.878,3.778,1.082,2.848,1.8
0.447,0.96,1.042,1.199,4.153,3.172,0.894,1.92,2.398
0.776,1.453,1.412,1.032,1.849,3.775,1.552,2.906,2.064
1.29,0.198,0.619,2.717,3.17,1.052,2.58,0.396,5.434
1.333,1.456,0.871,3.406,4.182,3.422,2.666,2.912,6.812
0.179,0.814,1.134,4.035,1.884,0.854,0.358,1.628,8.07
0.288,0.729,1.229,4.012,4.27,3.615,0.576,1.458,8.024
1.248,1.469,0.817,4.383,3.738,0.525,2.496,2.938,8.766
0.425,0.291,1.263,1.596,4.424,2.308,0.85,0.582,3.192
0.994,1.082,0.584,0.984,0.278,1.784,1.988,2.164,1.968
0.105,1.368,0.216,3.574,3.446,3.737,0.21,2.736,7.148
0.295,0.177,1.206,4.914,1.474,2.258,0.59,0.354,9.828
1.295,0.469,0.306,4.754,2.8,0.348,2.59,0.938,9.508
1.036,0.164,0.35,4.22,2.386,4.614,2.072,0.328,8.44
0.873,1.253,0.85,1.513,3.083,4.741,1.746,2.506,3.026
0.338,0.519,1.079,2.059,2.521,2.196,0.676,1.038,4.118
1.057,1.244,0.555,0.943,3.11,4.472,2.114,2.488,1.886
0.271,0.286,0.731,3.501,4.181,4.586,0.542,0.572,7.002
0.259,1.007,1.407,0.681,0.736,1.201,0.518,2.014,1.362
0.677,0.96,0.172,0.214,2.747,0.126,1.354,1.92,0.428
0.299,0.68,1.1,1.502,4.871,1.073,0.598,1.36,3.004
1.493,0.334,0.598,1.112,4.518,2.733,2.986,0.668,2.224
0.394,0.43,0.996,2.758,0.411,4.775,0.788,0.86,5.516
1.133,1.262,0.12,3.425,3.076,1.555,2.266,2.524,6.85
0.932,1.446,0.374,1.04,1.612,0.689,1.864,2.892,2.08
1.269,1.239,1.416,2.945,1.133,0.734,2.538,2.478,5.89
0.588,0.196,0.429,2.176,4.394,0.206,1.176,0.392,4.352
1.176,0.705,1.2,2.925,0.863,1.938,2.352,1.41,5.85
1.075,0.21,1.166,0.822,1.981,0.484,2.15,0.42,1.644
1.485,1.131,0.747,1.662,4.632,4.082,2.97,2.262,3.324
0.317,0.344,1.469,2.692,0.024,3.79,0.634,0.688,5.384
0.442,0.963,0.298,4.371,0.562,2.972,0.884,1.926,8.742
0.826,0.211,1.461,3.042,3.343,1.862,1.652,0.422,6.084
0.416,1.247,0.354,3.028,1.751,3.432,0.832,2.494,6.056
0.251,0.503,1.202,1.167,4.176,3.994,0.502,1.006,2.334
0.498,0.305,1.42,3.73,4.369,4.195,0.996,0.61,7.46
0.564,0.175,1.213,4.077,2.925,3.837,1.128,0.35,8.154
0.376,0.469,1.472,1.775,0.297,3.998,0.752,0.938,3.55
0.528,1.388,0.224,3.549,1.536,0.992,1.056,2.776,7.098
0.309,0.881,0.395,0.726,4.557,4.397,0.618,1.762,1.452
0.98,0.193,0.472,1.402,1.656,1.423,1.96,0.386,2.804
0.92,1.02,0.763,1.406,0.418,0.683,1.84,2.04,2.812
0.378,0.324,0.626,0.099,3.495,3.53,0.756,0.648,0.198
1.475,0.622,0.469,3.431,2.236,0.459,2.95,1.244,6.862
0.509,1.385,0.22,1.244,3.72,1.052,1.018,2.77,2.488
1.453,1.466,0.287,3.67,2.314,4.656,2.906,2.932,7.34
0.644,0.216,0.273,3.729,1.464,1.36,1.288,0.432,7.458
0.32,0.217,0.967,2.298,3.975,3.059,0.64,0.434,4.596
0.343,1.464,0.776,0.745,3.749,0.867,0.686,2.928,1.49
1.344,1.408,0.133,0.899,2.87,0.507,2.688,2.816,1.798
1.031,1.159,0.763,1.481,4.746,2.857,2.062,2.318,2.962
1.139,0.687,0.764,2.947,0.575,0.737,2.278,1.374,5.894
1.308,0.507,1.282,1.782,0.359,2.946,2.616,1.014,3.564
0.398,0.676,0.404,4.79,1.519,2.859,0.796,1.352,9.58
1.382,0.419,0.903,0.365,2.776,2.437,2.764,0.838,0.73
0.474,1.31,1.227,4.56,2.908,3.961,0.948,2.62,9.12
0.342,0.933,0.845,3.748,1.63,1.345,0.684,1.866,7.496
0.405,1.236,1.493,0.985,4.753,2.83,0.81,2.472,1.97
0.347,0.449,0.868,2.139,2.862,1.427,0.694,0.898,4.278
1.31,1.304,0.467,1.732,4.961,4.502,2.62,2.608,3.464
1.254,0.572,1.408,2.788,4.825,0.095,2.508,1.144,5.576
0.88,0.268,1.263,2.873,1.275,4.92,1.76,0.536,5.746
0.569,0.35,1.389,4.723,3.016,4.36,1.138,0.7,9.446
0.908,1.43,0.681,4.166,2.401,3.029,1.816,2.86,8.332
0.348,0.457,0.985,1.446,1.207,2.043,0.696,0.914,2.892
0.352,0.885,1.325,4.62,1.954,4.411,0.704,1.77,9.24
0.68,1.463,0.124,3.606,1.654,3.869,1.36,2.926,7.212
0.451,0.418,1.171,1.756,4.439,1.961,0.902,0.836,3.512
0.772,0.612,1.447,1.748,4.658,1.791,1.544,1.224,3.496
1.237,0.798,0.805,0.826,4.656,3.589,2.474,1.596,1.652
0.492,0.114,0.578,3.518,1.919,4.117,0.984,0.228,7.036
0.229,1.453,0.883,4.4,3.299,4.305,0.458,2.906,8.8
0.349,1.061,0.302,3.193,4.957,2.719,0.698,2.122,6.386
1.028,0.536,0.669,1.165,3.586,0.457,2.056,1.072,2.33
0.427,0.22,0.957,2.537,3.707,3.186,0.854,0.44,5.074
1.468,1.41,0.221,3.506,4.671,4.608,2.936,2.82,7.012
1.412,0.936,0.849,0.294,2.48,1.694,2.824,1.872,0.588
0.173,1.064,0.893,3.664,0.108,1.947,0.346,2.128,7.328
0.646,0.553,0.292,0.076,2.473,3.248,1.292,1.106,0.152
0.334,0.482,1.435,0.013,3.688,0.949,0.668,0.964,0.026
1.055,0.745,1.482,1.438,2.423,2.732,2.11,1.49,2.876
0.726,0.102,0.503,3.769,1.627,3.89,1.452,0.204,7.538
0.924,0.424,0.109,2.24,2.632,0.197,1.848,0.848,4.48
0.616,1.076,0.501,3.823,4.911,4.534,1.232,2.152,7.646
0.375,0.801,1.054,0.347,4.101,0.933,0.75,1.602,0.694
1.422,0.574,0.221,2.395,0.438,1.351,2.844,1.148,4.79
0.732,1.457,1.418,1.148,1.693,3.065,1.464,2.914,2.296
1.118,0.163,0.218,1.466,1.39,3.652,2.236,0.326,2.932
1.185,0.444,1.321,3.074,4.895,0.677,2.37,0.888,6.148
0.186,1.089,1.138,1.993,3.463,1.199,0.372,2.178,3.986
1.139,1.475,0.737,0.208,4.03,1.888,2.278,2.95,0.416
1.382,0.742,1.288,2.468,4.107,3.7,2.764,1.484,4.936
0.561,0.116,1.151,2.345,4.994,4.254,1.122,0.232,4.69
0.178,0.427,0.165,3.45,3.976,3.856,0.356,0.854,6.9
0.796,0.377,0.57,2.659,2.548,4.799,1.592,0.754,5.318
0.352,0.108,1.141,3.171,4.872,4.043,0.704,0.216,6.342
0.589,0.87,0.255,0.598,4.662,4.839,1.178,1.74,1.196
1.145,0.474,0.169,1.476,0.133,0.038,2.29,0.948,2.952
1.383,1.089,0.789,3.056,4.913,3.159,2.766,2.178,6.112
0.269,1.441,0.998,0.766,4.821,0.933,0.538,2.882,1.532
0.652,0.764,1.302,4.059,1.772,1.321,1.304,1.528,8.118
1.397,0.993,0.27,2.512,0.7,1.725,2.794,1.986,5.024
0.609,1.442,0.288,1.881,1.724,2.865,1.218,2.884,3.762
1.442,0.543,1.095,1.691,3.34,3.87,2.884,1.086,3.382
0.338,0.58,1.136,2.486,3.01,3.875,0.676,1.16,4.972
0.232,0.223,0.526,1.888,4.705,2.7,0.464,0.446,3.776
1.252,0.727,1.068,2.431,4.966,1.242,2.504,1.454,4.862
1.203,1.343,0.369,4.08,3.479,1.987,2.406,2.686,8.16
0.236,1.442,1.051,0.49,2.093,2.191,0.472,2.884,0.98
0.449,1.027,0.658,2.638,4.18,3.426,0.898,2.054,5.276
0.262,0.338,0.755,0.027,0.007,2.12,0.524,0.676,0.054
1.069,0.171,0.476,2.423,1.956,4.125,2.138,0.342,4.846
0.133,0.496,0.839,3.853,4.232,2.406,0.266,0.992,7.706
0.836,0.863,0.205,2.662,3.134,2.475,1.672,1.726,5.324
0.38,1.289,0.864,1.596,1.261,1.226,0.76,2.578,3.192
1.123,1.289,0.61,0.221,0.663,0.366,2.246,2.578,0.442
1.153,0.87,1.203,4.275,1.552,4.413,2.306,1.74,8.55
0.721,1.482,1.445,1.407,0.193,2.431,1.442,2.964,2.814
0.336,0.146,1.12,2.704,1.998,1.694,0.672,0.292,5.408
0.567,1.262,1.211,1.203,2.097,1.82,1.134,2.524,2.406
0.967,1.171,0.569,0.953,1.108,0.111,1.934,2.342,1.906
1.474,0.504,0.684,4.521,1.872,1.249,2.948,1.008,9.042
1.1,0.157,0.942,4.923,1.253,3.132,2.2,0.314,9.846
0.353,0.795,0.349,3.0,2.179,1.08,0.706,1.59,6.0
0.429,0.291,0.171,4.421,3.783,3.297,0.858,0.582,8.842
1.038,0.995,1.44,0.143,0.194,4.151,2.076,1.99,0.286
1.412,1.095,1.083,1.297,4.934,4.474,2.824,2.19,2.594
1.309,0.773,0.94,4.511,4.781,2.043,2.618,1.546,9.022
1.18,0.17,0.111,4.567,4.154,3.516,2.36,0.34,9.134
0.482,1.346,1.416,1.492,3.52,1.248,0.964,2.692,2.984
0.479,0.719,0.639,3.756,2.953,2.912,0.958,1.438,7.512
0.115,1.248,0.441,2.309,1.178,4.072,0.23,2.496,4.618
1.25,0.638,0.962,3.443,3.092,3.025,2.5,1.276,6.886
1.346,1.363,0.656,3.05,2.079,2.756,2.692,2.726,6.1
1.088,0.259,1.036,3.95,1.315,4.997,2.176,0.518,7.9
0.548,0.469,1.167,1.777,4.286,3.587,1.096,0.938,3.554
1.056,0.991,1.353,1.095,4.708,3.095,2.112,1.982,2.19
0.566,1.221,0.397,4.056,0.554,3.64,1.132,2.442,8.112
0.872,0.223,0.435,0.221,1.787,3.798,1.744,0.446,0.442
1.062,0.977,1.385,4.058,4.647,1.32,2.124,1.954,8.116
0.187,1.389,0.884,0.613,3.824,2.405,0.374,2.778,1.226
0.402,0.39,1.184,1.302,1.76,3.826,0.804,0.78,2.604
0.513,1.495,0.46,3.614,2.108,4.143,1.026,2.99,7.228
1.394,1.123,0.831,2.896,1.703,3.493,2.788,2.246,5.792
1.234,0.979,1.338,0.996,0.969,1.275,2.468,1.958,1.992
1.3,1.179,1.024,1.001,0.19,3.287,2.6,2.358,2.002
1.17,1.085,0.355,2.294,4.98,0.052,2.34,2.17,4.588
0.52,0.653,1.283,2.781,2.701,3.581,1.04,1.306,5.562
0.104,0.726,0.395,4.405,0.913,2.551,0.208,1.452,8.81
0.514,0.158,1.215,1.364,1.42,1.772,1.028,0.316,2.728
1.309,0.513,1.339,0.24,1.685,3.894,2.618,1.026,0.48
0.998,1.449,0.935,4.898,2.896,2.57,1.996,2.898,9.796
0.44,0.488,0.892,3.261,4.489,0.345,0.88,0.976,6.522
0.609,1.017,0.297,4.879,4.728,2.324,1.218,2.034,9.758
0.597,0.952,1.248,1.906,0.964,1.775,1.194,1.904,3.812
0.55,0.586,0.21,4.758,2.722,0.366,1.1,1.172,9.516
1.429,1.249,0.369,3.448,2.558,4.174,2.858,2.498,6.896
1.049,1.275,1.257,3.759,3.906,4.051,2.098,2.55,7.518
1.433,0.897,1.203,1.992,4.945,4.104,2.866,1.794,3.984
1.031,1.305,0.747,2.534,3.263,0.469,2.062,2.61,5.068
0.537,1.274,1.387,3.413,1.141,3.298,1.074,2.548,6.826
0.208,1.176,0.712,0.652,0.326,0.931,0.416,2.352,1.304
0.891,1.084,0.446,1.202,4.645,3.173,1.782,2.168,2.404
0.831,0.408,0.809,3.787,4.366,2.301,1.662,0.816,7.574
1.072,0.136,0.105,4.171,4.111,0.577,2.144,0.272,8.342
1.085,0.542,1.052,4.695,1.541,4.8,2.17,1.084,9.39
1.262,0.382,0.872,2.107,1.636,3.053,2.524,0.764,4.214
0.52,1.015,0.642,0.11,0.57,4.231,1.04,2.03,0.22
0.729,1.402,1.24,2.682,2.975,1.634,1.458,2.804,5.364
0.828,1.094,1.471,1.449,1.411,1.669,1.656,2.188,2.898
0.301,0.704,0.544,3.702,1.983,4.925,0.602,1.408,7.404
0.532,0.458,1.25,4.387,1.485,3.472,1.064,0.916,8.774
1.213,0.852,1.306,2.29,1.707,3.808,2.426,1.704,4.58
0.852,1.263,0.725,1.318,1.529,2.847,1.704,2.526,2.636
0.242,1.468,0.69,2.115,2.484,0.335,0.484,2.936,4.23
0.848,0.632,0.853,3.278,4.166,1.691,1.696,1.264,6.556
0.681,0.786,0.865,1.378,2.528,3.813,1.362,1.572,2.756
0.278,1.22,0.471,3.977,4.377,4.288,0.556,2.44,7.954
1.484,1.13,0.916,2.971,2.032,3.944,2.968,2.26,5.942
1.021,0.93,0.318,3.045,2.839,3.835,2.042,1.86,6.09
1.432,0.947,1.355,2.852,3.941,0.474,2.864,1.894,5.704
1.06,1.193,1.283,4.944,0.619,1.214,2.12,2.386,9.888
0.493,1.331,0.178,3.229,2.267,3.129,0.986,2.662,6.458
0.478,1.445,0.401,3.097,1.275,4.958,0.956,2.89,6.194
1.149,0.224,0.308,4.833,4.194,0.962,2.298,0.448,9.666
1.461,0.546,1.274,1.335,1.023,4.179,2.922,1.092,2.67
1.065,1.232,1.192,1.07,1.703,2.035,2.13,2.464,2.14
0.509,0.847,0.273,2.984,1.034,2.644,1.018,1.694,5.968
0.348,1.49,0.126,2.044,2.422,2.884,0.696,2.98,4.088
1.013,0.757,0.119,2.472,1.705,1.777,2.026,1.514,4.944
0.606,0.135,0.132,2.779,1.331,2.909,1.212,0.27,5.558
0.945,0.406,0.711,0.834,1.448,4.566,1.89,0.812,1.668
1.29,0.649,0.147,0.47,0.877,2.12,2.58,1.298,0.94
0.524,0.933,1.444,3.883,4.715,3.555,1.048,1.866,7.766
1.407,1.196,0.633,1.736,3.012,3.766,2.814,2.392,3.472
0.468,0.717,1.153,0.911,3.877,3.985,0.936,1.434,1.822
0.15,0.606,0.287,3.656,3.096,4.833,0.3,1.212,7.312
1.273,0.307,0.151,4.413,4.219,0.798,2.546,0.614,8.826
1.498,1.059,1.291,1.403,1.072,4.66,2.996,2.118,2.806
1.445,0.715,0.528,2.279,0.223,4.658,2.89,1.43,4.558
1.065,0.398,1.019,0.532,1.488,4.144,2.13,0.796,1.064
1.105,1.298,0.759,3.21,2.538,1.47,2.21,2.596,6.42
0.447,0.751,1.227,1.232,1.48,2.234,0.894,1.502,2.464
0.58,1.339,0.972,0.452,4.428,0.703,1.16,2.678,0.904
0.746,1.366,1.351,2.348,1.69,3.738,1.492,2.732,4.696
0.178,0.372,0.659,4.431,1.915,0.001,0.356,0.744,8.862
0.133,0.449,0.273,3.074,1.68,2.621,0.266,0.898,6.148
1.099,1.078,0.95,1.582,3.308,2.676,2.198,2.156,3.164
0.621,1.454,1.071,1.499,0.767,1.727,1.242,2.908,2.998
1.328,1.432,1.273,3.0,3.983,0.457,2.656,2.864,6.0
0.428,1.102,0.776,4.048,3.838,3.295,0.856,2.204,8.096
0.552,1.178,0.764,1.954,3.975,0.659,1.104,2.356,3.908
0.257,0.502,1.29,3.161,1.979,3.549,0.514,1.004,6.322
0.763,0.517,1.177,0.206,4.311,2.634,1.526,1.034,0.412
0.132,0.711,0.379,4.342,4.855,1.321,0.264,1.422,8.684
1.208,0.968,1.416,4.811,3.557,4.844,2.416,1.936,9.622
0.211,1.243,0.374,4.984,1.043,3.441,0.422,2.486,9.968
0.966,1.133,1.034,2.862,0.236,0.657,1.932,2.266,5.724
0.431,1.19,0.869,1.284,2.342,2.341,0.862,2.38,2.568
0.23,0.187,0.777,0.454,4.396,3.397,0.46,0.374,0.908
1.143,0.69,0.416,3.229,3.961,4.563,2.286,1.38,6.458
0.461,0.268,0.139,2.431,3.109,3.786,0.922,0.536,4.862
0.674,0.116,0.457,4.605,0.988,2.763,1.348,0.232,9.21
0.779,0.759,1.435,2.911,4.389,4.122,1.558,1.518,5.822
0.852,0.566,0.483,1.005,0.281,4.924,1.704,1.132,2.01
0.871,0.325,0.511,1.035,4.58,3.12,1.742,0.65,2.07
1.091,0.245,0.5,3.372,1.177,3.204,2.182,0.49,6.744
1.398,0.135,1.329,2.451,2.227,2.939,2.796,0.27,4.902
0.979,1.235,0.894,4.261,3.016,0.677,1.958,2.47,8.522
0.635,1.482,0.937,1.401,1.195,3.816,1.27,2.964,2.802
0.982,1.388,0.751,1.016,2.235,3.208,1.964,2.776,2.032
0.317,0.237,1.038,4.504,3.723,1.549,0.634,0.474,9.008
0.201,0.335,0.319,3.01,1.768,0.612,0.402,0.67,6.02
0.886,0.505,1.387,0.629,3.897,4.984,1.772,1.01,1.258
1.034,0.846,1.23,1.293,0.407,1.078,2.068,1.692,2.586
0.965,0.552,0.383,1.523,0.965,1.58,1.93,1.104,3.046
0.872,1.196,1.04,0.38,0.04,2.882,1.744,2.392,0.76
0.867,0.279,1.293,4.938,4.134,3.742,1.734,0.558,9.876
0.886,0.347,0.677,0.888,0.94,1.57,1.772,0.694,1.776
1.44,1.41,0.745,1.452,1.481,3.558,2.88,2.82,2.904
0.412,0.885,1.365,2.535,0.608,0.125,0.824,1.77,5.07
0.691,0.208,1.326,3.369,0.531,0.43,1.382,0.416,6.738
0.342,0.143,0.282,3.814,1.994,4.595,0.684,0.286,7.628
1.293,1.021,0.112,0.438,2.839,3.197,2.586,2.042,0.876
0.91,0.935,0.999,4.665,4.994,3.537,1.82,1.87,9.33
0.275,1.267,0.234,0.48,3.136,1.407,0.55,2.534,0.96
0.134,1.133,0.649,4.203,0.235,3.822,0.268,2.266,8.406
0.166,1.037,0.32,4.039,3.868,2.021,0.332,2.074,8.078
1.08,0.439,1.317,4.357,2.14,2.411,2.16,0.878,8.714
1.027,1.345,0.282,3.345,3.892,2.938,2.054,2.69,6.69
0.167,0.463,1.272,4.737,4.526,3.272,0.334,0.926,9.474
1.26,0.825,0.476,3.677,2.412,1.551,2.52,1.65,7.354
0.622,0.777,0.103,1.918,3.848,3.475,1.244,1.554,3.836
0.657,0.534,1.366,1.805,2.457,4.074,1.314,1.068,3.61
1.497,0.618,1.417,0.226,0.595,1.116,2.994,1.236,0.452
0.51,1.342,0.101,4.675,1.602,0.254,1.02,2.684,9.35
0.153,0.781,0.288,0.557,2.641,1.87,0.306,1.562,1.114
0.175,0.638,1.329,3.4,4.121,4.019,0.35,1.276,6.8
0.233,0.776,0.682,1.26,4.964,0.247,0.466,1.552,2.52
0.865,0.282,0.489,4.382,3.983,0.98,1.73,0.564,8.764
0.241,0.139,1.005,3.53,4.589,4.415,0.482,0.278,7.06
0.961,0.46,1.481,2.009,4.052,3.095,1.922,0.92,4.018
0.9,1.178,0.902,3.881,1.903,3.696,1.8,2.356,7.762
1.301,0.719,0.225,4.491,1.93,3.061,2.602,1.438,8.982
0.529,1.019,0.854,2.877,4.814,0.009,1.058,2.038,5.754
0.695,0.568,1.265,3.455,0.94,3.92,1.39,1.136,6.91
1.043,1.004,1.468,1.454,0.501,3.715,2.086,2.008,2.908
1.182,0.793,1.086,0.385,4.348,4.312,2.364,1.586,0.77
1.023,0.788,0.288,3.839,0.273,4.604,2.046,1.576,7.678
0.801,0.467,0.645,3.121,3.939,1.925,1.602,0.934,6.242
0.777,0.328,0.153,0.209,0.711,4.187,1.554,0.656,0.418
0.79,0.403,0.184,3.772,1.209,2.422,1.58,0.806,7.544
1.182,0.352,0.953,4.351,1.399,4.639,2.364,0.704,8.702
0.953,0.442,0.364,4.829,2.65,4.763,1.906,0.884,9.658
0.635,0.723,0.474,3.893,4.642,4.431,1.27,1.446,7.786
0.302,1.233,0.533,2.876,3.311,4.333,0.604,2.466,5.752
0.689,0.682,0.538,1.791,4.793,0.695,1.378,1.364,3.582
0.927,0.123,0.886,0.122,0.972,4.562,1.854,0.246,0.244
0.158,1.082,0.757,2.895,3.991,3.557,0.316,2.164,5.79
0.393,1.315,0.738,4.728,0.628,0.669,0.786,2.63,9.456
1.416,1.25,0.867,4.632,2.655,1.248,2.832,2.5,9.264
0.569,0.103,0.395,1.973,2.914,1.066,1.138,0.206,3.946
0.698,1.187,0.25,3.014,3.939,2.362,1.396,2.374,6.028
0.23,0.837,0.914,4.007,4.265,0.12,0.46,1.674,8.014
0.757,0.364,0.315,4.735,3.295,4.346,1.514,0.728,9.47
0.163,1.274,0.129,2.521,3.873,1.666,0.326,2.548,5.042
0.867,0.75,1.41,4.531,0.097,2.39,1.734,1.5,9.062
0.693,0.232,0.145,2.36,4.727,3.943,1.386,0.464,4.72
0.265,0.727,1.192,3.771,1.388,3.409,0.53,1.454,7.542
1.326,0.12,0.63,0.893,4.826,0.635,2.652,0.24,1.786
1.206,0.987,0.171,0.411,0.493,3.703,2.412,1.974,0.822
0.558,0.981,0.172,2.203,3.988,2.104,1.116,1.962,4.406
0.733,1.381,0.339,4.219,4.223,2.381,1.466,2.762,8.438
1.481,0.812,0.605,4.7,4.6,2.951,2.962,1.624,9.4
0.305,1.271,0.181,4.743,3.612,4.395,0.61,2.542,9.486
0.861,0.585,1.191,4.878,2.485,0.089,1.722,1.17,9.756
0.259,1.117,0.456,2.417,3.735,4.592,0.518,2.234,4.834
0.494,0.554,0.976,0.19,2.895,1.38,0.988,1.108,0.38
1.394,1.488,1.291,3.295,3.265,0.257,2.788,2.976,6.59
0.941,0.105,0.779,2.414,1.239,2.865,1.882,0.21,4.828
1.134,1.068,0.581,3.98,0.176,2.652,2.268,2.136,7.96
1.189,1.29,0.95,0.545,2.667,1.853,2.378,2.58,1.09
0.977,0.657,0.818,2.601,1.21,1.448,1.954,1.314,5.202
0.986,1.387,0.906,0.834,2.098,3.859,1.972,2.774,1.668
1.215,1.036,0.923,4.652,2.478,4.355,2.43,2.072,9.304
0.523,0.927,1.015,0.73,3.762,3.49,1.046,1.854,1.46
0.989,0.547,0.926,4.454,2.856,2.423,1.978,1.094,8.908
1.444,1.197,0.799,0.554,4.076,1.268,2.888,2.394,1.108
1.496,1.425,1.061,0.502,0.981,3.236,2.992,2.85,1.004
0.206,0.582,1.129,1.671,4.708,3.282,0.412,1.164,3.342
0.891,0.676,1.094,4.13,1.213,1.58,1.782,1.352,8.26
0.837,0.612,0.602,2.251,0.206,1.645,1.674,1.224,4.502
0.214,0.162,0.665,3.997,3.431,4.995,0.428,0.324,7.994
0.639,1.438,0.135,4.664,3.851,1.001,1.278,2.876,9.328
1.417,0.591,1.22,4.34,3.853,1.145,2.834,1.182,8.68
0.177,0.146,1.148,0.054,1.623,3.578,0.354,0.292,0.108
1.126,1.437,0.613,4.366,2.054,0.286,2.252,2.874,8.732
0.771,0.294,1.296,4.943,2.157,0.215,1.542,0.588,9.886
0.31,0.289,1.039,1.872,2.793,3.121,0.62,0.578,3.744
1.029,0.72,0.286,1.68,2.604,1.365,2.058,1.44,3.36
0.528,0.37,1.017,0.389,3.257,1.723,1.056,0.74,0.778
1.034,0.287,1.362,4.995,1.456,3.34,2.068,0.574,9.99
0.241,0.927,0.499,1.856,2.746,0.362,0.482,1.854,3.712
1.294,0.282,0.921,2.611,0.425,3.012,2.588,0.564,5.222
1.484,0.824,1.475,3.953,3.108,1.764,2.968,1.648,7.906
0.343,0.787,0.688,3.996,4.818,2.088,0.686,1.574,7.992
0.235,1.372,1.404,2.633,4.935,3.003,0.47,2.744,5.266
1.353,0.64,1.2,2.501,4.369,1.183,2.706,1.28,5.002
0.791,0.285,0.857,3.96,4.302,1.379,1.582,0.57,7.92
1.095,0.674,0.264,4.143,3.272,2.516,2.19,1.348,8.286
0.226,0.841,0.353,2.073,2.911,1.236,0.452,1.682,4.146
0.187,1.083,0.842,0.386,1.975,0.509,0.374,2.166,0.772
1.341,1.414,1.275,0.744,0.828,2.676,2.682,2.828,1.488
0.577,0.596,1.496,4.491,4.127,2.7,1.154,1.192,8.982
0.401,1.0,1.198,0.108,3.486,1.695,0.802,2.0,0.216
0.521,0.391,1.488,2.053,0.318,0.97,1.042,0.782,4.106
1.303,1.286,0.885,1.432,2.568,2.294,2.606,2.572,2.864
0.515,0.753,1.055,4.134,0.96,1.799,1.03,1.506,8.268
1.369,0.764,1.295,2.97,4.906,2.549,2.738,1.528,5.94
0.786,0.855,1.44,3.947,3.558,1.06,1.572,1.71,7.894
0.276,0.765,1.118,4.955,1.736,4.347,0.552,1.53,9.91
0.912,0.891,0.915,0.42,1.289,4.24,1.824,1.782,0.84
1.189,1.111,0.671,2.827,4.84,3.793,2.378,2.222,5.654
0.602,1.068,0.871,4.179,2.608,1.919,1.204,2.136,8.358
1.392,0.94,1.09,4.131,3.823,0.115,2.784,1.88,8.262
0.659,0.797,1.259,1.703,1.036,4.928,1.318,1.594,3.406
1.242,1.43,1.496,1.495,1.281,1.123,2.484,2.86,2.99
0.318,0.358,0.473,3.602,3.609,0.324,0.636,0.716,7.204
1.17,0.617,1.231,2.454,1.029,4.104,2.34,1.234,4.908
0.668,0.235,1.191,0.583,2.105,4.409,1.336,0.47,1.166
1.127,1.153,0.953,0.988,4.055,3.841,2.254,2.306,1.976
0.966,1.347,0.495,0.462,3.936,3.881,1.932,2.694,0.924
1.383,0.634,1.183,0.249,0.326,4.191,2.766,1.268,0.498
0.623,0.268,1.408,4.932,3.696,4.902,1.246,0.536,9.864
0.926,0.146,1.182,2.237,3.452,4.883,1.852,0.292,4.474
1.408,0.538,0.86,2.977,3.261,4.69,2.816,1.076,5.954
0.188,0.338,1.151,4.091,3.812,0.692,0.376,0.676,8.182
0.24,0.51,0.51,4.947,2.511,0.36,0.48,1.02,9.894
0.979,1.112,0.717,4.69,3.623,1.459,1.958,2.224,9.38
1.422,1.164,0.827,4.916,1.16,3.823,2.844,2.328,9.832
0.817,0.774,0.465,0.636,3.804,2.052,1.634,1.548,1.272
0.638,0.891,0.534,1.325,1.019,0.464,1.276,1.782,2.65
0.8,1.343,0.163,2.852,3.307,2.311,1.6,2.686,5.704
1.362,0.256,1.016,4.875,4.995,0.191,2.724,0.512,9.75
1.108,1.071,1.144,0.425,2.509,4.254,2.216,2.142,0.85
0.597,0.556,0.718,0.05,2.728,4.32,1.194,1.112,0.1
1.122,1.482,0.259,3.152,4.552,4.275,2.244,2.964,6.304
0.699,1.339,1.163,3.734,0.427,2.749,1.398,2.678,7.468
1.305,0.842,0.563,1.151,3.488,1.723,2.61,1.684,2.302
0.433,0.426,0.152,0.831,1.412,1.204,0.866,0.852,1.662
1.31,1.014,1.143,3.086,3.203,2.383,2.62,2.028,6.172
0.731,0.839,1.308,2.142,4.653,3.112,1.462,1.678,4.284
0.271,0.101,0.659,3.547,0.586,3.107,0.542,0.202,7.094
1.158,0.273,0.701,4.36,3.295,0.39,2.316,0.546,8.72
1.217,0.511,0.355,1.051,1.165,0.758,2.434,1.022,2.102
0.539,1.24,0.523,4.569,4.673,1.864,1.078,2.48,9.138
1.222,0.585,1.205,0.271,2.464,3.205,2.444,1.17,0.542
0.688,1.345,1.276,2.108,0.256,3.488,1.376,2.69,4.216
0.237,0.968,0.437,0.978,0.338,1.766,0.474,1.936,1.956
0.636,0.222,1.135,2.539,2.72,4.071,1.272,0.444,5.078
0.286,0.777,1.248,4.397,2.735,4.719,0.572,1.554,8.794
0.171,0.558,1.103,2.59,1.798,0.316,0.342,1.116,5.18
0.691,0.659,0.777,1.604,3.953,1.178,1.382,1.318,3.208
0.154,1.074,0.414,3.778,3.825,0.954,0.308,2.148,7.556
1.487,0.243,0.466,3.123,3.558,0.846,2.974,0.486,6.246
0.156,1.353,0.226,3.481,1.907,0.664,0.312,2.706,6.962
0.894,0.58,0.59,2.824,4.213,0.707,1.788,1.16,5.648
0.878,1.135,1.009,3.748,2.484,3.803,1.756,2.27,7.496
0.238,0.61,0.724,2.921,3.582,1.077,0.476,1.22,5.842
1.38,0.935,0.381,3.187,4.658,0.746,2.76,1.87,6.374
1.222,1.048,1.495,1.313,4.367,0.454,2.444,2.096,2.626
1.005,0.526,0.836,0.366,2.106,2.451,2.01,1.052,0.732
0.611,1.138,0.869,4.371,2.981,0.216,1.222,2.276,8.742
0.949,0.792,1.186,2.131,2.516,0.972,1.898,1.584,4.262
0.803,0.689,0.888,1.296,4.757,1.701,1.606,1.378,2.592
0.551,0.304,0.324,4.282,3.516,1.602,1.102,0.608,8.564
0.749,1.074,0.967,4.518,1.058,3.711,1.498,2.148,9.036
0.27,0.984,0.76,3.84,3.315,0.185,0.54,1.968,7.68
0.62,1.459,1.288,1.669,3.653,1.575,1.24,2.918,3.338
0.78,1.376,0.239,3.729,4.053,0.14,1.56,2.752,7.458
0.385,0.16,0.64,1.207,4.384,0.73,0.77,0.32,2.414
0.472,1.414,0.692,4.923,4.213,2.397,0.944,2.828,9.846
0.975,1.225,0.618,1.222,1.875,2.381,1.95,2.45,2.444
1.47,0.821,0.884,2.04,3.701,2.02,2.94,1.642,4.08
1.346,0.565,1.413,0.448,1.259,2.421,2.692,1.13,0.896
0.494,0.846,0.138,1.022,3.37,1.822,0.988,1.692,2.044
0.214,0.903,1.44,2.229,2.8,4.713,0.428,1.806,4.458
0.595,1.464,1.039,0.598,4.811,4.217,1.19,2.928,1.196
1.004,0.739,0.197,2.635,4.994,2.633,2.008,1.478,5.27
1.299,0.596,0.637,4.753,4.964,3.513,2.598,1.192,9.506
0.104,0.119,0.93,0.907,2.996,1.647,0.208,0.238,1.814
0.954,1.123,0.509,0.646,4.598,4.812,1.908,2.246,1.292
0.863,1.225,0.661,1.077,0.6,4.25,1.726,2.45,2.154
1.001,0.222,0.389,1.12,2.264,4.941,2.002,0.444,2.24
0.683,0.113,0.307,4.71,4.495,2.881,1.366,0.226,9.42
1.073,0.102,0.698,4.511,0.403,4.515,2.146,0.204,9.022
1.267,1.43,0.63,3.831,2.72,2.443,2.534,2.86,7.662
0.659,0.641,0.843,2.525,1.632,3.578,1.318,1.282,5.05
1.375,1.027,0.902,0.737,1.92,2.302,2.75,2.054,1.474
1.071,0.224,0.618,1.937,2.233,4.085,2.142,0.448,3.874
0.18,0.17,1.025,4.088,0.32,3.929,0.36,0.34,8.176
0.367,1.093,0.398,1.326,1.517,0.556,0.734,2.186,2.652
0.806,0.293,0.742,1.752,0.971,2.694,1.612,0.586,3.504
0.607,0.766,0.973,4.764,3.468,0.419,1.214,1.532,9.528
0.683,0.808,0.183,4.759,0.012,2.716,1.366,1.616,9.518
1.3,0.293,1.218,3.226,0.268,4.624,2.6,0.586,6.452
0.307,1.268,0.733,4.025,0.716,4.353,0.614,2.536,8.05
0.398,1.314,0.56,2.577,3.847,3.573,0.796,2.628,5.154
0.224,0.997,1.055,3.083,4.138,4.542,0.448,1.994,6.166
1.386,0.503,1.009,3.285,0.938,3.512,2.772,1.006,6.57
1.3,0.76,1.31,0.645,1.284,2.395,2.6,1.52,1.29
1.46,0.279,0.722,1.27,3.547,4.706,2.92,0.558,2.54
0.465,1.333,0.48,1.702,2.211,2.771,0.93,2.666,3.404
0.388,0.741,1.402,4.433,1.25,2.309,0.776,1.482,8.866
1.366,1.197,0.425,0.796,4.028,3.412,2.732,2.394,1.592
0.694,0.195,0.427,1.769,3.238,2.534,1.388,0.39,3.538
0.827,0.194,0.464,4.054,4.515,1.408,1.654,0.388,8.108
0.661,1.414,0.733,2.976,3.138,0.262,1.322,2.828,5.952
0.381,1.037,0.789,2.357,2.223,4.932,0.762,2.074,4.714
0.167,1.332,0.961,4.816,1.299,4.924,0.334,2.664,9.632
0.632,1.419,1.366,1.75,1.3,1.262,1.264,2.838,3.5
0.356,0.68,0.241,1.422,2.101,4.996,0.712,1.36,2.844
0.433,0.648,0.768,4.751,3.681,3.778,0.866,1.296,9.502
0.635,0.956,1.113,4.19,1.457,1.823,1.27,1.912,8.38
1.411,0.678,0.903,2.658,0.23,4.12,2.822,1.356,5.316
0.576,0.818,0.91,1.834,0.559,2.72,1.152,1.636,3.668
1.406,1.294,1.421,3.134,4.834,0.832,2.812,2.588,6.268
0.575,1.444,1.399,1.47,4.172,0.897,1.15,2.888,2.94
0.233,0.674,0.569,1.899,2.778,2.905,0.466,1.348,3.798
0.291,1.051,0.856,0.897,0.962,4.209,0.582,2.102,1.794
0.446,0.43,0.458,4.885,3.714,3.595,0.892,0.86,9.77
1.164,1.37,1.263,0.863,3.503,0.321,2.328,2.74,1.726
0.522,0.737,1.105,0.866,4.645,1.423,1.044,1.474,1.732
1.043,0.293,1.111,1.149,4.979,4.765,2.086,0.586,2.298
0.96,0.594,0.392,4.801,4.917,2.244,1.92,1.188,9.602
1.14,1.47,0.597,3.571,1.409,1.773,2.28,2.94,7.142
1.449,1.243,1.231,0.273,0.472,0.496,2.898,2.486,0.546
1.268,0.706,0.266,4.705,0.821,2.945,2.536,1.412,9.41
0.892,0.998,1.308,2.822,0.512,2.812,1.784,1.996,5.644
0.802,0.475,1.357,0.06,0.1,2.761,1.604,0.95,0.12
1.318,1.432,0.514,0.139,2.439,3.104,2.636,2.864,0.278
0.301,0.486,1.298,1.526,3.206,3.305,0.602,0.972,3.052
0.222,1.447,0.965,4.748,2.042,3.171,0.444,2.894,9.496
1.074,0.779,0.614,0.627,3.246,1.185,2.148,1.558,1.254
0.701,1.265,0.822,0.244,3.396,2.97,1.402,2.53,0.488
0.514,1.325,1.499,1.479,3.832,4.761,1.028,2.65,2.958
0.417,0.664,1.38,1.609,3.051,0.119,0.834,1.328,3.218
0.337,0.542,0.531,4.789,1.911,2.042,0.674,1.084,9.578
0.573,0.922,0.863,4.706,4.402,3.711,1.146,1.844,9.412
1.075,1.386,0.173,3.717,0.771,0.087,2.15,2.772,7.434
0.382,0.916,0.857,4.243,1.55,1.472,0.764,1.832,8.486
0.273,1.057,0.819,2.915,4.458,1.864,0.546,2.114,5.83
1.31,0.504,1.134,3.757,0.921,0.21,2.62,1.008,7.514
0.911,0.772,1.409,3.096,1.321,1.816,1.822,1.544,6.192
0.15,0.1,0.494,4.315,4.356,0.934,0.3,0.2,8.63
1.036,0.146,1.419,0.516,3.257,1.179,2.072,0.292,1.032
0.337,0.516,1.379,1.9,0.664,0.572,0.674,1.032,3.8
0.836,1.333,1.166,1.723,3.167,2.533,1.672,2.666,3.446
0.267,0.754,0.211,0.811,2.783,4.972,0.534,1.508,1.622
0.401,1.409,1.308,0.374,4.966,0.591,0.802,2.818,0.748
0.558,0.387,1.2,1.332,1.371,4.691,1.116,0.774,2.664
1.017,1.288,0.961,4.274,0.983,3.002,2.034,2.576,8.548
0.465,0.318,0.189,0.968,2.485,4.668,0.93,0.636,1.936
0.112,0.854,0.402,2.87,4.039,2.25,0.224,1.708,5.74
0.275,1.481,1.297,3.236,3.921,4.248,0.55,2.962,6.472
0.987,0.164,0.16,3.444,0.759,3.675,1.974,0.328,6.888
1.289,0.664,0.42,4.29,2.421,0.202,2.578,1.328,8.58
0.557,1.15,0.733,3.166,3.119,1.534,1.114,2.3,6.332
1.219,1.49,0.265,1.393,2.716,2.505,2.438,2.98,2.786
1.371,0.14,0.901,4.577,1.389,2.663,2.742,0.28,9.154
0.443,1.2,0.913,2.537,1.966,2.009,0.886,2.4,5.074
0.541,1.496,1.184,1.895,3.697,2.384,1.082,2.992,3.79
0.491,0.393,1.275,2.656,2.602,3.985,0.982,0.786,5.312
0.701,0.744,1.437,1.561,3.226,0.518,1.402,1.488,3.122
1.129,0.661,0.192,1.111,2.514,0.232,2.258,1.322,2.222
1.405,1.5,1.334,1.924,3.827,2.123,2.81,3.0,3.848
0.949,0.531,0.13,3.632,2.353,3.349,1.898,1.062,7.264
0.736,0.218,0.147,2.192,0.374,0.691,1.472,0.436,4.384
1.298,0.62,0.268,1.382,4.083,0.34,2.596,1.24,2.764
0.842,0.717,0.432,3.726,3.753,0.48,1.684,1.434,7.452
0.908,1.315,0.929,1.171,3.25,4.854,1.816,2.63,2.342
1.301,0.499,0.856,3.073,1.608,4.447,2.602,0.998,6.146
1.3,0.22,1.498,4.246,4.242,4.081,2.6,0.44,8.492
1.438,0.451,1.47,3.229,3.738,0.088,2.876,0.902,6.458
1.366,0.26,0.224,4.232,0.19,2.597,2.732,0.52,8.464
0.998,1.398,0.882,4.137,3.256,4.257,1.996,2.796,8.274
0.698,0.962,0.359,1.615,0.148,1.217,1.396,1.924,3.23
0.743,0.82,0.241,0.187,1.84,3.363,1.486,1.64,0.374
1.169,1.39,1.422,1.886,4.059,3.544,2.338,2.78,3.772
0.564,0.676,0.39,4.1,2.554,2.067,1.128,1.352,8.2
0.492,1.468,0.266,0.887,2.507,0.899,0.984,2.936,1.774
1.153,0.324,0.58,4.167,0.854,0.055,2.306,0.648,8.334
1.097,0.46,0.593,4.944,0.031,2.765,2.194,0.92,9.888
0.921,1.45,1.011,3.189,1.15,4.414,1.842,2.9,6.378
0.553,1.194,0.596,0.269,1.992,3.407,1.106,2.388,0.538
0.948,1.134,0.595,2.401,0.986,1.697,1.896,2.268,4.802
1.211,0.368,0.137,1.566,1.558,2.204,2.422,0.736,3.132
1.375,0.849,0.124,0.239,1.574,0.756,2.75,1.698,0.478
1.488,0.402,1.44,0.868,4.193,2.615,2.976,0.804,1.736
0.697,1.499,1.153,4.326,3.791,0.14,1.394,2.998,8.652
0.917,0.458,0.976,0.573,2.352,2.065,1.834,0.916,1.146
0.357,0.698,1.414,1.571,1.057,2.064,0.714,1.396,3.142
0.858,0.362,0.664,3.076,2.874,4.846,1.716,0.724,6.152
0.111,0.953,0.978,0.46,1.776,0.769,0.222,1.906,0.92
0.838,1.257,0.796,4.195,0.542,3.957,1.676,2.514,8.39
0.821,1.285,0.256,4.223,0.643,2.046,1.642,2.57,8.446
0.549,0.692,0.302,4.899,1.42,3.16,1.098,1.384,9.798
0.372,0.234,1.162,4.473,0.074,2.923,0.744,0.468,8.946
0.584,0.504,0.542,1.021,4.106,2.448,1.168,1.008,2.042
0.727,0.107,1.073,0.964,3.979,2.461,1.454,0.214,1.928
0.563,1.14,0.853,3.41,3.896,4.851,1.126,2.28,6.82
0.331,0.522,1.166,1.077,2.769,0.372,0.662,1.044,2.154
0.672,1.244,0.167,4.578,2.739,1.255,1.344,2.488,9.156
0.646,1.012,0.81,1.159,4.296,2.685,1.292,2.024,2.318
1.109,0.526,0.901,3.212,3.227,0.999,2.218,1.052,6.424
1.356,0.635,0.782,0.664,2.518,1.753,2.712,1.27,1.328
0.565,1.181,0.777,2.35,2.665,4.47,1.13,2.362,4.7
0.734,0.128,0.559,1.723,3.643,2.247,1.468,0.256,3.446
0.764,0.704,1.068,1.154,0.742,4.749,1.528,1.408,2.308
1.152,0.501,0.504,3.513,3.428,1.563,2.304,1.002,7.026
0.578,1.291,0.116,3.359,0.079,4.122,1.156,2.582,6.718
1.075,0.659,0.803,2.149,4.888,3.789,2.15,1.318,4.298
0.263,0.672,0.904,4.697,3.32,1.182,0.526,1.344,9.394
0.575,0.739,1.018,3.028,2.592,1.424,1.15,1.478,6.056
0.646,0.52,0.547,0.585,4.812,3.635,1.292,1.04,1.17
0.594,1.11,0.852,4.469,3.277,1.896,1.188,2.22,8.938
0.886,0.499,0.651,2.81,3.886,4.789,1.772,0.998,5.62
1.349,1.258,0.478,4.883,1.485,3.096,2.698,2.516,9.766
0.889,0.29,0.651,1.463,1.451,1.841,1.778,0.58,2.926
1.411,0.998,1.44,1.981,2.216,2.224,2.822,1.996,3.962
0.187,0.873,1.36,1.986,4.078,1.71,0.374,1.746,3.972
1.07,0.842,0.824,1.451,4.863,3.608,2.14,1.684,2.902
0.615,1.092,1.5,0.139,2.548,3.585,1.23,2.184,0.278
1.488,1.186,0.216,0.877,0.666,0.815,2.976,2.372,1.754
0.847,0.568,0.983,4.323,3.979,0.703,1.694,1.136,8.646
1.118,1.472,1.41,0.991,4.356,3.814,2.236,2.944,1.982
0.733,0.692,0.185,4.157,0.071,3.275,1.466,1.384,8.314
0.636,1.382,1.229,3.751,1.051,2.28,1.272,2.764,7.502
0.743,1.1,1.379,3.763,2.44,1.184,1.486,2.2,7.526
0.119,1.481,1.496,0.59,1.586,2.18,0.238,2.962,1.18
0.113,1.446,0.87,3.55,1.854,0.49,0.226,2.892,7.1
0.197,0.659,1.255,2.826,4.224,0.748,0.394,1.318,5.652
1.312,0.23,0.974,4.026,4.626,2.476,2.624,0.46,8.052
1.229,0.778,0.871,3.711,3.764,3.992,2.458,1.556,7.422
1.047,1.01,0.692,1.391,4.075,4.823,2.094,2.02,2.782
1.32,0.376,1.494,3.724,3.14,1.567,2.64,0.752,7.448
1.278,0.952,0.175,2.082,2.989,4.822,2.556,1.904,4.164
0.789,0.721,0.682,2.781,0.033,3.768,1.578,1.442,5.562
1.14,1.466,0.608,4.277,1.629,2.742,2.28,2.932,8.554
1.391,0.639,1.079,1.822,2.393,1.951,2.782,1.278,3.644
1.168,0.171,0.244,0.657,1.197,2.147,2.336,0.342,1.314
0.672,0.484,0.16,1.645,2.656,3.128,1.344,0.968,3.29
0.168,0.607,1.456,1.895,2.599,3.051,0.336,1.214,3.79
0.622,0.65,0.379,2.381,4.7,2.14,1.244,1.3,4.762
1.199,0.496,0.298,2.09,3.173,1.967,2.398,0.992,4.18
0.989,0.348,0.387,3.342,2.835,0.904,1.978,0.696,6.684
1.064,0.78,0.167,0.575,0.585,0.034,2.128,1.56,1.15
0.782,0.289,0.228,2.961,4.442,3.203,1.564,0.578,5.922
1.242,0.576,1.226,0.831,0.339,1.13,2.484,1.152,1.662
1.002,0.222,0.709,2.306,4.871,0.087,2.004,0.444,4.612
1.298,1.12,0.8,0.921,0.155,3.608,2.596,2.24,1.842
0.891,0.966,0.744,3.814,3.689,2.941,1.782,1.932,7.628
0.39,1.279,0.977,0.826,0.592,1.456,0.78,2.558,1.652
1.327,0.988,1.065,0.942,3.134,1.515,2.654,1.976,1.884
1.35,1.409,1.112,3.464,3.204,4.339,2.7,2.818,6.928
0.545,0.788,1.339,1.156,2.229,0.046,1.09,1.576,2.312
0.866,0.833,0.548,0.005,3.263,3.092,1.732,1.666,0.01
1.468,0.146,0.372,3.134,4.343,0.019,2.936,0.292,6.268
1.437,0.993,0.577,1.869,4.992,0.006,2.874,1.986,3.738
0.698,1.291,1.016,3.624,0.368,4.545,1.396,2.582,7.248
1.463,0.422,1.053,2.151,2.938,4.515,2.926,0.844,4.302
0.381,1.475,0.216,4.101,1.912,0.591,0.762,2.95,8.202
1.124,0.155,0.999,2.943,1.576,4.278,2.248,0.31,5.886
1.097,0.998,0.398,4.706,3.234,4.111,2.194,1.996,9.412
0.649,0.449,0.495,2.961,3.917,4.155,1.298,0.898,5.922
1.106,0.809,1.162,1.172,4.247,3.676,2.212,1.618,2.344
0.598,1.234,0.714,4.532,3.692,4.298,1.196,2.468,9.064
1.457,0.302,1.056,4.011,2.283,0.479,2.914,0.604,8.022
0.807,1.228,0.993,2.445,2.375,0.799,1.614,2.456,4.89
1.434,1.188,0.723,1.063,4.516,1.216,2.868,2.376,2.126
0.462,0.27,1.451,4.961,1.297,4.397,0.924,0.54,9.922
0.706,0.741,0.924,1.987,1.582,4.083,1.412,1.482,3.974
0.519,0.871,0.727,4.294,3.909,3.174,1.038,1.742,8.588
0.722,0.893,0.398,1.454,4.283,3.517,1.444,1.786,2.908
0.159,1.459,1.279,2.515,3.716,2.409,0.318,2.918,5.03
0.729,0.536,0.632,0.507,0.071,1.316,1.458,1.072,1.014
0.597,0.649,1.151,0.425,3.838,4.595,1.194,1.298,0.85
1.391,0.633,1.13,4.436,3.053,0.377,2.782,1.266,8.872
0.951,1.207,0.836,3.215,1.719,4.23,1.902,2.414,6.43
1.273,0.94,0.503,4.385,2.615,4.448,2.546,1.88,8.77
0.826,0.433,0.217,1.372,0.436,3.363,1.652,0.866,2.744
1.068,1.344,1.206,4.73,3.544,4.991,2.136,2.688,9.46
0.707,1.133,1.34,3.028,0.672,4.498,1.414,2.266,6.056
1.382,1.169,1.012,3.814,4.725,0.557,2.764,2.338,7.628
0.954,0.974,1.102,1.36,4.025,4.755,1.908,1.948,2.72
1.217,0.798,1.008,3.144,0.095,2.539,2.434,1.596,6.288
0.168,1.124,1.254,0.56,2.573,4.788,0.336,2.248,1.12
0.716,0.592,0.968,2.239,2.857,1.737,1.432,1.184,4.478
0.375,1.063,0.254,3.824,3.532,2.555,0.75,2.126,7.648
0.822,1.183,0.953,3.738,2.45,0.948,1.644,2.366,7.476
0.973,0.629,0.68,4.031,4.792,4.156,1.946,1.258,8.062
0.278,0.277,1.058,0.469,3.417,1.049,0.556,0.554,0.938
1.054,1.017,1.007,3.826,0.043,4.78,2.108,2.034,7.652
0.653,0.32,1.475,2.974,0.432,3.178,1.306,0.64,5.948
0.798,1.135,0.622,2.378,1.462,2.638,1.596,2.27,4.756
0.208,0.922,1.358,1.822,0.17,2.383,0.416,1.844,3.644
0.476,0.697,0.973,2.37,3.814,4.952,0.952,1.394,4.74
0.337,1.086,1.489,3.146,4.959,2.596,0.674,2.172,6.292
0.812,0.283,0.947,2.741,1.466,2.643,1.624,0.566,5.482
1.295,0.314,0.373,2.08,3.725,1.344,2.59,0.628,4.16
0.657,0.565,1.08,0.544,1.995,3.025,1.314,1.13,1.088
0.28,0.76,1.167,2.4,2.936,1.947,0.56,1.52,4.8
1.146,0.493,0.806,1.177,4.606,0.679,2.292,0.986,2.354
0.778,0.13,1.058,1.516,4.802,2.684,1.556,0.26,3.032
1.05,1.413,0.121,4.544,4.108,4.889,2.1,2.826,9.088
0.461,1.11,1.385,0.883,0.213,0.969,0.922,2.22,1.766
0.416,0.365,1.044,1.603,2.693,3.691,0.832,0.73,3.206
0.281,0.347,1.22,2.991,2.919,4.417,0.562,0.694,5.982
0.846,1.465,0.715,3.675,4.221,2.159,1.692,2.93,7.35
0.493,0.259,0.841,2.618,4.426,3.117,0.986,0.518,5.236
0.401,1.126,0.71,3.973,2.742,1.03,0.802,2.252,7.946
0.681,1.415,1.238,2.435,1.443,3.698,1.362,2.83,4.87
1.494,1.404,0.535,0.495,2.653,2.162,2.988,2.808,0.99
0.668,0.402,0.881,1.771,4.59,1.502,1.336,0.804,3.542
1.133,0.726,1.357,2.481,3.567,3.142,2.266,1.452,4.962
0.856,1.333,0.452,1.611,0.41,2.66,1.712,2.666,3.222
0.245,1.333,0.47,1.329,3.284,4.063,0.49,2.666,2.658
0.707,0.156,1.495,4.465,0.712,0.372,1.414,0.312,8.93
1.007,1.194,1.35,2.174,0.054,1.194,2.014,2.388,4.348
1.165,0.231,1.266,2.613,1.505,2.971,2.33,0.462,5.226
0.474,0.281,1.04,2.79,1.886,0.465,0.948,0.562,5.58
0.622,0.577,0.903,3.28,4.046,3.294,1.244,1.154,6.56
0.609,0.619,0.515,0.509,0.245,0.604,1.218,1.238,1.018
0.394,0.267,1.211,4.374,4.978,1.874,0.788,0.534,8.748
0.207,0.252,0.964,3.589,3.042,0.309,0.414,0.504,7.178
0.224,0.369,0.552,4.753,3.916,2.209,0.448,0.738,9.506
0.764,1.037,0.974,4.673,2.365,1.804,1.528,2.074,9.346
0.573,0.479,0.384,2.782,0.841,1.368,1.146,0.958,5.564
0.486,1.202,0.909,0.119,4.676,4.74,0.972,2.404,0.238
1.468,0.405,0.416,4.43,2.063,3.997,2.936,0.81,8.86
0.501,0.1,1.255,3.072,1.292,2.672,1.002,0.2,6.144
0.204,1.427,1.283,4.279,0.593,2.867,0.408,2.854,8.558
0.343,0.553,0.592,3.116,2.76,3.977,0.686,1.106,6.232
0.236,1.169,1.426,2.835,1.939,2.787,0.472,2.338,5.67
0.826,1.137,0.421,0.704,2.777,4.85,1.652,2.274,1.408
0.344,0.141,1.39,4.123,0.209,2.112,0.688,0.282,8.246
0.606,1.26,0.8,3.6,4.439,0.675,1.212,2.52,7.2
1.097,0.965,0.278,0.636,2.171,3.395,2.194,1.93,1.272
1.39,0.303,1.091,1.919,2.534,4.976,2.78,0.606,3.838
0.177,0.574,1.478,4.96,0.985,0.514,0.354,1.148,9.92
1.065,0.852,1.352,0.945,2.538,3.617,2.13,1.704,1.89
1.452,0.281,0.62,0.644,4.78,2.161,2.904,0.562,1.288
0.847,0.119,0.328,1.617,3.152,4.329,1.694,0.238,3.234
0.588,0.393,0.668,0.802,3.802,4.682,1.176,0.786,1.604
0.711,0.421,1.192,4.867,4.446,0.432,1.422,0.842,9.734
1.411,0.488,1.464,0.606,3.385,4.003,2.822,0.976,1.212
0.541,0.243,0.19,1.984,2.108,0.479,1.082,0.486,3.968
0.903,0.393,1.03,0.472,3.144,2.942,1.806,0.786,0.944
1.325,0.864,1.178,4.235,0.013,3.913,2.65,1.728,8.47
1.361,0.526,0.293,4.367,3.689,1.901,2.722,1.052,8.734
1.444,0.873,1.18,3.707,2.961,1.911,2.888,1.746,7.414
0.147,0.901,0.306,0.49,0.064,1.561,0.294,1.802,0.98
0.432,1.411,0.502,0.198,4.317,3.249,0.864,2.822,0.396
0.686,0.934,0.124,1.212,3.315,4.808,1.372,1.868,2.424
0.997,0.744,0.166,2.153,0.09,1.326,1.994,1.488,4.306
0.239,1.294,1.403,2.564,3.927,2.056,0.478,2.588,5.128
0.965,0.434,0.845,2.927,1.226,1.258,1.93,0.868,5.854
0.454,1.376,1.008,2.498,1.713,0.463,0.908,2.752,4.996
0.468,0.593,1.391,3.937,0.677,1.406,0.936,1.186,7.874
0.944,1.439,0.195,1.329,3.963,4.716,1.888,2.878,2.658
0.2,0.888,0.579,2.71,3.493,1.138,0.4,1.776,5.42
1.003,0.565,0.319,1.799,1.78,1.509,2.006,1.13,3.598
0.931,0.247,1.375,4.676,0.091,4.716,1.862,0.494,9.352
1.488,1.016,0.675,3.156,1.28,2.101,2.976,2.032,6.312
0.728,0.791,1.097,4.502,3.006,3.004,1.456,1.582,9.004
0.338,0.177,0.5,2.036,2.567,4.612,0.676,0.354,4.072
1.282,0.36,0.748,1.264,3.232,2.743,2.564,0.72,2.528
1.448,1.214,1.433,4.305,3.057,4.43,2.896,2.428,8.61
1.349,1.156,1.186,0.765,3.293,3.222,2.698,2.312,1.53
0.125,1.373,0.515,3.833,2.127,0.299,0.25,2.746,7.666
0.359,0.151,1.283,0.116,4.765,0.023,0.718,0.302,0.232
0.157,0.947,1.231,4.62,1.806,0.188,0.314,1.894,9.24
1.242,0.438,1.458,1.76,4.226,2.354,2.484,0.876,3.52
1.463,0.102,1.032,0.932,0.936,1.508,2.926,0.204,1.864
1.394,0.614,0.806,0.221,4.272,1.397,2.788,1.228,0.442
0.13,1.318,0.477,0.299,3.266,3.036,0.26,2.636,0.598
0.283,1.035,1.216,4.204,3.514,1.005,0.566,2.07,8.408
1.39,1.031,0.341,4.242,4.823,3.992,2.78,2.062,8.484
1.463,1.318,1.451,2.61,1.233,1.804,2.926,2.636,5.22
0.219,0.933,0.319,2.723,2.395,4.964,0.438,1.866,5.446
0.583,1.099,0.718,1.786,4.191,2.953,1.166,2.198,3.572
0.295,0.161,1.48,1.872,0.774,0.712,0.59,0.322,3.744
1.043,0.711,0.216,1.0,0.585,4.247,2.086,1.422,2.0
0.603,0.181,0.913,2.956,3.139,0.875,1.206,0.362,5.912
1.185,0.342,1.233,2.502,2.38,2.282,2.37,0.684,5.004
1.141,0.47,0.634,4.378,2.979,0.906,2.282,0.94,8.756
0.951,0.406,0.175,3.573,4.169,4.563,1.902,0.812,7.146
0.155,0.542,1.085,2.082,1.195,1.792,0.31,1.084,4.164
0.109,0.408,1.139,0.926,1.125,2.675,0.218,0.816,1.852
0.354,0.455,0.388,4.284,2.798,2.433,0.708,0.91,8.568
0.897,1.235,0.963,1.403,3.49,2.218,1.794,2.47,2.806
1.065,1.091,0.693,3.982,0.277,2.815,2.13,2.182,7.964
1.226,0.248,0.409,0.888,1.437,2.897,2.452,0.496,1.776
1.259,0.527,1.388,4.165,4.277,3.908,2.518,1.054,8.33
0.58,0.61,0.873,3.122,4.412,4.414,1.16,1.22,6.244
1.411,0.109,0.665,4.482,4.808,4.454,2.822,0.218,8.964
0.81,1.105,0.705,1.786,3.96,2.838,1.62,2.21,3.572
1.367,0.258,0.939,0.034,4.928,4.062,2.734,0.516,0.068
1.083,0.544,0.228,3.402,4.893,0.165,2.166,1.088,6.804
0.237,0.387,0.966,3.851,4.071,3.95,0.474,0.774,7.702
0.142,1.413,0.517,4.423,2.845,3.579,0.284,2.826,8.846
1.423,1.086,0.806,0.061,2.88,4.048,2.846,2.172,0.122
0.835,0.693,1.029,0.009,1.363,1.98,1.67,1.386,0.018
0.732,0.131,0.101,0.511,0.977,1.195,1.464,0.262,1.022
1.028,0.767,1.318,1.043,1.433,3.689,2.056,1.534,2.086
0.147,1.333,0.719,2.224,4.231,4.969,0.294,2.666,4.448
0.755,1.36,0.464,3.818,0.004,0.117,1.51,2.72,7.636
1.232,0.278,0.594,1.484,4.419,3.138,2.464,0.556,2.968
0.275,1.235,1.17,2.522,3.942,2.755,0.55,2.47,5.044
0.219,0.443,1.267,0.187,1.428,3.13,0.438,0.886,0.374
0.59,1.3,1.405,0.466,3.186,2.539,1.18,2.6,0.932
0.513,0.522,0.309,3.218,3.542,4.612,1.026,1.044,6.436
1.075,1.255,0.376,2.579,0.094,2.492,2.15,2.51,5.158
1.262,0.432,1.236,3.024,1.976,4.694,2.524,0.864,6.048
0.637,1.339,0.545,0.254,0.96,4.985,1.274,2.678,0.508
1.336,1.174,0.987,1.979,2.445,3.831,2.672,2.348,3.958
1.345,0.291,0.691,4.685,4.612,2.641,2.69,0.582,9.37
1.408,0.674,1.372,3.867,3.859,4.133,2.816,1.348,7.734
1.1,0.288,0.178,0.207,4.583,0.979,2.2,0.576,0.414
1.087,1.168,1.231,1.969,0.334,4.627,2.174,2.336,3.938
0.862,1.172,1.485,4.586,1.788,0.81,1.724,2.344,9.172
1.232,0.687,1.012,4.338,0.371,1.882,2.464,1.374,8.676
0.416,0.685,0.37,4.921,4.301,1.4,0.832,1.37,9.842
0.56,1.481,1.481,2.958,3.126,3.909,1.12,2.962,5.916
1.498,0.731,0.116,1.663,0.337,3.494,2.996,1.462,3.326
1.267,0.201,0.479,2.534,1.779,3.325,2.534,0.402,5.068
0.22,0.172,0.647,3.555,1.557,4.119,0.44,0.344,7.11
0.888,1.135,0.914,3.897,0.795,4.405,1.776,2.27,7.794
1.007,1.201,0.529,2.475,2.314,3.841,2.014,2.402,4.95
0.551,0.331,0.615,3.679,0.698,4.717,1.102,0.662,7.358
0.754,1.3,0.257,4.859,0.086,3.857,1.508,2.6,9.718
1.131,1.156,1.02,1.102,3.688,1.504,2.262,2.312,2.204
0.822,0.439,1.146,2.841,1.278,1.538,1.644,0.878,5.682
0.897,0.241,1.119,1.877,3.504,1.471,1.794,0.482,3.754
0.3,0.58,0.627,4.992,3.424,1.825,0.6,1.16,9.984
1.036,0.993,0.237,0.495,0.721,0.646,2.072,1.986,0.99
0.852,1.078,0.268,4.666,2.935,2.032,1.704,2.156,9.332
0.549,0.964,0.18,4.893,0.948,1.335,1.098,1.928,9.786
0.133,0.334,0.573,1.983,0.806,0.155,0.266,0.668,3.966
1.178,1.351,0.351,1.184,0.817,3.024,2.356,2.702,2.368
0.828,0.272,0.778,4.346,0.355,0.579,1.656,0.544,8.692
1.217,1.189,1.465,4.295,2.294,3.447,2.434,2.378,8.59
1.128,0.299,0.25,3.242,4.309,1.437,2.256,0.598,6.484
0.624,0.306,1.274,3.328,0.445,4.954,1.248,0.612,6.656
0.624,0.766,0.27,4.693,4.997,0.982,1.248,1.532,9.386
0.284,1.293,1.112,0.552,3.568,2.796,0.568,2.586,1.104
1.297,0.898,0.601,1.414,2.265,4.641,2.594,1.796,2.828
1.446,0.715,0.252,1.144,3.71,3.26,2.892,1.43,2.288
1.198,1.325,0.759,0.382,1.715,0.844,2.396,2.65,0.764
1.188,0.826,1.054,1.925,2.013,1.046,2.376,1.652,3.85
0.375,0.338,0.263,0.482,2.884,3.832,0.75,0.676,0.964
1.381,1.481,1.222,0.883,0.601,2.369,2.762,2.962,1.766
1.285,0.709,1.011,4.178,4.282,2.278,2.57,1.418,8.356
0.678,0.193,0.367,4.745,1.015,4.677,1.356,0.386,9.49
1.217,0.185,1.382,0.691,4.272,4.619,2.434,0.37,1.382
1.299,0.236,0.267,0.368,0.962,2.385,2.598,0.472,0.736
1.112,0.793,0.912,4.431,1.344,1.541,2.224,1.586,8.862
0.839,1.107,0.122,1.09,1.216,3.687,1.678,2.214,2.18
0.283,1.419,0.164,2.555,1.98,3.617,0.566,2.838,5.11
0.308,0.272,1.026,4.728,1.692,3.348,0.616,0.544,9.456
1.451,0.237,1.271,4.898,2.8,4.932,2.902,0.474,9.796
0.201,0.636,1.395,1.494,0.36,0.428,0.402,1.272,2.988
1.127,0.35,1.371,1.625,3.408,4.447,2.254,0.7,3.25
1.179,1.021,0.97,4.375,2.719,0.299,2.358,2.042,8.75
1.084,0.111,1.157,4.009,2.371,1.788,2.168,0.222,8.018
1.298,1.111,1.423,2.15,0.175,0.076,2.596,2.222,4.3
1.149,1.075,0.454,2.191,0.909,0.531,2.298,2.15,4.382
0.97,0.124,1.396,3.144,0.723,3.643,1.94,0.248,6.288
1.488,0.949,0.743,0.228,1.015,2.42,2.976,1.898,0.456
1.202,0.845,0.447,2.967,2.889,2.17,2.404,1.69,5.934
0.2,1.471,0.817,1.023,0.622,4.097,0.4,2.942,2.046
0.766,0.378,0.146,4.335,1.208,0.518,1.532,0.756,8.67
0.726,0.225,0.738,1.903,0.63,3.594,1.452,0.45,3.806
1.061,0.474,0.879,0.828,2.721,4.669,2.122,0.948,1.656
0.875,1.358,0.353,3.139,2.1,0.755,1.75,2.716,6.278
0.706,0.644,0.459,4.413,4.26,2.078,1.412,1.288,8.826
1.492,1.258,0.234,3.156,0.588,1.973,2.984,2.516,6.312
1.005,0.719,0.276,1.914,2.566,1.41,2.01,1.438,3.828
0.774,1.399,0.865,1.334,2.718,2.517,1.548,2.798,2.668
1.293,0.577,0.217,0.744,1.386,2.899,2.586,1.154,1.488
0.682,0.841,0.893,3.395,1.962,2.635,1.364,1.682,6.79
0.726,1.476,0.123,0.181,4.004,1.128,1.452,2.952,0.362
0.691,0.791,0.179,0.944,1.535,3.454,1.382,1.582,1.888
0.402,1.451,1.019,1.935,3.124,2.931,0.804,2.902,3.87
1.395,0.805,1.492,1.276,2.265,1.94,2.79,1.61,2.552
0.121,0.55,0.121,4.731,2.681,1.53,0.242,1.1,9.462
0.426,1.145,0.553,1.803,2.587,3.041,0.852,2.29,3.606
0.659,1.384,0.657,4.957,0.886,3.769,1.318,2.768,9.914
0.215,0.54,1.494,1.766,0.732,2.386,0.43,1.08,3.532
1.169,0.838,0.323,2.265,2.367,4.477,2.338,1.676,4.53
0.566,0.512,0.617,1.237,2.986,2.503,1.132,1.024,2.474
1.491,0.96,0.69,2.554,4.345,4.08,2.982,1.92,5.108
0.662,0.207,0.926,2.164,0.426,1.774,1.324,0.414,4.328
0.392,1.065,0.965,1.796,4.665,2.658,0.784,2.13,3.592
0.376,0.848,1.222,1.064,4.557,1.22,0.752,1.696,2.128
0.941,0.16,1.484,1.733,2.437,1.435,1.882,0.32,3.466
0.587,0.166,0.655,4.311,4.683,3.399,1.174,0.332,8.622
1.022,0.404,0.816,1.862,1.924,1.854,2.044,0.808,3.724
1.298,1.311,0.844,0.408,2.422,1.604,2.596,2.622,0.816
1.091,0.484,1.104,2.75,0.055,3.827,2.182,0.968,5.5
1.117,1.368,0.377,3.312,3.091,2.404,2.234,2.736,6.624
0.721,0.863,1.011,3.631,0.795,2.39,1.442,1.726,7.262
0.818,0.542,1.068,2.409,1.613,0.038,1.636,1.084,4.818
0.203,0.537,1.144,1.705,1.222,3.384,0.406,1.074,3.41
1.306,0.364,1.137,3.734,1.316,0.507,2.612,0.728,7.468
0.213,0.167,1.158,4.988,4.339,2.092,0.426,0.334,9.976
0.959,0.489,0.148,4.292,4.779,0.11,1.918,0.978,8.584
0.282,0.974,0.682,1.187,4.519,1.315,0.564,1.948,2.374
0.673,0.11,0.444,1.73,3.458,3.265,1.346,0.22,3.46
0.487,1.012,0.352,3.9,1.455,2.77,0.974,2.024,7.8
0.156,0.245,0.584,4.243,4.588,4.496,0.312,0.49,8.486
1.199,1.258,1.11,0.976,3.105,1.227,2.398,2.516,1.952
0.832,0.966,0.432,3.006,0.764,0.979,1.664,1.932,6.012
0.796,0.356,1.295,4.025,0.149,1.098,1.592,0.712,8.05
0.448,0.751,1.378,4.994,0.935,2.457,0.896,1.502,9.988
0.359,0.912,0.978,0.235,1.048,2.548,0.718,1.824,0.47
0.866,1.178,1.287,3.478,3.73,1.287,1.732,2.356,6.956
0.238,0.822,1.09,0.467,1.616,2.446,0.476,1.644,0.934
0.701,0.675,1.277,0.14,4.826,3.302,1.402,1.35,0.28
0.597,1.047,1.095,0.421,1.69,2.096,1.194,2.094,0.842
1.175,1.373,0.53,0.718,2.851,2.61,2.35,2.746,1.436
0.555,0.619,1.162,1.184,0.372,4.019,1.11,1.238,2.368
0.803,0.325,0.376,3.088,1.12,4.687,1.606,0.65,6.176
0.106,1.069,0.253,1.739,0.843,0.727,0.212,2.138,3.478
0.528,1.115,0.353,1.147,3.028,0.356,1.056,2.23,2.294
0.99,0.939,1.001,1.076,1.823,1.343,1.98,1.878,2.152
0.328,0.259,0.754,4.409,2.173,2.429,0.656,0.518,8.818
0.95,0.408,0.1,0.902,4.996,1.605,1.9,0.816,1.804
0.333,0.269,0.794,0.306,3.413,3.139,0.666,0.538,0.612
0.585,1.347,0.389,4.285,0.104,3.161,1.17,2.694,8.57
1.281,1.105,1.149,4.776,1.631,1.939,2.562,2.21,9.552
0.465,0.765,0.557,3.171,2.759,1.135,0.93,1.53,6.342
1.291,0.259,0.935,4.976,3.076,4.416,2.582,0.518,9.952
0.645,1.21,0.43,1.179,1.739,3.666,1.29,2.42,2.358
1.47,0.26,0.994,1.659,2.44,2.582,2.94,0.52,3.318
0.152,1.437,0.312,0.825,4.723,2.097,0.304,2.874,1.65
1.14,1.268,0.422,3.229,3.465,3.599,2.28,2.536,6.458
1.268,0.694,1.029,4.773,1.637,0.268,2.536,1.388,9.546
0.648,0.13,0.128,1.51,4.958,0.852,1.296,0.26,3.02
1.18,1.14,0.529,3.811,2.893,3.34,2.36,2.28,7.622
0.677,0.142,0.525,2.937,4.776,1.633,1.354,0.284,5.874
1.45,0.969,1.119,3.333,0.481,0.354,2.9,1.938,6.666
1.102,1.315,1.311,2.913,0.046,0.933,2.204,2.63,5.826
1.165,0.195,1.154,0.527,0.544,3.023,2.33,0.39,1.054
0.265,0.841,0.524,3.179,3.701,4.036,0.53,1.682,6.358
1.203,0.555,1.019,4.722,0.578,4.934,2.406,1.11,9.444
1.052,1.265,0.728,2.679,4.213,0.723,2.104,2.53,5.358
0.848,1.416,1.35,0.299,0.624,2.224,1.696,2.832,0.598
0.425,0.889,1.43,2.053,4.739,1.177,0.85,1.778,4.106
0.826,0.862,1.071,3.205,3.303,1.427,1.652,1.724,6.41
1.33,0.974,0.468,3.886,2.22,1.252,2.66,1.948,7.772
1.46,0.985,0.279,3.431,0.875,3.551,2.92,1.97,6.862
1.255,1.317,1.283,2.298,4.338,2.084,2.51,2.634,4.596
0.855,1.216,1.327,4.954,2.461,1.364,1.71,2.432,9.908
0.729,1.298,1.475,2.187,3.862,2.564,1.458,2.596,4.374
0.145,0.572,0.743,4.73,4.821,3.186,0.29,1.144,9.46
1.323,1.122,1.031,4.133,2.593,2.635,2.646,2.244,8.266
1.114,0.223,1.143,0.56,1.365,3.185,2.228,0.446,1.12
0.46,0.463,0.574,0.171,4.508,4.605,0.92,0.926,0.342
1.26,0.617,1.399,1.606,0.517,1.227,2.52,1.234,3.212
1.344,1.243,0.821,1.777,4.958,2.079,2.688,2.486,3.554
0.938,0.394,0.762,4.65,3.3,0.801,1.876,0.788,9.3
0.804,0.107,0.412,3.863,0.231,1.161,1.608,0.214,7.726
0.575,1.149,0.45,0.024,2.94,1.315,1.15,2.298,0.048
1.113,0.201,1.209,4.509,4.571,2.185,2.226,0.402,9.018
0.156,1.124,0.443,2.452,1.729,4.926,0.312,2.248,4.904
0.34,0.41,0.267,1.418,0.427,4.241,0.68,0.82,2.836
1.158,0.832,0.145,3.028,0.026,2.774,2.316,1.664,6.056
1.013,0.81,0.866,3.299,1.811,1.59,2.026,1.62,6.598
0.175,0.629,1.454,0.648,4.025,2.827,0.35,1.258,1.296
1.452,0.475,0.74,3.222,0.552,0.359,2.904,0.95,6.444
0.166,0.896,1.105,3.971,0.372,3.187,0.332,1.792,7.942
0.279,0.225,0.933,1.068,0.991,0.799,0.558,0.45,2.136
0.901,1.293,1.203,2.159,4.108,4.329,1.802,2.586,4.318
0.862,1.231,1.001,3.802,1.106,4.939,1.724,2.462,7.604
0.822,0.613,0.555,0.624,0.624,4.338,1.644,1.226,1.248
1.339,1.142,0.943,2.183,1.349,0.775,2.678,2.284,4.366
0.817,1.106,1.439,4.421,3.952,2.277,1.634,2.212,8.842
1.064,0.398,1.198,1.519,3.442,0.911,2.128,0.796,3.038
0.495,1.358,0.516,0.557,3.997,0.935,0.99,2.716,1.114
0.682,0.514,0.823,2.42,3.975,4.694,1.364,1.028,4.84
0.638,0.6,1.046,4.562,4.6,2.985,1.276,1.2,9.124
1.054,1.218,0.183,2.922,0.1,4.055,2.108,2.436,5.844
0.177,1.404,1.057,3.274,3.468,0.964,0.354,2.808,6.548
0.803,0.382,0.129,3.416,4.731,2.953,1.606,0.764,6.832
0.459,0.382,0.347,3.969,1.767,2.916,0.918,0.764,7.938
0.137,1.223,0.5,0.924,1.472,2.43,0.274,2.446,1.848
1.141,1.388,1.181,4.688,0.471,2.79,2.282,2.776,9.376
0.546,0.353,0.176,4.314,2.087,4.753,1.092,0.706,8.628
1.209,1.245,1.047,2.577,2.63,1.294,2.418,2.49,5.154
1.113,0.607,0.505,1.702,1.271,2.558,2.226,1.214,3.404
0.451,0.419,1.119,2.545,2.222,2.912,0.902,0.838,5.09
0.202,0.145,0.202,3.901,3.857,3.538,0.404,0.29,7.802
1.06,1.055,1.273,4.264,4.532,2.14,2.12,2.11,8.528
1.185,0.611,0.768,4.309,1.717,1.67,2.37,1.222,8.618
0.517,0.409,0.821,4.432,2.583,1.602,1.034,0.818,8.864
0.317,0.542,1.232,0.935,4.329,1.41,0.634,1.084,1.87
0.661,1.491,1.492,2.277,0.526,2.555,1.322,2.982,4.554
0.605,0.643,0.44,1.255,2.89,3.144,1.21,1.286,2.51
0.624,0.816,0.548,3.906,0.272,3.974,1.248,1.632,7.812
1.341,1.308,0.927,0.272,0.659,0.625,2.682,2.616,0.544
0.767,0.183,1.354,3.433,2.713,3.729,1.534,0.366,6.866
1.466,0.64,1.125,3.453,2.339,3.628,2.932,1.28,6.906
0.989,0.956,1.316,2.612,2.831,2.875,1.978,1.912,5.224
0.777,0.423,0.297,4.53,0.665,4.641,1.554,0.846,9.06
0.239,1.081,0.639,0.237,2.91,1.99,0.478,2.162,0.474
0.393,1.366,0.234,1.624,4.158,0.716,0.786,2.732,3.248
1.21,0.392,1.025,1.025,0.977,0.568,2.42,0.784,2.05
0.28,1.054,0.608,3.534,4.331,2.977,0.56,2.108,7.068
0.14,1.493,1.297,3.067,3.96,0.086,0.28,2.986,6.134
0.116,1.173,0.478,3.694,3.021,3.827,0.232,2.346,7.388
1.465,0.657,0.254,3.742,4.831,4.949,2.93,1.314,7.484
0.31,1.123,0.241,3.102,3.39,2.289,0.62,2.246,6.204
0.396,0.352,1.109,0.19,2.571,0.783,0.792,0.704,0.38
1.178,1.407,0.795,3.354,2.151,4.412,2.356,2.814,6.708
0.21,1.03,1.437,2.414,1.909,1.553,0.42,2.06,4.828
0.169,1.389,1.075,1.206,3.312,2.421,0.338,2.778,2.412
1.478,0.701,0.907,1.898,4.774,0.864,2.956,1.402,3.796
1.192,0.5,0.436,3.401,0.654,0.595,2.384,1.0,6.802
1.455,0.296,0.414,3.398,0.891,4.49,2.91,0.592,6.796
1.046,0.813,0.334,4.033,0.721,1.308,2.092,1.626,8.066
0.843,1.135,0.444,2.036,4.58,1.152,1.686,2.27,4.072
0.97,1.185,0.343,1.723,4.472,0.452,1.94,2.37,3.446
1.183,0.289,1.36,4.314,2.537,4.076,2.366,0.578,8.628
1.173,0.442,0.85,1.486,3.37,1.589,2.346,0.884,2.972
1.375,0.62,0.642,2.578,1.85,2.827,2.75,1.24,5.156
0.894,1.484,0.636,3.197,2.055,2.685,1.788,2.968,6.394
1.303,0.376,1.294,4.978,4.872,0.661,2.606,0.752,9.956
1.366,1.113,0.856,3.892,3.886,3.815,2.732,2.226,7.784
1.112,0.718,0.15,0.034,2.035,2.837,2.224,1.436,0.068
1.075,1.041,0.718,4.56,2.168,1.259,2.15,2.082,9.12
1.305,0.216,0.149,1.062,3.359,0.154,2.61,0.432,2.124
0.633,0.936,0.262,0.557,4.497,4.925,1.266,1.872,1.114
0.349,0.125,1.123,4.072,0.572,1.699,0.698,0.25,8.144
1.256,0.446,0.818,2.732,1.346,4.696,2.512,0.892,5.464
0.797,1.051,1.412,1.774,1.442,4.903,1.594,2.102,3.548
1.372,0.103,0.323,4.787,1.295,3.833,2.744,0.206,9.574
0.919,0.37,0.491,4.428,3.217,0.117,1.838,0.74,8.856
1.307,0.329,0.82,1.504,4.409,3.382,2.614,0.658,3.008
0.114,0.278,0.221,4.282,4.495,2.163,0.228,0.556,8.564
0.167,0.146,0.602,2.338,0.347,2.368,0.334,0.292,4.676
0.955,0.229,1.432,4.878,0.215,1.367,1.91,0.458,9.756
1.056,0.329,0.621,4.852,2.468,2.754,2.112,0.658,9.704
0.275,0.69,1.21,1.292,0.864,4.928,0.55,1.38,2.584
0.836,0.546,0.36,0.794,0.498,4.878,1.672,1.092,1.588
0.731,1.315,1.332,4.059,2.661,3.499,1.462,2.63,8.118
0.107,0.427,1.038,0.426,3.092,1.026,0.214,0.854,0.852
0.731,0.753,1.47,2.539,1.188,3.458,1.462,1.506,5.078
1.423,0.679,0.865,3.201,1.671,3.052,2.846,1.358,6.402
1.426,1.063,1.401,4.479,3.278,3.17,2.852,2.126,8.958
0.35,0.145,1.42,4.836,0.169,3.429,0.7,0.29,9.672
0.931,0.445,1.335,1.147,1.694,1.039,1.862,0.89,2.294
1.238,0.425,0.875,1.455,2.071,3.965,2.476,0.85,2.91
0.318,0.463,0.682,3.534,0.08,2.919,0.636,0.926,7.068
0.849,0.3,0.253,0.851,4.546,0.112,1.698,0.6,1.702
1.207,0.69,0.492,2.344,1.909,1.533,2.414,1.38,4.688
1.14,0.341,0.566,0.772,1.252,2.753,2.28,0.682,1.544
0.61,1.15,1.388,0.535,3.187,4.085,1.22,2.3,1.07
0.823,0.437,0.504,2.37,4.236,2.969,1.646,0.874,4.74
0.671,1.008,1.301,0.356,3.555,3.873,1.342,2.016,0.712
0.788,1.412,0.477,3.818,1.176,0.897,1.576,2.824,7.636
0.993,0.448,1.02,0.259,0.823,2.218,1.986,0.896,0.518
0.689,1.136,0.889,2.635,2.913,0.667,1.378,2.272,5.27
0.741,0.624,0.362,2.317,3.472,3.1,1.482,1.248,4.634
0.426,1.42,0.795,2.645,3.471,2.282,0.852,2.84,5.29
0.795,0.268,1.454,3.849,0.927,2.46,1.59,0.536,7.698
1.263,0.649,1.278,0.058,3.502,2.326,2.526,1.298,0.116
0.557,0.489,0.376,2.28,2.661,3.387,1.114,0.978,4.56
0.385,0.728,1.46,3.071,4.764,1.012,0.77,1.456,6.142
0.713,0.861,1.155,4.742,3.271,2.45,1.426,1.722,9.484
0.204,0.591,0.685,1.806,4.922,3.855,0.408,1.182,3.612
0.833,1.3,0.695,4.523,1.48,1.6,1.666,2.6,9.046
0.414,0.627,0.515,1.531,4.511,0.762,0.828,1.254,3.062
1.162,0.531,0.148,3.102,0.963,2.955,2.324,1.062,6.204
0.192,0.498,1.156,0.253,0.189,3.502,0.384,0.996,0.506
0.491,1.371,1.037,2.937,1.55,0.236,0.982,2.742,5.874
1.237,1.383,1.318,4.716,2.753,0.164,2.474,2.766,9.432
0.808,1.246,0.286,0.347,4.598,1.932,1.616,2.492,0.694
0.514,1.228,0.212,2.314,2.956,2.333,1.028,2.456,4.628
1.334,0.781,0.511,2.422,0.37,3.229,2.668,1.562,4.844
0.119,0.132,0.378,2.924,4.893,3.497,0.238,0.264,5.848
1.13,0.76,0.865,0.101,2.809,3.76,2.26,1.52,0.202
1.48,1.28,0.664,3.304,0.582,0.604,2.96,2.56,6.608
1.234,0.407,0.854,2.01,3.931,4.122,2.468,0.814,4.02
0.686,0.988,1.379,1.955,1.972,0.49,1.372,1.976,3.91
0.662,0.343,0.856,1.869,1.319,4.486,1.324,0.686,3.738
0.693,1.408,1.078,0.496,4.641,0.51,1.386,2.816,0.992
1.205,0.752,1.445,1.66,1.211,4.919,2.41,1.504,3.32
0.307,0.195,0.156,2.07,1.053,0.343,0.614,0.39,4.14
1.495,0.377,0.178,1.001,3.813,4.691,2.99,0.754,2.002
0.696,0.499,0.351,3.084,3.024,0.947,1.392,0.998,6.168
0.705,0.501,1.071,1.962,1.175,2.549,1.41,1.002,3.924
0.677,0.251,0.875,4.226,4.5,4.113,1.354,0.502,8.452
0.553,0.441,0.478,3.71,4.523,3.343,1.106,0.882,7.42
1.083,0.807,0.709,1.863,4.139,0.859,2.166,1.614,3.726
0.942,0.646,1.334,4.761,0.674,3.08,1.884,1.292,9.522
1.325,1.053,0.392,3.83,0.509,1.097,2.65,2.106,7.66
0.938,0.129,1.451,4.26,2.361,3.281,1.876,0.258,8.52
1.28,0.837,0.778,3.87,3.256,1.667,2.56,1.674,7.74
0.746,0.245,1.337,0.882,0.595,2.417,1.492,0.49,1.764
0.515,1.003,1.093,2.812,1.222,4.995,1.03,2.006,5.624
0.734,0.933,0.175,2.036,1.55,3.098,1.468,1.866,4.072
0.138,0.38,0.991,1.111,4.757,1.598,0.276,0.76,2.222
1.064,0.655,1.337,1.566,2.53,2.816,2.128,1.31,3.132
1.476,0.742,1.208,2.176,3.091,3.82,2.952,1.484,4.352
1.486,0.731,1.464,2.301,1.021,4.817,2.972,1.462,4.602
0.621,0.231,0.905,2.992,2.36,2.955,1.242,0.462,5.984
0.771,0.95,1.018,4.453,0.678,2.151,1.542,1.9,8.906
0.985,0.93,1.305,2.82,0.815,0.35,1.97,1.86,5.64
1.352,0.238,0.704,3.011,1.286,2.361,2.704,0.476,6.022
1.149,1.446,1.397,0.441,1.127,2.485,2.298,2.892,0.882
0.383,0.257,1.454,1.43,3.438,2.609,0.766,0.514,2.86
1.006,0.722,1.332,1.954,4.528,3.867,2.012,1.444,3.908
1.427,1.469,0.547,4.459,2.129,3.37,2.854,2.938,8.918
1.352,0.321,0.875,0.111,4.89,1.405,2.704,0.642,0.222
0.23,0.326,1.485,0.593,1.591,1.606,0.46,0.652,1.186
0.855,0.455,0.694,3.845,0.263,1.942,1.71,0.91,7.69
1.007,0.235,0.163,1.637,3.961,2.633,2.014,0.47,3.274
0.265,0.155,0.197,3.388,0.089,3.859,0.53,0.31,6.776
0.837,0.664,0.629,0.463,3.573,0.279,1.674,1.328,0.926
1.287,0.958,0.196,2.215,0.066,1.743,2.574,1.916,4.43
0.907,1.215,0.479,4.005,0.196,2.281,1.814,2.43,8.01
0.571,0.659,0.896,3.472,1.307,0.738,1.142,1.318,6.944
0.77,0.717,0.158,4.935,2.037,1.861,1.54,1.434,9.87
0.396,0.978,0.52,1.751,0.3,4.035,0.792,1.956,3.502
1.141,0.852,0.904,3.915,2.349,4.569,2.282,1.704,7.83
0.646,0.536,0.789,3.03,1.065,0.762,1.292,1.072,6.06
0.27,0.761,0.473,3.254,4.997,1.585,0.54,1.522,6.508
0.908,0.314,1.149,0.215,3.734,0.479,1.816,0.628,0.43
0.332,1.387,1.038,3.522,0.076,1.312,0.664,2.774,7.044
0.182,1.345,0.173,3.973,0.279,3.025,0.364,2.69,7.946
0.17,1.038,1.221,3.635,3.344,0.356,0.34,2.076,7.27
0.23,0.326,0.304,1.232,1.445,2.826,0.46,0.652,2.464
1.377,0.144,1.015,0.759,1.25,1.183,2.754,0.288,1.518
0.348,1.061,0.563,4.234,4.28,0.61,0.696,2.122,8.468
0.307,0.758,0.323,1.69,4.353,4.518,0.614,1.516,3.38
1.381,0.336,0.857,4.284,3.277,0.26,2.762,0.672,8.568
0.728,0.514,0.306,2.416,4.183,1.544,1.456,1.028,4.832
0.931,0.33,0.673,0.261,2.82,0.642,1.862,0.66,0.522
0.615,0.218,1.007,1.285,4.503,1.308,1.23,0.436,2.57
0.381,0.159,0.75,3.453,3.756,3.93,0.762,0.318,6.906
0.436,1.24,1.37,4.216,0.527,4.545,0.872,2.48,8.432
0.514,0.912,1.166,0.362,3.715,2.319,1.028,1.824,0.724
0.171,1.273,1.247,1.431,2.502,3.171,0.342,2.546,2.862
0.712,0.611,0.587,1.363,3.769,3.659,1.424,1.222,2.726
0.489,1.266,0.924,0.567,0.84,0.199,0.978,2.532,1.134
0.108,0.211,1.286,0.266,4.943,2.807,0.216,0.422,0.532
0.57,1.012,0.15,1.789,0.153,4.028,1.14,2.024,3.578
1.009,1.131,1.265,0.437,1.731,0.243,2.018,2.262,0.874
0.482,1.173,0.443,4.323,2.553,0.076,0.964,2.346,8.646
0.932,0.685,0.261,3.724,3.472,0.963,1.864,1.37,7.448
1.459,1.111,1.348,0.52,2.71,1.84,2.918,2.222,1.04
1.417,1.168,0.235,3.001,3.819,0.241,2.834,2.336,6.002
0.484,0.974,0.803,4.563,0.098,0.366,0.968,1.948,9.126
0.237,1.186,0.979,1.065,1.562,3.734,0.474,2.372,2.13
1.131,1.001,1.281,2.077,4.859,0.407,2.262,2.002,4.154
0.584,0.654,1.271,4.859,1.737,2.888,1.168,1.308,9.718
0.307,0.345,0.366,3.295,0.914,2.544,0.614,0.69,6.59
1.413,1.117,0.675,1.911,2.073,0.936,2.826,2.234,3.822
0.505,0.709,1.079,0.864,0.258,4.89,1.01,1.418,1.728
1.44,0.4,1.105,3.787,0.26,2.454,2.88,0.8,7.574
0.551,1.343,1.37,0.101,4.939,3.259,1.102,2.686,0.202
1.475,1.287,1.021,4.202,3.578,3.212,2.95,2.574,8.404
0.512,1.195,1.448,2.48,3.112,0.516,1.024,2.39,4.96
1.213,1.12,0.207,2.946,0.35,2.364,2.426,2.24,5.892
1.256,0.772,1.33,1.704,3.835,4.219,2.512,1.544,3.408
1.064,0.311,0.95,3.58,3.568,3.696,2.128,0.622,7.16
0.544,0.48,0.914,0.116,1.607,0.14,1.088,0.96,0.232
0.717,1.408,0.454,1.582,3.537,3.278,1.434,2.816,3.164
0.678,1.299,1.466,0.77,4.378,4.506,1.356,2.598,1.54
1.432,1.32,0.496,0.758,1.28,0.939,2.864,2.64,1.516
1.273,1.206,0.94,1.058,1.308,4.79,2.546,2.412,2.116
1.352,0.533,1.465,3.511,4.211,3.756,2.704,1.066,7.022
0.537,0.961,1.358,3.701,1.249,3.403,1.074,1.922,7.402
1.482,1.228,1.351,4.174,0.164,1.703,2.964,2.456,8.348
0.336,0.327,0.934,3.826,3.444,2.707,0.672,0.654,7.652
0.965,0.682,0.91,0.449,2.934,2.423,1.93,1.364,0.898
0.717,0.161,0.844,2.835,1.286,2.262,1.434,0.322,5.67
0.106,0.879,1.089,0.148,3.938,3.188,0.212,1.758,0.296
0.31,0.573,0.235,4.545,0.72,1.766,0.62,1.146,9.09
0.199,0.736,0.78,2.317,1.724,4.849,0.398,1.472,4.634
0.489,1.318,0.433,1.088,1.852,0.94,0.978,2.636,2.176
1.332,0.558,0.233,3.292,0.387,4.226,2.664,1.116,6.584
0.495,0.363,0.714,1.199,3.098,1.775,0.99,0.726,2.398
1.374,1.254,0.78,3.404,2.649,4.52,2.748,2.508,6.808
0.658,0.129,0.336,3.273,1.927,4.246,1.316,0.258,6.546
0.867,1.2,1.115,2.319,3.535,1.959,1.734,2.4,4.638
0.774,0.679,0.685,4.044,0.364,0.404,1.548,1.358,8.088
0.352,0.789,1.218,0.526,0.151,2.233,0.704,1.578,1.052
0.151,0.875,1.136,1.005,2.105,0.188,0.302,1.75,2.01
0.852,0.119,1.0,4.314,2.089,3.445,1.704,0.238,8.628
0.778,1.059,1.226,0.026,0.109,0.214,1.556,2.118,0.052
1.168,0.152,1.471,0.417,4.237,2.439,2.336,0.304,0.834
1.255,1.026,0.181,2.664,1.544,1.798,2.51,2.052,5.328
0.1,0.265,0.638,0.986,3.344,4.295,0.2,0.53,1.972
1.495,1.322,0.993,3.908,0.974,3.259,2.99,2.644,7.816
1.44,1.469,0.135,4.159,0.484,0.331,2.88,2.938,8.318
0.101,0.191,0.912,0.862,4.52,2.376,0.202,0.382,1.724
0.587,0.353,1.04,3.804,3.538,1.864,1.174,0.706,7.608
0.675,1.371,1.172,2.046,0.416,0.059,1.35,2.742,4.092
1.187,0.726,1.286,2.109,1.732,2.121,2.374,1.452,4.218
0.473,1.142,0.903,0.122,3.467,4.033,0.946,2.284,0.244
0.562,1.327,0.488,3.443,2.228,0.779,1.124,2.654,6.886
0.287,0.249,0.603,3.109,2.36,3.963,0.574,0.498,6.218
1.445,1.499,0.361,2.969,3.743,4.245,2.89,2.998,5.938
1.075,0.774,0.842,2.759,3.962,0.255,2.15,1.548,5.518
0.245,1.483,0.803,1.973,1.96,4.665,0.49,2.966,3.946
1.422,1.065,1.459,3.324,2.192,3.517,2.844,2.13,6.648
0.802,0.112,1.06,2.445,1.915,4.997,1.604,0.224,4.89
1.011,1.035,1.317,2.967,1.087,0.807,2.022,2.07,5.934
1.456,1.014,0.147,1.707,3.43,4.995,2.912,2.028,3.414
0.675,1.346,0.647,3.142,3.032,3.577,1.35,2.692,6.284
1.251,1.052,1.061,4.331,4.132,3.336,2.502,2.104,8.662
0.888,1.088,1.144,1.076,4.552,0.422,1.776,2.176,2.152
1.219,1.031,1.474,4.926,2.64,0.725,2.438,2.062,9.852
1.171,1.318,0.11,4.049,1.07,4.13,2.342,2.636,8.098
0.542,0.169,0.702,4.713,2.543,1.421,1.084,0.338,9.426
1.27,0.211,0.644,4.59,0.897,3.771,2.54,0.422,9.18
0.528,0.917,0.878,1.375,3.299,0.665,1.056,1.834,2.75
0.906,1.416,0.658,2.5,2.422,4.074,1.812,2.832,5.0
0.102,0.809,0.938,3.433,3.341,1.851,0.204,1.618,6.866
0.332,0.543,0.906,3.972,1.221,0.072,0.664,1.086,7.944
0.3,1.205,0.541,4.666,3.292,0.762,0.6,2.41,9.332
1.301,1.258,1.383,0.244,1.325,4.445,2.602,2.516,0.488
0.49,0.99,0.527,0.272,3.979,3.551,0.98,1.98,0.544
0.484,0.752,1.037,2.118,3.314,3.335,0.968,1.504,4.236
0.243,1.009,0.37,0.84,1.084,1.785,0.486,2.018,1.68
1.363,1.153,1.265,2.39,3.685,0.967,2.726,2.306,4.78
1.472,1.23,1.368,2.017,2.006,0.104,2.944,2.46,4.034
0.901,0.191,0.437,0.151,2.621,4.979,1.802,0.382,0.302
0.986,0.546,0.927,1.454,4.936,4.586,1.972,1.092,2.908
0.165,1.354,0.543,1.013,4.99,1.898,0.33,2.708,2.026
0.49,0.155,0.469,3.399,3.451,2.937,0.98,0.31,6.798
1.0,0.137,1.247,4.042,0.825,2.862,2.0,0.274,8.084
0.672,0.548,1.181,4.603,3.377,4.505,1.344,1.096,9.206
0.288,0.229,1.1,4.564,3.791,4.823,0.576,0.458,9.128
1.166,1.01,1.213,1.287,0.269,3.867,2.332,2.02,2.574
0.591,1.279,1.451,2.181,3.825,2.829,1.182,2.558,4.362
0.278,0.522,0.868,0.731,0.857,1.428,0.556,1.044,1.462
1.206,1.311,0.416,3.856,4.814,0.514,2.412,2.622,7.712
1.207,1.13,1.434,3.927,2.403,2.09,2.414,2.26,7.854
0.151,0.652,0.915,3.206,2.284,2.547,0.302,1.304,6.412
0.968,0.892,0.868,0.065,4.809,3.044,1.936,1.784,0.13
1.049,0.313,0.361,3.909,2.329,4.165,2.098,0.626,7.818
1.442,0.863,1.146,1.441,4.18,1.28,2.884,1.726,2.882
1.121,0.912,0.571,2.726,3.731,4.857,2.242,1.824,5.452
0.617,0.772,0.239,4.858,1.008,1.468,1.234,1.544,9.716
0.297,1.298,0.154,3.088,3.886,3.828,0.594,2.596,6.176
0.563,0.558,0.371,2.839,2.212,1.528,1.126,1.116,5.678
0.296,1.054,0.479,0.821,2.668,3.431,0.592,2.108,1.642
0.62,1.042,0.363,2.544,3.346,4.193,1.24,2.084,5.088
0.614,0.967,0.938,4.583,4.264,3.516,1.228,1.934,9.166
0.496,0.144,0.244,4.641,4.104,4.866,0.992,0.288,9.282
0.175,0.138,0.802,1.563,2.207,1.901,0.35,0.276,3.126
0.18,1.409,0.804,2.518,0.638,3.828,0.36,2.818,5.036
0.802,0.402,0.559,1.137,1.149,1.099,1.604,0.804,2.274
1.376,0.273,1.385,4.478,0.079,3.664,2.752,0.546,8.956
0.471,0.845,0.419,0.349,0.211,0.123,0.942,1.69,0.698
1.385,0.986,0.4,3.609,0.536,3.065,2.77,1.972,7.218
0.2,0.233,0.663,1.705,2.88,0.561,0.4,0.466,3.41
1.222,0.492,1.193,3.692,2.24,4.773,2.444,0.984,7.384
0.935,0.101,0.409,0.321,1.396,4.468,1.87,0.202,0.642
0.167,1.084,1.448,3.207,2.613,0.411,0.334,2.168,6.414
0.131,1.072,0.344,2.349,2.55,2.288,0.262,2.144,4.698
0.911,0.228,0.957,2.65,4.436,3.834,1.822,0.456,5.3
0.868,1.135,0.881,3.026,3.591,3.467,1.736,2.27,6.052
0.275,1.344,0.767,2.947,0.654,1.714,0.55,2.688,5.894
1.058,0.148,0.504,0.909,3.459,1.451,2.116,0.296,1.818
0.555,0.155,0.283,2.79,2.293,3.44,1.11,0.31,5.58
0.429,1.119,0.908,0.814,3.943,2.26,0.858,2.238,1.628
1.104,1.447,1.262,2.862,0.034,4.678,2.208,2.894,5.724
0.542,1.286,0.958,0.598,1.961,4.993,1.084,2.572,1.196
1.046,0.25,1.175,1.919,3.113,3.478,2.092,0.5,3.838
0.65,0.774,0.755,3.269,4.186,0.137,1.3,1.548,6.538
0.654,0.444,0.91,0.955,4.001,2.05,1.308,0.888,1.91
1.434,1.35,0.436,4.377,1.101,3.279,2.868,2.7,8.754
0.137,0.424,0.413,0.458,3.415,1.883,0.274,0.848,0.916
0.721,0.48,0.128,3.509,1.648,2.048,1.442,0.96,7.018
1.321,0.444,0.477,1.128,4.152,0.998,2.642,0.888,2.256
1.422,0.619,0.204,4.737,2.827,2.584,2.844,1.238,9.474
1.212,1.053,0.627,3.219,1.426,4.312,2.424,2.106,6.438
0.959,0.976,1.407,1.349,0.628,4.917,1.918,1.952,2.698
0.587,0.7,0.137,3.728,0.397,0.476,1.174,1.4,7.456
0.335,0.538,1.1,3.834,2.108,4.931,0.67,1.076,7.668
0.681,1.046,0.492,4.167,3.012,3.881,1.362,2.092,8.334
0.397,1.312,0.636,0.944,2.981,2.647,0.794,2.624,1.888
0.103,0.87,0.956,3.136,4.977,1.755,0.206,1.74,6.272
0.975,1.14,0.963,4.062,2.875,4.576,1.95,2.28,8.124
1.318,1.439,0.513,4.305,0.212,3.984,2.636,2.878,8.61
0.156,1.392,0.684,4.952,1.634,3.066,0.312,2.784,9.904
1.325,0.43,0.171,1.673,2.747,3.383,2.65,0.86,3.346
0.569,0.546,0.458,3.8,1.652,1.898,1.138,1.092,7.6
1.189,0.663,1.217,2.249,3.589,2.372,2.378,1.326,4.498
0.817,0.549,1.027,2.927,3.53,4.061,1.634,1.098,5.854
0.376,0.523,1.46,0.826,3.314,0.809,0.752,1.046,1.652
1.495,0.997,1.49,1.719,0.888,4.939,2.99,1.994,3.438
0.486,1.197,1.086,3.398,1.205,0.363,0.972,2.394,6.796
0.92,0.888,0.495,4.511,2.923,3.693,1.84,1.776,9.022
1.187,1.407,1.004,4.913,2.035,0.107,2.374,2.814,9.826
1.405,0.636,1.178,4.672,0.894,2.582,2.81,1.272,9.344
1.493,0.323,1.441,3.696,2.165,3.758,2.986,0.646,7.392
1.338,0.185,0.877,2.444,2.573,2.544,2.676,0.37,4.888
0.7,1.109,0.485,2.611,1.319,4.241,1.4,2.218,5.222
0.791,1.075,1.255,1.593,2.301,4.187,1.582,2.15,3.186
1.391,0.612,0.116,2.705,3.706,4.105,2.782,1.224,5.41
0.361,0.775,0.824,4.329,2.679,2.297,0.722,1.55,8.658
0.199,1.317,0.508,3.373,4.897,0.702,0.398,2.634,6.746
1.164,0.255,0.261,3.854,2.125,4.651,2.328,0.51,7.708
1.487,1.077,1.09,0.036,0.149,4.961,2.974,2.154,0.072
1.09,0.785,1.278,2.312,1.037,1.132,2.18,1.57,4.624
1.19,1.374,1.348,0.36,1.392,3.029,2.38,2.748,0.72
0.258,0.684,0.668,3.617,0.73,3.852,0.516,1.368,7.234
0.917,1.109,0.478,1.107,4.728,2.816,1.834,2.218,2.214
1.191,1.151,0.357,1.975,4.57,1.049,2.382,2.302,3.95
1.211,1.141,0.185,2.125,4.362,2.668,2.422,2.282,4.25
0.52,0.223,0.352,3.664,3.815,1.271,1.04,0.446,7.328
0.179,1.251,1.188,2.96,1.297,3.651,0.358,2.502,5.92
0.306,1.298,0.304,3.562,4.406,2.941,0.612,2.596,7.124
0.987,1.397,0.538,3.912,0.665,4.708,1.974,2.794,7.824
0.664,0.495,1.236,2.481,0.391,1.899,1.328,0.99,4.962
0.473,0.798,1.139,2.199,4.437,2.197,0.946,1.596,4.398
0.708,0.48,0.886,2.959,2.807,1.284,1.416,0.96,5.918
1.436,0.373,1.118,2.233,3.787,2.366,2.872,0.746,4.466
0.55,0.752,0.661,3.09,1.966,1.378,1.1,1.504,6.18
0.336,0.157,0.274,4.799,1.723,0.988,0.672,0.314,9.598
0.943,1.034,1.277,1.471,2.805,3.197,1.886,2.068,2.942
1.453,0.391,0.609,3.632,0.104,0.812,2.906,0.782,7.264
0.155,0.311,1.005,0.875,4.049,1.825,0.31,0.622,1.75
1.344,0.592,1.036,1.708,3.297,4.209,2.688,1.184,3.416
0.3,1.448,1.135,1.692,1.98,0.201,0.6,2.896,3.384
1.481,1.375,0.394,0.805,1.27,2.856,2.962,2.75,1.61
1.423,0.464,0.873,4.475,0.999,0.283,2.846,0.928,8.95
1.027,1.319,0.178,2.384,1.482,4.203,2.054,2.638,4.768
0.277,0.891,0.761,0.615,3.318,2.65,0.554,1.782,1.23
0.835,0.855,1.112,4.254,4.776,2.217,1.67,1.71,8.508
1.03,0.427,0.799,4.232,3.929,3.472,2.06,0.854,8.464
1.272,0.384,1.217,1.602,1.221,3.586,2.544,0.768,3.204
0.449,0.528,0.965,0.604,4.615,0.516,0.898,1.056,1.208
0.138,0.618,0.233,1.395,0.397,2.829,0.276,1.236,2.79
0.873,0.759,0.409,4.733,1.154,3.246,1.746,1.518,9.466
1.212,0.557,0.778,3.613,0.405,1.4,2.424,1.114,7.226
1.095,0.796,0.479,4.57,2.299,3.083,2.19,1.592,9.14
0.828,0.677,0.643,2.162,2.78,1.357,1.656,1.354,4.324
1.07,0.849,0.478,1.907,1.757,3.44,2.14,1.698,3.814
0.799,1.496,0.511,3.554,4.237,0.952,1.598,2.992,7.108
0.617,0.949,0.364,2.982,3.698,1.087,1.234,1.898,5.964
0.686,1.493,1.281,3.585,0.306,0.149,1.372,2.986,7.17
0.167,0.179,0.518,4.197,3.934,2.6,0.334,0.358,8.394
1.181,1.109,0.374,0.66,1.249,2.789,2.362,2.218,1.32
0.449,1.247,0.792,2.218,0.135,1.827,0.898,2.494,4.436
1.489,0.405,1.426,0.445,4.508,3.769,2.978,0.81,0.89
0.98,0.575,0.385,4.223,1.473,0.314,1.96,1.15,8.446
0.251,1.181,0.758,2.818,2.465,1.857,0.502,2.362,5.636
0.817,0.136,0.202,1.173,3.457,0.775,1.634,0.272,2.346
0.755,1.002,1.267,3.365,4.115,2.049,1.51,2.004,6.73
0.851,0.887,1.478,4.68,2.256,0.805,1.702,1.774,9.36
1.223,0.912,0.106,2.997,4.072,4.865,2.446,1.824,5.994
1.212,0.422,0.901,2.115,0.438,2.584,2.424,0.844,4.23
0.69,0.233,1.322,3.372,4.27,4.037,1.38,0.466,6.744
1.485,0.608,1.345,4.866,4.759,4.53,2.97,1.216,9.732
1.06,0.129,1.274,3.695,4.584,4.069,2.12,0.258,7.39
0.966,1.42,0.936,1.581,2.06,2.3,1.932,2.84,3.162
1.334,1.246,1.216,2.879,0.277,4.776,2.668,2.492,5.758
0.825,0.537,0.636,1.718,4.203,3.045,1.65,1.074,3.436
1.022,0.333,0.591,2.717,0.174,2.875,2.044,0.666,5.434
0.993,0.669,0.239,1.386,3.882,1.483,1.986,1.338,2.772
0.653,1.479,0.255,1.633,2.068,2.55,1.306,2.958,3.266
0.899,0.28,0.217,0.776,3.33,0.658,1.798,0.56,1.552
0.186,1.202,0.341,2.594,3.367,2.663,0.372,2.404,5.188
0.701,0.852,0.676,4.361,3.993,3.167,1.402,1.704,8.722
1.072,0.397,1.363,4.584,2.484,0.008,2.144,0.794,9.168
1.399,1.131,0.781,2.414,0.713,3.014,2.798,2.262,4.828
1.379,1.166,0.188,3.837,2.415,2.89,2.758,2.332,7.674
0.991,0.168,1.093,1.042,1.564,3.863,1.982,0.336,2.084
1.281,0.245,0.608,4.573,0.261,1.702,2.562,0.49,9.146
0.246,1.465,0.216,2.087,4.316,2.154,0.492,2.93,4.174
1.25,0.608,0.872,3.701,0.292,3.439,2.5,1.216,7.402
0.861,0.948,1.439,2.748,4.548,2.559,1.722,1.896,5.496
1.185,0.387,0.144,1.716,2.223,4.576,2.37,0.774,3.432
0.662,1.023,1.254,2.586,0.184,4.977,1.324,2.046,5.172
0.807,0.692,1.208,0.065,1.048,2.601,1.614,1.384,0.13
1.415,0.635,0.611,2.954,0.639,4.696,2.83,1.27,5.908
1.467,1.026,0.853,1.794,3.313,2.669,2.934,2.052,3.588
1.037,1.196,0.1,2.644,4.827,1.603,2.074,2.392,5.288
0.131,1.426,0.61,3.706,4.239,1.513,0.262,2.852,7.412
1.359,0.513,0.658,4.167,4.901,0.019,2.718,1.026,8.334
0.415,1.129,0.774,0.968,4.514,3.564,0.83,2.258,1.936
0.211,0.425,0.507,3.547,2.583,0.421,0.422,0.85,7.094
0.335,0.199,1.16,2.551,0.341,3.116,0.67,0.398,5.102
0.33,1.055,1.238,0.429,3.725,3.531,0.66,2.11,0.858
0.408,0.61,1.376,0.591,1.014,2.36,0.816,1.22,1.182
0.45,0.106,0.708,3.998,0.916,0.615,0.9,0.212,7.996
0.342,0.993,0.149,3.504,3.234,3.9,0.684,1.986,7.008
0.959,1.408,0.609,3.086,2.88,3.745,1.918,2.816,6.172
0.224,1.359,0.531,2.927,3.464,1.284,0.448,2.718,5.854
0.293,0.119,1.339,4.876,3.363,3.74,0.586,0.238,9.752
1.338,0.53,1.387,1.918,0.821,4.407,2.676,1.06,3.836
1.491,0.745,0.905,1.698,3.57,4.471,2.982,1.49,3.396
0.996,1.155,0.932,4.43,1.529,0.985,1.992,2.31,8.86
0.723,0.842,0.722,2.434,4.313,1.704,1.446,1.684,4.868
0.567,0.724,0.736,4.669,4.289,4.215,1.134,1.448,9.338
0.515,1.371,0.622,2.663,0.756,4.136,1.03,2.742,5.326
1.362,0.345,1.427,0.316,4.608,0.057,2.724,0.69,0.632
1.338,0.254,0.437,1.645,1.407,4.317,2.676,0.508,3.29
0.172,0.956,0.867,2.185,3.684,1.882,0.344,1.912,4.37
1.106,0.831,1.379,1.872,4.742,0.112,2.212,1.662,3.744
0.727,1.315,1.119,4.489,0.145,2.654,1.454,2.63,8.978
0.935,1.159,0.553,3.903,2.384,1.048,1.87,2.318,7.806
1.335,0.947,1.18,2.048,1.501,1.69,2.67,1.894,4.096
0.475,1.185,1.449,0.976,2.429,1.718,0.95,2.37,1.952
1.29,1.383,0.829,4.309,0.443,0.022,2.58,2.766,8.618
1.048,0.996,0.366,1.993,1.81,4.375,2.096,1.992,3.986
1.086,0.272,1.017,0.791,3.608,1.858,2.172,0.544,1.582
0.573,0.711,0.814,0.95,4.05,1.894,1.146,1.422,1.9
0.327,0.673,0.114,0.008,4.902,3.819,0.654,1.346,0.016
0.21,0.286,0.913,3.815,0.447,2.248,0.42,0.572,7.63
0.293,0.169,1.371,1.199,4.738,0.572,0.586,0.338,2.398
0.625,0.634,0.45,0.118,2.762,1.66,1.25,1.268,0.236
0.987,0.278,0.738,0.808,4.533,3.395,1.974,0.556,1.616
1.282,0.786,0.579,2.808,1.996,2.563,2.564,1.572,5.616
0.12,0.745,1.237,4.518,4.783,3.778,0.24,1.49,9.036
1.07,1.41,0.281,4.209,4.514,3.661,2.14,2.82,8.418
0.363,0.79,0.397,2.716,0.487,0.823,0.726,1.58,5.432
0.475,0.853,0.628,3.656,2.993,1.574,0.95,1.706,7.312
1.004,1.06,0.827,3.252,4.938,2.23,2.008,2.12,6.504
1.254,1.107,1.138,4.203,1.52,4.477,2.508,2.214,8.406
0.786,0.521,0.888,1.884,0.231,3.265,1.572,1.042,3.768
1.064,0.664,0.321,2.344,1.382,3.637,2.128,1.328,4.688
0.224,0.201,0.217,4.608,4.568,4.055,0.448,0.402,9.216
0.141,0.318,0.548,4.324,2.801,2.217,0.282,0.636,8.648
0.712,1.27,1.351,1.546,3.133,4.596,1.424,2.54,3.092
1.263,1.124,0.729,1.87,0.483,0.642,2.526,2.248,3.74
0.544,1.092,0.752,3.802,4.069,2.93,1.088,2.184,7.604
0.515,1.194,1.065,0.241,0.995,1.218,1.03,2.388,0.482
0.771,1.283,0.181,3.804,0.064,4.919,1.542,2.566,7.608
1.354,0.872,0.677,1.094,0.91,4.028,2.708,1.744,2.188
0.823,1.485,1.18,2.313,1.081,2.792,1.646,2.97,4.626
0.869,0.887,0.868,4.248,4.403,0.237,1.738,1.774,8.496
0.243,1.123,0.232,4.171,0.395,0.631,0.486,2.246,8.342
1.085,0.939,0.345,1.484,1.773,0.925,2.17,1.878,2.968
0.764,1.062,0.114,3.451,4.501,4.308,1.528,2.124,6.902
0.351,0.365,1.194,1.003,1.228,1.469,0.702,0.73,2.006
0.708,1.173,0.364,0.836,1.231,1.034,1.416,2.346,1.672
0.624,0.718,0.41,0.964,2.563,1.966,1.248,1.436,1.928
0.56,0.285,1.032,0.6,4.62,0.964,1.12,0.57,1.2
1.367,0.238,1.421,4.542,3.87,0.514,2.734,0.476,9.084
0.393,0.677,1.363,2.229,1.314,0.963,0.786,1.354,4.458
0.594,1.463,1.483,0.142,0.653,2.986,1.188,2.926,0.284
1.011,0.307,1.469,3.793,1.149,4.811,2.022,0.614,7.586
1.247,1.277,1.464,4.437,0.657,3.551,2.494,2.554,8.874
0.552,0.724,1.363,4.519,3.365,4.817,1.104,1.448,9.038
1.23,1.197,0.142,0.561,3.939,0.288,2.46,2.394,1.122
1.021,0.465,0.163,3.939,4.894,1.073,2.042,0.93,7.878
0.731,0.42,0.49,2.642,3.282,4.67,1.462,0.84,5.284
0.504,1.042,1.296,3.027,3.183,4.836,1.008,2.084,6.054
0.698,1.134,1.367,2.802,2.316,3.895,1.396,2.268,5.604
0.462,0.118,1.452,1.409,4.771,0.391,0.924,0.236,2.818
1.098,0.365,0.239,1.693,1.287,1.251,2.196,0.73,3.386
0.53,1.198,0.95,2.592,3.401,4.134,1.06,2.396,5.184
1.189,1.451,0.157,3.225,1.212,4.153,2.378,2.902,6.45
0.533,1.192,1.264,0.959,1.265,4.716,1.066,2.384,1.918
1.088,1.03,0.544,1.929,0.245,2.31,2.176,2.06,3.858
0.9,0.638,0.298,4.09,4.505,3.196,1.8,1.276,8.18
1.302,0.605,0.122,1.691,4.175,3.676,2.604,1.21,3.382
0.51,1.43,0.228,2.376,4.414,2.335,1.02,2.86,4.752
0.741,0.913,0.503,2.629,2.456,4.124,1.482,1.826,5.258
1.107,0.671,1.456,0.287,1.837,1.019,2.214,1.342,0.574
0.216,0.515,0.803,4.273,0.852,2.042,0.432,1.03,8.546
0.339,1.159,1.088,4.895,1.253,3.224,0.678,2.318,9.79
0.466,0.464,1.454,4.032,4.82,1.904,0.932,0.928,8.064
0.852,0.975,1.025,3.017,1.575,2.729,1.704,1.95,6.034
0.881,0.994,1.219,3.31,2.755,3.247,1.762,1.988,6.62
1.364,0.546,0.987,4.883,0.694,1.282,2.728,1.092,9.766
1.246,0.682,0.857,4.272,2.456,2.217,2.492,1.364,8.544
0.845,0.569,0.312,1.577,4.139,1.808,1.69,1.138,3.154
0.293,1.282,1.233,4.848,2.881,2.165,0.586,2.564,9.696
0.713,1.304,1.255,3.209,1.72,0.054,1.426,2.608,6.418
0.369,0.202,0.123,0.294,4.697,1.487,0.738,0.404,0.588
1.307,1.497,1.205,1.107,4.636,2.998,2.614,2.994,2.214
1.218,0.629,0.619,1.143,0.252,3.015,2.436,1.258,2.286
1.43,0.964,0.944,1.093,4.172,1.922,2.86,1.928,2.186
0.693,0.913,0.641,0.539,2.241,2.05,1.386,1.826,1.078
1.107,0.257,0.601,2.005,2.746,2.886,2.214,0.514,4.01
0.402,1.165,0.582,4.144,0.869,1.112,0.804,2.33,8.288
1.319,1.101,0.627,2.305,0.245,4.052,2.638,2.202,4.61
1.419,0.726,0.898,2.427,1.78,1.129,2.838,1.452,4.854
0.68,0.524,1.495,0.383,4.727,2.151,1.36,1.048,0.766
0.221,1.076,0.687,2.325,1.796,3.223,0.442,2.152,4.65
1.491,1.359,1.432,3.629,3.431,4.44,2.982,2.718,7.258
1.469,1.0,1.431,3.441,3.746,1.362,2.938,2.0,6.882
1.028,1.369,0.496,1.184,2.099,4.445,2.056,2.738,2.368
0.592,0.231,0.554,3.264,4.151,1.901,1.184,0.462,6.528
0.333,0.728,1.071,3.907,3.785,0.181,0.666,1.456,7.814
0.434,0.469,0.924,2.008,2.907,2.526,0.868,0.938,4.016
0.474,1.313,0.614,1.778,1.165,4.821,0.948,2.626,3.556
1.158,1.254,0.365,2.536,1.085,3.346,2.316,2.508,5.072
0.798,0.681,0.896,2.339,0.113,4.052,1.596,1.362,4.678
1.234,0.436,0.779,2.016,3.022,0.369,2.468,0.872,4.032
1.437,0.168,0.524,4.098,1.844,4.11,2.874,0.336,8.196
0.575,0.363,0.185,3.962,4.037,3.457,1.15,0.726,7.924
0.517,0.262,1.393,0.981,0.669,1.719,1.034,0.524,1.962
0.44,1.053,0.693,4.844,3.633,0.972,0.88,2.106,9.688
0.738,1.099,0.496,3.042,0.788,4.412,1.476,2.198,6.084
1.402,0.36,0.884,1.827,2.351,4.026,2.804,0.72,3.654
0.566,0.231,1.401,4.246,1.845,1.528,1.132,0.462,8.492
1.309,1.396,0.281,0.538,0.651,0.063,2.618,2.792,1.076
0.392,0.71,1.135,4.376,0.361,3.687,0.784,1.42,8.752
0.505,1.372,1.368,2.448,1.714,3.669,1.01,2.744,4.896
0.833,0.764,1.187,0.397,2.716,3.103,1.666,1.528,0.794
1.144,0.159,0.53,4.009,0.597,2.05,2.288,0.318,8.018
0.503,0.883,1.333,4.852,3.307,1.076,1.006,1.766,9.704
1.099,1.092,0.951,4.423,1.67,1.19,2.198,2.184,8.846
1.032,0.728,0.492,2.271,2.613,1.648,2.064,1.456,4.542
0.322,0.328,0.679,3.087,0.694,2.365,0.644,0.656,6.174
0.716,0.547,1.376,4.369,4.182,0.925,1.432,1.094,8.738
0.797,1.297,1.487,0.164,3.485,2.668,1.594,2.594,0.328
0.871,0.776,1.464,2.286,3.765,4.736,1.742,1.552,4.572
1.045,1.31,0.985,3.278,1.058,3.559,2.09,2.62,6.556
0.674,1.305,0.376,2.798,1.397,0.769,1.348,2.61,5.596
0.454,0.451,0.892,1.863,0.321,4.486,0.908,0.902,3.726
1.094,0.709,0.271,2.968,3.212,0.061,2.188,1.418,5.936
0.265,0.513,0.384,0.091,1.256,1.527,0.53,1.026,0.182
0.353,1.302,1.167,3.744,4.696,1.933,0.706,2.604,7.488
1.442,1.39,0.668,4.095,4.172,3.644,2.884,2.78,8.19
0.513,1.417,1.032,4.686,2.998,2.289,1.026,2.834,9.372
0.668,0.213,0.89,1.711,3.082,4.499,1.336,0.426,3.422
0.143,1.35,1.321,2.214,1.811,3.442,0.286,2.7,4.428
0.384,0.202,0.541,4.517,4.799,2.28,0.768,0.404,9.034
1.253,1.308,1.146,1.703,4.514,2.321,2.506,2.616,3.406
0.72,0.294,0.873,1.542,1.915,1.676,1.44,0.588,3.084
0.986,1.164,1.382,0.704,3.735,2.617,1.972,2.328,1.408
1.061,0.13,0.473,0.228,1.156,2.192,2.122,0.26,0.456
0.817,0.348,0.432,2.055,0.235,2.85,1.634,0.696,4.11
0.431,1.1,1.385,3.618,0.329,0.361,0.862,2.2,7.236
0.192,0.582,0.641,1.658,1.764,1.349,0.384,1.164,3.316
0.126,0.622,0.764,0.347,3.513,0.502,0.252,1.244,0.694
0.946,1.098,0.379,2.853,0.716,3.088,1.892,2.196,5.706
0.999,1.289,1.189,3.317,4.631,0.34,1.998,2.578,6.634
0.948,0.455,0.895,4.477,4.895,2.495,1.896,0.91,8.954
1.393,0.845,0.575,1.103,4.697,2.731,2.786,1.69,2.206
1.436,1.487,0.174,4.377,0.974,0.292,2.872,2.974,8.754
0.897,0.686,0.346,3.409,0.601,4.358,1.794,1.372,6.818
0.837,1.233,1.125,4.093,3.871,1.107,1.674,2.466,8.186
1.454,1.317,1.301,1.808,3.322,2.544,2.908,2.634,3.616
0.332,0.747,1.144,3.908,0.821,4.265,0.664,1.494,7.816
1.326,1.387,0.796,1.985,1.786,1.924,2.652,2.774,3.97
1.222,1.053,0.359,2.453,1.424,3.523,2.444,2.106,4.906
0.177,0.626,0.633,3.441,4.734,4.639,0.354,1.252,6.882
0.559,1.313,0.889,4.039,2.998,2.143,1.118,2.626,8.078
0.896,0.659,0.181,1.441,2.545,3.412,1.792,1.318,2.882
0.279,0.863,0.118,0.397,3.709,4.289,0.558,1.726,0.794
0.742,0.624,0.119,3.36,3.911,1.075,1.484,1.248,6.72
0.421,0.708,0.726,0.023,3.805,1.868,0.842,1.416,0.046
0.387,0.519,0.508,1.645,2.296,0.965,0.774,1.038,3.29
1.063,1.208,0.485,0.696,1.08,4.604,2.126,2.416,1.392
1.121,0.833,1.26,2.591,0.489,0.794,2.242,1.666,5.182
0.937,1.019,0.336,1.56,0.461,0.898,1.874,2.038,3.12
0.458,1.182,0.952,2.08,0.407,2.301,0.916,2.364,4.16
0.729,0.676,1.231,0.951,4.587,1.648,1.458,1.352,1.902
0.912,1.267,0.914,2.525,2.478,4.141,1.824,2.534,5.05
0.701,0.973,1.05,0.16,2.12,2.618,1.402,1.946,0.32
0.955,1.176,0.139,1.298,2.083,3.29,1.91,2.352,2.596
0.319,1.492,1.149,3.11,2.041,4.393,0.638,2.984,6.22
0.184,1.025,1.284,0.236,3.924,2.072,0.368,2.05,0.472
1.032,0.54,1.048,2.187,3.233,4.547,2.064,1.08,4.374
0.731,1.282,0.491,3.113,0.523,3.473,1.462,2.564,6.226
1.095,0.371,1.018,3.972,2.942,1.877,2.19,0.742,7.944
0.81,0.115,0.463,3.832,0.366,2.502,1.62,0.23,7.664
0.97,1.203,1.017,3.021,3.045,3.274,1.94,2.406,6.042
0.16,1.026,0.471,1.072,3.087,4.83,0.32,2.052,2.144
0.106,0.364,0.15,1.807,0.596,4.941,0.212,0.728,3.614
0.719,0.357,1.47,4.824,2.997,1.062,1.438,0.714,9.648
0.154,1.078,1.376,3.016,4.56,2.031,0.308,2.156,6.032
1.083,1.257,1.26,0.297,3.36,2.199,2.166,2.514,0.594
0.236,0.996,0.333,4.725,4.062,3.908,0.472,1.992,9.45
0.19,0.36,0.31,2.259,3.518,2.452,0.38,0.72,4.518
0.508,0.955,0.499,2.006,0.312,2.504,1.016,1.91,4.012
1.17,0.296,0.512,3.48,1.042,0.853,2.34,0.592,6.96
1.482,1.286,0.151,3.981,1.223,1.583,2.964,2.572,7.962
0.703,0.941,0.231,0.72,1.349,2.696,1.406,1.882,1.44
1.067,0.177,0.552,1.048,4.93,0.177,2.134,0.354,2.096
0.126,1.253,0.246,3.665,0.981,3.828,0.252,2.506,7.33
1.421,1.157,0.497,4.155,2.733,2.825,2.842,2.314,8.31
0.413,1.319,0.362,1.378,4.35,0.919,0.826,2.638,2.756
0.895,0.533,1.02,3.396,2.726,2.884,1.79,1.066,6.792
1.321,1.306,1.132,4.362,4.737,2.832,2.642,2.612,8.724
0.47,1.485,1.212,4.068,3.414,1.262,0.94,2.97,8.136
0.94,1.453,0.578,3.57,0.05,1.517,1.88,2.906,7.14
0.747,1.477,1.428,1.531,1.853,3.342,1.494,2.954,3.062
1.334,0.139,0.857,1.348,4.761,2.235,2.668,0.278,2.696
0.335,0.159,0.622,1.824,0.781,1.658,0.67,0.318,3.648
0.275,1.38,0.13,0.574,2.127,3.653,0.55,2.76,1.148
1.173,0.314,0.669,0.562,4.866,2.505,2.346,0.628,1.124
1.307,0.9,1.459,0.708,1.969,2.117,2.614,1.8,1.416
1.021,0.984,0.568,2.891,1.68,3.737,2.042,1.968,5.782
1.471,0.672,0.454,2.91,1.652,0.031,2.942,1.344,5.82
0.737,1.245,0.191,4.166,0.76,1.688,1.474,2.49,8.332
0.586,0.101,1.273,2.314,2.717,2.806,1.172,0.202,4.628
0.964,1.059,0.246,1.021,0.636,0.191,1.928,2.118,2.042
0.237,0.463,0.802,4.715,4.406,3.522,0.474,0.926,9.43
0.904,0.757,0.394,4.39,2.861,1.198,1.808,1.514,8.78
0.9,0.706,1.061,3.313,0.793,1.999,1.8,1.412,6.626
0.858,0.291,0.223,1.012,0.541,3.354,1.716,0.582,2.024
0.298,0.881,0.39,4.184,1.796,1.866,0.596,1.762,8.368
1.123,0.253,0.978,3.652,4.949,3.949,2.246,0.506,7.304
0.707,0.797,0.223,2.52,2.177,3.908,1.414,1.594,5.04
1.158,0.892,0.361,3.196,1.197,4.413,2.316,1.784,6.392
1.176,0.765,0.652,3.986,4.658,0.679,2.352,1.53,7.972
0.25,1.271,1.015,0.816,4.464,2.188,0.5,2.542,1.632
1.062,0.587,0.129,4.001,0.862,0.503,2.124,1.174,8.002
1.288,0.688,1.022,1.632,0.798,0.148,2.576,1.376,3.264
0.868,1.282,0.54,0.739,2.591,1.694,1.736,2.564,1.478
0.778,1.001,1.124,3.191,1.843,4.905,1.556,2.002,6.382
1.433,1.189,1.298,0.678,4.325,2.166,2.866,2.378,1.356
1.363,0.111,1.353,1.603,0.035,1.014,2.726,0.222,3.206
0.588,1.221,1.384,4.135,4.093,1.04,1.176,2.442,8.27
0.465,1.173,0.412,0.38,2.907,1.749,0.93,2.346,0.76
0.393,0.851,1.377,2.516,1.297,2.338,0.786,1.702,5.032
0.562,1.347,0.567,4.121,3.096,2.156,1.124,2.694,8.242
0.626,0.536,0.868,0.123,1.549,2.71,1.252,1.072,0.246
1.143,0.269,1.059,4.672,2.403,0.791,2.286,0.538,9.344
0.916,1.281,0.574,3.421,4.112,2.968,1.832,2.562,6.842
0.701,0.18,0.157,4.104,3.266,1.066,1.402,0.36,8.208
1.078,0.796,1.113,3.494,3.031,3.238,2.156,1.592,6.988
0.693,0.686,0.274,4.034,1.213,1.017,1.386,1.372,8.068
0.268,0.399,0.613,0.361,3.84,1.624,0.536,0.798,0.722
0.904,0.192,0.173,2.873,2.692,2.539,1.808,0.384,5.746
1.469,0.335,0.123,3.906,0.166,4.353,2.938,0.67,7.812
0.631,0.248,0.931,1.153,4.789,0.083,1.262,0.496,2.306
0.124,0.466,1.497,0.744,2.603,3.137,0.248,0.932,1.488
1.487,0.363,1.176,1.589,2.549,1.6,2.974,0.726,3.178
1.186,1.245,0.506,4.517,1.616,4.681,2.372,2.49,9.034
0.235,0.103,0.472,4.419,1.264,4.404,0.47,0.206,8.838
0.728,1.257,1.309,0.074,3.532,2.836,1.456,2.514,0.148
1.097,1.492,0.602,4.747,2.298,2.603,2.194,2.984,9.494
1.039,0.392,0.933,4.777,1.261,4.974,2.078,0.784,9.554
0.214,1.353,0.957,2.56,2.135,0.127,0.428,2.706,5.12
1.073,1.477,0.662,2.888,0.434,3.197,2.146,2.954,5.776
1.08,0.133,1.259,3.32,3.964,4.482,2.16,0.266,6.64
0.377,1.382,1.494,3.335,2.477,2.614,0.754,2.764,6.67
0.193,0.506,0.704,0.81,0.629,2.246,0.386,1.012,1.62
0.78,0.97,0.433,2.258,0.806,3.263,1.56,1.94,4.516
0.316,0.28,1.29,1.818,2.615,4.625,0.632,0.56,3.636
1.119,1.151,0.545,3.995,1.418,3.775,2.238,2.302,7.99
0.602,1.305,0.4,1.4,0.968,1.845,1.204,2.61,2.8
0.916,1.184,0.761,0.539,4.982,4.219,1.832,2.368,1.078
1.267,0.56,0.533,2.637,4.317,4.431,2.534,1.12,5.274
0.589,0.28,0.981,2.837,3.96,1.959,1.178,0.56,5.674
0.57,1.463,1.001,1.822,2.132,4.418,1.14,2.926,3.644
0.349,0.812,0.515,1.068,2.99,4.593,0.698,1.624,2.136
1.171,0.888,0.865,2.574,4.051,3.598,2.342,1.776,5.148
0.874,0.449,1.348,3.168,2.756,3.422,1.748,0.898,6.336
1.412,1.46,1.276,2.205,1.761,2.959,2.824,2.92,4.41
0.255,0.226,0.626,0.194,3.501,0.252,0.51,0.452,0.388
0.379,0.403,0.76,3.678,2.054,4.811,0.758,0.806,7.356
0.507,0.905,1.309,0.728,4.685,0.072,1.014,1.81,1.456
1.111,0.504,0.324,2.779,3.532,4.878,2.222,1.008,5.558
0.652,0.807,1.191,4.803,1.939,3.732,1.304,1.614,9.606
1.438,0.269,0.951,0.374,2.223,4.042,2.876,0.538,0.748
0.625,0.335,1.394,2.611,3.925,0.178,1.25,0.67,5.222
1.487,0.451,0.742,1.311,4.138,1.447,2.974,0.902,2.622
0.658,0.734,1.456,2.628,4.295,1.061,1.316,1.468,5.256
0.3,0.523,0.408,0.946,0.012,0.504,0.6,1.046,1.892
1.142,1.394,0.516,1.37,2.038,0.296,2.284,2.788,2.74
0.993,0.606,0.99,2.076,1.228,4.159,1.986,1.212,4.152
0.521,0.705,1.146,2.144,1.88,3.684,1.042,1.41,4.288
0.335,1.243,0.511,2.621,1.605,2.455,0.67,2.486,5.242
0.242,0.743,0.525,2.222,0.334,1.687,0.484,1.486,4.444
1.09,1.212,0.639,2.015,3.788,2.476,2.18,2.424,4.03
1.467,0.749,1.023,0.306,4.122,4.781,2.934,1.498,0.612
0.172,1.172,1.016,2.144,0.328,0.671,0.344,2.344,4.288
0.118,1.135,1.331,1.338,1.357,1.919,0.236,2.27,2.676
0.318,0.388,0.469,0.03,0.954,4.856,0.636,0.776,0.06
0.83,1.473,1.079,4.955,0.824,2.132,1.66,2.946,9.91
0.143,1.377,1.217,3.013,4.242,2.61,0.286,2.754,6.026
0.807,0.267,0.739,2.59,0.96,0.47,1.614,0.534,5.18
0.536,1.027,0.504,1.298,2.065,4.776,1.072,2.054,2.596
1.26,0.505,0.379,4.653,0.01,2.597,2.52,1.01,9.306
1.38,1.446,0.557,3.233,2.395,0.099,2.76,2.892,6.466
0.114,0.755,1.297,2.027,4.178,0.936,0.228,1.51,4.054
1.358,0.945,1.398,1.707,4.689,0.567,2.716,1.89,3.414
0.127,1.048,0.579,0.481,0.144,4.093,0.254,2.096,0.962
0.534,0.443,0.808,1.661,3.465,3.985,1.068,0.886,3.322
0.25,1.136,1.336,4.168,1.849,1.516,0.5,2.272,8.336
0.88,0.292,0.159,3.797,1.519,2.041,1.76,0.584,7.594
1.242,0.735,1.149,3.523,2.689,2.932,2.484,1.47,7.046
0.669,0.704,0.551,3.736,1.614,2.245,1.338,1.408,7.472
0.684,1.088,1.377,3.484,4.221,1.521,1.368,2.176,6.968
0.553,1.058,1.126,1.379,3.066,0.984,1.106,2.116,2.758
0.7,1.212,1.169,2.366,4.372,2.176,1.4,2.424,4.732
0.648,0.353,0.179,4.918,0.528,2.09,1.296,0.706,9.836
0.553,0.175,0.736,3.916,0.797,2.084,1.106,0.35,7.832
0.547,0.49,0.738,0.297,0.17,2.554,1.094,0.98,0.594
0.513,0.177,0.524,0.552,4.482,4.473,1.026,0.354,1.104
1.217,0.666,0.371,0.788,0.268,2.352,2.434,1.332,1.576
0.287,0.958,1.259,1.388,4.14,0.038,0.574,1.916,2.776
0.121,1.161,0.14,2.722,2.322,3.822,0.242,2.322,5.444
1.123,0.988,0.191,3.124,1.097,0.633,2.246,1.976,6.248
0.847,1.396,1.02,4.006,3.639,4.826,1.694,2.792,8.012
1.211,1.38,1.067,0.024,4.667,4.781,2.422,2.76,0.048
0.963,1.08,0.292,4.104,0.038,3.444,1.926,2.16,8.208
1.326,0.939,1.436,4.102,4.046,1.849,2.652,1.878,8.204
0.156,0.295,1.424,0.275,0.834,3.886,0.312,0.59,0.55
0.106,0.259,0.755,2.098,1.505,4.172,0.212,0.518,4.196
1.365,1.256,0.313,4.181,2.19,3.055,2.73,2.512,8.362
0.292,1.051,0.27,0.924,0.088,0.948,0.584,2.102,1.848
1.275,0.176,0.873,4.082,1.666,4.131,2.55,0.352,8.164
0.362,1.232,0.77,4.255,1.055,1.477,0.724,2.464,8.51
0.768,0.82,0.711,3.609,3.419,0.374,1.536,1.64,7.218
0.736,1.133,0.616,3.408,1.297,2.803,1.472,2.266,6.816
1.085,0.127,0.49,4.728,2.384,1.905,2.17,0.254,9.456
0.958,0.967,0.804,1.752,1.215,2.815,1.916,1.934,3.504
0.116,0.851,0.996,0.65,4.085,3.203,0.232,1.702,1.3
0.792,0.838,0.162,3.456,1.999,2.616,1.584,1.676,6.912
1.287,1.211,0.622,3.937,3.071,0.12,2.574,2.422,7.874
0.441,0.27,0.918,4.951,1.613,4.213,0.882,0.54,9.902
1.23,1.262,0.795,2.178,0.408,0.835,2.46,2.524,4.356
0.64,1.249,0.995,3.954,1.601,2.301,1.28,2.498,7.908
1.145,0.49,0.864,0.133,0.145,4.006,2.29,0.98,0.266
1.436,1.495,0.743,2.587,0.967,2.428,2.872,2.99,5.174
0.909,1.146,1.038,3.465,2.951,1.463,1.818,2.292,6.93
1.367,1.328,0.816,3.544,4.886,1.828,2.734,2.656,7.088
0.199,0.654,0.281,1.17,3.977,2.024,0.398,1.308,2.34
0.333,1.253,1.123,3.079,3.373,3.88,0.666,2.506,6.158
1.168,0.458,0.929,1.411,1.161,2.281,2.336,0.916,2.822
0.717,0.546,0.717,4.897,4.988,2.114,1.434,1.092,9.794
0.895,0.958,1.133,2.841,0.014,4.832,1.79,1.916,5.682
0.15,0.861,0.768,4.422,2.98,2.557,0.3,1.722,8.844
0.728,0.884,0.158,3.673,4.028,3.021,1.456,1.768,7.346
1.331,0.746,0.914,1.923,0.643,2.797,2.662,1.492,3.846
1.139,1.079,1.403,1.532,0.893,4.645,2.278,2.158,3.064
0.175,0.237,0.627,3.928,3.076,0.081,0.35,0.474,7.856
1.184,1.417,0.386,0.831,2.566,0.948,2.368,2.834,1.662
0.884,0.541,0.154,0.188,1.46,1.851,1.768,1.082,0.376
0.733,1.023,1.42,1.833,3.53,1.033,1.466,2.046,3.666
0.493,1.46,0.792,4.739,2.006,3.549,0.986,2.92,9.478
0.301,0.135,1.072,0.142,4.936,2.242,0.602,0.27,0.284
0.514,1.251,0.41,3.134,2.628,2.546,1.028,2.502,6.268
0.838,1.198,0.727,0.565,1.792,3.891,1.676,2.396,1.13
1.18,0.646,0.382,4.9,2.559,3.317,2.36,1.292,9.8
1.012,1.283,1.097,1.007,3.222,4.924,2.024,2.566,2.014
0.41,1.32,1.46,3.962,0.583,3.484,0.82,2.64,7.924
0.617,0.724,1.102,4.807,1.846,2.489,1.234,1.448,9.614
1.248,1.007,0.784,4.742,1.161,3.727,2.496,2.014,9.484
0.732,0.737,1.399,0.968,0.249,1.251,1.464,1.474,1.936
0.426,1.261,0.831,1.747,3.0,2.465,0.852,2.522,3.494
0.704,0.753,0.443,4.475,1.979,1.485,1.408,1.506,8.95
1.228,0.872,0.481,0.891,2.525,3.005,2.456,1.744,1.782
0.776,0.367,0.987,0.648,4.183,1.312,1.552,0.734,1.296
1.443,0.517,0.616,3.321,4.657,4.878,2.886,1.034,6.642
1.31,1.09,1.115,1.344,0.687,1.422,2.62,2.18,2.688
0.807,1.387,0.82,4.138,2.283,3.622,1.614,2.774,8.276
1.231,1.363,0.303,1.163,2.89,0.263,2.462,2.726,2.326
1.479,0.939,0.604,2.186,2.62,4.926,2.958,1.878,4.372
1.235,0.881,1.333,3.013,4.262,0.637,2.47,1.762,6.026
0.542,1.347,0.177,4.184,3.209,4.312,1.084,2.694,8.368
1.194,1.051,1.174,3.882,3.938,2.866,2.388,2.102,7.764
0.602,0.235,0.614,0.83,4.295,0.229,1.204,0.47,1.66
1.149,1.048,0.208,4.255,3.694,2.577,2.298,2.096,8.51
1.109,1.401,1.043,3.098,2.765,3.523,2.218,2.802,6.196
1.378,0.304,1.295,4.051,3.445,0.033,2.756,0.608,8.102
0.548,0.329,0.888,4.621,0.703,2.89,1.096,0.658,9.242
0.301,0.707,0.722,1.591,1.537,0.558,0.602,1.414,3.182
0.693,0.585,0.604,0.165,4.698,0.232,1.386,1.17,0.33
0.998,1.293,0.24,0.066,2.734,0.477,1.996,2.586,0.132
0.813,0.806,0.278,4.048,2.457,0.637,1.626,1.612,8.096
0.488,0.503,0.984,4.238,4.866,2.936,0.976,1.006,8.476
0.377,1.144,0.527,1.373,4.163,0.112,0.754,2.288,2.746
0.355,1.249,0.196,4.974,0.498,2.341,0.71,2.498,9.948
0.832,0.409,0.606,4.492,2.089,0.158,1.664,0.818,8.984
0.743,0.747,1.172,3.762,2.509,3.66,1.486,1.494,7.524
0.763,0.707,1.0,1.121,4.723,1.235,1.526,1.414,2.242
1.467,1.101,1.109,1.044,1.346,4.268,2.934,2.202,2.088
1.247,0.713,1.109,0.4,0.064,2.522,2.494,1.426,0.8
1.113,0.632,1.456,2.37,1.943,1.138,2.226,1.264,4.74
0.938,1.494,0.866,3.9,0.82,4.452,1.876,2.988,7.8
0.216,0.396,0.513,2.23,0.098,1.04,0.432,0.792,4.46
0.29,1.032,1.155,4.516,3.091,2.707,0.58,2.064,9.032
1.295,0.95,1.403,4.081,4.315,4.165,2.59,1.9,8.162
1.167,0.359,1.393,1.972,2.067,1.71,2.334,0.718,3.944
0.479,0.455,0.491,3.571,3.915,2.582,0.958,0.91,7.142
1.229,1.12,0.942,2.908,4.131,1.615,2.458,2.24,5.816
0.274,0.847,0.176,3.785,0.767,0.368,0.548,1.694,7.57
1.006,0.321,0.904,3.918,0.218,3.39,2.012,0.642,7.836
1.281,1.133,0.147,4.32,3.978,2.702,2.562,2.266,8.64
1.408,0.631,1.209,3.071,0.866,0.8,2.816,1.262,6.142
0.528,1.221,0.707,1.938,3.269,3.966,1.056,2.442,3.876
0.685,1.366,0.423,4.73,4.137,3.265,1.37,2.732,9.46
1.385,0.936,0.488,3.157,1.807,2.671,2.77,1.872,6.314
1.425,1.32,0.822,4.538,4.979,2.603,2.85,2.64,9.076
0.314,1.425,1.442,2.875,3.513,1.23,0.628,2.85,5.75
1.127,0.224,1.056,4.914,2.591,2.571,2.254,0.448,9.828
0.575,0.282,0.113,0.975,1.27,2.04,1.15,0.564,1.95
1.229,0.443,1.445,1.514,2.884,2.697,2.458,0.886,3.028
0.563,0.52,1.06,2.727,2.155,3.124,1.126,1.04,5.454
0.159,1.237,0.603,1.275,3.794,4.121,0.318,2.474,2.55
1.444,0.363,0.795,0.769,3.468,0.305,2.888,0.726,1.538
0.84,0.985,1.365,1.725,2.542,4.91,1.68,1.97,3.45
0.11,0.257,0.416,4.638,3.962,4.886,0.22,0.514,9.276
0.37,1.35,0.723,0.308,1.959,3.265,0.74,2.7,0.616
1.498,0.877,1.098,3.333,3.061,4.32,2.996,1.754,6.666
0.443,1.341,0.916,0.383,1.137,4.026,0.886,2.682,0.766
0.935,1.361,0.746,3.505,2.39,3.003,1.87,2.722,7.01
0.461,0.48,0.532,3.524,3.735,4.851,0.922,0.96,7.048
0.742,0.183,0.6,3.256,3.482,4.668,1.484,0.366,6.512
1.022,1.311,0.849,4.431,2.917,0.094,2.044,2.622,8.862
0.601,0.752,1.26,4.125,1.82,0.419,1.202,1.504,8.25
1.016,0.208,0.742,1.015,4.495,3.917,2.032,0.416,2.03
0.347,0.741,1.278,1.425,1.244,0.169,0.694,1.482,2.85
0.37,0.139,0.452,4.484,0.181,3.693,0.74,0.278,8.968
0.588,0.473,0.896,2.707,2.949,3.929,1.176,0.946,5.414
0.791,0.427,1.302,1.271,2.908,2.559,1.582,0.854,2.542
0.466,0.932,1.47,4.796,2.972,1.8,0.932,1.864,9.592
0.751,0.447,1.041,0.271,0.238,0.798,1.502,0.894,0.542
0.884,0.167,1.038,3.289,0.132,4.383,1.768,0.334,6.578
0.716,0.425,0.386,0.163,2.766,1.152,1.432,0.85,0.326
0.138,0.689,1.327,0.526,2.666,4.035,0.276,1.378,1.052
0.143,1.214,0.118,1.436,4.097,3.977,0.286,2.428,2.872
0.714,0.498,0.166,3.676,1.589,4.177,1.428,0.996,7.352
1.366,0.751,1.293,0.033,3.161,2.033,2.732,1.502,0.066
0.14,1.456,0.962,3.0,3.384,1.316,0.28,2.912,6.0
0.626,1.191,0.343,0.402,3.061,3.854,1.252,2.382,0.804
1.299,0.703,0.252,0.637,3.691,3.512,2.598,1.406,1.274
0.541,1.057,1.306,4.905,2.888,1.232,1.082,2.114,9.81
0.921,1.396,0.15,3.342,3.677,3.633,1.842,2.792,6.684
1.151,0.179,1.326,2.165,2.645,2.41,2.302,0.358,4.33
0.635,0.871,0.78,1.037,3.075,0.098,1.27,1.742,2.074
0.449,1.16,0.133,1.755,0.098,2.568,0.898,2.32,3.51
0.254,0.82,0.676,1.776,0.378,4.734,0.508,1.64,3.552
1.16,0.894,0.544,3.373,3.481,1.508,2.32,1.788,6.746
0.595,1.408,1.246,2.256,3.025,0.513,1.19,2.816,4.512
1.056,1.278,1.242,0.817,4.725,3.477,2.112,2.556,1.634
0.543,1.389,1.055,1.137,0.388,4.196,1.086,2.778,2.274
0.472,0.308,1.101,0.074,3.507,2.588,0.944,0.616,0.148
0.286,1.466,1.249,1.078,4.208,2.523,0.572,2.932,2.156
1.381,0.432,0.209,0.418,1.809,1.326,2.762,0.864,0.836
1.044,0.591,1.276,0.462,3.407,1.211,2.088,1.182,0.924
1.091,0.146,1.444,0.921,4.944,0.509,2.182,0.292,1.842
1.133,0.669,0.562,2.958,2.897,3.731,2.266,1.338,5.916
0.645,0.728,0.557,3.668,0.317,1.905,1.29,1.456,7.336
1.454,0.991,1.18,1.034,0.458,2.94,2.908,1.982,2.068
0.463,1.403,0.607,1.242,2.78,3.887,0.926,2.806,2.484
1.292,0.613,0.578,0.858,4.43,3.252,2.584,1.226,1.716
0.47,0.566,1.34,2.538,0.07,0.154,0.94,1.132,5.076
1.191,1.381,1.439,1.518,0.979,3.926,2.382,2.762,3.036
0.989,0.452,1.324,0.6,0.683,1.972,1.978,0.904,1.2
1.166,0.633,0.189,3.191,4.94,3.953,2.332,1.266,6.382
0.902,0.485,1.318,2.261,2.231,0.692,1.804,0.97,4.522
1.233,0.63,1.383,0.616,0.097,4.197,2.466,1.26,1.232
0.408,0.595,0.128,0.163,2.727,0.666,0.816,1.19,0.326
0.262,0.486,0.281,2.831,0.69,3.098,0.524,0.972,5.662
0.425,0.74,1.25,1.581,0.164,1.152,0.85,1.48,3.162
1.466,0.507,0.823,0.577,3.219,0.484,2.932,1.014,1.154
1.156,0.518,1.356,2.415,4.33,3.801,2.312,1.036,4.83
0.93,0.767,0.54,1.087,1.417,2.738,1.86,1.534,2.174
1.234,1.229,1.068,2.27,2.656,0.641,2.468,2.458,4.54
1.172,0.89,0.3,4.443,3.103,3.195,2.344,1.78,8.886
1.489,0.408,0.312,2.161,0.712,2.334,2.978,0.816,4.322
1.301,0.788,1.053,3.976,3.248,4.023,2.602,1.576,7.952
0.254,0.82,1.374,4.46,4.605,1.246,0.508,1.64,8.92
0.566,0.862,0.768,3.553,4.305,3.783,1.132,1.724,7.106
0.36,0.593,0.574,2.132,4.017,3.873,0.72,1.186,4.264
1.291,1.032,0.43,4.906,2.609,0.485,2.582,2.064,9.812
1.178,0.321,0.16,2.02,1.115,0.263,2.356,0.642,4.04
1.325,1.34,0.345,3.989,2.916,3.373,2.65,2.68,7.978
0.458,1.231,1.043,1.294,0.186,4.815,0.916,2.462,2.588
1.162,0.123,0.118,3.774,0.471,0.282,2.324,0.246,7.548
0.111,1.082,0.915,1.38,2.978,0.954,0.222,2.164,2.76
0.957,1.11,1.23,0.107,1.028,2.169,1.914,2.22,0.214
1.354,0.875,1.181,0.121,2.674,1.883,2.708,1.75,0.242
1.089,0.485,1.432,0.025,4.952,1.461,2.178,0.97,0.05
1.041,1.069,0.481,2.556,4.001,0.514,2.082,2.138,5.112
1.187,1.24,0.981,3.286,2.679,3.074,2.374,2.48,6.572
0.967,1.273,1.099,4.643,4.781,1.263,1.934,2.546,9.286
1.397,0.185,0.781,3.799,1.87,2.284,2.794,0.37,7.598
0.99,0.569,1.347,4.081,2.615,0.863,1.98,1.138,8.162
0.752,0.402,1.341,4.399,4.685,3.515,1.504,0.804,8.798
1.46,0.575,1.343,2.744,2.395,0.051,2.92,1.15,5.488
0.459,0.812,1.426,4.251,0.479,1.339,0.918,1.624,8.502
0.768,0.719,1.215,3.992,4.646,4.966,1.536,1.438,7.984
0.134,0.991,0.74,3.776,3.948,2.848,0.268,1.982,7.552
0.228,0.242,1.251,3.818,3.434,4.977,0.456,0.484,7.636
0.46,1.424,1.244,4.778,2.056,0.004,0.92,2.848,9.556
1.344,0.925,0.679,4.18,1.204,2.201,2.688,1.85,8.36
1.207,0.37,0.685,3.23,4.74,0.828,2.414,0.74,6.46
0.349,0.917,0.803,2.646,2.003,1.714,0.698,1.834,5.292
0.755,0.295,1.452,4.193,0.524,4.436,1.51,0.59,8.386
0.926,0.478,0.26,3.409,0.154,0.875,1.852,0.956,6.818
0.182,0.531,0.868,2.201,3.355,4.347,0.364,1.062,4.402
1.423,0.913,0.347,2.283,3.573,1.973,2.846,1.826,4.566
1.454,0.903,1.056,1.114,2.026,0.754,2.908,1.806,2.228
0.825,0.802,1.213,0.055,3.913,3.002,1.65,1.604,0.11
0.564,1.238,1.231,0.546,1.203,1.324,1.128,2.476,1.092
0.708,1.212,0.888,0.775,0.191,2.323,1.416,2.424,1.55
0.759,0.263,0.909,2.185,4.173,1.902,1.518,0.526,4.37
0.203,1.227,1.159,2.466,1.292,0.855,0.406,2.454,4.932
1.387,1.298,1.305,4.763,1.155,1.132,2.774,2.596,9.526
0.961,1.224,0.407,0.907,1.998,3.265,1.922,2.448,1.814
0.369,0.192,0.844,2.877,3.999,1.289,0.738,0.384,5.754
0.272,0.119,0.438,3.471,4.038,4.048,0.544,0.238,6.942
0.875,1.111,1.099,2.067,2.186,2.404,1.75,2.222,4.134
1.269,0.595,0.754,1.124,1.101,0.512,2.538,1.19,2.248
1.379,0.362,0.682,0.607,3.176,0.447,2.758,0.724,1.214
0.663,1.351,0.707,4.579,0.468,0.155,1.326,2.702,9.158
0.203,0.763,0.101,0.661,2.462,3.511,0.406,1.526,1.322
0.721,0.862,0.882,4.765,4.041,0.434,1.442,1.724,9.53
1.178,1.381,0.901,2.927,2.602,3.054,2.356,2.762,5.854
1.333,0.734,1.477,3.856,3.754,1.995,2.666,1.468,7.712
1.132,1.073,0.131,3.772,4.357,3.763,2.264,2.146,7.544
1.01,1.375,0.666,1.222,3.993,0.761,2.02,2.75,2.444
1.173,0.944,1.172,2.968,1.07,2.026,2.346,1.888,5.936
0.349,1.262,0.236,2.615,3.716,1.792,0.698,2.524,5.23
0.58,0.602,1.054,0.28,1.577,3.538,1.16,1.204,0.56
0.103,0.691,1.096,2.484,3.504,0.436,0.206,1.382,4.968
0.179,0.542,0.553,3.978,0.373,4.157,0.358,1.084,7.956
0.298,0.142,0.726,4.524,4.241,3.452,0.596,0.284,9.048
0.514,0.179,0.273,1.802,3.748,1.436,1.028,0.358,3.604
1.434,0.31,0.793,1.372,4.716,1.885,2.868,0.62,2.744
1.401,0.114,1.382,0.179,2.815,4.567,2.802,0.228,0.358
1.242,0.174,0.769,2.023,0.167,0.74,2.484,0.348,4.046
0.295,1.066,0.114,0.812,0.565,4.872,0.59,2.132,1.624
0.102,0.25,0.919,4.191,1.631,3.607,0.204,0.5,8.382
1.466,0.131,1.012,1.924,1.689,2.322,2.932,0.262,3.848
1.374,0.926,1.032,3.473,2.714,1.283,2.748,1.852,6.946
0.437,0.808,0.34,4.993,4.111,3.945,0.874,1.616,9.986
1.374,0.411,0.488,2.383,3.833,4.15,2.748,0.822,4.766
0.92,0.3,1.393,3.128,0.929,3.08,1.84,0.6,6.256
0.728,1.178,1.489,4.143,2.669,1.938,1.456,2.356,8.286
0.65,0.725,0.518,0.326,3.806,2.494,1.3,1.45,0.652
0.84,0.658,1.291,1.127,4.882,1.668,1.68,1.316,2.254
0.758,0.237,0.653,0.503,4.67,1.424,1.516,0.474,1.006
1.028,0.768,1.171,3.5,4.63,0.466,2.056,1.536,7.0
0.305,1.063,0.558,2.143,3.618,1.386,0.61,2.126,4.286
0.68,1.45,0.781,4.128,3.175,0.591,1.36,2.9,8.256
0.116,0.764,0.996,4.089,0.822,0.832,0.232,1.528,8.178
0.43,0.997,0.607,2.364,4.905,4.503,0.86,1.994,4.728
0.201,1.467,1.446,0.243,0.623,1.806,0.402,2.934,0.486
0.115,1.183,1.469,2.023,4.833,2.161,0.23,2.366,4.046
0.829,0.191,0.849,2.118,3.831,4.67,1.658,0.382,4.236
0.395,1.349,0.221,2.578,1.678,0.646,0.79,2.698,5.156
1.017,0.623,0.296,1.947,0.237,2.651,2.034,1.246,3.894
0.925,0.751,1.459,3.812,4.12,4.792,1.85,1.502,7.624
1.353,1.033,0.51,3.142,3.264,2.127,2.706,2.066,6.284
0.111,0.567,1.15,3.041,2.35,0.05,0.222,1.134,6.082
0.259,0.245,1.1,1.51,0.858,3.388,0.518,0.49,3.02
0.369,0.433,0.864,2.056,2.732,3.644,0.738,0.866,4.112
0.916,0.948,1.014,4.944,3.517,3.606,1.832,1.896,9.888
1.388,0.916,1.388,3.701,1.071,0.296,2.776,1.832,7.402
0.458,0.886,1.318,1.979,2.445,3.196,0.916,1.772,3.958
0.782,1.452,0.756,0.235,4.985,3.356,1.564,2.904,0.47
0.35,1.483,1.308,0.207,0.88,2.916,0.7,2.966,0.414
0.194,1.38,0.533,0.593,2.731,2.355,0.388,2.76,1.186
0.655,0.655,1.499,2.186,4.232,0.05,1.31,1.31,4.372
0.548,0.34,0.671,4.418,2.799,3.34,1.096,0.68,8.836
0.481,0.109,1.453,3.027,3.595,1.434,0.962,0.218,6.054
1.397,1.131,0.306,3.01,4.005,1.89,2.794,2.262,6.02
0.187,0.769,0.856,2.138,2.434,4.783,0.374,1.538,4.276
0.16,0.854,0.381,4.231,4.858,3.512,0.32,1.708,8.462
0.127,0.105,0.747,0.169,4.953,2.571,0.254,0.21,0.338
0.793,0.892,1.219,3.591,4.066,0.988,1.586,1.784,7.182
0.937,1.082,1.095,3.363,1.004,4.631,1.874,2.164,6.726
0.576,0.734,0.721,3.656,3.863,1.009,1.152,1.468,7.312
0.591,0.383,0.672,1.522,1.676,4.453,1.182,0.766,3.044
0.541,0.936,1.32,1.537,1.752,0.679,1.082,1.872,3.074
1.297,0.786,0.852,3.772,0.015,2.4,2.594,1.572,7.544
0.595,1.423,0.919,4.081,0.722,3.691,1.19,2.846,8.162
1.075,0.39,0.953,3.875,3.887,0.438,2.15,0.78,7.75
0.637,0.403,1.123,3.899,1.476,3.715,1.274,0.806,7.798
0.154,0.614,1.288,1.927,4.752,2.801,0.308,1.228,3.854
1.089,0.701,0.247,1.73,3.034,0.856,2.178,1.402,3.46
1.057,0.934,0.158,2.014,3.077,4.313,2.114,1.868,4.028
1.272,0.436,0.584,1.3,0.955,0.509,2.544,0.872,2.6
1.033,0.44,1.261,4.925,1.443,0.796,2.066,0.88,9.85
1.448,0.677,1.457,0.504,2.331,1.302,2.896,1.354,1.008
1.251,1.432,1.278,3.265,0.591,3.116,2.502,2.864,6.53
0.115,1.299,0.787,1.46,1.057,1.531,0.23,2.598,2.92
1.019,1.241,0.785,3.119,1.668,0.497,2.038,2.482,6.238
1.1,0.274,0.848,4.615,2.585,4.514,2.2,0.548,9.23
0.914,0.26,1.071,3.74,4.242,2.732,1.828,0.52,7.48
1.164,1.283,0.336,2.358,4.088,1.178,2.328,2.566,4.716
0.65,0.104,0.105,0.445,4.346,4.11,1.3,0.208,0.89
1.127,0.817,1.421,3.416,3.935,4.766,2.254,1.634,6.832
1.403,0.496,1.307,1.874,2.888,1.745,2.806,0.992,3.748
1.354,1.029,0.327,1.577,1.844,1.649,2.708,2.058,3.154
1.403,0.252,0.636,0.497,2.095,2.15,2.806,0.504,0.994
0.134,0.523,0.147,0.31,2.49,4.432,0.268,1.046,0.62
0.661,0.767,0.296,4.198,2.523,4.152,1.322,1.534,8.396
0.884,0.416,0.181,4.544,0.247,2.536,1.768,0.832,9.088
0.739,1.182,0.12,3.458,2.277,1.908,1.478,2.364,6.916
1.179,1.16,0.465,1.808,3.097,0.49,2.358,2.32,3.616
1.257,1.399,1.036,0.356,4.522,3.874,2.514,2.798,0.712
0.958,1.293,1.391,2.899,2.277,0.616,1.916,2.586,5.798
0.689,0.765,1.066,2.908,1.759,0.024,1.378,1.53,5.816
0.521,0.14,1.116,0.896,1.263,3.402,1.042,0.28,1.792
0.985,0.786,1.183,3.208,2.49,2.838,1.97,1.572,6.416
1.21,0.125,1.074,3.62,3.346,4.75,2.42,0.25,7.24
0.744,0.901,0.228,0.126,0.34,2.245,1.488,1.802,0.252
0.302,0.868,1.336,1.105,3.548,1.151,0.604,1.736,2.21
0.25,0.34,0.777,4.701,1.687,3.188,0.5,0.68,9.402
1.391,0.734,0.186,3.485,1.946,2.358,2.782,1.468,6.97
0.424,0.577,0.494,2.113,3.737,4.236,0.848,1.154,4.226
1.027,0.755,1.145,1.056,2.612,0.976,2.054,1.51,2.112
1.153,0.196,0.354,3.868,3.784,3.141,2.306,0.392,7.736
1.33,0.133,0.702,3.794,0.352,0.351,2.66,0.266,7.588
0.661,0.287,0.741,1.915,4.964,1.294,1.322,0.574,3.83
0.6,1.411,1.261,2.212,3.471,0.442,1.2,2.822,4.424
1.138,1.351,0.492,4.807,3.176,0.209,2.276,2.702,9.614
0.852,1.209,0.334,1.966,3.592,0.886,1.704,2.418,3.932
0.232,0.533,0.197,1.377,0.996,0.571,0.464,1.066,2.754
1.007,0.434,1.297,1.39,1.014,0.03,2.014,0.868,2.78
1.317,0.802,0.678,2.882,1.422,0.81,2.634,1.604,5.764
0.955,0.508,0.568,2.013,4.179,2.68,1.91,1.016,4.026
0.691,0.703,1.324,3.743,2.722,1.819,1.382,1.406,7.486
0.665,0.821,0.757,3.615,1.903,3.667,1.33,1.642,7.23
1.492,0.547,0.775,2.548,3.704,3.152,2.984,1.094,5.096
1.438,0.155,1.295,0.945,3.641,0.563,2.876,0.31,1.89
0.306,0.651,1.337,4.017,2.685,3.019,0.612,1.302,8.034
0.733,0.421,1.059,4.829,4.152,3.282,1.466,0.842,9.658
0.749,1.229,0.878,1.397,4.475,0.528,1.498,2.458,2.794
0.508,0.776,0.499,1.355,1.162,2.158,1.016,1.552,2.71
0.449,1.011,0.76,0.479,1.482,4.052,0.898,2.022,0.958
1.174,0.678,0.507,2.828,1.866,3.774,2.348,1.356,5.656
1.321,0.145,0.967,0.683,0.562,3.191,2.642,0.29,1.366
0.597,0.923,0.253,4.427,1.637,2.022,1.194,1.846,8.854
0.895,0.233,1.387,1.21,1.319,4.674,1.79,0.466,2.42
0.565,0.7,0.82,1.689,1.527,3.744,1.13,1.4,3.378
0.463,1.18,0.851,4.651,2.859,4.603,0.926,2.36,9.302
1.295,0.712,1.166,3.577,4.55,3.263,2.59,1.424,7.154
1.081,1.286,0.423,4.982,0.491,2.516,2.162,2.572,9.964
1.29,1.038,0.741,3.137,2.103,1.599,2.58,2.076,6.274
0.779,0.723,0.313,3.385,2.119,4.105,1.558,1.446,6.77
0.86,0.387,1.285,1.738,1.681,0.348,1.72,0.774,3.476
1.301,0.144,1.062,3.428,2.557,1.615,2.602,0.288,6.856
0.431,0.855,0.987,4.644,0.994,4.935,0.862,1.71,9.288
1.204,0.545,0.62,2.452,4.678,2.301,2.408,1.09,4.904
0.778,0.981,1.417,3.382,1.137,1.658,1.556,1.962,6.764
0.376,0.969,0.108,2.937,1.483,0.99,0.752,1.938,5.874
0.519,0.341,1.36,2.608,1.866,4.471,1.038,0.682,5.216
0.3,1.38,0.602,0.333,0.386,3.123,0.6,2.76,0.666
1.043,0.11,1.093,3.753,0.36,3.578,2.086,0.22,7.506
0.665,0.976,0.33,1.409,3.527,2.757,1.33,1.952,2.818
1.177,1.447,0.969,1.704,3.647,0.118,2.354,2.894,3.408
0.382,1.427,0.937,4.426,4.415,3.13,0.764,2.854,8.852
1.354,0.115,0.601,2.041,2.811,2.406,2.708,0.23,4.082
0.522,0.893,0.743,4.015,3.845,3.877,1.044,1.786,8.03
1.322,0.885,0.657,4.068,3.47,0.801,2.644,1.77,8.136
0.787,0.234,0.525,0.699,3.374,2.554,1.574,0.468,1.398
0.417,1.02,0.775,2.004,3.608,1.175,0.834,2.04,4.008
1.045,0.272,0.774,2.201,0.841,1.457,2.09,0.544,4.402
0.177,1.368,1.343,4.935,4.925,1.241,0.354,2.736,9.87
0.301,1.16,1.23,1.812,2.777,0.671,0.602,2.32,3.624
0.954,1.449,0.344,2.901,0.279,4.086,1.908,2.898,5.802
1.101,1.297,0.156,1.767,1.523,0.925,2.202,2.594,3.534
0.344,1.29,1.084,4.272,3.226,3.678,0.688,2.58,8.544
1.43,0.241,0.747,4.869,2.39,4.019,2.86,0.482,9.738
0.517,0.388,1.462,1.31,0.91,4.996,1.034,0.776,2.62
0.358,0.456,1.4,1.681,3.626,4.436,0.716,0.912,3.362
0.481,1.263,1.159,0.146,2.568,1.03,0.962,2.526,0.292
0.104,1.038,1.336,1.797,1.385,2.117,0.208,2.076,3.594
1.148,1.451,1.109,1.785,1.242,1.944,2.296,2.902,3.57
0.149,1.206,1.04,2.395,4.692,4.572,0.298,2.412,4.79
0.749,0.298,1.332,2.995,0.752,2.01,1.498,0.596,5.99
0.431,1.259,1.218,1.106,0.089,0.162,0.862,2.518,2.212
0.496,0.466,0.237,4.995,1.935,1.665,0.992,0.932,9.99
0.348,0.25,0.545,3.333,1.125,4.056,0.696,0.5,6.666
0.565,0.698,1.478,4.08,4.881,3.661,1.13,1.396,8.16
0.964,0.64,1.439,4.46,4.894,2.808,1.928,1.28,8.92
0.369,0.876,0.885,0.796,4.687,0.583,0.738,1.752,1.592
1.385,0.57,0.323,4.984,1.088,1.002,2.77,1.14,9.968
0.577,0.377,0.577,2.664,2.245,0.852,1.154,0.754,5.328
1.3,0.447,1.046,1.622,3.484,0.165,2.6,0.894,3.244
0.617,0.352,0.385,4.565,1.223,1.978,1.234,0.704,9.13
1.027,0.319,1.104,0.282,1.223,2.978,2.054,0.638,0.564
0.165,0.455,1.061,0.874,1.648,1.949,0.33,0.91,1.748
0.277,0.223,0.35,0.569,2.331,4.861,0.554,0.446,1.138
0.928,1.049,1.133,3.247,3.134,1.926,1.856,2.098,6.494
0.261,1.491,1.329,0.46,2.531,4.167,0.522,2.982,0.92
1.129,1.022,1.075,3.915,1.042,3.858,2.258,2.044,7.83
0.795,0.469,0.621,2.305,0.322,1.957,1.59,0.938,4.61
1.019,0.954,1.397,1.138,2.158,4.6,2.038,1.908,2.276
0.969,1.35,1.453,4.671,1.05,4.364,1.938,2.7,9.342
1.321,0.67,1.422,0.964,2.646,0.014,2.642,1.34,1.928
1.269,0.208,0.254,2.849,1.454,4.762,2.538,0.416,5.698
1.017,1.181,1.3,0.586,0.64,2.99,2.034,2.362,1.172
1.457,1.36,1.06,2.843,3.522,4.231,2.914,2.72,5.686
0.834,0.835,0.279,3.69,1.9,0.25,1.668,1.67,7.38
0.388,0.291,0.808,4.384,4.033,1.755,0.776,0.582,8.768
0.363,1.206,0.778,3.246,2.418,2.244,0.726,2.412,6.492
0.732,0.72,0.548,1.0,0.133,0.864,1.464,1.44,2.0
0.567,0.389,1.291,1.74,0.348,0.29,1.134,0.778,3.48
0.333,0.114,0.53,3.455,1.295,1.737,0.666,0.228,6.91
1.078,1.377,0.132,1.786,2.052,1.785,2.156,2.754,3.572
1.052,0.963,0.722,3.537,0.529,0.3,2.104,1.926,7.074
0.95,0.76,0.357,4.567,1.271,0.275,1.9,1.52,9.134
1.381,0.786,0.567,4.997,3.81,1.257,2.762,1.572,9.994
0.766,0.193,1.331,3.868,4.189,3.747,1.532,0.386,7.736
1.244,0.159,0.469,1.13,0.356,3.159,2.488,0.318,2.26
1.312,0.137,0.391,3.223,3.387,1.126,2.624,0.274,6.446
0.692,1.053,0.483,3.546,2.468,2.27,1.384,2.106,7.092
0.814,1.111,1.372,1.633,4.0,0.456,1.628,2.222,3.266
0.556,1.085,0.38,1.79,4.274,3.855,1.112,2.17,3.58
1.007,0.186,0.322,2.02,4.477,2.915,2.014,0.372,4.04
0.923,0.256,1.145,4.839,2.187,3.324,1.846,0.512,9.678
0.541,0.235,1.167,0.763,0.355,2.628,1.082,0.47,1.526
0.235,1.007,0.623,1.727,1.337,4.591,0.47,2.014,3.454
0.46,0.476,0.59,1.912,2.804,3.421,0.92,0.952,3.824
0.921,0.479,0.836,4.719,3.619,2.794,1.842,0.958,9.438
0.174,0.393,0.654,3.792,3.288,3.297,0.348,0.786,7.584
0.528,0.95,0.329,4.152,3.946,0.459,1.056,1.9,8.304
0.193,0.302,1.009,3.534,2.586,2.181,0.386,0.604,7.068
0.387,1.34,0.509,2.656,3.829,4.896,0.774,2.68,5.312
0.6,1.355,1.048,2.728,4.676,0.759,1.2,2.71,5.456
0.747,0.552,0.52,3.087,0.346,4.369,1.494,1.104,6.174
1.137,0.248,0.708,3.753,1.386,4.792,2.274,0.496,7.506
0.956,0.716,0.877,4.695,4.133,2.815,1.912,1.432,9.39
0.626,1.242,0.444,4.641,2.048,0.561,1.252,2.484,9.282
1.467,0.582,0.986,3.675,2.917,3.086,2.934,1.164,7.35
1.265,0.375,0.529,1.311,2.185,4.21,2.53,0.75,2.622
0.726,1.276,0.102,1.002,1.524,4.233,1.452,2.552,2.004
0.795,1.21,0.601,3.308,2.309,4.558,1.59,2.42,6.616
0.666,0.413,0.62,0.806,2.034,0.913,1.332,0.826,1.612
0.154,1.479,1.408,4.622,4.692,1.114,0.308,2.958,9.244
0.364,0.678,1.114,0.623,0.2,0.135,0.728,1.356,1.246
0.8,0.276,0.867,4.76,4.277,0.511,1.6,0.552,9.52
0.498,0.12,0.904,0.777,4.449,1.646,0.996,0.24,1.554
0.871,0.353,1.196,1.411,1.585,4.477,1.742,0.706,2.822
0.411,1.469,0.657,1.392,2.735,2.873,0.822,2.938,2.784
1.256,1.22,0.745,0.491,3.295,3.791,2.512,2.44,0.982
0.913,1.126,0.453,3.398,4.066,3.893,1.826,2.252,6.796
1.402,1.408,0.908,2.012,3.027,3.868,2.804,2.816,4.024
0.306,0.945,1.398,3.034,1.921,0.228,0.612,1.89,6.068
1.278,0.541,1.441,2.48,0.566,0.461,2.556,1.082,4.96
0.777,0.897,0.297,0.533,3.862,2.969,1.554,1.794,1.066
0.192,0.825,0.954,0.025,4.862,4.745,0.384,1.65,0.05
1.264,1.391,0.404,0.861,4.923,3.349,2.528,2.782,1.722
0.909,0.294,0.404,2.469,1.896,4.364,1.818,0.588,4.938
1.323,0.298,1.273,4.419,2.971,3.928,2.646,0.596,8.838
0.435,0.169,0.802,1.759,2.276,2.533,0.87,0.338,3.518
0.163,0.506,0.894,3.384,3.137,4.289,0.326,1.012,6.768
0.772,0.866,0.118,0.633,3.224,0.59,1.544,1.732,1.266
0.369,1.026,1.468,3.221,1.921,4.827,0.738,2.052,6.442
1.1,0.158,0.311,1.967,1.464,4.367,2.2,0.316,3.934
0.253,1.048,0.394,2.12,0.499,3.867,0.506,2.096,4.24
0.451,1.016,0.236,4.147,0.008,0.419,0.902,2.032,8.294
0.952,0.34,0.923,4.403,3.241,2.313,1.904,0.68,8.806
0.821,0.333,0.801,2.287,4.435,1.95,1.642,0.666,4.574
0.504,0.986,1.284,0.415,3.444,3.474,1.008,1.972,0.83
0.685,1.394,0.593,2.126,3.007,1.457,1.37,2.788,4.252
0.118,0.514,1.482,4.342,0.988,1.182,0.236,1.028,8.684
1.483,1.435,0.461,1.885,1.03,3.541,2.966,2.87,3.77
0.196,1.421,1.383,4.983,3.843,1.047,0.392,2.842,9.966
0.505,1.423,0.982,3.086,4.757,1.48,1.01,2.846,6.172
1.008,0.248,0.243,3.376,3.829,4.521,2.016,0.496,6.752
0.228,0.175,1.492,1.722,4.745,0.192,0.456,0.35,3.444
1.319,1.498,1.31,3.035,3.361,1.393,2.638,2.996,6.07
0.179,0.909,1.29,1.36,3.126,2.878,0.358,1.818,2.72
1.146,0.862,0.678,2.415,1.067,4.34,2.292,1.724,4.83
1.248,1.465,1.03,1.688,0.942,0.656,2.496,2.93,3.376
1.052,1.054,1.066,2.109,0.223,4.461,2.104,2.108,4.218
0.998,1.32,1.154,0.342,1.215,3.58,1.996,2.64,0.684
0.265,0.479,1.396,4.041,4.876,3.634,0.53,0.958,8.082
0.569,0.958,0.169,3.299,2.661,4.517,1.138,1.916,6.598
1.283,0.938,0.745,2.035,4.074,2.207,2.566,1.876,4.07
0.283,0.199,0.571,0.899,4.32,2.517,0.566,0.398,1.798
0.399,0.605,1.134,2.19,1.934,1.466,0.798,1.21,4.38
0.905,0.637,0.732,1.159,4.348,0.748,1.81,1.274,2.318
1.333,0.959,0.759,0.431,1.924,3.786,2.666,1.918,0.862
0.873,0.869,1.064,2.338,4.328,1.726,1.746,1.738,4.676
1.275,1.16,1.456,3.986,2.173,1.956,2.55,2.32,7.972
0.11,1.321,0.184,1.722,1.393,2.2,0.22,2.642,3.444
1.292,0.205,1.163,0.04,2.452,2.986,2.584,0.41,0.08
1.017,0.201,0.34,3.653,2.293,0.912,2.034,0.402,7.306
1.354,0.272,1.389,4.159,2.821,0.537,2.708,0.544,8.318
1.368,0.36,0.876,2.465,4.63,3.836,2.736,0.72,4.93
1.229,0.579,0.501,2.981,2.057,1.581,2.458,1.158,5.962
0.862,1.009,1.161,4.928,3.256,4.834,1.724,2.018,9.856
0.691,0.497,1.453,3.703,1.498,0.79,1.382,0.994,7.406
1.131,0.77,1.04,0.503,4.839,1.394,2.262,1.54,1.006
0.327,1.167,1.027,3.888,3.416,4.117,0.654,2.334,7.776
0.51,0.664,0.376,2.815,1.271,2.267,1.02,1.328,5.63
0.39,1.357,1.479,2.107,1.682,0.557,0.78,2.714,4.214
1.434,1.099,1.255,3.464,3.22,0.535,2.868,2.198,6.928
1.049,0.282,1.308,3.621,3.893,2.408,2.098,0.564,7.242
0.766,1.348,0.941,2.521,3.691,1.192,1.532,2.696,5.042
0.289,0.964,1.356,0.524,1.294,1.768,0.578,1.928,1.048
0.675,0.308,0.979,2.821,4.655,0.93,1.35,0.616,5.642
0.474,0.573,0.252,1.955,2.67,0.993,0.948,1.146,3.91
1.29,1.343,1.455,4.441,4.703,4.405,2.58,2.686,8.882
0.368,1.22,0.285,3.816,2.899,1.32,0.736,2.44,7.632
1.208,0.579,0.51,0.4,2.73,4.38,2.416,1.158,0.8
0.931,0.643,0.626,4.801,1.844,0.037,1.862,1.286,9.602
0.175,0.74,0.453,2.852,0.936,1.077,0.35,1.48,5.704
1.274,0.871,0.532,1.412,2.419,1.106,2.548,1.742,2.824
0.256,0.66,1.034,3.284,3.046,1.96,0.512,1.32,6.568
0.732,0.896,1.3,4.065,0.29,2.007,1.464,1.792,8.13
0.96,0.212,1.427,3.635,1.4,3.908,1.92,0.424,7.27
1.104,1.23,1.294,2.282,3.893,0.336,2.208,2.46,4.564
1.154,0.77,1.348,1.917,1.527,3.339,2.308,1.54,3.834
0.654,1.219,0.369,0.83,1.794,1.597,1.308,2.438,1.66
0.255,0.654,1.088,1.895,2.054,1.37,0.51,1.308,3.79
0.743,0.566,1.26,1.305,0.716,3.895,1.486,1.132,2.61
1.337,1.022,0.496,1.577,0.791,4.829,2.674,2.044,3.154
1.338,1.055,0.331,3.087,4.026,2.147,2.676,2.11,6.174
1.289,0.699,1.126,2.976,3.184,2.347,2.578,1.398,5.952
1.404,0.174,1.06,2.784,3.541,2.182,2.808,0.348,5.568
1.139,0.251,0.107,0.193,2.625,2.492,2.278,0.502,0.386
1.201,0.207,0.507,2.577,1.236,0.369,2.402,0.414,5.154
0.424,1.154,0.995,2.7,0.898,2.616,0.848,2.308,5.4
0.873,0.95,0.152,1.406,1.407,0.113,1.746,1.9,2.812
0.544,0.637,0.339,0.465,3.614,0.687,1.088,1.274,0.93
0.486,0.158,0.152,3.41,2.915,1.982,0.972,0.316,6.82
1.095,1.179,0.142,3.449,1.197,0.572,2.19,2.358,6.898
0.79,1.127,0.137,3.362,0.761,3.318,1.58,2.254,6.724
0.953,0.594,1.165,4.261,3.341,0.085,1.906,1.188,8.522
0.463,1.242,1.112,3.785,3.985,1.108,0.926,2.484,7.57
0.398,0.932,1.283,3.449,2.461,3.42,0.796,1.864,6.898
0.136,1.298,0.931,0.976,0.059,0.059,0.272,2.596,1.952
0.676,1.415,0.118,2.169,2.399,3.569,1.352,2.83,4.338
0.391,1.467,0.783,4.84,0.594,4.179,0.782,2.934,9.68
1.277,0.458,1.16,0.227,3.237,4.354,2.554,0.916,0.454
0.72,1.386,0.331,1.003,3.306,0.541,1.44,2.772,2.006
0.459,0.792,0.541,3.458,2.439,1.592,0.918,1.584,6.916
0.69,0.761,0.863,2.809,4.601,4.954,1.38,1.522,5.618
0.511,1.195,1.493,1.393,3.808,1.902,1.022,2.39,2.786
0.55,0.323,1.379,4.199,2.451,3.735,1.1,0.646,8.398
0.484,0.236,0.823,2.731,0.746,2.977,0.968,0.472,5.462
0.506,0.824,0.586,0.987,0.639,3.834,1.012,1.648,1.974
0.545,0.35,0.448,0.136,4.7,4.258,1.09,0.7,0.272
1.009,0.198,0.93,3.565,4.579,4.413,2.018,0.396,7.13
0.356,0.589,0.451,4.702,4.071,0.782,0.712,1.178,9.404
1.016,1.153,0.494,4.897,4.869,3.322,2.032,2.306,9.794
0.983,0.135,0.453,4.91,1.911,4.637,1.966,0.27,9.82
0.291,0.486,1.161,2.322,1.311,3.602,0.582,0.972,4.644
0.807,1.413,1.319,3.464,1.688,4.436,1.614,2.826,6.928
0.34,0.323,0.257,3.556,2.369,2.628,0.68,0.646,7.112
0.975,1.216,0.418,2.702,2.568,2.215,1.95,2.432,5.404
0.34,1.187,0.909,3.362,0.004,3.836,0.68,2.374,6.724
0.214,0.801,0.389,4.604,1.124,1.166,0.428,1.602,9.208
0.17,0.473,0.977,3.131,1.015,1.971,0.34,0.946,6.262
0.335,1.378,0.508,1.825,1.24,0.821,0.67,2.756,3.65
0.717,0.877,1.343,1.667,1.594,1.754,1.434,1.754,3.334
0.218,1.12,0.968,4.118,2.446,4.122,0.436,2.24,8.236
1.137,1.39,0.705,1.84,0.415,1.25,2.274,2.78,3.68
0.372,1.37,0.255,1.334,3.58,1.032,0.744,2.74,2.668
1.444,1.483,0.748,3.693,2.627,4.615,2.888,2.966,7.386
0.208,1.05,0.895,1.811,1.88,4.23,0.416,2.1,3.622
0.93,0.375,1.296,4.878,2.855,0.71,1.86,0.75,9.756
0.933,1.15,0.962,3.761,3.448,2.82,1.866,2.3,7.522
