C,Mn,Si,Cr,Ni,Mo,F_Ferrite,F_Pearlite,F_Bainite,F_Martensite,Yield_MPa,UTS_MPa,Hardness_HV,Elongation_Pct
0.276,0.568,1.262,2.834,1.984,3.368,0.4,0.4,0.1,0.1,444.8,533.76,134.7878787878788,25.86
1.457,0.563,1.155,3.795,2.388,0.413,0.4,0.4,0.1,0.1,1034.8,1241.76,313.57575757575756,8.145
0.221,1.166,1.447,2.405,1.369,3.966,0.4,0.4,0.1,0.1,477.1,572.52,144.5757575757576,26.685
0.792,0.813,1.058,3.381,4.994,3.556,0.4,0.4,0.1,0.1,727.3,872.7599999999999,220.3939393939394,18.119999999999997
0.998,1.038,0.103,0.467,2.71,2.017,0.4,0.4,0.1,0.1,852.8,1023.3599999999999,258.42424242424244,15.03
0.26,0.83,0.968,3.763,1.053,1.386,0.4,0.4,0.1,0.1,463.0,555.6,140.3030303030303,26.1
1.309,0.656,0.878,4.116,4.046,2.83,0.4,0.4,0.1,0.1,970.1,1164.12,293.969696969697,10.365000000000002
1.383,0.799,0.822,4.327,1.188,4.221,0.4,0.4,0.1,0.1,1021.4,1225.6799999999998,309.5151515151515,9.254999999999999
0.133,0.293,0.555,1.346,1.707,1.207,0.4,0.4,0.1,0.1,345.8,414.96,104.7878787878788,28.005
0.969,0.37,1.468,3.448,2.275,1.244,0.4,0.4,0.1,0.1,771.5,925.8,233.7878787878788,15.465
0.708,1.081,1.051,0.467,0.521,4.373,0.4,0.4,0.1,0.1,712.1,854.52,215.7878787878788,19.380000000000003
1.027,0.136,0.129,1.189,4.216,0.006,0.4,0.4,0.1,0.1,777.1,932.52,235.4848484848485,14.595
0.581,0.484,1.176,2.303,0.612,2.537,0.4,0.4,0.1,0.1,588.9,706.68,178.45454545454547,21.285
0.433,0.314,0.544,0.422,1.38,4.04,0.4,0.4,0.1,0.1,497.9,597.4799999999999,150.87878787878788,23.505
0.21,1.431,0.402,1.973,2.96,3.3,0.4,0.4,0.1,0.1,498.1,597.72,150.93939393939397,26.85
1.296,0.255,0.654,0.765,4.24,0.888,0.4,0.4,0.1,0.1,923.5,1108.2,279.8484848484849,10.559999999999999
0.21,0.14,0.288,1.567,3.464,2.978,0.4,0.4,0.1,0.1,369.0,442.8,111.81818181818183,26.85
0.837,1.251,0.18,0.904,2.142,0.839,0.4,0.4,0.1,0.1,793.6,952.3199999999999,240.4848484848485,17.445
0.551,0.222,1.25,2.63,1.047,1.174,0.4,0.4,0.1,0.1,547.7,657.24,165.969696969697,21.735
1.24,0.259,0.823,0.938,1.886,4.276,0.4,0.4,0.1,0.1,895.9,1075.08,271.4848484848485,11.399999999999999
1.078,0.555,0.935,2.293,0.501,1.723,0.4,0.4,0.1,0.1,844.5,1013.4,255.90909090909093,13.829999999999998
0.856,0.487,0.338,4.024,1.761,1.991,0.4,0.4,0.1,0.1,726.7,872.0400000000001,220.21212121212125,17.16
0.662,1.091,1.227,3.153,3.233,3.539,0.4,0.4,0.1,0.1,690.1,828.12,209.12121212121215,20.07
1.363,1.105,0.525,2.805,1.195,1.544,0.4,0.4,0.1,0.1,1042.0,1250.3999999999999,315.75757575757575,9.555
1.424,1.363,0.472,2.229,2.15,0.208,0.4,0.4,0.1,0.1,1098.3,1317.9599999999998,332.8181818181818,8.64
0.496,0.834,0.376,1.42,3.267,2.88,0.4,0.4,0.1,0.1,581.4,697.68,176.1818181818182,22.560000000000002
0.456,1.197,1.059,3.191,3.751,0.142,0.4,0.4,0.1,0.1,597.7,717.24,181.12121212121215,23.16
0.401,0.735,0.59,1.24,2.078,4.054,0.4,0.4,0.1,0.1,524.0,628.8,158.7878787878788,23.985
0.139,1.333,0.752,4.649,1.57,0.998,0.4,0.4,0.1,0.1,452.79999999999995,543.3599999999999,137.21212121212122,27.915
1.465,0.991,0.819,0.019,4.87,4.386,0.4,0.4,0.1,0.1,1081.6,1297.9199999999998,327.75757575757575,8.024999999999999
1.159,0.49,1.392,3.778,4.621,4.369,0.4,0.4,0.1,0.1,878.5,1054.2,266.21212121212125,12.614999999999998
0.585,0.891,0.679,2.957,1.275,0.946,0.4,0.4,0.1,0.1,631.6,757.92,191.3939393939394,21.225
0.81,1.14,1.353,3.591,1.832,0.837,0.4,0.4,0.1,0.1,769.0,922.8,233.03030303030303,17.85
1.008,1.002,1.159,1.182,4.943,3.914,0.4,0.4,0.1,0.1,854.2,1025.04,258.8484848484849,14.879999999999999
0.888,1.498,0.112,1.166,0.356,3.735,0.4,0.4,0.1,0.1,843.8,1012.56,255.6969696969697,16.68
1.116,0.512,0.644,2.585,0.041,3.035,0.4,0.4,0.1,0.1,859.2,1031.04,260.3636363636364,13.259999999999998
1.322,1.103,1.345,2.388,2.674,0.828,0.4,0.4,0.1,0.1,1021.3,1225.56,309.4848484848485,10.169999999999998
0.198,0.179,0.206,4.726,3.404,3.907,0.4,0.4,0.1,0.1,366.9,440.28,111.18181818181819,27.03
1.45,0.3,1.209,2.852,1.697,1.817,0.4,0.4,0.1,0.1,1005.0,1206.0,304.54545454545456,8.25
0.712,1.08,0.476,2.575,2.092,4.277,0.4,0.4,0.1,0.1,714.0,856.8,216.36363636363637,19.32
1.026,1.295,1.191,2.138,3.003,0.784,0.4,0.4,0.1,0.1,892.5,1071.0,270.4545454545455,14.61
1.448,1.136,1.152,4.053,1.728,0.028,0.4,0.4,0.1,0.1,1087.6,1305.12,329.57575757575756,8.280000000000001
0.642,1.257,0.152,3.364,3.732,3.486,0.4,0.4,0.1,0.1,696.7,836.0400000000001,211.12121212121215,20.369999999999997
0.154,1.484,1.224,3.934,4.43,0.913,0.4,0.4,0.1,0.1,475.4,570.4799999999999,144.06060606060606,27.69
0.994,0.721,1.092,4.524,2.514,3.897,0.4,0.4,0.1,0.1,819.1,982.92,248.21212121212125,15.09
0.601,1.076,0.52,3.259,0.613,2.093,0.4,0.4,0.1,0.1,658.1,789.72,199.42424242424244,20.985
0.484,0.128,1.16,4.194,3.555,4.819,0.4,0.4,0.1,0.1,504.8,605.76,152.96969696969697,22.740000000000002
1.092,1.335,0.546,0.062,0.272,2.804,0.4,0.4,0.1,0.1,929.5,1115.3999999999999,281.6666666666667,13.619999999999997
0.678,1.103,0.765,0.408,2.997,1.873,0.4,0.4,0.1,0.1,699.3,839.16,211.9090909090909,19.83
0.413,1.314,0.571,2.183,2.899,1.946,0.4,0.4,0.1,0.1,587.9,705.4799999999999,178.15151515151516,23.805
1.302,0.44,0.374,3.904,4.049,4.133,0.4,0.4,0.1,0.1,945.0,1134.0,286.3636363636364,10.469999999999999
0.686,0.771,0.205,2.597,4.073,2.157,0.4,0.4,0.1,0.1,670.1,804.12,203.0606060606061,19.71
1.033,0.34,1.301,3.745,0.345,3.088,0.4,0.4,0.1,0.1,800.5,960.5999999999999,242.5757575757576,14.505
0.402,0.527,0.994,4.493,1.272,1.018,0.4,0.4,0.1,0.1,503.7,604.4399999999999,152.63636363636365,23.97
1.117,0.263,0.754,1.669,4.251,3.568,0.4,0.4,0.1,0.1,834.8,1001.7599999999999,252.96969696969697,13.245000000000001
0.336,0.565,1.025,4.716,4.696,3.32,0.4,0.4,0.1,0.1,474.5,569.4,143.78787878787878,24.96
1.438,0.572,0.573,1.387,3.484,2.626,0.4,0.4,0.1,0.1,1026.2,1231.44,310.969696969697,8.43
0.528,0.487,1.0,4.168,1.876,3.47,0.4,0.4,0.1,0.1,562.7,675.24,170.51515151515153,22.08
0.469,0.266,0.429,0.597,4.978,2.442,0.4,0.4,0.1,0.1,511.1,613.32,154.8787878787879,22.965
1.167,0.642,1.009,0.997,2.017,4.529,0.4,0.4,0.1,0.1,897.7,1077.24,272.03030303030306,12.495000000000001
0.283,0.176,0.854,2.513,0.979,2.173,0.4,0.4,0.1,0.1,409.1,490.92,123.96969696969698,25.755000000000003
0.876,0.878,0.135,1.376,4.841,0.258,0.4,0.4,0.1,0.1,775.8,930.9599999999999,235.0909090909091,16.86
0.946,1.28,0.157,1.102,2.006,0.656,0.4,0.4,0.1,0.1,851.0,1021.1999999999999,257.8787878787879,15.81
0.7,0.211,0.715,2.824,4.791,1.271,0.4,0.4,0.1,0.1,621.1,745.32,188.21212121212122,19.5
1.183,0.837,0.188,2.637,2.753,0.755,0.4,0.4,0.1,0.1,925.2,1110.24,280.3636363636364,12.254999999999999
0.7,1.195,0.648,1.792,4.957,1.876,0.4,0.4,0.1,0.1,719.5,863.4,218.03030303030303,19.5
1.436,1.191,0.519,1.719,0.056,1.821,0.4,0.4,0.1,0.1,1087.1,1304.5199999999998,329.42424242424244,8.46
0.443,0.191,1.188,1.914,0.104,2.907,0.4,0.4,0.1,0.1,490.6,588.72,148.66666666666669,23.355
0.913,1.233,0.148,4.05,1.069,1.28,0.4,0.4,0.1,0.1,829.8,995.7599999999999,251.45454545454547,16.305
0.912,0.46,1.104,0.501,3.895,4.408,0.4,0.4,0.1,0.1,752.0,902.4,227.8787878787879,16.32
0.213,0.959,1.103,0.37,1.508,2.952,0.4,0.4,0.1,0.1,452.4,542.88,137.0909090909091,26.805
0.176,1.21,0.581,2.103,3.702,3.669,0.4,0.4,0.1,0.1,459.0,550.8,139.0909090909091,27.36
1.291,1.269,1.466,2.949,1.488,1.807,0.4,0.4,0.1,0.1,1022.4,1226.8799999999999,309.8181818181818,10.635000000000002
0.113,1.158,1.315,2.471,4.216,3.62,0.4,0.4,0.1,0.1,422.3,506.76,127.96969696969698,28.305
0.11,1.385,0.382,0.85,3.471,1.954,0.4,0.4,0.1,0.1,443.5,532.1999999999999,134.3939393939394,28.35
0.48,0.613,1.314,0.725,2.873,1.505,0.4,0.4,0.1,0.1,551.3,661.56,167.06060606060606,22.8
0.558,0.602,1.348,4.564,0.315,1.654,0.4,0.4,0.1,0.1,589.2,707.0400000000001,178.54545454545456,21.63
0.113,1.014,1.058,1.277,2.859,4.629,0.4,0.4,0.1,0.1,407.9,489.47999999999996,123.60606060606061,28.305
0.41,1.183,1.037,4.956,1.277,4.13,0.4,0.4,0.1,0.1,573.3,687.9599999999999,173.72727272727272,23.85
1.132,0.977,1.359,2.335,4.513,1.827,0.4,0.4,0.1,0.1,913.7,1096.44,276.87878787878793,13.020000000000003
1.228,0.471,0.786,3.827,4.545,2.507,0.4,0.4,0.1,0.1,911.1,1093.32,276.0909090909091,11.580000000000002
1.208,0.669,1.444,4.076,3.698,0.302,0.4,0.4,0.1,0.1,920.9,1105.08,279.06060606060606,11.879999999999999
0.776,0.419,0.991,1.53,1.493,2.292,0.4,0.4,0.1,0.1,679.9,815.88,206.03030303030303,18.36
1.47,0.188,0.804,2.756,3.806,1.543,0.4,0.4,0.1,0.1,1003.8,1204.56,304.1818181818182,7.949999999999999
1.205,1.39,1.1,2.208,1.851,3.517,0.4,0.4,0.1,0.1,991.5,1189.8,300.4545454545455,11.924999999999997
0.231,1.241,0.661,2.596,0.498,1.83,0.4,0.4,0.1,0.1,489.6,587.52,148.36363636363637,26.535
0.235,1.304,0.878,4.23,2.43,3.092,0.4,0.4,0.1,0.1,497.9,597.4799999999999,150.87878787878788,26.475
0.703,1.02,0.916,4.461,2.51,0.573,0.4,0.4,0.1,0.1,703.5,844.1999999999999,213.1818181818182,19.455
0.224,0.229,1.388,4.216,3.901,4.328,0.4,0.4,0.1,0.1,384.9,461.87999999999994,116.63636363636364,26.64
0.701,1.127,1.32,3.741,1.939,1.621,0.4,0.4,0.1,0.1,713.2,855.84,216.12121212121215,19.485
0.944,0.374,0.754,3.589,2.39,2.724,0.4,0.4,0.1,0.1,759.4,911.28,230.12121212121212,15.84
0.21,0.756,0.233,4.417,2.115,4.871,0.4,0.4,0.1,0.1,430.6,516.72,130.4848484848485,26.85
0.993,0.563,0.792,2.76,3.374,4.827,0.4,0.4,0.1,0.1,802.8,963.3599999999999,243.27272727272728,15.105
0.573,1.34,1.02,0.62,1.833,2.055,0.4,0.4,0.1,0.1,670.5,804.6,203.1818181818182,21.405
0.648,0.861,1.12,0.581,0.977,2.158,0.4,0.4,0.1,0.1,660.1,792.12,200.03030303030306,20.28
0.855,0.867,1.391,4.181,1.204,1.8,0.4,0.4,0.1,0.1,764.2,917.0400000000001,231.5757575757576,17.175
1.38,0.376,0.69,3.562,4.566,2.753,0.4,0.4,0.1,0.1,977.6,1173.12,296.24242424242425,9.3
0.133,0.999,1.465,1.9,3.793,2.836,0.4,0.4,0.1,0.1,416.4,499.67999999999995,126.18181818181819,28.005
0.639,1.169,1.346,3.213,4.398,1.192,0.4,0.4,0.1,0.1,686.4,823.68,208.0,20.415
0.316,0.58,0.766,1.401,2.785,0.656,0.4,0.4,0.1,0.1,466.0,559.1999999999999,141.21212121212122,25.259999999999998
1.131,0.696,0.43,3.811,2.146,4.832,0.4,0.4,0.1,0.1,885.1,1062.12,268.21212121212125,13.035
1.39,0.103,1.238,0.841,0.266,2.342,0.4,0.4,0.1,0.1,955.3,1146.36,289.4848484848485,9.150000000000002
0.427,0.651,1.432,0.359,2.498,2.953,0.4,0.4,0.1,0.1,528.6,634.32,160.1818181818182,23.595
0.259,0.625,1.275,4.8,2.912,1.355,0.4,0.4,0.1,0.1,442.0,530.4,133.93939393939394,26.115
0.416,0.99,0.736,0.32,0.284,1.187,0.4,0.4,0.1,0.1,557.0,668.4,168.7878787878788,23.76
0.789,1.2,1.367,2.336,4.16,4.878,0.4,0.4,0.1,0.1,764.5,917.4,231.66666666666669,18.165
0.449,1.257,0.589,1.337,3.73,4.684,0.4,0.4,0.1,0.1,600.2,720.24,181.8787878787879,23.265
1.184,0.724,0.387,4.951,4.576,4.538,0.4,0.4,0.1,0.1,914.4,1097.28,277.0909090909091,12.240000000000002
0.484,0.544,1.25,2.522,1.891,3.013,0.4,0.4,0.1,0.1,546.4,655.68,165.57575757575756,22.740000000000002
0.887,0.722,0.188,0.282,1.399,4.083,0.4,0.4,0.1,0.1,765.7,918.84,232.03030303030306,16.695
0.966,0.846,0.959,0.681,0.306,3.005,0.4,0.4,0.1,0.1,817.6,981.12,247.75757575757578,15.51
1.395,1.317,0.106,0.59,0.643,4.466,0.4,0.4,0.1,0.1,1079.2,1295.04,327.03030303030306,9.075
0.793,0.973,1.481,3.653,2.378,2.825,0.4,0.4,0.1,0.1,743.8,892.56,225.3939393939394,18.104999999999997
0.195,0.146,0.868,1.078,4.897,1.136,0.4,0.4,0.1,0.1,362.1,434.52000000000004,109.72727272727273,27.075
0.82,0.621,0.908,3.01,3.898,1.488,0.4,0.4,0.1,0.1,722.1,866.52,218.81818181818184,17.700000000000003
0.646,0.546,0.879,2.876,3.769,3.748,0.4,0.4,0.1,0.1,627.6,753.12,190.1818181818182,20.310000000000002
0.289,1.049,0.586,0.667,0.502,4.437,0.4,0.4,0.1,0.1,499.4,599.28,151.33333333333334,25.665
0.872,0.711,0.519,1.771,1.943,2.688,0.4,0.4,0.1,0.1,757.1,908.52,229.42424242424244,16.92
0.121,0.461,0.191,3.71,0.155,1.294,0.4,0.4,0.1,0.1,356.6,427.92,108.06060606060608,28.185
0.649,1.091,1.1,0.137,0.004,0.735,0.4,0.4,0.1,0.1,683.6,820.32,207.15151515151516,20.265
0.464,0.903,0.941,0.897,1.722,4.23,0.4,0.4,0.1,0.1,572.3,686.7599999999999,173.4242424242424,23.04
0.186,1.078,0.592,1.353,4.224,4.541,0.4,0.4,0.1,0.1,450.8,540.96,136.60606060606062,27.21
1.231,0.27,0.716,3.231,3.978,4.069,0.4,0.4,0.1,0.1,892.5,1071.0,270.4545454545455,11.535
1.123,0.731,0.864,1.404,2.422,0.026,0.4,0.4,0.1,0.1,884.6,1061.52,268.06060606060606,13.155000000000001
1.03,0.823,0.716,4.967,1.397,0.026,0.4,0.4,0.1,0.1,847.3,1016.7599999999999,256.75757575757575,14.549999999999999
0.183,0.725,0.517,2.346,0.206,0.632,0.4,0.4,0.1,0.1,414.0,496.79999999999995,125.45454545454547,27.255
0.12,1.309,0.273,4.284,0.891,2.4,0.4,0.4,0.1,0.1,440.9,529.0799999999999,133.6060606060606,28.2
1.271,0.736,1.311,0.971,0.148,2.691,0.4,0.4,0.1,0.1,959.1,1150.92,290.6363636363637,10.935000000000002
0.131,0.962,0.906,3.544,1.447,2.612,0.4,0.4,0.1,0.1,411.7,494.03999999999996,124.75757575757576,28.035
1.051,0.535,0.988,3.32,4.765,4.247,0.4,0.4,0.1,0.1,829.0,994.8,251.21212121212122,14.235000000000001
1.141,0.634,0.967,4.152,1.327,2.736,0.4,0.4,0.1,0.1,883.9,1060.6799999999998,267.8484848484849,12.884999999999998
0.647,1.291,1.472,1.93,3.942,0.453,0.4,0.4,0.1,0.1,702.6,843.12,212.90909090909093,20.295
0.517,0.753,0.397,3.233,4.63,0.545,0.4,0.4,0.1,0.1,583.8,700.56,176.9090909090909,22.245
1.059,0.653,0.223,0.401,1.289,4.083,0.4,0.4,0.1,0.1,844.8,1013.7599999999999,256.0,14.115
0.465,0.808,1.303,1.041,3.396,3.539,0.4,0.4,0.1,0.1,563.3,675.9599999999999,170.6969696969697,23.025
1.379,1.229,0.416,3.651,4.514,2.308,0.4,0.4,0.1,0.1,1062.4,1274.88,321.939393939394,9.315000000000001
0.302,1.361,0.534,2.748,4.456,2.152,0.4,0.4,0.1,0.1,537.1,644.52,162.75757575757578,25.47
0.248,0.797,0.418,4.476,4.155,3.345,0.4,0.4,0.1,0.1,453.7,544.4399999999999,137.4848484848485,26.28
0.155,0.76,0.565,2.389,0.579,3.295,0.4,0.4,0.1,0.1,403.5,484.2,122.27272727272728,27.675
0.198,0.453,0.578,0.426,1.823,0.147,0.4,0.4,0.1,0.1,394.3,473.15999999999997,119.4848484848485,27.03
0.839,0.538,1.477,4.549,4.33,4.87,0.4,0.4,0.1,0.1,723.3,867.9599999999999,219.1818181818182,17.415
0.984,1.33,1.256,2.852,1.563,0.691,0.4,0.4,0.1,0.1,875.0,1050.0,265.1515151515152,15.24
0.596,0.312,1.335,2.378,1.354,0.047,0.4,0.4,0.1,0.1,579.2,695.0400000000001,175.51515151515153,21.060000000000002
0.508,1.389,0.589,2.193,4.969,1.488,0.4,0.4,0.1,0.1,642.9,771.4799999999999,194.8181818181818,22.38
0.759,0.361,0.456,1.897,2.241,4.13,0.4,0.4,0.1,0.1,665.6,798.72,201.69696969696972,18.615000000000002
0.764,0.655,0.309,2.378,0.775,0.789,0.4,0.4,0.1,0.1,697.5,837.0,211.36363636363637,18.54
1.337,0.139,0.653,3.612,3.133,2.801,0.4,0.4,0.1,0.1,932.4,1118.8799999999999,282.54545454545456,9.945
0.671,1.306,0.44,2.759,3.699,0.77,0.4,0.4,0.1,0.1,716.1,859.32,217.00000000000003,19.935
0.676,0.475,1.041,2.142,3.841,2.719,0.4,0.4,0.1,0.1,635.5,762.6,192.5757575757576,19.86
0.154,1.249,1.059,2.01,0.111,0.542,0.4,0.4,0.1,0.1,451.9,542.28,136.93939393939394,27.69
0.467,0.837,1.174,0.289,3.439,0.305,0.4,0.4,0.1,0.1,567.2,680.64,171.8787878787879,22.994999999999997
0.46,1.125,0.75,1.585,0.656,3.659,0.4,0.4,0.1,0.1,592.5,711.0,179.54545454545456,23.1
0.634,0.545,0.859,3.344,4.66,0.914,0.4,0.4,0.1,0.1,621.5,745.8,188.33333333333334,20.490000000000002
0.934,0.829,0.771,3.474,3.223,2.905,0.4,0.4,0.1,0.1,799.9,959.8799999999999,242.3939393939394,15.989999999999998
1.32,0.203,1.149,0.277,4.132,0.549,0.4,0.4,0.1,0.1,930.3,1116.36,281.90909090909093,10.2
0.496,1.309,0.198,0.547,1.638,3.602,0.4,0.4,0.1,0.1,628.9,754.68,190.5757575757576,22.560000000000002
0.81,1.261,0.713,3.529,1.985,4.744,0.4,0.4,0.1,0.1,781.1,937.3199999999999,236.69696969696972,17.85
0.56,0.91,0.148,3.075,0.461,2.265,0.4,0.4,0.1,0.1,621.0,745.1999999999999,188.1818181818182,21.6
0.8,0.567,0.884,1.321,3.526,2.233,0.4,0.4,0.1,0.1,706.7,848.0400000000001,214.15151515151518,18.0
1.312,0.968,0.689,1.496,4.658,0.416,0.4,0.4,0.1,0.1,1002.8,1203.36,303.8787878787879,10.32
0.402,1.047,0.728,1.221,3.98,4.185,0.4,0.4,0.1,0.1,555.7,666.84,168.3939393939394,23.97
1.246,1.067,1.159,2.096,1.625,3.351,0.4,0.4,0.1,0.1,979.7,1175.64,296.87878787878793,11.309999999999999
1.093,0.328,0.944,1.783,3.28,2.343,0.4,0.4,0.1,0.1,829.3,995.1599999999999,251.3030303030303,13.605
0.266,0.383,1.057,1.331,1.762,0.045,0.4,0.4,0.1,0.1,421.3,505.56,127.66666666666667,26.009999999999998
1.296,0.996,1.325,0.943,4.189,1.78,0.4,0.4,0.1,0.1,997.6,1197.12,302.3030303030303,10.559999999999999
0.565,1.311,0.641,4.941,1.236,2.987,0.4,0.4,0.1,0.1,663.6,796.32,201.09090909090912,21.525
0.232,0.126,0.887,0.686,4.532,0.098,0.4,0.4,0.1,0.1,378.6,454.32,114.72727272727273,26.52
1.002,1.327,0.475,2.637,0.771,0.913,0.4,0.4,0.1,0.1,883.7,1060.44,267.7878787878788,14.97
0.386,1.441,0.824,1.098,1.451,1.732,0.4,0.4,0.1,0.1,587.1,704.52,177.90909090909093,24.21
1.275,0.127,1.192,1.729,4.223,3.819,0.4,0.4,0.1,0.1,900.2,1080.24,272.7878787878788,10.875
0.526,1.029,1.008,2.863,1.013,2.416,0.4,0.4,0.1,0.1,615.9,739.0799999999999,186.63636363636363,22.11
0.787,1.096,1.179,4.048,0.118,1.092,0.4,0.4,0.1,0.1,753.1,903.72,228.21212121212122,18.195
0.455,1.033,1.344,4.646,0.21,2.924,0.4,0.4,0.1,0.1,580.8,696.9599999999999,176.0,23.175
1.02,0.792,0.244,0.035,2.299,3.399,0.4,0.4,0.1,0.1,839.2,1007.04,254.30303030303034,14.7
0.754,0.184,0.768,4.336,2.451,2.404,0.4,0.4,0.1,0.1,645.4,774.4799999999999,195.5757575757576,18.689999999999998
1.438,0.75,1.215,4.796,3.691,1.237,0.4,0.4,0.1,0.1,1044.0,1252.8,316.3636363636364,8.43
0.382,0.921,0.552,1.48,1.977,0.677,0.4,0.4,0.1,0.1,533.1,639.72,161.54545454545456,24.27
1.13,0.642,1.173,2.214,3.035,3.573,0.4,0.4,0.1,0.1,879.2,1055.04,266.42424242424244,13.05
0.306,0.322,0.916,4.804,1.332,1.062,0.4,0.4,0.1,0.1,435.2,522.24,131.87878787878788,25.41
1.479,0.193,1.141,2.208,2.75,3.216,0.4,0.4,0.1,0.1,1008.8,1210.56,305.6969696969697,7.814999999999998
0.81,0.569,0.142,3.571,2.813,3.184,0.4,0.4,0.1,0.1,711.9,854.28,215.72727272727272,17.85
1.428,0.591,0.85,1.546,2.236,2.44,0.4,0.4,0.1,0.1,1023.1,1227.72,310.03030303030306,8.580000000000002
1.31,0.721,1.405,1.593,3.856,2.704,0.4,0.4,0.1,0.1,977.1,1172.52,296.0909090909091,10.349999999999998
0.147,0.252,0.823,2.283,3.439,3.657,0.4,0.4,0.1,0.1,348.7,418.44,105.66666666666667,27.795
0.894,1.285,0.121,2.646,3.314,4.397,0.4,0.4,0.1,0.1,825.5,990.5999999999999,250.15151515151516,16.59
1.373,1.235,1.27,2.532,0.752,2.824,0.4,0.4,0.1,0.1,1060.0,1272.0,321.21212121212125,9.405000000000001
1.44,1.029,0.207,2.473,4.84,4.613,0.4,0.4,0.1,0.1,1072.9,1287.48,325.1212121212122,8.400000000000002
1.186,0.681,1.027,0.526,1.25,2.654,0.4,0.4,0.1,0.1,911.1,1093.32,276.0909090909091,12.21
1.342,0.675,0.714,4.379,4.446,2.085,0.4,0.4,0.1,0.1,988.5,1186.2,299.54545454545456,9.869999999999997
0.933,1.411,0.437,4.724,2.133,4.254,0.4,0.4,0.1,0.1,857.6,1029.12,259.8787878787879,16.005
0.659,1.094,0.301,1.168,4.762,0.184,0.4,0.4,0.1,0.1,688.9,826.68,208.75757575757575,20.115000000000002
1.014,0.668,0.576,2.264,2.979,4.657,0.4,0.4,0.1,0.1,823.8,988.56,249.63636363636363,14.79
1.411,0.353,1.223,1.859,4.054,0.675,0.4,0.4,0.1,0.1,990.8,1188.9599999999998,300.24242424242425,8.835
1.104,1.092,1.124,4.21,4.398,1.69,0.4,0.4,0.1,0.1,911.2,1093.44,276.1212121212121,13.439999999999998
1.404,1.038,0.5,0.501,2.397,1.323,0.4,0.4,0.1,0.1,1055.8,1266.9599999999998,319.93939393939394,8.940000000000001
0.51,0.165,0.973,2.39,0.292,2.785,0.4,0.4,0.1,0.1,521.5,625.8,158.03030303030303,22.35
0.118,1.48,0.36,0.618,3.133,3.434,0.4,0.4,0.1,0.1,457.0,548.4,138.4848484848485,28.23
1.437,0.807,0.823,1.904,4.585,2.36,0.4,0.4,0.1,0.1,1049.2,1259.04,317.939393939394,8.445
0.469,1.155,0.903,0.288,4.731,4.21,0.4,0.4,0.1,0.1,600.0,720.0,181.81818181818184,22.965
0.453,1.033,1.303,4.444,0.168,3.301,0.4,0.4,0.1,0.1,579.8,695.7599999999999,175.6969696969697,23.205
1.458,0.58,1.241,2.515,0.42,4.791,0.4,0.4,0.1,0.1,1037.0,1244.3999999999999,314.24242424242425,8.129999999999999
0.717,0.136,1.259,2.366,0.551,1.322,0.4,0.4,0.1,0.1,622.1,746.52,188.51515151515153,19.245
0.596,0.111,1.233,1.11,2.015,0.643,0.4,0.4,0.1,0.1,559.1,670.92,169.42424242424244,21.060000000000002
0.387,1.144,1.142,2.659,3.325,4.491,0.4,0.4,0.1,0.1,557.9,669.4799999999999,169.06060606060606,24.195
0.179,1.239,0.639,1.644,0.828,4.953,0.4,0.4,0.1,0.1,463.4,556.0799999999999,140.42424242424244,27.315
0.242,1.449,0.829,0.494,3.108,4.941,0.4,0.4,0.1,0.1,515.9,619.0799999999999,156.33333333333334,26.37
0.613,1.155,0.317,0.755,4.516,0.177,0.4,0.4,0.1,0.1,672.0,806.4,203.63636363636365,20.805
0.67,1.171,0.698,1.898,0.574,3.059,0.4,0.4,0.1,0.1,702.1,842.52,212.75757575757578,19.95
0.861,0.366,1.399,1.226,3.04,2.686,0.4,0.4,0.1,0.1,717.1,860.52,217.3030303030303,17.085
1.483,0.143,0.769,2.296,2.222,1.251,0.4,0.4,0.1,0.1,1005.8,1206.9599999999998,304.7878787878788,7.754999999999999
0.506,0.362,0.877,3.396,0.369,3.883,0.4,0.4,0.1,0.1,539.2,647.0400000000001,163.3939393939394,22.41
1.141,0.914,1.361,1.242,4.618,2.913,0.4,0.4,0.1,0.1,911.9,1094.28,276.3333333333333,12.884999999999998
0.342,1.256,0.826,3.46,2.894,2.676,0.4,0.4,0.1,0.1,546.6,655.92,165.63636363636365,24.869999999999997
0.438,1.243,1.278,1.549,2.763,4.617,0.4,0.4,0.1,0.1,593.3,711.9599999999999,179.78787878787878,23.43
1.089,0.429,0.768,0.195,4.286,0.449,0.4,0.4,0.1,0.1,837.4,1004.8799999999999,253.75757575757575,13.665
1.211,0.246,1.118,4.316,4.358,0.033,0.4,0.4,0.1,0.1,880.1,1056.12,266.69696969696975,11.834999999999997
0.579,0.579,0.659,4.835,3.224,0.542,0.4,0.4,0.1,0.1,597.4,716.88,181.03030303030303,21.315
1.352,0.96,1.495,2.191,1.786,0.441,0.4,0.4,0.1,0.1,1022.0,1226.3999999999999,309.6969696969697,9.719999999999999
1.265,1.022,0.923,0.818,2.168,1.504,0.4,0.4,0.1,0.1,984.7,1181.64,298.39393939393943,11.025000000000002
1.149,1.135,0.179,3.861,3.182,0.444,0.4,0.4,0.1,0.1,938.0,1125.6,284.24242424242425,12.765
1.164,0.182,1.45,2.24,0.461,2.085,0.4,0.4,0.1,0.1,850.2,1020.24,257.6363636363637,12.540000000000003
1.237,0.438,0.216,4.447,2.265,3.601,0.4,0.4,0.1,0.1,912.3,1094.76,276.45454545454544,11.445
1.037,0.701,0.893,3.05,3.714,1.211,0.4,0.4,0.1,0.1,838.6,1006.3199999999999,254.12121212121215,14.445
0.509,1.031,0.469,1.764,0.015,4.469,0.4,0.4,0.1,0.1,607.6,729.12,184.12121212121212,22.365000000000002
0.911,0.574,0.81,1.246,0.672,4.954,0.4,0.4,0.1,0.1,762.9,915.4799999999999,231.1818181818182,16.335
0.194,0.605,0.172,2.572,4.839,3.697,0.4,0.4,0.1,0.1,407.5,489.0,123.48484848484848,27.09
0.951,0.796,1.145,0.366,3.576,3.538,0.4,0.4,0.1,0.1,805.1,966.12,243.969696969697,15.735000000000001
0.903,0.12,0.821,0.183,3.766,3.589,0.4,0.4,0.1,0.1,713.5,856.1999999999999,216.21212121212122,16.455
1.397,0.721,1.427,3.183,3.762,4.418,0.4,0.4,0.1,0.1,1020.6,1224.72,309.2727272727273,9.044999999999998
1.437,0.337,1.184,0.649,1.005,2.011,0.4,0.4,0.1,0.1,1002.2,1202.64,303.69696969696975,8.445
0.171,0.385,1.019,3.038,4.354,4.289,0.4,0.4,0.1,0.1,374.0,448.8,113.33333333333334,27.435
0.164,0.269,1.192,2.869,4.102,2.593,0.4,0.4,0.1,0.1,358.9,430.67999999999995,108.75757575757575,27.54
0.661,0.166,0.316,1.501,4.808,4.57,0.4,0.4,0.1,0.1,597.1,716.52,180.93939393939397,20.085
1.497,0.705,0.341,0.112,1.392,1.445,0.4,0.4,0.1,0.1,1069.0,1282.8,323.93939393939394,7.544999999999998
0.183,1.268,0.521,3.782,1.745,1.226,0.4,0.4,0.1,0.1,468.3,561.96,141.9090909090909,27.255
1.125,0.156,1.316,4.96,3.614,2.126,0.4,0.4,0.1,0.1,828.1,993.72,250.93939393939397,13.125
1.083,1.291,1.443,2.69,1.389,1.294,0.4,0.4,0.1,0.1,920.6,1104.72,278.969696969697,13.754999999999999
0.839,0.972,0.419,4.609,3.309,0.809,0.4,0.4,0.1,0.1,766.7,920.0400000000001,232.33333333333337,17.415
0.847,0.499,0.927,3.615,0.259,1.846,0.4,0.4,0.1,0.1,723.4,868.0799999999999,219.21212121212122,17.295
0.569,0.388,0.532,3.738,3.57,1.313,0.4,0.4,0.1,0.1,573.3,687.9599999999999,173.72727272727272,21.465
1.057,1.205,0.846,2.815,1.86,3.972,0.4,0.4,0.1,0.1,899.0,1078.8,272.42424242424244,14.145000000000001
1.149,1.135,0.777,4.914,0.265,1.83,0.4,0.4,0.1,0.1,938.0,1125.6,284.24242424242425,12.765
1.141,0.515,1.389,1.058,2.26,3.607,0.4,0.4,0.1,0.1,872.0,1046.3999999999999,264.24242424242425,12.884999999999998
0.878,0.101,0.431,2.658,1.279,1.955,0.4,0.4,0.1,0.1,699.1,838.92,211.84848484848487,16.83
0.912,0.717,0.39,4.259,3.411,1.152,0.4,0.4,0.1,0.1,777.7,933.24,235.66666666666669,16.32
0.916,1.324,1.016,2.579,1.379,4.581,0.4,0.4,0.1,0.1,840.4,1008.4799999999999,254.66666666666669,16.259999999999998
0.629,0.768,1.446,3.011,4.691,4.359,0.4,0.4,0.1,0.1,641.3,769.56,194.33333333333334,20.564999999999998
1.221,0.682,0.676,3.603,4.703,2.251,0.4,0.4,0.1,0.1,928.7,1114.44,281.42424242424244,11.684999999999999
0.979,1.409,0.841,0.616,1.498,4.978,0.4,0.4,0.1,0.1,880.4,1056.48,266.7878787878788,15.315
0.17,0.279,0.105,3.702,4.834,2.171,0.4,0.4,0.1,0.1,362.9,435.47999999999996,109.96969696969697,27.45
0.758,0.375,0.867,0.215,0.596,1.023,0.4,0.4,0.1,0.1,666.5,799.8,201.96969696969697,18.63
0.195,1.337,0.72,2.698,0.443,2.39,0.4,0.4,0.1,0.1,481.2,577.4399999999999,145.8181818181818,27.075
1.395,0.349,1.012,1.702,4.83,1.313,0.4,0.4,0.1,0.1,982.4,1178.8799999999999,297.6969696969697,9.075
1.493,0.618,0.746,0.892,3.763,1.486,0.4,0.4,0.1,0.1,1058.3,1269.9599999999998,320.6969696969697,7.604999999999997
1.237,1.163,1.377,4.108,1.014,2.239,0.4,0.4,0.1,0.1,984.8,1181.76,298.42424242424244,11.445
0.37,0.662,0.885,1.12,1.486,3.681,0.4,0.4,0.1,0.1,501.2,601.4399999999999,151.87878787878788,24.45
1.412,0.304,0.453,4.374,3.961,0.701,0.4,0.4,0.1,0.1,986.4,1183.6799999999998,298.90909090909093,8.82
0.42,0.548,1.022,0.019,2.789,1.439,0.4,0.4,0.1,0.1,514.8,617.7599999999999,156.0,23.7
1.121,0.718,0.95,1.519,0.193,0.671,0.4,0.4,0.1,0.1,882.3,1058.76,267.3636363636364,13.184999999999999
0.838,1.159,0.731,0.289,4.185,4.27,0.4,0.4,0.1,0.1,784.9,941.8799999999999,237.84848484848484,17.43
0.373,0.642,0.154,3.312,3.285,3.708,0.4,0.4,0.1,0.1,500.7,600.8399999999999,151.72727272727272,24.405
0.881,1.131,0.461,3.131,2.659,0.647,0.4,0.4,0.1,0.1,803.6,964.3199999999999,243.51515151515153,16.785
0.908,0.333,1.127,2.74,3.658,3.172,0.4,0.4,0.1,0.1,737.3,884.7599999999999,223.42424242424244,16.38
1.354,0.589,0.671,0.542,2.403,1.761,0.4,0.4,0.1,0.1,985.9,1183.08,298.75757575757575,9.689999999999998
0.786,0.102,0.99,0.828,3.247,1.28,0.4,0.4,0.1,0.1,653.2,783.84,197.93939393939397,18.21
1.43,1.117,1.33,4.029,2.581,4.857,0.4,0.4,0.1,0.1,1076.7,1292.04,326.2727272727273,8.55
1.373,0.669,1.316,2.101,3.111,0.272,0.4,0.4,0.1,0.1,1003.4,1204.08,304.06060606060606,9.405000000000001
0.167,0.173,1.322,2.957,0.766,0.88,0.4,0.4,0.1,0.1,350.8,420.96,106.30303030303031,27.495
1.293,1.176,1.367,0.993,1.024,2.981,0.4,0.4,0.1,0.1,1014.1,1216.92,307.3030303030303,10.605
0.861,1.051,0.153,4.23,2.183,0.198,0.4,0.4,0.1,0.1,785.6,942.72,238.0606060606061,17.085
1.303,0.963,0.535,0.145,4.119,2.778,0.4,0.4,0.1,0.1,997.8,1197.36,302.3636363636364,10.455000000000002
1.228,1.123,1.497,4.45,1.925,1.751,0.4,0.4,0.1,0.1,976.3,1171.56,295.8484848484849,11.580000000000002
0.113,1.349,0.797,1.985,2.476,1.707,0.4,0.4,0.1,0.1,441.4,529.68,133.75757575757575,28.305
0.624,1.018,0.673,0.128,4.818,0.294,0.4,0.4,0.1,0.1,663.8,796.56,201.15151515151516,20.64
1.107,1.327,0.939,4.272,3.671,0.595,0.4,0.4,0.1,0.1,936.2,1123.44,283.69696969696975,13.395
1.461,1.481,1.244,4.703,0.391,4.826,0.4,0.4,0.1,0.1,1128.6,1354.32,342.0,8.084999999999997
0.57,1.127,0.906,2.023,2.706,1.994,0.4,0.4,0.1,0.1,647.7,777.24,196.2727272727273,21.450000000000003
1.132,0.293,0.255,1.773,4.137,0.353,0.4,0.4,0.1,0.1,845.3,1014.3599999999999,256.1515151515151,13.020000000000003
0.52,0.407,0.496,1.576,1.016,0.77,0.4,0.4,0.1,0.1,550.7,660.84,166.8787878787879,22.2
0.632,1.138,0.84,0.889,0.843,0.698,0.4,0.4,0.1,0.1,679.8,815.7599999999999,206.0,20.52
1.452,1.296,0.601,0.534,4.85,1.719,0.4,0.4,0.1,0.1,1105.6,1326.7199999999998,335.030303030303,8.219999999999999
0.649,0.666,0.528,0.984,2.2,2.929,0.4,0.4,0.1,0.1,641.1,769.32,194.27272727272728,20.265
0.585,1.49,1.04,3.22,4.602,4.763,0.4,0.4,0.1,0.1,691.5,829.8,209.54545454545456,21.225
0.75,1.278,0.175,0.234,3.058,4.971,0.4,0.4,0.1,0.1,752.8,903.3599999999999,228.12121212121212,18.75
0.35,0.161,0.368,3.165,3.777,2.13,0.4,0.4,0.1,0.1,441.1,529.32,133.66666666666669,24.75
0.896,0.658,0.589,3.346,0.474,1.655,0.4,0.4,0.1,0.1,763.8,916.56,231.45454545454544,16.560000000000002
1.432,0.363,0.442,3.455,1.891,0.474,0.4,0.4,0.1,0.1,1002.3,1202.76,303.72727272727275,8.52
0.587,0.473,0.557,4.282,2.315,2.796,0.4,0.4,0.1,0.1,590.8,708.9599999999999,179.03030303030303,21.195
1.358,1.473,1.206,3.068,3.018,1.778,0.4,0.4,0.1,0.1,1076.3,1291.56,326.1515151515151,9.629999999999999
0.63,1.335,1.056,4.545,1.578,2.244,0.4,0.4,0.1,0.1,698.5,838.1999999999999,211.66666666666669,20.55
0.409,1.268,0.755,0.259,3.47,3.612,0.4,0.4,0.1,0.1,581.3,697.56,176.15151515151516,23.865000000000002
0.447,1.105,0.728,0.974,2.375,2.22,0.4,0.4,0.1,0.1,584.0,700.8,176.96969696969697,23.295
1.375,0.999,0.548,4.359,1.214,1.208,0.4,0.4,0.1,0.1,1037.4,1244.88,314.36363636363643,9.375
0.41,1.336,0.686,4.295,1.921,1.697,0.4,0.4,0.1,0.1,588.6,706.32,178.36363636363637,23.85
0.665,0.239,0.501,2.482,0.308,0.046,0.4,0.4,0.1,0.1,606.4,727.68,183.75757575757575,20.025
0.517,0.335,0.942,0.16,0.592,1.838,0.4,0.4,0.1,0.1,542.0,650.4,164.24242424242425,22.245
0.796,0.919,0.367,3.774,1.693,3.697,0.4,0.4,0.1,0.1,739.9,887.88,224.21212121212122,18.06
0.265,0.363,1.302,4.77,4.905,0.962,0.4,0.4,0.1,0.1,418.8,502.56,126.90909090909092,26.025
0.96,1.302,0.578,2.901,0.118,2.85,0.4,0.4,0.1,0.1,860.2,1032.24,260.6666666666667,15.600000000000001
0.307,0.114,0.636,2.831,1.265,1.892,0.4,0.4,0.1,0.1,414.9,497.87999999999994,125.72727272727273,25.395
0.236,0.96,1.26,4.736,1.461,1.141,0.4,0.4,0.1,0.1,464.0,556.8,140.60606060606062,26.46
0.956,0.454,0.97,4.374,2.203,3.84,0.4,0.4,0.1,0.1,773.4,928.0799999999999,234.36363636363637,15.66
0.569,1.47,0.226,3.397,1.098,1.034,0.4,0.4,0.1,0.1,681.5,817.8,206.51515151515153,21.465
0.158,0.221,0.253,4.667,3.306,1.918,0.4,0.4,0.1,0.1,351.1,421.32,106.3939393939394,27.63
0.288,0.703,0.964,2.715,4.821,1.03,0.4,0.4,0.1,0.1,464.3,557.16,140.69696969696972,25.68
1.169,0.91,1.279,0.09,0.109,2.959,0.4,0.4,0.1,0.1,925.5,1110.6,280.4545454545455,12.465
0.767,1.1,1.369,3.803,1.988,2.943,0.4,0.4,0.1,0.1,743.5,892.1999999999999,225.3030303030303,18.494999999999997
1.483,1.062,1.1,4.85,0.853,0.973,0.4,0.4,0.1,0.1,1097.7,1317.24,332.6363636363637,7.754999999999999
1.145,0.494,1.076,4.981,3.52,4.771,0.4,0.4,0.1,0.1,871.9,1046.28,264.21212121212125,12.825
0.818,0.348,0.74,3.665,1.002,2.029,0.4,0.4,0.1,0.1,693.8,832.56,210.24242424242425,17.73
0.343,0.684,0.259,3.863,2.227,3.182,0.4,0.4,0.1,0.1,489.9,587.88,148.45454545454547,24.855
1.155,1.1,0.463,4.98,0.851,4.728,0.4,0.4,0.1,0.1,937.5,1125.0,284.0909090909091,12.675
0.535,1.168,0.811,1.733,4.441,4.27,0.4,0.4,0.1,0.1,634.3,761.16,192.21212121212122,21.975
1.062,0.536,0.265,2.597,0.242,2.975,0.4,0.4,0.1,0.1,834.6,1001.52,252.90909090909093,14.069999999999999
0.684,0.93,0.397,0.199,1.095,4.556,0.4,0.4,0.1,0.1,685.0,822.0,207.5757575757576,19.74
0.275,1.468,1.296,0.051,2.191,3.049,0.4,0.4,0.1,0.1,534.3,641.16,161.9090909090909,25.875
0.464,0.452,1.354,2.451,4.112,0.424,0.4,0.4,0.1,0.1,527.2,632.64,159.75757575757578,23.04
0.855,0.156,0.433,1.394,4.86,0.165,0.4,0.4,0.1,0.1,693.1,831.72,210.03030303030306,17.175
1.037,0.23,0.947,3.12,0.565,2.159,0.4,0.4,0.1,0.1,791.5,949.8,239.84848484848487,14.445
0.984,1.46,1.372,1.142,0.907,0.834,0.4,0.4,0.1,0.1,888.0,1065.6,269.0909090909091,15.24
0.323,0.908,1.034,3.728,1.894,2.959,0.4,0.4,0.1,0.1,502.3,602.76,152.21212121212122,25.155
0.176,0.812,0.216,2.569,1.84,1.198,0.4,0.4,0.1,0.1,419.2,503.03999999999996,127.03030303030303,27.36
0.538,0.963,0.474,1.633,0.148,0.147,0.4,0.4,0.1,0.1,615.3,738.3599999999999,186.45454545454544,21.93
1.076,1.218,1.031,0.912,2.383,4.204,0.4,0.4,0.1,0.1,909.8,1091.76,275.6969696969697,13.86
1.051,0.845,1.103,0.619,1.014,3.473,0.4,0.4,0.1,0.1,860.0,1032.0,260.6060606060606,14.235000000000001
1.114,1.431,0.284,3.992,3.374,4.272,0.4,0.4,0.1,0.1,950.1,1140.12,287.90909090909093,13.29
1.422,0.932,0.901,2.915,3.162,2.494,0.4,0.4,0.1,0.1,1054.2,1265.04,319.4545454545455,8.670000000000002
0.526,0.401,0.519,3.009,4.844,5.0,0.4,0.4,0.1,0.1,553.1,663.72,167.60606060606062,22.11
1.264,1.27,0.653,1.168,2.013,4.822,0.4,0.4,0.1,0.1,1009.0,1210.8,305.75757575757575,11.04
0.943,0.725,1.255,2.986,1.052,1.891,0.4,0.4,0.1,0.1,794.0,952.8,240.60606060606062,15.855
0.883,1.364,1.089,0.079,3.144,0.322,0.4,0.4,0.1,0.1,827.9,993.4799999999999,250.87878787878788,16.755
0.973,0.756,0.124,4.514,1.253,2.309,0.4,0.4,0.1,0.1,812.1,974.52,246.09090909090912,15.405000000000001
0.958,1.002,0.156,3.078,3.526,2.837,0.4,0.4,0.1,0.1,829.2,995.04,251.2727272727273,15.63
0.652,0.268,0.518,4.346,2.415,3.083,0.4,0.4,0.1,0.1,602.8,723.3599999999999,182.66666666666666,20.22
0.656,0.906,0.354,0.883,1.859,2.949,0.4,0.4,0.1,0.1,668.6,802.32,202.60606060606062,20.16
0.906,0.539,0.25,1.306,2.366,0.768,0.4,0.4,0.1,0.1,756.9,908.28,229.36363636363637,16.41
0.449,0.924,0.871,3.118,1.429,2.135,0.4,0.4,0.1,0.1,566.9,680.28,171.78787878787878,23.265
0.449,0.614,0.382,4.527,2.279,0.428,0.4,0.4,0.1,0.1,535.9,643.0799999999999,162.3939393939394,23.265
1.096,0.516,0.989,2.514,2.333,0.405,0.4,0.4,0.1,0.1,849.6,1019.52,257.4545454545455,13.559999999999999
1.202,0.685,0.729,2.384,3.613,2.75,0.4,0.4,0.1,0.1,919.5,1103.3999999999999,278.6363636363636,11.969999999999999
0.962,0.383,0.582,4.016,4.908,4.34,0.4,0.4,0.1,0.1,769.3,923.1599999999999,233.12121212121212,15.57
0.139,1.392,0.204,2.457,1.065,4.333,0.4,0.4,0.1,0.1,458.7,550.4399999999999,139.0,27.915
0.424,1.081,0.939,0.017,1.235,1.055,0.4,0.4,0.1,0.1,570.1,684.12,172.75757575757578,23.64
1.222,0.487,0.18,2.394,2.391,3.976,0.4,0.4,0.1,0.1,909.7,1091.64,275.6666666666667,11.670000000000002
1.045,0.502,1.459,1.576,4.927,0.21,0.4,0.4,0.1,0.1,822.7,987.24,249.30303030303034,14.325000000000001
1.46,0.223,0.278,0.099,2.356,3.099,0.4,0.4,0.1,0.1,1002.3,1202.76,303.72727272727275,8.100000000000001
0.92,1.318,1.441,4.695,2.767,4.71,0.4,0.4,0.1,0.1,841.8,1010.1599999999999,255.0909090909091,16.2
1.246,0.308,1.338,3.46,3.032,1.428,0.4,0.4,0.1,0.1,903.8,1084.56,273.8787878787879,11.309999999999999
0.12,1.242,1.27,1.953,3.372,1.592,0.4,0.4,0.1,0.1,434.2,521.04,131.5757575757576,28.2
0.4,0.341,0.108,2.554,2.501,4.982,0.4,0.4,0.1,0.1,484.1,580.92,146.69696969696972,24.0
0.951,1.123,0.101,0.203,2.832,2.589,0.4,0.4,0.1,0.1,837.8,1005.3599999999999,253.87878787878788,15.735000000000001
0.59,1.499,0.292,2.033,1.023,1.859,0.4,0.4,0.1,0.1,694.9,833.88,210.5757575757576,21.15
0.885,0.162,0.625,3.941,2.469,2.386,0.4,0.4,0.1,0.1,708.7,850.44,214.75757575757578,16.725
0.107,0.848,0.932,3.932,4.792,3.24,0.4,0.4,0.1,0.1,388.3,465.96,117.66666666666667,28.395
1.011,1.37,1.088,0.473,0.14,4.648,0.4,0.4,0.1,0.1,892.5,1071.0,270.4545454545455,14.835
0.657,0.752,1.175,1.508,1.606,1.977,0.4,0.4,0.1,0.1,653.7,784.44,198.09090909090912,20.145
1.174,0.144,1.308,1.408,1.764,2.232,0.4,0.4,0.1,0.1,851.4,1021.68,258.0,12.39
0.836,1.099,0.55,3.113,3.531,2.346,0.4,0.4,0.1,0.1,777.9,933.4799999999999,235.72727272727272,17.46
1.071,0.598,0.218,1.433,3.401,0.347,0.4,0.4,0.1,0.1,845.3,1014.3599999999999,256.1515151515151,13.935000000000002
0.445,1.349,1.484,4.493,0.654,4.337,0.4,0.4,0.1,0.1,607.4,728.88,184.06060606060606,23.325
0.944,1.458,1.058,1.703,3.331,4.278,0.4,0.4,0.1,0.1,867.8,1041.36,262.969696969697,15.84
0.521,0.586,0.714,2.329,2.428,2.768,0.4,0.4,0.1,0.1,569.1,682.92,172.45454545454547,22.185
0.666,0.308,1.091,3.235,4.817,0.485,0.4,0.4,0.1,0.1,613.8,736.56,186.0,20.009999999999998
0.784,1.362,1.231,0.364,3.976,0.498,0.4,0.4,0.1,0.1,778.2,933.84,235.81818181818184,18.240000000000002
1.065,1.346,0.856,2.691,1.926,3.166,0.4,0.4,0.1,0.1,917.1,1100.52,277.90909090909093,14.025
0.395,1.019,0.27,1.002,3.589,1.478,0.4,0.4,0.1,0.1,549.4,659.28,166.4848484848485,24.075
1.098,0.475,0.719,0.894,4.792,3.143,0.4,0.4,0.1,0.1,846.5,1015.8,256.5151515151515,13.529999999999998
0.303,0.464,0.963,0.078,4.895,0.729,0.4,0.4,0.1,0.1,447.9,537.4799999999999,135.72727272727272,25.455
0.737,1.491,0.599,4.296,2.051,1.034,0.4,0.4,0.1,0.1,767.6,921.12,232.60606060606062,18.945
1.463,0.766,1.365,4.153,3.049,0.767,0.4,0.4,0.1,0.1,1058.1,1269.7199999999998,320.6363636363636,8.055
0.13,1.336,0.806,2.3,0.986,0.285,0.4,0.4,0.1,0.1,448.6,538.32,135.93939393939397,28.05
1.496,0.925,0.406,0.802,0.009,3.739,0.4,0.4,0.1,0.1,1090.5,1308.6,330.4545454545455,7.559999999999999
1.011,1.354,0.715,2.785,4.323,2.204,0.4,0.4,0.1,0.1,890.9,1069.08,269.969696969697,14.835
1.096,1.085,0.73,4.439,0.536,3.155,0.4,0.4,0.1,0.1,906.5,1087.8,274.6969696969697,13.559999999999999
1.463,1.426,0.562,0.146,0.676,0.261,0.4,0.4,0.1,0.1,1124.1,1348.9199999999998,340.6363636363636,8.055
0.717,0.256,0.196,1.072,3.935,3.071,0.4,0.4,0.1,0.1,634.1,760.92,192.15151515151516,19.245
0.922,0.226,1.173,4.265,3.542,2.527,0.4,0.4,0.1,0.1,733.6,880.32,222.3030303030303,16.17
0.111,0.217,1.294,3.522,3.989,0.852,0.4,0.4,0.1,0.1,327.2,392.64,99.15151515151516,28.335
0.499,1.458,0.625,2.195,0.711,1.04,0.4,0.4,0.1,0.1,645.3,774.3599999999999,195.54545454545453,22.515
0.985,1.272,1.296,1.05,2.717,4.435,0.4,0.4,0.1,0.1,869.7,1043.64,263.54545454545456,15.225
0.154,0.324,0.414,1.539,0.078,3.214,0.4,0.4,0.1,0.1,359.4,431.28,108.9090909090909,27.69
1.1,0.589,0.885,4.208,0.102,1.527,0.4,0.4,0.1,0.1,858.9,1030.6799999999998,260.27272727272725,13.5
1.343,1.389,1.47,2.872,3.073,4.062,0.4,0.4,0.1,0.1,1060.4,1272.48,321.33333333333337,9.855
1.145,1.288,0.38,0.826,2.423,4.433,0.4,0.4,0.1,0.1,951.3,1141.56,288.27272727272725,12.825
0.75,0.432,0.774,4.058,2.535,2.097,0.4,0.4,0.1,0.1,668.2,801.84,202.4848484848485,18.75
0.198,0.706,1.016,2.823,3.604,0.542,0.4,0.4,0.1,0.1,419.6,503.52,127.15151515151517,27.03
0.483,0.528,0.814,2.397,1.802,4.341,0.4,0.4,0.1,0.1,544.3,653.16,164.93939393939394,22.755
0.668,0.916,1.388,2.787,3.731,2.965,0.4,0.4,0.1,0.1,675.6,810.72,204.72727272727275,19.979999999999997
0.903,0.503,1.292,2.719,2.306,3.627,0.4,0.4,0.1,0.1,751.8,902.16,227.8181818181818,16.455
1.033,0.838,1.19,0.374,3.146,2.136,0.4,0.4,0.1,0.1,850.3,1020.3599999999999,257.6666666666667,14.505
1.466,0.584,0.921,2.373,3.18,4.041,0.4,0.4,0.1,0.1,1041.4,1249.68,315.5757575757576,8.010000000000002
1.128,0.409,0.302,3.524,2.008,0.005,0.4,0.4,0.1,0.1,854.9,1025.8799999999999,259.06060606060606,13.080000000000002
1.394,0.298,0.317,3.691,2.574,2.479,0.4,0.4,0.1,0.1,976.8,1172.1599999999999,296.0,9.09
0.103,0.964,1.304,3.607,3.199,4.197,0.4,0.4,0.1,0.1,397.9,477.47999999999996,120.57575757575758,28.455
1.489,0.302,1.03,3.689,4.031,0.105,0.4,0.4,0.1,0.1,1024.7,1229.64,310.51515151515156,7.664999999999999
1.342,1.03,0.23,4.49,1.39,4.641,0.4,0.4,0.1,0.1,1024.0,1228.8,310.3030303030303,9.869999999999997
1.253,0.311,0.654,4.084,2.88,1.924,0.4,0.4,0.1,0.1,907.6,1089.12,275.03030303030306,11.205000000000002
0.865,1.097,0.535,0.903,3.019,0.224,0.4,0.4,0.1,0.1,792.2,950.64,240.0606060606061,17.025
0.894,0.492,1.202,2.411,1.226,0.35,0.4,0.4,0.1,0.1,746.2,895.44,226.12121212121215,16.59
0.689,0.882,1.476,4.259,0.049,0.084,0.4,0.4,0.1,0.1,682.7,819.24,206.8787878787879,19.665
0.982,0.162,1.131,2.355,4.054,4.919,0.4,0.4,0.1,0.1,757.2,908.64,229.45454545454547,15.27
1.456,0.507,0.455,1.374,0.643,0.82,0.4,0.4,0.1,0.1,1028.7,1234.44,311.72727272727275,8.16
0.806,0.608,0.824,3.887,3.084,2.053,0.4,0.4,0.1,0.1,713.8,856.56,216.3030303030303,17.91
0.707,1.269,0.301,3.596,1.514,3.782,0.4,0.4,0.1,0.1,730.4,876.4799999999999,221.33333333333334,19.395000000000003
0.845,0.651,0.824,4.886,2.163,1.256,0.4,0.4,0.1,0.1,737.6,885.12,223.51515151515153,17.325000000000003
0.441,1.257,0.812,3.693,1.524,3.298,0.4,0.4,0.1,0.1,596.2,715.44,180.66666666666669,23.384999999999998
1.063,0.402,0.171,1.944,2.039,0.745,0.4,0.4,0.1,0.1,821.7,986.04,249.00000000000003,14.055000000000001
0.827,0.834,0.363,4.148,2.643,4.716,0.4,0.4,0.1,0.1,746.9,896.28,226.33333333333334,17.595
0.657,1.092,0.385,0.799,1.805,3.705,0.4,0.4,0.1,0.1,687.7,825.24,208.3939393939394,20.145
0.251,1.432,1.07,3.692,3.763,0.959,0.4,0.4,0.1,0.1,518.7,622.44,157.18181818181822,26.235
0.634,0.95,0.547,0.007,4.886,0.397,0.4,0.4,0.1,0.1,662.0,794.4,200.60606060606062,20.490000000000002
1.206,0.901,0.718,2.387,1.294,2.492,0.4,0.4,0.1,0.1,943.1,1131.72,285.7878787878788,11.91
0.891,0.47,0.796,1.57,2.675,3.764,0.4,0.4,0.1,0.1,742.5,891.0,225.0,16.634999999999998
0.646,1.233,0.45,4.438,2.878,2.137,0.4,0.4,0.1,0.1,696.3,835.56,211.0,20.310000000000002
0.19,1.028,1.427,3.841,4.756,1.692,0.4,0.4,0.1,0.1,447.8,537.36,135.69696969696972,27.15
1.258,1.325,0.227,2.519,3.387,3.059,0.4,0.4,0.1,0.1,1011.5,1213.8,306.51515151515156,11.129999999999999
0.817,0.775,1.184,0.329,2.505,4.852,0.4,0.4,0.1,0.1,736.0,883.1999999999999,223.03030303030303,17.745
1.246,0.795,1.129,4.237,2.848,1.302,0.4,0.4,0.1,0.1,952.5,1143.0,288.6363636363636,11.309999999999999
0.204,1.073,0.23,3.022,3.453,0.32,0.4,0.4,0.1,0.1,459.3,551.16,139.1818181818182,26.94
0.28,1.441,0.191,0.242,4.097,4.361,0.4,0.4,0.1,0.1,534.1,640.92,161.84848484848487,25.8
0.801,0.544,0.859,3.659,0.465,0.368,0.4,0.4,0.1,0.1,704.9,845.88,213.60606060606062,17.985
0.472,1.018,0.471,4.729,2.622,1.782,0.4,0.4,0.1,0.1,587.8,705.3599999999999,178.12121212121212,22.92
1.498,1.158,0.593,1.246,3.744,4.473,0.4,0.4,0.1,0.1,1114.8,1337.76,337.8181818181818,7.530000000000001
1.27,1.369,0.585,2.954,3.391,4.533,0.4,0.4,0.1,0.1,1021.9,1226.28,309.6666666666667,10.95
0.777,1.318,1.218,2.466,4.182,3.306,0.4,0.4,0.1,0.1,770.3,924.3599999999999,233.42424242424244,18.345
1.151,1.321,0.153,1.163,2.426,3.664,0.4,0.4,0.1,0.1,957.6,1149.12,290.1818181818182,12.735
0.154,1.399,1.212,4.251,3.485,4.786,0.4,0.4,0.1,0.1,466.9,560.28,141.4848484848485,27.69
1.222,0.192,0.141,0.018,0.237,1.028,0.4,0.4,0.1,0.1,880.2,1056.24,266.72727272727275,11.670000000000002
0.207,1.423,0.588,1.07,4.07,4.324,0.4,0.4,0.1,0.1,495.8,594.96,150.24242424242425,26.895
0.147,0.913,0.125,4.986,1.293,4.445,0.4,0.4,0.1,0.1,414.8,497.76,125.6969696969697,27.795
1.459,0.529,1.258,1.13,0.834,1.116,0.4,0.4,0.1,0.1,1032.4,1238.88,312.8484848484849,8.114999999999998
0.737,0.445,0.955,4.523,1.782,1.618,0.4,0.4,0.1,0.1,663.0,795.6,200.9090909090909,18.945
0.608,0.505,1.147,1.715,2.064,4.318,0.4,0.4,0.1,0.1,604.5,725.4,183.1818181818182,20.880000000000003
1.394,0.919,0.49,3.466,1.038,3.967,0.4,0.4,0.1,0.1,1038.9,1246.68,314.81818181818187,9.09
0.746,0.697,0.967,4.623,4.237,1.088,0.4,0.4,0.1,0.1,692.7,831.24,209.90909090909093,18.810000000000002
0.686,0.53,0.317,0.512,0.99,1.974,0.4,0.4,0.1,0.1,646.0,775.1999999999999,195.75757575757578,19.71
1.308,1.298,0.764,1.717,3.742,0.226,0.4,0.4,0.1,0.1,1033.8,1240.56,313.27272727272725,10.379999999999999
1.246,0.962,0.372,1.48,4.945,3.046,0.4,0.4,0.1,0.1,969.2,1163.04,293.69696969696975,11.309999999999999
1.458,0.247,0.551,3.192,3.523,1.224,0.4,0.4,0.1,0.1,1003.7,1204.44,304.1515151515152,8.129999999999999
1.311,1.079,1.454,3.317,4.854,0.033,0.4,0.4,0.1,0.1,1013.4,1216.08,307.0909090909091,10.335
1.394,0.336,0.406,1.01,1.25,2.038,0.4,0.4,0.1,0.1,980.6,1176.72,297.1515151515152,9.09
1.115,0.76,1.229,3.148,0.269,3.71,0.4,0.4,0.1,0.1,883.5,1060.2,267.72727272727275,13.274999999999999
0.818,0.205,1.106,3.271,2.77,3.461,0.4,0.4,0.1,0.1,679.5,815.4,205.9090909090909,17.73
0.263,0.59,0.204,0.869,4.814,2.944,0.4,0.4,0.1,0.1,440.5,528.6,133.4848484848485,26.055
1.27,1.307,1.359,4.164,1.809,0.101,0.4,0.4,0.1,0.1,1015.7,1218.84,307.7878787878788,10.95
0.391,1.243,0.79,4.95,1.236,2.418,0.4,0.4,0.1,0.1,569.8,683.7599999999999,172.66666666666666,24.134999999999998
0.703,0.282,0.167,2.167,1.251,4.737,0.4,0.4,0.1,0.1,629.7,755.64,190.81818181818184,19.455
0.301,0.334,0.622,0.623,3.281,0.056,0.4,0.4,0.1,0.1,433.9,520.68,131.4848484848485,25.485
1.247,0.862,0.481,0.876,1.335,3.92,0.4,0.4,0.1,0.1,959.7,1151.64,290.81818181818187,11.294999999999998
0.295,1.359,0.556,3.172,1.946,2.412,0.4,0.4,0.1,0.1,533.4,640.0799999999999,161.63636363636363,25.575
1.08,0.747,0.532,1.525,2.388,2.07,0.4,0.4,0.1,0.1,864.7,1037.64,262.03030303030306,13.799999999999997
1.199,0.234,0.435,4.179,1.439,4.262,0.4,0.4,0.1,0.1,872.9,1047.48,264.5151515151515,12.015
0.161,1.401,1.149,4.095,2.14,4.332,0.4,0.4,0.1,0.1,470.6,564.72,142.60606060606062,27.585
0.368,1.439,1.357,4.016,2.295,3.245,0.4,0.4,0.1,0.1,577.9,693.4799999999999,175.12121212121212,24.48
0.845,1.045,1.437,4.042,3.464,1.584,0.4,0.4,0.1,0.1,777.0,932.4,235.45454545454547,17.325000000000003
0.101,0.248,1.27,4.635,0.281,1.941,0.4,0.4,0.1,0.1,325.3,390.36,98.57575757575758,28.485
0.826,0.159,0.474,3.341,3.966,3.338,0.4,0.4,0.1,0.1,678.9,814.68,205.72727272727272,17.61
0.216,1.481,1.091,1.699,0.253,4.507,0.4,0.4,0.1,0.1,506.1,607.32,153.36363636363637,26.76
1.211,0.816,0.414,1.72,4.03,1.196,0.4,0.4,0.1,0.1,937.1,1124.52,283.969696969697,11.834999999999997
0.623,1.424,0.97,0.155,2.662,4.337,0.4,0.4,0.1,0.1,703.9,844.68,213.3030303030303,20.655
1.322,0.28,0.316,3.214,0.523,2.831,0.4,0.4,0.1,0.1,939.0,1126.8,284.54545454545456,10.169999999999998
1.398,1.302,0.764,2.846,1.171,4.003,0.4,0.4,0.1,0.1,1079.2,1295.04,327.03030303030306,9.030000000000001
0.119,0.578,1.473,2.744,3.22,2.008,0.4,0.4,0.1,0.1,367.3,440.76,111.30303030303031,28.215
0.968,0.797,1.063,1.097,4.793,2.824,0.4,0.4,0.1,0.1,813.7,976.44,246.5757575757576,15.48
0.637,0.603,0.825,0.55,0.173,0.035,0.4,0.4,0.1,0.1,628.8,754.56,190.54545454545453,20.445
0.25,1.333,1.26,0.108,2.911,2.014,0.4,0.4,0.1,0.1,508.29999999999995,609.9599999999999,154.03030303030303,26.25
1.477,0.531,0.626,3.808,1.588,1.261,0.4,0.4,0.1,0.1,1041.6,1249.9199999999998,315.6363636363636,7.844999999999999
0.203,1.25,0.193,4.463,4.466,0.816,0.4,0.4,0.1,0.1,476.5,571.8,144.3939393939394,26.955
0.908,1.209,0.49,0.511,4.903,3.165,0.4,0.4,0.1,0.1,824.9,989.8799999999999,249.96969696969697,16.38
1.202,0.362,1.12,2.648,2.644,4.962,0.4,0.4,0.1,0.1,887.2,1064.64,268.8484848484849,11.969999999999999
1.38,0.913,1.281,2.159,4.518,3.911,0.4,0.4,0.1,0.1,1031.3,1237.56,312.5151515151515,9.3
0.509,1.021,1.361,2.186,3.721,4.994,0.4,0.4,0.1,0.1,606.6,727.92,183.81818181818184,22.365000000000002
0.646,0.47,0.979,2.936,4.749,3.753,0.4,0.4,0.1,0.1,620.0,744.0,187.87878787878788,20.310000000000002
1.14,0.915,1.057,1.694,0.681,3.512,0.4,0.4,0.1,0.1,911.5,1093.8,276.21212121212125,12.900000000000002
0.378,0.382,0.91,0.739,0.155,3.813,0.4,0.4,0.1,0.1,477.2,572.64,144.60606060606062,24.33
0.997,0.332,1.433,2.605,4.772,4.785,0.4,0.4,0.1,0.1,781.7,938.04,236.8787878787879,15.045
1.276,0.902,0.746,4.909,3.46,1.484,0.4,0.4,0.1,0.1,978.2,1173.84,296.42424242424244,10.86
1.056,1.114,0.553,2.841,3.688,0.068,0.4,0.4,0.1,0.1,889.4,1067.28,269.5151515151515,14.16
1.388,0.458,0.265,1.417,2.879,4.891,0.4,0.4,0.1,0.1,989.8,1187.76,299.93939393939394,9.18
1.173,0.449,0.805,4.646,4.053,1.751,0.4,0.4,0.1,0.1,881.4,1057.6799999999998,267.0909090909091,12.405000000000001
0.784,0.71,1.343,0.95,1.488,3.126,0.4,0.4,0.1,0.1,713.0,855.6,216.06060606060606,18.240000000000002
0.995,0.13,0.585,4.806,2.094,3.283,0.4,0.4,0.1,0.1,760.5,912.6,230.45454545454547,15.075
0.123,0.781,1.484,1.882,4.784,4.04,0.4,0.4,0.1,0.1,389.6,467.52,118.06060606060608,28.155
1.289,1.18,1.322,4.157,2.746,1.878,0.4,0.4,0.1,0.1,1012.5,1215.0,306.8181818181818,10.665000000000003
0.392,0.111,1.268,4.74,0.368,2.768,0.4,0.4,0.1,0.1,457.1,548.52,138.51515151515153,24.12
0.555,0.546,1.17,2.161,0.108,4.959,0.4,0.4,0.1,0.1,582.1,698.52,176.3939393939394,21.674999999999997
0.53,1.305,1.29,0.034,2.096,3.547,0.4,0.4,0.1,0.1,645.5,774.6,195.60606060606062,22.05
0.682,1.489,0.746,3.884,4.072,4.689,0.4,0.4,0.1,0.1,739.9,887.88,224.21212121212122,19.77
0.382,0.984,0.48,0.147,2.636,1.141,0.4,0.4,0.1,0.1,539.4,647.28,163.45454545454547,24.27
1.298,1.48,0.745,1.949,0.251,2.274,0.4,0.4,0.1,0.1,1047.0,1256.3999999999999,317.2727272727273,10.530000000000001
1.059,0.364,0.12,4.353,1.891,1.719,0.4,0.4,0.1,0.1,815.9,979.0799999999999,247.24242424242425,14.115
0.781,0.728,1.451,1.458,3.975,4.047,0.4,0.4,0.1,0.1,713.3,855.9599999999999,216.15151515151516,18.285
1.3,0.727,1.282,2.65,4.766,0.005,0.4,0.4,0.1,0.1,972.7,1167.24,294.7575757575758,10.5
1.298,0.789,0.225,0.177,2.003,3.359,0.4,0.4,0.1,0.1,977.9,1173.48,296.3333333333333,10.530000000000001
0.295,0.11,1.382,4.501,0.543,0.991,0.4,0.4,0.1,0.1,408.5,490.2,123.7878787878788,25.575
0.858,0.119,0.285,0.889,0.226,3.329,0.4,0.4,0.1,0.1,690.9,829.0799999999999,209.36363636363637,17.130000000000003
0.252,1.18,1.284,3.457,0.833,1.643,0.4,0.4,0.1,0.1,494.0,592.8,149.69696969696972,26.22
0.192,0.814,0.406,1.181,4.24,3.046,0.4,0.4,0.1,0.1,427.4,512.88,129.5151515151515,27.12
0.647,0.705,1.441,2.817,0.907,3.833,0.4,0.4,0.1,0.1,644.0,772.8,195.15151515151516,20.295
0.635,0.112,0.415,1.957,1.34,3.973,0.4,0.4,0.1,0.1,578.7,694.44,175.36363636363637,20.475
0.197,0.293,1.482,4.192,1.542,0.331,0.4,0.4,0.1,0.1,377.8,453.36,114.4848484848485,27.045
1.163,1.487,0.256,2.277,2.558,4.823,0.4,0.4,0.1,0.1,980.2,1176.24,297.03030303030306,12.555
1.163,1.345,0.759,1.849,1.79,0.269,0.4,0.4,0.1,0.1,966.0,1159.2,292.72727272727275,12.555
0.965,0.901,1.357,4.353,1.938,4.358,0.4,0.4,0.1,0.1,822.6,987.12,249.27272727272728,15.525
1.304,0.209,0.546,4.042,4.024,2.972,0.4,0.4,0.1,0.1,922.9,1107.48,279.6666666666667,10.439999999999998
1.261,1.373,0.507,0.911,3.292,2.514,0.4,0.4,0.1,0.1,1017.8,1221.36,308.42424242424244,11.085
0.786,1.08,1.21,1.859,1.507,4.445,0.4,0.4,0.1,0.1,751.0,901.1999999999999,227.5757575757576,18.21
0.557,0.179,0.225,0.846,4.968,2.994,0.4,0.4,0.1,0.1,546.4,655.68,165.57575757575756,21.645
0.621,0.893,0.728,3.257,3.765,1.621,0.4,0.4,0.1,0.1,649.8,779.7599999999999,196.9090909090909,20.685000000000002
0.569,0.181,1.44,2.73,1.495,1.655,0.4,0.4,0.1,0.1,552.6,663.12,167.45454545454547,21.465
1.033,1.022,0.446,4.811,1.6,2.129,0.4,0.4,0.1,0.1,868.7,1042.44,263.24242424242425,14.505
1.267,1.241,0.677,2.966,3.461,0.501,0.4,0.4,0.1,0.1,1007.6,1209.12,305.33333333333337,10.995000000000001
1.387,0.414,0.32,1.843,4.407,3.958,0.4,0.4,0.1,0.1,984.9,1181.8799999999999,298.45454545454544,9.195
0.136,1.319,0.826,2.706,1.646,0.548,0.4,0.4,0.1,0.1,449.9,539.88,136.33333333333334,27.96
0.603,0.435,1.467,3.212,0.039,1.638,0.4,0.4,0.1,0.1,595.0,714.0,180.3030303030303,20.955
0.663,0.858,1.155,4.03,2.682,3.457,0.4,0.4,0.1,0.1,667.3,800.7599999999999,202.21212121212122,20.055
1.28,0.196,0.164,2.683,1.141,3.396,0.4,0.4,0.1,0.1,909.6,1091.52,275.6363636363637,10.8
0.591,0.157,0.163,4.836,0.448,0.702,0.4,0.4,0.1,0.1,561.2,673.44,170.0606060606061,21.134999999999998
1.212,1.222,0.133,2.908,4.262,2.399,0.4,0.4,0.1,0.1,978.2,1173.84,296.42424242424244,11.82
1.206,1.365,0.214,2.936,1.56,1.88,0.4,0.4,0.1,0.1,989.5,1187.3999999999999,299.8484848484849,11.91
1.155,1.059,0.601,3.387,4.777,3.604,0.4,0.4,0.1,0.1,933.4,1120.08,282.8484848484849,12.675
0.83,0.99,0.167,2.745,2.625,1.049,0.4,0.4,0.1,0.1,764.0,916.8,231.51515151515153,17.55
0.943,1.367,0.72,1.387,0.0,2.974,0.4,0.4,0.1,0.1,858.2,1029.84,260.06060606060606,15.855
1.396,0.836,1.108,4.827,2.885,2.311,0.4,0.4,0.1,0.1,1031.6,1237.9199999999998,312.6060606060606,9.060000000000002
0.378,0.19,1.049,0.144,4.646,0.067,0.4,0.4,0.1,0.1,458.0,549.6,138.78787878787878,24.33
0.524,0.772,1.125,2.924,4.261,2.959,0.4,0.4,0.1,0.1,589.2,707.0400000000001,178.54545454545456,22.14
1.294,1.425,1.27,3.598,0.018,1.431,0.4,0.4,0.1,0.1,1039.5,1247.3999999999999,315.0,10.59
1.458,0.22,0.945,2.572,4.859,2.552,0.4,0.4,0.1,0.1,1001.0,1201.2,303.33333333333337,8.129999999999999
0.64,0.308,0.24,2.628,2.876,4.109,0.4,0.4,0.1,0.1,600.8,720.9599999999999,182.06060606060606,20.4
0.207,1.08,0.533,2.775,3.521,3.214,0.4,0.4,0.1,0.1,461.5,553.8,139.84848484848484,26.895
0.905,1.412,0.903,1.257,1.042,3.485,0.4,0.4,0.1,0.1,843.7,1012.44,255.66666666666669,16.424999999999997
0.629,0.528,0.198,4.915,1.357,1.26,0.4,0.4,0.1,0.1,617.3,740.7599999999999,187.06060606060606,20.564999999999998
0.303,0.711,0.599,1.178,4.773,2.012,0.4,0.4,0.1,0.1,472.6,567.12,143.21212121212122,25.455
1.286,1.464,0.799,0.531,1.714,1.316,0.4,0.4,0.1,0.1,1039.4,1247.28,314.969696969697,10.71
1.037,0.647,1.158,3.389,3.806,1.744,0.4,0.4,0.1,0.1,833.2,999.84,252.4848484848485,14.445
1.219,0.534,0.393,1.343,0.853,0.153,0.4,0.4,0.1,0.1,912.9,1095.48,276.6363636363636,11.715
0.984,0.121,0.459,3.276,3.217,0.303,0.4,0.4,0.1,0.1,754.1,904.92,228.51515151515153,15.24
0.952,1.482,0.666,4.604,1.027,3.689,0.4,0.4,0.1,0.1,874.2,1049.04,264.90909090909093,15.72
1.196,0.417,1.199,1.346,4.84,2.174,0.4,0.4,0.1,0.1,889.7,1067.64,269.6060606060606,12.060000000000002
0.48,1.076,0.303,3.332,3.02,2.965,0.4,0.4,0.1,0.1,597.6,717.12,181.0909090909091,22.8
1.118,0.275,0.859,3.697,4.313,2.33,0.4,0.4,0.1,0.1,836.5,1003.8,253.4848484848485,13.229999999999997
0.663,1.155,0.178,4.933,4.841,4.587,0.4,0.4,0.1,0.1,697.0,836.4,211.21212121212122,20.055
0.998,0.494,0.18,3.32,4.888,4.783,0.4,0.4,0.1,0.1,798.4,958.0799999999999,241.93939393939394,15.03
0.517,0.9,1.475,3.948,3.015,0.7,0.4,0.4,0.1,0.1,598.5,718.1999999999999,181.36363636363637,22.245
1.078,1.386,0.566,1.066,0.282,2.812,0.4,0.4,0.1,0.1,927.6,1113.12,281.0909090909091,13.829999999999998
1.392,1.119,1.267,0.423,1.993,3.211,0.4,0.4,0.1,0.1,1057.9,1269.48,320.5757575757576,9.120000000000001
1.252,1.493,1.067,4.39,4.242,3.859,0.4,0.4,0.1,0.1,1025.3,1230.36,310.6969696969697,11.219999999999999
1.432,0.78,0.434,0.001,1.693,3.386,0.4,0.4,0.1,0.1,1044.0,1252.8,316.3636363636364,8.52
1.367,0.728,0.387,4.998,3.99,4.92,0.4,0.4,0.1,0.1,1006.3,1207.56,304.93939393939394,9.495000000000001
0.43,1.009,0.843,0.016,1.006,4.828,0.4,0.4,0.1,0.1,565.9,679.0799999999999,171.4848484848485,23.55
0.314,0.596,0.322,2.919,2.332,3.345,0.4,0.4,0.1,0.1,466.6,559.92,141.3939393939394,25.29
1.195,0.185,0.319,0.254,1.839,0.023,0.4,0.4,0.1,0.1,866.0,1039.2,262.42424242424244,12.075
0.14,0.769,0.623,1.909,1.622,1.189,0.4,0.4,0.1,0.1,396.9,476.28,120.27272727272727,27.9
0.638,0.785,0.524,1.627,3.116,2.649,0.4,0.4,0.1,0.1,647.5,777.0,196.21212121212122,20.43
1.161,0.134,1.056,2.01,4.845,3.064,0.4,0.4,0.1,0.1,843.9,1012.68,255.72727272727275,12.585
0.567,0.952,0.148,2.538,3.424,0.287,0.4,0.4,0.1,0.1,628.7,754.44,190.51515151515153,21.495
1.252,0.209,0.411,2.386,1.869,1.805,0.4,0.4,0.1,0.1,896.9,1076.28,271.7878787878788,11.219999999999999
1.049,0.832,0.24,1.906,3.655,1.269,0.4,0.4,0.1,0.1,857.7,1029.24,259.90909090909093,14.265
0.421,0.122,0.952,2.518,2.856,3.161,0.4,0.4,0.1,0.1,472.7,567.24,143.24242424242425,23.685000000000002
0.596,0.288,0.487,0.352,3.407,0.993,0.4,0.4,0.1,0.1,576.8,692.16,174.78787878787878,21.060000000000002
1.071,0.421,1.21,1.3,0.19,1.345,0.4,0.4,0.1,0.1,827.6,993.12,250.7878787878788,13.935000000000002
0.692,0.159,1.217,1.769,1.958,0.967,0.4,0.4,0.1,0.1,611.9,734.28,185.42424242424244,19.62
1.069,0.538,0.65,2.301,2.801,2.985,0.4,0.4,0.1,0.1,838.3,1005.9599999999999,254.03030303030303,13.965
0.953,0.742,0.325,3.042,1.534,3.966,0.4,0.4,0.1,0.1,800.7,960.84,242.63636363636365,15.705
0.929,1.238,0.844,0.04,0.075,0.112,0.4,0.4,0.1,0.1,838.3,1005.9599999999999,254.03030303030303,16.064999999999998
1.012,1.374,0.165,2.094,4.434,3.016,0.4,0.4,0.1,0.1,893.4,1072.08,270.72727272727275,14.82
0.825,0.307,0.853,1.633,1.046,2.052,0.4,0.4,0.1,0.1,693.2,831.84,210.0606060606061,17.625
1.138,0.356,1.201,4.361,1.305,0.159,0.4,0.4,0.1,0.1,854.6,1025.52,258.969696969697,12.93
0.544,0.815,1.148,4.822,0.942,1.075,0.4,0.4,0.1,0.1,603.5,724.1999999999999,182.87878787878788,21.84
0.7,0.392,1.215,3.982,3.13,4.689,0.4,0.4,0.1,0.1,639.2,767.0400000000001,193.69696969696972,19.5
1.04,1.139,0.906,0.141,0.382,2.371,0.4,0.4,0.1,0.1,883.9,1060.6799999999998,267.8484848484849,14.399999999999999
0.283,0.421,1.006,3.54,1.5,0.773,0.4,0.4,0.1,0.1,433.6,520.32,131.3939393939394,25.755000000000003
1.216,0.689,0.594,0.244,0.175,4.338,0.4,0.4,0.1,0.1,926.9,1112.28,280.8787878787879,11.760000000000002
1.409,0.119,1.242,4.209,3.642,0.972,0.4,0.4,0.1,0.1,966.4,1159.6799999999998,292.8484848484849,8.864999999999998
1.194,0.688,1.144,1.763,4.79,1.023,0.4,0.4,0.1,0.1,915.8,1098.9599999999998,277.5151515151515,12.09
0.648,1.404,1.305,3.531,4.419,1.652,0.4,0.4,0.1,0.1,714.4,857.28,216.4848484848485,20.28
1.276,0.848,0.392,3.912,1.793,4.537,0.4,0.4,0.1,0.1,972.8,1167.36,294.7878787878788,10.86
1.24,0.685,0.327,0.882,4.83,2.017,0.4,0.4,0.1,0.1,938.5,1126.2,284.39393939393943,11.399999999999999
0.405,0.991,1.256,0.058,2.874,1.352,0.4,0.4,0.1,0.1,551.6,661.92,167.15151515151516,23.925
0.59,0.949,1.461,3.18,0.656,2.062,0.4,0.4,0.1,0.1,639.9,767.88,193.9090909090909,21.15
1.26,0.533,1.264,3.197,0.917,0.253,0.4,0.4,0.1,0.1,933.3,1119.9599999999998,282.8181818181818,11.100000000000001
1.338,1.107,1.029,0.464,1.649,0.926,0.4,0.4,0.1,0.1,1029.7,1235.64,312.03030303030306,9.93
1.187,0.185,1.196,2.45,4.772,4.902,0.4,0.4,0.1,0.1,862.0,1034.3999999999999,261.21212121212125,12.195
0.434,0.653,0.41,2.865,1.992,2.955,0.4,0.4,0.1,0.1,532.3,638.7599999999999,161.3030303030303,23.490000000000002
1.417,0.917,1.246,1.16,4.153,4.522,0.4,0.4,0.1,0.1,1050.2,1260.24,318.24242424242425,8.745000000000001
0.633,0.583,0.846,0.428,4.056,3.175,0.4,0.4,0.1,0.1,624.8,749.7599999999999,189.33333333333334,20.505
0.805,0.266,0.524,2.042,3.391,0.884,0.4,0.4,0.1,0.1,679.1,814.92,205.7878787878788,17.924999999999997
0.176,0.806,1.484,3.076,3.465,0.283,0.4,0.4,0.1,0.1,418.6,502.32,126.84848484848486,27.36
0.438,1.117,0.742,2.148,2.181,2.229,0.4,0.4,0.1,0.1,580.7,696.84,175.969696969697,23.43
1.315,0.536,1.122,2.819,0.541,0.426,0.4,0.4,0.1,0.1,961.1,1153.32,291.24242424242425,10.275000000000002
0.539,0.724,0.502,2.199,1.76,2.178,0.4,0.4,0.1,0.1,591.9,710.28,179.36363636363637,21.915
1.429,0.315,1.069,4.583,3.942,2.215,0.4,0.4,0.1,0.1,996.0,1195.2,301.8181818181818,8.564999999999998
0.937,0.611,0.245,1.304,1.854,3.746,0.4,0.4,0.1,0.1,779.6,935.52,236.24242424242425,15.944999999999999
0.286,1.223,0.457,1.729,3.501,0.36,0.4,0.4,0.1,0.1,515.3,618.3599999999999,156.15151515151516,25.71
0.529,1.187,1.443,3.14,2.071,0.983,0.4,0.4,0.1,0.1,633.2,759.84,191.8787878787879,22.064999999999998
0.871,0.577,0.98,1.271,1.987,3.346,0.4,0.4,0.1,0.1,743.2,891.84,225.21212121212125,16.935000000000002
0.472,0.297,0.811,4.415,4.447,1.702,0.4,0.4,0.1,0.1,515.7,618.84,156.2727272727273,22.92
1.348,1.225,0.666,3.973,2.202,0.575,0.4,0.4,0.1,0.1,1046.5,1255.8,317.1212121212121,9.779999999999998
0.714,0.292,0.89,0.853,1.636,1.806,0.4,0.4,0.1,0.1,636.2,763.44,192.7878787878788,19.29
1.166,0.187,1.215,2.667,3.11,3.986,0.4,0.4,0.1,0.1,851.7,1022.04,258.0909090909091,12.510000000000002
0.395,0.571,0.748,4.466,0.276,2.739,0.4,0.4,0.1,0.1,504.6,605.52,152.90909090909093,24.075
1.217,1.287,1.036,3.355,3.812,1.159,0.4,0.4,0.1,0.1,987.2,1184.64,299.1515151515152,11.744999999999997
0.937,0.439,0.26,2.402,4.908,2.716,0.4,0.4,0.1,0.1,762.4,914.88,231.03030303030303,15.944999999999999
0.709,1.099,0.53,0.283,0.225,4.293,0.4,0.4,0.1,0.1,714.4,857.28,216.4848484848485,19.365000000000002
1.401,0.587,0.206,3.604,0.862,2.239,0.4,0.4,0.1,0.1,1009.2,1211.04,305.81818181818187,8.985
0.985,0.969,1.104,1.695,4.958,2.135,0.4,0.4,0.1,0.1,839.4,1007.28,254.36363636363637,15.225
1.043,1.48,1.239,3.943,0.433,0.351,0.4,0.4,0.1,0.1,919.5,1103.3999999999999,278.6363636363636,14.355
0.742,0.708,1.278,4.331,3.418,4.23,0.4,0.4,0.1,0.1,691.8,830.16,209.63636363636363,18.87
1.012,1.315,0.905,0.762,3.451,1.378,0.4,0.4,0.1,0.1,887.5,1065.0,268.93939393939394,14.82
0.238,0.445,1.287,2.83,2.689,1.841,0.4,0.4,0.1,0.1,413.5,496.2,125.30303030303031,26.43
0.824,0.754,0.305,3.229,0.855,3.7,0.4,0.4,0.1,0.1,737.4,884.88,223.45454545454547,17.64
0.803,0.452,0.14,4.697,0.161,1.299,0.4,0.4,0.1,0.1,696.7,836.0400000000001,211.12121212121215,17.955
1.021,1.254,1.158,4.77,2.215,4.831,0.4,0.4,0.1,0.1,885.9,1063.08,268.45454545454544,14.685000000000002
0.995,0.471,1.498,3.501,1.788,4.543,0.4,0.4,0.1,0.1,794.6,953.52,240.7878787878788,15.075
0.693,0.268,1.274,0.274,1.969,4.627,0.4,0.4,0.1,0.1,623.3,747.9599999999999,188.87878787878788,19.605
1.396,0.217,0.594,3.009,0.202,4.354,0.4,0.4,0.1,0.1,969.7,1163.64,293.8484848484849,9.060000000000002
0.321,1.015,1.479,4.785,4.358,1.267,0.4,0.4,0.1,0.1,512.0,614.4,155.15151515151516,25.185
0.472,1.207,0.542,4.961,4.085,3.58,0.4,0.4,0.1,0.1,606.7,728.0400000000001,183.84848484848487,22.92
1.357,0.343,1.218,1.198,2.27,3.605,0.4,0.4,0.1,0.1,962.8,1155.36,291.75757575757575,9.645
0.941,0.24,1.399,2.555,4.139,3.761,0.4,0.4,0.1,0.1,744.5,893.4,225.60606060606062,15.885000000000002
0.276,0.174,1.148,4.43,3.311,0.393,0.4,0.4,0.1,0.1,405.4,486.47999999999996,122.84848484848484,25.86
0.488,0.97,1.215,3.785,0.604,2.906,0.4,0.4,0.1,0.1,591.0,709.1999999999999,179.0909090909091,22.68
1.032,0.646,1.207,2.138,3.433,1.394,0.4,0.4,0.1,0.1,830.6,996.72,251.69696969696972,14.52
0.744,1.088,0.644,0.141,2.461,1.25,0.4,0.4,0.1,0.1,730.8,876.9599999999999,221.45454545454544,18.84
0.472,1.094,0.999,4.107,2.059,1.002,0.4,0.4,0.1,0.1,595.4,714.4799999999999,180.42424242424244,22.92
0.876,0.601,0.279,0.167,4.032,4.166,0.4,0.4,0.1,0.1,748.1,897.72,226.69696969696972,16.86
0.613,1.452,0.77,4.256,3.378,0.355,0.4,0.4,0.1,0.1,701.7,842.0400000000001,212.63636363636365,20.805
1.14,1.421,0.679,3.811,4.493,1.853,0.4,0.4,0.1,0.1,962.1,1154.52,291.54545454545456,12.900000000000002
1.233,0.999,1.034,2.88,2.952,3.431,0.4,0.4,0.1,0.1,966.4,1159.6799999999998,292.8484848484849,11.504999999999999
0.636,1.096,1.321,2.045,3.811,3.019,0.4,0.4,0.1,0.1,677.6,813.12,205.33333333333334,20.46
1.096,0.978,0.117,2.147,0.284,1.821,0.4,0.4,0.1,0.1,895.8,1074.9599999999998,271.45454545454544,13.559999999999999
0.6,0.282,0.39,3.872,1.42,4.229,0.4,0.4,0.1,0.1,578.2,693.84,175.21212121212125,21.0
0.305,0.215,0.625,4.6,2.058,1.899,0.4,0.4,0.1,0.1,424.0,508.79999999999995,128.4848484848485,25.425
0.14,0.884,0.56,1.789,4.967,3.038,0.4,0.4,0.1,0.1,408.4,490.0799999999999,123.75757575757575,27.9
0.874,0.193,0.837,4.528,0.746,0.489,0.4,0.4,0.1,0.1,706.3,847.56,214.03030303030303,16.89
0.317,0.174,0.938,0.972,1.427,2.114,0.4,0.4,0.1,0.1,425.9,511.0799999999999,129.06060606060606,25.245
0.621,0.167,0.599,1.618,3.881,3.073,0.4,0.4,0.1,0.1,577.2,692.64,174.90909090909093,20.685000000000002
0.794,0.776,0.609,0.511,4.543,3.78,0.4,0.4,0.1,0.1,724.6,869.52,219.5757575757576,18.09
1.443,0.54,0.78,1.023,1.71,0.016,0.4,0.4,0.1,0.1,1025.5,1230.6,310.75757575757575,8.355
1.405,1.374,0.596,2.238,3.102,1.242,0.4,0.4,0.1,0.1,1089.9,1307.88,330.2727272727273,8.925
1.382,0.488,0.721,3.238,0.948,1.871,0.4,0.4,0.1,0.1,989.8,1187.76,299.93939393939394,9.270000000000003
1.026,0.36,1.243,0.197,1.692,1.369,0.4,0.4,0.1,0.1,799.0,958.8,242.12121212121212,14.61
0.329,1.26,0.978,3.921,0.351,3.88,0.4,0.4,0.1,0.1,540.5,648.6,163.7878787878788,25.064999999999998
1.395,0.909,0.791,2.736,2.063,0.643,0.4,0.4,0.1,0.1,1038.4,1246.0800000000002,314.6666666666667,9.075
1.47,0.118,1.285,3.332,1.602,0.522,0.4,0.4,0.1,0.1,996.8,1196.1599999999999,302.06060606060606,7.949999999999999
0.762,0.468,0.44,3.611,0.537,2.555,0.4,0.4,0.1,0.1,677.8,813.3599999999999,205.3939393939394,18.57
1.056,0.885,0.348,2.247,3.919,0.171,0.4,0.4,0.1,0.1,866.5,1039.8,262.57575757575756,14.16
0.792,0.613,0.945,4.392,0.236,0.639,0.4,0.4,0.1,0.1,707.3,848.7599999999999,214.33333333333334,18.119999999999997
0.895,1.195,0.801,4.336,0.162,1.037,0.4,0.4,0.1,0.1,817.0,980.4,247.5757575757576,16.575
0.69,0.445,0.5,1.487,1.733,1.405,0.4,0.4,0.1,0.1,639.5,767.4,193.7878787878788,19.65
1.141,1.018,0.419,0.478,0.149,1.223,0.4,0.4,0.1,0.1,922.3,1106.76,279.4848484848485,12.884999999999998
1.29,1.075,0.733,3.394,1.499,0.531,0.4,0.4,0.1,0.1,1002.5,1203.0,303.7878787878788,10.649999999999999
0.273,0.462,0.428,3.671,4.633,0.791,0.4,0.4,0.1,0.1,432.7,519.24,131.12121212121212,25.905
1.002,0.978,1.499,0.649,4.86,4.615,0.4,0.4,0.1,0.1,848.8,1018.56,257.2121212121212,14.97
1.322,0.529,0.949,0.82,1.571,4.103,0.4,0.4,0.1,0.1,963.9,1156.6799999999998,292.0909090909091,10.169999999999998
0.673,1.266,1.013,1.779,4.254,0.652,0.4,0.4,0.1,0.1,713.1,855.72,216.09090909090912,19.905
1.046,1.142,0.749,4.497,1.861,2.256,0.4,0.4,0.1,0.1,887.2,1064.64,268.8484848484849,14.309999999999999
0.613,1.154,0.298,4.323,0.096,4.72,0.4,0.4,0.1,0.1,671.9,806.28,203.60606060606062,20.805
0.615,0.714,0.786,4.301,1.237,0.937,0.4,0.4,0.1,0.1,628.9,754.68,190.5757575757576,20.775
0.2,1.053,0.51,2.7,2.928,3.644,0.4,0.4,0.1,0.1,455.3,546.36,137.96969696969697,27.0
0.391,0.787,1.475,1.391,4.026,3.024,0.4,0.4,0.1,0.1,524.2,629.0400000000001,158.84848484848487,24.134999999999998
0.299,1.458,0.456,4.706,2.003,3.575,0.4,0.4,0.1,0.1,545.3,654.3599999999999,165.24242424242425,25.515
1.134,0.654,0.867,3.746,1.434,0.057,0.4,0.4,0.1,0.1,882.4,1058.8799999999999,267.3939393939394,12.990000000000002
0.715,0.347,0.378,4.141,2.312,1.414,0.4,0.4,0.1,0.1,642.2,770.64,194.60606060606062,19.275
1.179,0.595,0.986,4.308,3.8,0.023,0.4,0.4,0.1,0.1,899.0,1078.8,272.42424242424244,12.314999999999998
0.962,0.636,1.477,1.829,1.932,1.749,0.4,0.4,0.1,0.1,794.6,953.52,240.7878787878788,15.57
1.236,0.511,0.648,2.302,0.626,0.879,0.4,0.4,0.1,0.1,919.1,1102.92,278.51515151515156,11.46
0.463,1.119,1.311,2.203,4.148,0.001,0.4,0.4,0.1,0.1,593.4,712.0799999999999,179.8181818181818,23.055
0.398,1.238,0.21,2.849,3.347,4.427,0.4,0.4,0.1,0.1,572.8,687.3599999999999,173.57575757575756,24.03
0.858,0.778,0.802,0.782,3.736,3.938,0.4,0.4,0.1,0.1,756.8,908.16,229.33333333333334,17.130000000000003
0.102,0.489,1.17,4.705,2.0,0.955,0.4,0.4,0.1,0.1,349.9,419.87999999999994,106.03030303030303,28.47
0.435,0.245,0.677,3.321,4.74,1.632,0.4,0.4,0.1,0.1,492.0,590.4,149.0909090909091,23.475
0.174,0.73,0.154,3.688,4.543,3.637,0.4,0.4,0.1,0.1,410.0,492.0,124.24242424242425,27.39
1.204,1.024,0.797,1.265,2.895,2.305,0.4,0.4,0.1,0.1,954.4,1145.28,289.21212121212125,11.940000000000001
0.8,1.072,0.485,2.704,3.323,3.898,0.4,0.4,0.1,0.1,757.2,908.64,229.45454545454547,18.0
0.712,0.885,1.109,2.082,0.722,2.503,0.4,0.4,0.1,0.1,694.5,833.4,210.45454545454547,19.32
0.563,0.153,0.936,4.524,1.531,4.329,0.4,0.4,0.1,0.1,546.8,656.16,165.6969696969697,21.555
0.133,1.33,0.167,0.416,4.615,0.593,0.4,0.4,0.1,0.1,449.5,539.4,136.21212121212122,28.005
0.14,1.455,0.414,3.643,2.108,3.032,0.4,0.4,0.1,0.1,465.5,558.6,141.06060606060606,27.9
0.529,1.251,1.483,2.507,3.641,1.302,0.4,0.4,0.1,0.1,639.6,767.52,193.81818181818184,22.064999999999998
0.284,1.051,1.234,2.864,0.259,3.461,0.4,0.4,0.1,0.1,497.1,596.52,150.63636363636365,25.740000000000002
0.284,1.333,0.856,4.878,1.231,4.738,0.4,0.4,0.1,0.1,525.3,630.3599999999999,159.1818181818182,25.740000000000002
1.08,0.598,0.907,4.016,1.336,4.69,0.4,0.4,0.1,0.1,849.8,1019.7599999999999,257.5151515151515,13.799999999999997
1.025,0.997,1.279,2.173,3.156,4.162,0.4,0.4,0.1,0.1,862.2,1034.64,261.2727272727273,14.625000000000002
0.144,0.173,0.373,4.808,3.314,2.775,0.4,0.4,0.1,0.1,339.3,407.16,102.81818181818183,27.84
0.987,0.328,0.352,0.08,1.998,3.057,0.4,0.4,0.1,0.1,776.3,931.56,235.24242424242425,15.195
1.094,0.709,0.115,2.763,1.026,0.559,0.4,0.4,0.1,0.1,867.9,1041.48,263.0,13.59
0.745,1.341,0.107,1.692,0.991,3.619,0.4,0.4,0.1,0.1,756.6,907.92,229.27272727272728,18.825
0.348,0.819,0.154,3.227,2.282,2.482,0.4,0.4,0.1,0.1,505.9,607.0799999999999,153.3030303030303,24.78
0.367,0.868,0.821,0.463,2.879,1.508,0.4,0.4,0.1,0.1,520.3,624.3599999999999,157.66666666666666,24.495
0.947,0.397,0.896,0.654,0.944,2.814,0.4,0.4,0.1,0.1,763.2,915.84,231.2727272727273,15.795
0.381,0.974,1.246,0.727,1.489,4.515,0.4,0.4,0.1,0.1,537.9,645.4799999999999,163.0,24.285
1.496,1.408,0.418,4.042,4.364,0.012,0.4,0.4,0.1,0.1,1138.8,1366.56,345.0909090909091,7.559999999999999
0.615,0.566,0.296,1.55,1.394,4.532,0.4,0.4,0.1,0.1,614.1,736.92,186.09090909090912,20.775
0.89,1.105,1.492,2.255,4.018,0.117,0.4,0.4,0.1,0.1,805.5,966.5999999999999,244.0909090909091,16.65
1.188,0.531,0.567,2.975,0.407,4.848,0.4,0.4,0.1,0.1,897.1,1076.52,271.8484848484849,12.18
0.314,0.55,1.254,0.626,0.144,1.479,0.4,0.4,0.1,0.1,462.0,554.4,140.0,25.29
1.182,1.287,0.85,3.096,4.205,0.838,0.4,0.4,0.1,0.1,969.7,1163.64,293.8484848484849,12.27
0.283,0.186,0.464,1.04,3.469,2.45,0.4,0.4,0.1,0.1,410.1,492.12,124.27272727272728,25.755000000000003
1.02,0.656,1.403,4.302,1.725,4.033,0.4,0.4,0.1,0.1,825.6,990.72,250.18181818181822,14.7
1.069,0.615,1.21,3.455,2.839,1.117,0.4,0.4,0.1,0.1,846.0,1015.1999999999999,256.3636363636364,13.965
0.709,1.044,0.112,4.982,4.404,2.556,0.4,0.4,0.1,0.1,708.9,850.68,214.8181818181818,19.365000000000002
1.417,0.94,0.225,3.016,4.848,0.095,0.4,0.4,0.1,0.1,1052.5,1263.0,318.93939393939394,8.745000000000001
1.001,0.892,1.213,4.892,3.297,2.477,0.4,0.4,0.1,0.1,839.7,1007.64,254.4545454545455,14.985000000000001
0.455,0.461,0.151,1.743,3.658,2.877,0.4,0.4,0.1,0.1,523.6,628.32,158.66666666666669,23.175
0.91,0.842,1.067,1.089,1.885,4.705,0.4,0.4,0.1,0.1,789.2,947.04,239.15151515151518,16.35
1.202,1.118,0.13,3.786,0.812,4.849,0.4,0.4,0.1,0.1,962.8,1155.36,291.75757575757575,11.969999999999999
0.608,0.764,1.248,1.686,3.114,0.997,0.4,0.4,0.1,0.1,630.4,756.4799999999999,191.03030303030303,20.880000000000003
0.161,0.203,0.848,4.964,2.032,3.751,0.4,0.4,0.1,0.1,350.8,420.96,106.30303030303031,27.585
0.172,1.401,1.307,1.427,0.24,4.116,0.4,0.4,0.1,0.1,476.1,571.32,144.27272727272728,27.42
0.922,1.278,0.638,0.125,2.456,4.153,0.4,0.4,0.1,0.1,838.8,1006.56,254.1818181818182,16.17
1.393,1.269,0.642,2.136,3.248,4.397,0.4,0.4,0.1,0.1,1073.4,1288.0800000000002,325.2727272727273,9.105
0.618,1.223,0.673,3.066,0.869,2.009,0.4,0.4,0.1,0.1,681.3,817.56,206.45454545454544,20.73
0.471,1.116,1.336,0.597,0.563,4.577,0.4,0.4,0.1,0.1,597.1,716.52,180.93939393939397,22.935000000000002
1.379,1.228,0.355,1.846,3.308,3.515,0.4,0.4,0.1,0.1,1062.3,1274.76,321.90909090909093,9.315000000000001
1.449,0.519,0.872,3.239,2.322,1.544,0.4,0.4,0.1,0.1,1026.4,1231.68,311.03030303030306,8.265
0.686,0.135,0.409,0.171,3.954,2.18,0.4,0.4,0.1,0.1,606.5,727.8,183.7878787878788,19.71
0.736,0.454,1.152,0.378,4.792,2.515,0.4,0.4,0.1,0.1,663.4,796.0799999999999,201.03030303030303,18.96
0.52,0.253,0.473,4.149,1.177,0.757,0.4,0.4,0.1,0.1,535.3,642.3599999999999,162.21212121212122,22.2
0.588,0.357,0.837,2.782,4.071,3.535,0.4,0.4,0.1,0.1,579.7,695.64,175.66666666666669,21.18
1.389,0.583,0.97,3.848,4.137,4.334,0.4,0.4,0.1,0.1,1002.8,1203.36,303.8787878787879,9.165
0.912,1.408,1.463,1.302,4.924,0.008,0.4,0.4,0.1,0.1,846.8,1016.1599999999999,256.6060606060606,16.32
0.475,0.169,0.795,0.607,4.094,3.174,0.4,0.4,0.1,0.1,504.4,605.28,152.84848484848484,22.875
0.312,1.188,1.089,3.833,0.109,1.519,0.4,0.4,0.1,0.1,524.8,629.7599999999999,159.03030303030303,25.32
0.443,0.744,0.451,4.049,2.884,3.301,0.4,0.4,0.1,0.1,545.9,655.0799999999999,165.42424242424244,23.355
1.476,0.902,1.493,4.165,2.735,1.055,0.4,0.4,0.1,0.1,1078.2,1293.84,326.72727272727275,7.859999999999999
1.43,0.558,1.49,2.475,0.522,1.12,0.4,0.4,0.1,0.1,1020.8,1224.9599999999998,309.3333333333333,8.55
0.669,1.295,1.248,1.759,1.124,0.065,0.4,0.4,0.1,0.1,714.0,856.8,216.36363636363637,19.965
0.727,1.447,1.353,2.45,4.119,3.987,0.4,0.4,0.1,0.1,758.2,909.84,229.75757575757578,19.095
0.527,0.293,1.33,2.411,3.768,0.22,0.4,0.4,0.1,0.1,542.8,651.3599999999999,164.48484848484847,22.095
1.41,1.234,0.352,1.244,0.903,1.908,0.4,0.4,0.1,0.1,1078.4,1294.0800000000002,326.7878787878788,8.850000000000001
1.015,0.303,1.029,4.962,4.421,1.323,0.4,0.4,0.1,0.1,787.8,945.3599999999999,238.72727272727272,14.775000000000002
0.32,0.268,0.782,1.319,1.842,2.392,0.4,0.4,0.1,0.1,436.8,524.16,132.36363636363637,25.2
0.598,0.778,0.736,0.887,3.172,4.427,0.4,0.4,0.1,0.1,626.8,752.16,189.93939393939394,21.03
0.66,0.836,1.174,2.083,4.078,4.871,0.4,0.4,0.1,0.1,663.6,796.32,201.09090909090912,20.1
0.817,0.834,0.51,1.848,1.449,2.424,0.4,0.4,0.1,0.1,741.9,890.28,224.8181818181818,17.745
0.126,0.77,1.135,0.815,4.016,2.133,0.4,0.4,0.1,0.1,390.0,468.0,118.18181818181819,28.11
0.522,1.388,1.083,4.628,4.48,4.63,0.4,0.4,0.1,0.1,649.8,779.7599999999999,196.9090909090909,22.17
1.361,1.41,0.968,2.859,3.73,3.893,0.4,0.4,0.1,0.1,1071.5,1285.8,324.6969696969697,9.585
0.794,0.808,1.259,3.436,2.759,1.141,0.4,0.4,0.1,0.1,727.8,873.3599999999999,220.54545454545453,18.09
0.779,1.161,0.353,0.263,2.543,0.218,0.4,0.4,0.1,0.1,755.6,906.72,228.969696969697,18.314999999999998
1.061,0.855,1.241,4.228,3.773,2.168,0.4,0.4,0.1,0.1,866.0,1039.2,262.42424242424244,14.085
1.327,0.709,0.961,1.613,3.029,4.689,0.4,0.4,0.1,0.1,984.4,1181.28,298.3030303030303,10.094999999999999
0.633,0.963,0.942,2.206,1.534,2.718,0.4,0.4,0.1,0.1,662.8,795.3599999999999,200.84848484848484,20.505
1.202,0.135,0.305,4.627,2.155,2.457,0.4,0.4,0.1,0.1,864.5,1037.3999999999999,261.969696969697,11.969999999999999
0.175,0.942,0.931,4.63,1.436,2.301,0.4,0.4,0.1,0.1,431.7,518.04,130.8181818181818,27.375
0.24,1.105,0.917,2.715,1.301,3.326,0.4,0.4,0.1,0.1,480.5,576.6,145.60606060606062,26.4
1.374,0.336,1.173,2.224,3.524,4.065,0.4,0.4,0.1,0.1,970.6,1164.72,294.1212121212121,9.389999999999997
0.959,0.896,1.461,2.647,4.822,2.506,0.4,0.4,0.1,0.1,819.1,982.92,248.21212121212125,15.615
0.305,0.558,1.351,4.035,4.487,0.182,0.4,0.4,0.1,0.1,458.3,549.96,138.8787878787879,25.425
0.775,0.235,0.457,3.866,0.128,1.387,0.4,0.4,0.1,0.1,661.0,793.1999999999999,200.3030303030303,18.375
1.1,0.842,0.469,4.274,3.469,2.532,0.4,0.4,0.1,0.1,884.2,1061.04,267.939393939394,13.5
0.814,0.291,0.381,1.156,3.186,3.745,0.4,0.4,0.1,0.1,686.1,823.32,207.90909090909093,17.79
0.983,0.969,0.672,0.177,0.045,4.552,0.4,0.4,0.1,0.1,838.4,1006.0799999999999,254.06060606060606,15.255
1.265,1.116,1.407,3.144,0.395,2.752,0.4,0.4,0.1,0.1,994.1,1192.92,301.24242424242425,11.025000000000002
0.837,1.133,0.45,1.503,1.199,0.021,0.4,0.4,0.1,0.1,781.8,938.1599999999999,236.9090909090909,17.445
0.922,0.438,0.872,1.532,1.687,4.353,0.4,0.4,0.1,0.1,754.8,905.7599999999999,228.72727272727272,16.17
0.73,1.354,1.064,0.927,2.055,0.545,0.4,0.4,0.1,0.1,750.4,900.4799999999999,227.3939393939394,19.05
0.156,1.163,0.161,2.677,1.87,2.964,0.4,0.4,0.1,0.1,444.3,533.16,134.63636363636365,27.66
1.242,0.363,0.79,3.438,0.162,2.767,0.4,0.4,0.1,0.1,907.3,1088.76,274.93939393939394,11.370000000000001
1.251,1.206,1.425,0.439,1.357,3.919,0.4,0.4,0.1,0.1,996.1,1195.32,301.8484848484849,11.235000000000003
0.222,1.119,0.152,4.135,4.953,1.847,0.4,0.4,0.1,0.1,472.9,567.4799999999999,143.3030303030303,26.67
0.665,1.182,0.511,0.476,4.259,4.774,0.4,0.4,0.1,0.1,700.7,840.84,212.33333333333337,20.025
1.146,0.369,0.892,3.274,3.116,2.714,0.4,0.4,0.1,0.1,859.9,1031.8799999999999,260.57575757575756,12.810000000000002
1.495,0.981,1.361,4.296,0.018,4.98,0.4,0.4,0.1,0.1,1095.6,1314.7199999999998,332.0,7.574999999999999
0.518,1.38,0.832,1.328,4.469,3.172,0.4,0.4,0.1,0.1,647.0,776.4,196.06060606060606,22.23
0.166,1.36,1.199,2.323,0.292,1.669,0.4,0.4,0.1,0.1,469.0,562.8,142.12121212121212,27.509999999999998
1.349,0.877,0.735,2.666,0.646,2.551,0.4,0.4,0.1,0.1,1012.2,1214.64,306.72727272727275,9.765
1.179,1.112,0.84,0.354,0.835,4.861,0.4,0.4,0.1,0.1,950.7,1140.84,288.0909090909091,12.314999999999998
0.222,1.21,0.86,1.742,3.934,2.119,0.4,0.4,0.1,0.1,482.0,578.4,146.06060606060606,26.67
0.872,0.746,1.314,0.143,0.921,2.38,0.4,0.4,0.1,0.1,760.6,912.72,230.4848484848485,16.92
0.429,0.259,0.26,1.11,0.18,1.778,0.4,0.4,0.1,0.1,490.4,588.4799999999999,148.6060606060606,23.565
0.615,1.004,0.23,2.464,1.304,1.264,0.4,0.4,0.1,0.1,657.9,789.4799999999999,199.36363636363637,20.775
1.161,1.341,0.746,0.585,2.957,4.857,0.4,0.4,0.1,0.1,964.6,1157.52,292.3030303030303,12.585
1.242,0.501,0.766,1.576,0.133,0.852,0.4,0.4,0.1,0.1,921.1,1105.32,279.1212121212121,11.370000000000001
0.256,0.101,0.963,1.916,1.859,4.84,0.4,0.4,0.1,0.1,388.1,465.72,117.60606060606062,26.16
0.381,1.424,0.18,2.524,4.142,4.366,0.4,0.4,0.1,0.1,582.9,699.4799999999999,176.63636363636363,24.285
1.285,0.492,0.963,1.719,1.28,0.786,0.4,0.4,0.1,0.1,941.7,1130.04,285.3636363636364,10.725000000000001
0.645,1.037,1.469,2.515,3.301,2.763,0.4,0.4,0.1,0.1,676.2,811.44,204.90909090909093,20.325
1.358,0.354,1.244,4.766,4.583,2.107,0.4,0.4,0.1,0.1,964.4,1157.28,292.24242424242425,9.629999999999999
0.979,1.376,0.971,1.72,1.01,4.316,0.4,0.4,0.1,0.1,877.1,1052.52,265.7878787878788,15.315
0.317,1.418,0.745,4.376,3.147,3.755,0.4,0.4,0.1,0.1,550.3,660.3599999999999,166.75757575757575,25.245
1.003,0.676,0.968,0.514,4.174,2.113,0.4,0.4,0.1,0.1,819.1,982.92,248.21212121212125,14.955000000000002
1.174,1.08,0.642,3.219,0.422,1.565,0.4,0.4,0.1,0.1,945.0,1134.0,286.3636363636364,12.39
0.215,0.543,1.3,2.206,4.266,1.309,0.4,0.4,0.1,0.1,411.8,494.15999999999997,124.7878787878788,26.775
0.474,0.613,0.624,2.921,1.713,2.22,0.4,0.4,0.1,0.1,548.3,657.9599999999999,166.15151515151516,22.89
0.406,0.684,0.2,0.535,0.57,3.086,0.4,0.4,0.1,0.1,521.4,625.68,158.0,23.91
0.294,0.993,1.174,3.335,4.577,0.972,0.4,0.4,0.1,0.1,496.3,595.56,150.3939393939394,25.59
0.667,1.158,0.611,1.13,3.805,4.16,0.4,0.4,0.1,0.1,699.3,839.16,211.9090909090909,19.994999999999997
0.648,0.125,0.523,2.461,4.919,1.341,0.4,0.4,0.1,0.1,586.5,703.8,177.72727272727275,20.28
1.331,0.688,0.472,2.024,4.02,2.493,0.4,0.4,0.1,0.1,984.3,1181.1599999999999,298.27272727272725,10.035
1.017,0.664,0.777,1.468,2.54,2.256,0.4,0.4,0.1,0.1,824.9,989.8799999999999,249.96969696969697,14.745000000000001
0.698,1.324,0.896,1.84,0.96,2.32,0.4,0.4,0.1,0.1,731.4,877.68,221.63636363636365,19.53
0.892,0.792,0.875,2.024,4.661,3.077,0.4,0.4,0.1,0.1,775.2,930.24,234.90909090909093,16.619999999999997
1.025,0.413,0.76,3.242,1.541,1.684,0.4,0.4,0.1,0.1,803.8,964.56,243.57575757575756,14.625000000000002
0.993,0.155,1.006,0.04,4.35,1.048,0.4,0.4,0.1,0.1,762.0,914.4,230.90909090909093,15.105
0.963,0.179,0.509,4.053,2.28,1.794,0.4,0.4,0.1,0.1,749.4,899.28,227.0909090909091,15.555
1.426,1.214,0.506,4.371,0.233,0.462,0.4,0.4,0.1,0.1,1084.4,1301.28,328.6060606060606,8.61
0.783,1.286,0.952,0.019,2.77,2.919,0.4,0.4,0.1,0.1,770.1,924.12,233.36363636363637,18.255
0.781,1.388,1.44,3.679,0.473,4.157,0.4,0.4,0.1,0.1,779.3,935.1599999999999,236.15151515151516,18.285
0.55,1.151,0.616,2.572,1.626,2.618,0.4,0.4,0.1,0.1,640.1,768.12,193.969696969697,21.75
1.46,0.265,0.564,3.29,2.486,3.196,0.4,0.4,0.1,0.1,1006.5,1207.8,305.0,8.100000000000001
1.168,1.03,0.612,3.809,4.334,4.715,0.4,0.4,0.1,0.1,937.0,1124.3999999999999,283.93939393939394,12.48
0.455,1.072,0.958,1.644,0.165,1.055,0.4,0.4,0.1,0.1,584.7,701.64,177.18181818181822,23.175
1.113,0.621,0.912,1.599,4.759,0.519,0.4,0.4,0.1,0.1,868.6,1042.32,263.21212121212125,13.305
1.23,1.446,0.832,3.022,3.387,3.042,0.4,0.4,0.1,0.1,1009.6,1211.52,305.93939393939394,11.55
0.618,1.489,0.813,3.454,3.193,2.378,0.4,0.4,0.1,0.1,707.9,849.4799999999999,214.51515151515153,20.73
0.762,1.488,0.339,1.309,2.929,3.82,0.4,0.4,0.1,0.1,779.8,935.7599999999999,236.3030303030303,18.57
0.909,1.013,1.066,0.765,3.872,2.345,0.4,0.4,0.1,0.1,805.8,966.9599999999999,244.1818181818182,16.365000000000002
1.135,0.59,1.346,1.829,1.031,4.035,0.4,0.4,0.1,0.1,876.5,1051.8,265.6060606060606,12.975000000000001
0.747,0.521,1.376,0.212,4.294,4.522,0.4,0.4,0.1,0.1,675.6,810.72,204.72727272727275,18.795
1.087,0.991,0.81,0.069,1.51,2.806,0.4,0.4,0.1,0.1,892.6,1071.12,270.4848484848485,13.695
0.874,0.845,0.311,4.657,2.794,2.7,0.4,0.4,0.1,0.1,771.5,925.8,233.7878787878788,16.89
0.92,0.155,0.793,2.576,3.623,4.513,0.4,0.4,0.1,0.1,725.5,870.6,219.84848484848487,16.2
0.79,0.414,0.651,2.737,0.456,2.574,0.4,0.4,0.1,0.1,686.4,823.68,208.0,18.15
0.835,0.77,0.534,0.166,2.31,2.595,0.4,0.4,0.1,0.1,744.5,893.4,225.60606060606062,17.475
0.746,0.287,0.917,0.503,3.013,2.616,0.4,0.4,0.1,0.1,651.7,782.0400000000001,197.4848484848485,18.810000000000002
0.535,0.422,0.597,0.319,2.131,2.242,0.4,0.4,0.1,0.1,559.7,671.64,169.60606060606062,21.975
0.961,1.05,1.341,0.418,1.296,3.171,0.4,0.4,0.1,0.1,835.5,1002.5999999999999,253.1818181818182,15.585
0.129,1.153,0.479,0.536,1.117,2.878,0.4,0.4,0.1,0.1,429.8,515.76,130.24242424242425,28.065
1.196,0.628,0.38,4.123,0.37,3.799,0.4,0.4,0.1,0.1,910.8,1092.9599999999998,276.0,12.060000000000002
0.58,0.601,0.537,3.7,1.877,2.582,0.4,0.4,0.1,0.1,600.1,720.12,181.84848484848487,21.3
0.47,0.551,0.428,0.052,2.401,3.646,0.4,0.4,0.1,0.1,540.1,648.12,163.66666666666669,22.95
0.516,0.75,0.781,0.152,3.345,4.859,0.4,0.4,0.1,0.1,583.0,699.6,176.66666666666669,22.259999999999998
1.14,0.806,0.137,0.825,0.857,2.717,0.4,0.4,0.1,0.1,900.6,1080.72,272.90909090909093,12.900000000000002
1.451,0.362,0.471,2.008,2.357,2.604,0.4,0.4,0.1,0.1,1011.7,1214.04,306.5757575757576,8.235
1.24,0.54,1.3,3.507,4.313,3.349,0.4,0.4,0.1,0.1,924.0,1108.8,280.0,11.399999999999999
0.999,1.307,0.117,3.383,0.088,3.578,0.4,0.4,0.1,0.1,880.2,1056.24,266.72727272727275,15.015
1.43,0.763,1.042,2.334,4.792,1.939,0.4,0.4,0.1,0.1,1041.3,1249.56,315.54545454545456,8.55
0.25,1.293,0.889,4.62,4.824,3.689,0.4,0.4,0.1,0.1,504.29999999999995,605.16,152.8181818181818,26.25
1.239,0.519,0.869,1.878,4.571,4.348,0.4,0.4,0.1,0.1,921.4,1105.6799999999998,279.21212121212125,11.415
0.984,0.82,1.411,3.326,4.729,2.978,0.4,0.4,0.1,0.1,824.0,988.8,249.69696969696972,15.24
0.141,0.284,0.683,4.774,3.619,2.655,0.4,0.4,0.1,0.1,348.9,418.67999999999995,105.72727272727272,27.885
0.61,0.815,0.624,3.066,0.394,2.606,0.4,0.4,0.1,0.1,636.5,763.8,192.87878787878788,20.85
0.44,0.507,1.335,4.028,0.466,1.239,0.4,0.4,0.1,0.1,520.7,624.84,157.7878787878788,23.4
1.272,0.796,0.747,0.08,1.944,2.07,0.4,0.4,0.1,0.1,965.6,1158.72,292.6060606060606,10.919999999999998
1.317,1.481,1.458,1.259,0.771,0.096,0.4,0.4,0.1,0.1,1056.6,1267.9199999999998,320.1818181818182,10.245000000000001
1.107,1.074,1.356,4.371,2.463,4.839,0.4,0.4,0.1,0.1,910.9,1093.08,276.03030303030306,13.395
0.68,1.226,0.813,1.676,1.217,2.471,0.4,0.4,0.1,0.1,712.6,855.12,215.93939393939397,19.799999999999997
0.823,0.421,0.561,4.451,1.516,0.24,0.4,0.4,0.1,0.1,703.6,844.32,213.21212121212122,17.655
0.517,1.0,1.137,4.433,0.695,4.555,0.4,0.4,0.1,0.1,608.5,730.1999999999999,184.3939393939394,22.245
1.151,1.298,0.911,2.454,1.662,3.652,0.4,0.4,0.1,0.1,955.3,1146.36,289.4848484848485,12.735
0.895,0.444,0.832,0.016,1.777,0.386,0.4,0.4,0.1,0.1,741.9,890.28,224.8181818181818,16.575
0.327,0.552,0.373,4.849,1.562,3.307,0.4,0.4,0.1,0.1,468.7,562.4399999999999,142.03030303030303,25.095
0.537,0.344,0.37,3.993,1.778,4.168,0.4,0.4,0.1,0.1,552.9,663.4799999999999,167.54545454545456,21.945
1.083,0.954,1.474,3.197,0.868,2.464,0.4,0.4,0.1,0.1,886.9,1064.28,268.75757575757575,13.754999999999999
0.736,0.41,1.365,2.081,3.297,4.973,0.4,0.4,0.1,0.1,659.0,790.8,199.69696969696972,18.96
1.335,0.375,0.966,3.25,0.473,0.144,0.4,0.4,0.1,0.1,955.0,1146.0,289.39393939393943,9.975000000000001
0.285,0.113,1.461,0.085,4.745,4.565,0.4,0.4,0.1,0.1,403.8,484.56,122.36363636363637,25.725
1.407,0.181,0.647,0.961,0.587,4.229,0.4,0.4,0.1,0.1,971.6,1165.92,294.42424242424244,8.895
0.402,0.981,0.485,4.284,1.36,4.769,0.4,0.4,0.1,0.1,549.1,658.92,166.3939393939394,23.97
0.806,0.202,0.403,0.596,0.861,4.054,0.4,0.4,0.1,0.1,673.2,807.84,204.00000000000003,17.91
1.308,1.479,0.829,1.855,4.212,0.771,0.4,0.4,0.1,0.1,1051.9,1262.28,318.7575757575758,10.379999999999999
0.134,0.886,0.717,1.495,3.048,1.807,0.4,0.4,0.1,0.1,405.6,486.72,122.90909090909092,27.99
1.265,1.298,1.375,1.877,3.596,3.101,0.4,0.4,0.1,0.1,1012.3,1214.76,306.75757575757575,11.025000000000002
0.138,1.126,0.248,2.037,2.77,4.301,0.4,0.4,0.1,0.1,431.6,517.92,130.7878787878788,27.93
1.143,0.795,1.394,2.201,3.984,4.521,0.4,0.4,0.1,0.1,901.0,1081.2,273.03030303030306,12.855
0.358,1.175,0.96,3.496,1.544,0.614,0.4,0.4,0.1,0.1,546.5,655.8,165.60606060606062,24.63
1.312,0.269,1.07,2.301,4.619,4.774,0.4,0.4,0.1,0.1,932.9,1119.48,282.6969696969697,10.32
0.21,0.774,0.676,4.433,0.075,1.93,0.4,0.4,0.1,0.1,432.4,518.88,131.03030303030303,26.85
1.027,0.343,1.147,0.484,2.291,1.737,0.4,0.4,0.1,0.1,797.8,957.3599999999999,241.75757575757575,14.595
0.292,1.441,1.286,3.26,2.309,2.633,0.4,0.4,0.1,0.1,540.1,648.12,163.66666666666669,25.62
0.536,0.235,1.18,1.15,3.56,4.456,0.4,0.4,0.1,0.1,541.5,649.8,164.0909090909091,21.96
0.646,0.873,1.112,1.239,4.596,4.103,0.4,0.4,0.1,0.1,660.3,792.3599999999999,200.0909090909091,20.310000000000002
0.969,0.321,1.428,3.296,4.727,4.186,0.4,0.4,0.1,0.1,766.6,919.92,232.3030303030303,15.465
1.437,0.146,0.757,1.26,0.487,1.293,0.4,0.4,0.1,0.1,983.1,1179.72,297.90909090909093,8.445
0.411,1.271,0.914,0.873,3.458,4.789,0.4,0.4,0.1,0.1,582.6,699.12,176.54545454545456,23.835
1.265,1.051,0.39,4.399,2.629,2.033,0.4,0.4,0.1,0.1,987.6,1185.12,299.2727272727273,11.025000000000002
1.125,0.392,0.99,2.607,1.569,1.247,0.4,0.4,0.1,0.1,851.7,1022.04,258.0909090909091,13.125
0.108,1.06,0.182,4.107,1.709,1.818,0.4,0.4,0.1,0.1,410.0,492.0,124.24242424242425,28.38
1.492,1.41,1.105,0.944,1.773,2.005,0.4,0.4,0.1,0.1,1137.0,1364.3999999999999,344.54545454545456,7.620000000000001
1.415,1.314,1.418,3.294,2.886,3.647,0.4,0.4,0.1,0.1,1088.9,1306.68,329.969696969697,8.774999999999999
1.098,0.71,0.113,2.738,4.418,3.274,0.4,0.4,0.1,0.1,870.0,1044.0,263.6363636363636,13.529999999999998
0.223,1.214,0.923,3.413,2.381,4.476,0.4,0.4,0.1,0.1,482.9,579.4799999999999,146.33333333333334,26.655
0.774,1.465,0.9,1.875,2.235,0.711,0.4,0.4,0.1,0.1,783.5,940.1999999999999,237.42424242424244,18.39
1.299,1.227,0.743,4.378,1.657,0.776,0.4,0.4,0.1,0.1,1022.2,1226.64,309.7575757575758,10.515
1.411,1.308,0.717,3.018,0.607,4.602,0.4,0.4,0.1,0.1,1086.3,1303.56,329.1818181818182,8.835
1.211,1.429,0.136,1.409,3.401,3.757,0.4,0.4,0.1,0.1,998.4,1198.08,302.54545454545456,11.834999999999997
0.775,0.746,0.833,0.838,0.083,3.186,0.4,0.4,0.1,0.1,712.1,854.52,215.7878787878788,18.375
0.527,0.331,1.049,4.579,3.84,2.127,0.4,0.4,0.1,0.1,546.6,655.92,165.63636363636365,22.095
1.157,1.057,1.436,3.753,1.484,0.179,0.4,0.4,0.1,0.1,934.2,1121.04,283.0909090909091,12.645
1.351,0.157,1.457,4.342,0.155,3.443,0.4,0.4,0.1,0.1,941.2,1129.44,285.21212121212125,9.735
0.187,0.565,0.594,4.651,1.513,0.255,0.4,0.4,0.1,0.1,400.0,480.0,121.21212121212122,27.195
1.139,1.003,0.719,4.273,4.383,0.218,0.4,0.4,0.1,0.1,919.8,1103.76,278.72727272727275,12.915
0.381,0.704,0.77,3.662,2.785,3.085,0.4,0.4,0.1,0.1,510.9,613.0799999999999,154.8181818181818,24.285
0.469,0.677,0.959,4.482,4.309,1.302,0.4,0.4,0.1,0.1,552.2,662.64,167.33333333333334,22.965
0.348,1.095,0.422,2.331,4.322,1.894,0.4,0.4,0.1,0.1,533.5,640.1999999999999,161.66666666666669,24.78
0.652,0.467,0.884,3.981,1.017,0.168,0.4,0.4,0.1,0.1,622.7,747.24,188.69696969696972,20.22
0.263,0.775,0.364,0.787,3.087,3.794,0.4,0.4,0.1,0.1,459.0,550.8,139.0909090909091,26.055
1.478,1.362,0.123,2.576,1.918,0.892,0.4,0.4,0.1,0.1,1125.2,1350.24,340.969696969697,7.830000000000002
0.27,1.467,0.371,2.761,4.586,1.398,0.4,0.4,0.1,0.1,531.7,638.0400000000001,161.12121212121215,25.95
0.178,0.157,1.273,1.594,1.666,2.337,0.4,0.4,0.1,0.1,354.7,425.64,107.48484848484848,27.33
1.361,0.323,0.112,3.718,3.532,3.268,0.4,0.4,0.1,0.1,962.8,1155.36,291.75757575757575,9.585
0.623,0.637,0.223,2.418,4.687,2.759,0.4,0.4,0.1,0.1,625.2,750.24,189.45454545454547,20.655
0.514,1.169,0.244,4.315,2.028,4.697,0.4,0.4,0.1,0.1,623.9,748.68,189.06060606060606,22.29
1.302,1.033,0.841,1.367,3.076,0.841,0.4,0.4,0.1,0.1,1004.3,1205.1599999999999,304.3333333333333,10.469999999999999
0.523,1.36,0.76,2.735,2.871,1.725,0.4,0.4,0.1,0.1,647.5,777.0,196.21212121212122,22.155
0.544,0.565,0.679,4.085,1.517,3.912,0.4,0.4,0.1,0.1,578.5,694.1999999999999,175.3030303030303,21.84
0.671,0.291,0.308,0.823,2.484,4.041,0.4,0.4,0.1,0.1,614.6,737.52,186.24242424242425,19.935
1.082,0.386,0.321,2.981,0.315,1.888,0.4,0.4,0.1,0.1,829.6,995.52,251.3939393939394,13.77
1.145,0.951,1.14,1.259,3.768,4.81,0.4,0.4,0.1,0.1,917.6,1101.12,278.06060606060606,12.825
0.375,1.082,0.115,3.871,0.918,0.66,0.4,0.4,0.1,0.1,545.7,654.84,165.36363636363637,24.375
0.791,0.621,1.02,1.978,4.027,3.588,0.4,0.4,0.1,0.1,707.6,849.12,214.42424242424244,18.134999999999998
0.53,1.352,0.26,1.26,3.709,4.207,0.4,0.4,0.1,0.1,650.2,780.24,197.03030303030306,22.05
1.01,1.14,0.363,2.289,2.7,3.512,0.4,0.4,0.1,0.1,869.0,1042.8,263.33333333333337,14.85
0.534,0.401,1.465,1.269,3.391,1.673,0.4,0.4,0.1,0.1,557.1,668.52,168.81818181818184,21.990000000000002
1.062,0.584,1.071,0.588,2.866,4.188,0.4,0.4,0.1,0.1,839.4,1007.28,254.36363636363637,14.069999999999999
0.306,0.138,0.244,2.333,1.309,3.031,0.4,0.4,0.1,0.1,416.8,500.15999999999997,126.30303030303031,25.41
1.255,0.491,1.195,4.535,1.668,1.786,0.4,0.4,0.1,0.1,926.6,1111.92,280.7878787878788,11.175
0.105,0.362,0.481,4.119,4.238,0.379,0.4,0.4,0.1,0.1,338.7,406.44,102.63636363636364,28.425
1.329,1.339,0.811,1.266,2.785,2.305,0.4,0.4,0.1,0.1,1048.4,1258.0800000000002,317.69696969696975,10.065000000000001
1.138,1.437,0.402,1.101,2.141,4.679,0.4,0.4,0.1,0.1,962.7,1155.24,291.72727272727275,12.93
0.121,0.781,0.692,2.888,0.492,1.577,0.4,0.4,0.1,0.1,388.6,466.32,117.75757575757576,28.185
1.168,0.369,1.412,4.276,0.439,1.617,0.4,0.4,0.1,0.1,870.9,1045.08,263.90909090909093,12.48
0.589,1.066,1.068,3.127,3.337,1.195,0.4,0.4,0.1,0.1,651.1,781.32,197.3030303030303,21.165
1.124,0.753,0.852,2.876,0.845,3.585,0.4,0.4,0.1,0.1,887.3,1064.76,268.8787878787879,13.139999999999997
0.977,1.27,1.108,4.702,2.734,4.881,0.4,0.4,0.1,0.1,865.5,1038.6,262.2727272727273,15.345
1.269,0.191,1.223,4.11,3.97,2.65,0.4,0.4,0.1,0.1,903.6,1084.32,273.8181818181818,10.965
1.375,1.113,0.442,0.256,4.438,2.48,0.4,0.4,0.1,0.1,1048.8,1258.56,317.8181818181818,9.375
0.322,0.407,0.547,4.259,0.175,1.775,0.4,0.4,0.1,0.1,451.7,542.04,136.87878787878788,25.17
0.587,0.19,0.317,3.402,3.814,4.505,0.4,0.4,0.1,0.1,562.5,675.0,170.45454545454547,21.195
1.283,0.645,1.303,0.877,1.781,1.318,0.4,0.4,0.1,0.1,956.0,1147.2,289.6969696969697,10.755000000000003
0.473,1.237,0.651,0.738,0.092,1.438,0.4,0.4,0.1,0.1,610.2,732.24,184.90909090909093,22.905
0.861,0.338,0.544,4.442,2.396,2.425,0.4,0.4,0.1,0.1,714.3,857.16,216.45454545454544,17.085
0.425,0.577,1.033,1.091,3.569,1.514,0.4,0.4,0.1,0.1,520.2,624.24,157.63636363636365,23.625
1.258,1.203,0.175,1.464,3.666,2.925,0.4,0.4,0.1,0.1,999.3,1199.1599999999999,302.8181818181818,11.129999999999999
0.178,0.777,0.185,0.631,1.943,3.294,0.4,0.4,0.1,0.1,416.7,500.03999999999996,126.27272727272728,27.33
0.762,0.504,1.085,0.705,1.327,4.318,0.4,0.4,0.1,0.1,681.4,817.68,206.4848484848485,18.57
0.901,1.134,0.649,4.226,1.617,1.614,0.4,0.4,0.1,0.1,813.9,976.68,246.63636363636365,16.485
0.2,1.48,0.785,0.023,4.307,4.827,0.4,0.4,0.1,0.1,498.0,597.6,150.9090909090909,27.0
0.441,0.173,1.391,3.311,3.013,0.873,0.4,0.4,0.1,0.1,487.8,585.36,147.81818181818184,23.384999999999998
0.922,0.537,0.472,3.795,2.521,0.506,0.4,0.4,0.1,0.1,764.7,917.64,231.72727272727275,16.17
0.321,1.413,1.054,1.253,0.182,1.488,0.4,0.4,0.1,0.1,551.8,662.16,167.21212121212122,25.185
1.028,1.053,1.499,4.491,4.302,3.239,0.4,0.4,0.1,0.1,869.3,1043.1599999999999,263.42424242424244,14.58
1.488,0.525,0.752,3.645,3.124,3.377,0.4,0.4,0.1,0.1,1046.5,1255.8,317.1212121212121,7.68
0.323,0.741,0.575,4.328,0.921,0.263,0.4,0.4,0.1,0.1,485.6,582.72,147.15151515151516,25.155
0.175,0.366,0.533,4.61,2.306,1.896,0.4,0.4,0.1,0.1,374.1,448.92,113.36363636363637,27.375
0.708,1.401,0.974,1.801,3.038,0.4,0.4,0.4,0.1,0.1,744.1,892.92,225.4848484848485,19.380000000000003
1.224,0.945,1.064,2.53,0.714,3.828,0.4,0.4,0.1,0.1,956.5,1147.8,289.8484848484849,11.64
1.421,0.718,0.638,2.011,1.36,4.918,0.4,0.4,0.1,0.1,1032.3,1238.76,312.8181818181818,8.684999999999999
0.681,0.46,0.734,3.475,1.979,1.643,0.4,0.4,0.1,0.1,636.5,763.8,192.87878787878788,19.785
0.199,1.105,1.358,2.586,4.078,3.538,0.4,0.4,0.1,0.1,460.0,552.0,139.3939393939394,27.015
0.413,0.167,0.594,2.556,0.096,1.141,0.4,0.4,0.1,0.1,473.2,567.8399999999999,143.3939393939394,23.805
1.023,0.756,0.806,3.263,2.831,2.977,0.4,0.4,0.1,0.1,837.1,1004.52,253.66666666666669,14.655000000000001
1.468,1.049,0.786,1.583,3.411,4.504,0.4,0.4,0.1,0.1,1088.9,1306.68,329.969696969697,7.98
1.292,1.175,0.309,1.354,1.011,4.17,0.4,0.4,0.1,0.1,1013.5,1216.2,307.1212121212121,10.620000000000001
0.307,0.326,0.358,4.7,3.713,1.733,0.4,0.4,0.1,0.1,436.1,523.32,132.15151515151516,25.395
0.732,0.822,1.474,0.098,0.811,4.61,0.4,0.4,0.1,0.1,698.2,837.84,211.5757575757576,19.02
1.404,0.155,0.877,0.699,1.382,2.768,0.4,0.4,0.1,0.1,967.5,1161.0,293.1818181818182,8.940000000000001
0.801,0.654,0.107,3.54,4.017,1.706,0.4,0.4,0.1,0.1,715.9,859.0799999999999,216.93939393939394,17.985
0.915,0.231,1.266,1.665,3.005,3.393,0.4,0.4,0.1,0.1,730.6,876.72,221.3939393939394,16.275
1.116,1.241,0.723,0.704,2.293,2.431,0.4,0.4,0.1,0.1,932.1,1118.52,282.4545454545455,13.259999999999998
0.104,0.21,0.643,3.687,2.303,2.342,0.4,0.4,0.1,0.1,323.0,387.59999999999997,97.87878787878789,28.44
0.775,0.35,0.629,1.999,0.091,3.44,0.4,0.4,0.1,0.1,672.5,807.0,203.7878787878788,18.375
0.356,1.296,1.18,2.947,4.1,2.12,0.4,0.4,0.1,0.1,557.6,669.12,168.969696969697,24.66
0.423,0.608,0.79,1.708,1.361,0.92,0.4,0.4,0.1,0.1,522.3,626.7599999999999,158.27272727272728,23.655
1.153,1.341,0.484,3.614,4.901,3.448,0.4,0.4,0.1,0.1,960.6,1152.72,291.0909090909091,12.704999999999998
0.485,0.302,1.1,2.988,1.854,1.032,0.4,0.4,0.1,0.1,522.7,627.24,158.3939393939394,22.725
1.024,1.01,0.2,4.925,1.737,1.5,0.4,0.4,0.1,0.1,863.0,1035.6,261.5151515151515,14.64
1.48,0.287,1.343,3.184,0.43,1.244,0.4,0.4,0.1,0.1,1018.7,1222.44,308.69696969696975,7.800000000000001
0.705,0.535,0.905,2.199,0.238,1.135,0.4,0.4,0.1,0.1,656.0,787.1999999999999,198.7878787878788,19.425
0.882,0.908,1.089,1.647,3.972,4.893,0.4,0.4,0.1,0.1,781.8,938.1599999999999,236.9090909090909,16.77
0.499,0.343,0.872,0.305,4.311,4.97,0.4,0.4,0.1,0.1,533.8,640.56,161.75757575757575,22.515
0.607,0.582,0.424,0.408,2.493,3.249,0.4,0.4,0.1,0.1,611.7,734.0400000000001,185.36363636363637,20.895
0.764,1.177,1.262,1.82,2.319,3.82,0.4,0.4,0.1,0.1,749.7,899.64,227.18181818181822,18.54
1.252,1.339,0.292,2.086,2.64,3.403,0.4,0.4,0.1,0.1,1009.9,1211.8799999999999,306.03030303030306,11.219999999999999
1.316,0.957,1.063,2.726,0.665,2.127,0.4,0.4,0.1,0.1,1003.7,1204.44,304.1515151515152,10.259999999999998
1.246,1.457,1.056,3.941,0.309,2.281,0.4,0.4,0.1,0.1,1018.7,1222.44,308.69696969696975,11.309999999999999
1.491,0.218,1.452,0.213,2.925,3.792,0.4,0.4,0.1,0.1,1017.3,1220.76,308.27272727272725,7.634999999999998
1.262,0.545,1.083,1.506,0.23,2.437,0.4,0.4,0.1,0.1,935.5,1122.6,283.4848484848485,11.07
0.472,0.384,0.435,1.704,0.873,2.376,0.4,0.4,0.1,0.1,524.4,629.28,158.9090909090909,22.92
1.273,1.225,0.775,0.2,2.367,2.74,0.4,0.4,0.1,0.1,1009.0,1210.8,305.75757575757575,10.905000000000001
0.347,1.372,1.004,2.655,4.223,2.981,0.4,0.4,0.1,0.1,560.7,672.84,169.90909090909093,24.795
0.984,1.369,1.162,2.657,1.198,1.764,0.4,0.4,0.1,0.1,878.9,1054.6799999999998,266.3333333333333,15.24
1.309,0.497,0.276,1.025,0.215,1.902,0.4,0.4,0.1,0.1,954.2,1145.04,289.1515151515152,10.365000000000002
1.204,0.442,0.388,1.164,2.045,2.101,0.4,0.4,0.1,0.1,896.2,1075.44,271.5757575757576,11.940000000000001
0.298,0.333,0.212,2.862,1.959,3.476,0.4,0.4,0.1,0.1,432.3,518.76,131.0,25.53
0.117,0.115,0.804,2.322,4.85,1.244,0.4,0.4,0.1,0.1,320.0,384.0,96.96969696969697,28.245
0.688,0.162,0.729,2.305,3.545,4.032,0.4,0.4,0.1,0.1,610.2,732.24,184.90909090909093,19.68
1.159,1.201,0.63,4.215,2.415,0.262,0.4,0.4,0.1,0.1,949.6,1139.52,287.7575757575758,12.614999999999998
0.146,1.196,1.014,3.216,0.492,3.727,0.4,0.4,0.1,0.1,442.6,531.12,134.12121212121212,27.81
0.843,1.229,0.999,3.202,3.762,3.705,0.4,0.4,0.1,0.1,794.4,953.28,240.72727272727272,17.355
0.41,1.378,0.338,4.058,1.583,0.372,0.4,0.4,0.1,0.1,592.8,711.3599999999999,179.63636363636363,23.85
0.483,0.966,1.26,1.81,1.308,1.984,0.4,0.4,0.1,0.1,588.1,705.72,178.21212121212122,22.755
0.507,0.151,0.411,4.936,3.451,0.85,0.4,0.4,0.1,0.1,518.6,622.32,157.15151515151516,22.395
0.256,0.409,0.932,3.047,0.961,3.995,0.4,0.4,0.1,0.1,418.9,502.67999999999995,126.93939393939394,26.16
1.319,1.128,0.659,3.612,4.541,2.11,0.4,0.4,0.1,0.1,1022.3,1226.76,309.7878787878788,10.215
1.366,0.581,1.354,1.971,4.142,3.349,0.4,0.4,0.1,0.1,991.1,1189.32,300.33333333333337,9.509999999999998
0.823,0.146,0.854,3.831,3.603,1.445,0.4,0.4,0.1,0.1,676.1,811.32,204.8787878787879,17.655
1.274,0.186,0.32,2.54,2.742,3.195,0.4,0.4,0.1,0.1,905.6,1086.72,274.42424242424244,10.89
0.57,1.319,0.786,0.942,0.739,0.731,0.4,0.4,0.1,0.1,666.9,800.28,202.0909090909091,21.450000000000003
1.382,1.363,0.547,3.251,1.355,0.918,0.4,0.4,0.1,0.1,1077.3,1292.76,326.45454545454544,9.270000000000003
1.128,0.982,0.231,0.244,1.349,2.177,0.4,0.4,0.1,0.1,912.2,1094.64,276.42424242424244,13.080000000000002
1.14,0.538,1.451,1.269,2.185,4.898,0.4,0.4,0.1,0.1,873.8,1048.56,264.7878787878788,12.900000000000002
0.15,0.387,1.307,4.377,2.067,3.892,0.4,0.4,0.1,0.1,363.7,436.44,110.21212121212122,27.75
1.276,0.281,0.536,4.184,4.955,4.702,0.4,0.4,0.1,0.1,916.1,1099.32,277.6060606060606,10.86
0.432,0.572,0.896,4.903,0.025,0.695,0.4,0.4,0.1,0.1,523.2,627.84,158.54545454545456,23.52
0.375,1.234,0.394,3.849,0.5,3.436,0.4,0.4,0.1,0.1,560.9,673.0799999999999,169.96969696969697,24.375
0.922,0.79,1.084,1.262,3.106,4.971,0.4,0.4,0.1,0.1,790.0,948.0,239.3939393939394,16.17
0.491,0.865,0.214,0.671,3.022,0.519,0.4,0.4,0.1,0.1,582.0,698.4,176.36363636363637,22.634999999999998
1.053,1.118,0.855,3.827,2.559,2.798,0.4,0.4,0.1,0.1,888.3,1065.9599999999998,269.1818181818182,14.205000000000002
0.607,0.606,1.166,1.301,4.091,4.355,0.4,0.4,0.1,0.1,614.1,736.92,186.09090909090912,20.895
0.348,0.884,0.235,1.599,0.044,4.388,0.4,0.4,0.1,0.1,512.4,614.88,155.27272727272728,24.78
0.877,0.116,0.642,2.094,2.119,0.499,0.4,0.4,0.1,0.1,700.1,840.12,212.15151515151516,16.845
1.467,1.382,0.61,2.508,3.788,3.958,0.4,0.4,0.1,0.1,1121.7,1346.04,339.90909090909093,7.994999999999997
1.324,0.606,0.744,1.33,4.601,1.018,0.4,0.4,0.1,0.1,972.6,1167.12,294.72727272727275,10.14
1.152,1.035,0.354,4.582,2.969,4.292,0.4,0.4,0.1,0.1,929.5,1115.3999999999999,281.6666666666667,12.720000000000002
0.998,0.336,0.739,0.282,1.703,1.064,0.4,0.4,0.1,0.1,782.6,939.12,237.15151515151518,15.03
0.737,0.393,1.382,2.123,4.131,3.455,0.4,0.4,0.1,0.1,657.8,789.3599999999999,199.33333333333334,18.945
1.189,1.17,0.584,4.881,0.343,3.077,0.4,0.4,0.1,0.1,961.5,1153.8,291.3636363636364,12.165
0.665,1.157,0.654,3.894,4.655,1.991,0.4,0.4,0.1,0.1,698.2,837.84,211.5757575757576,20.025
1.22,1.381,1.261,0.078,4.756,1.014,0.4,0.4,0.1,0.1,998.1,1197.72,302.4545454545455,11.7
0.516,1.394,1.483,3.195,2.366,2.838,0.4,0.4,0.1,0.1,647.4,776.88,196.1818181818182,22.259999999999998
0.479,0.623,0.81,3.805,2.008,1.309,0.4,0.4,0.1,0.1,551.8,662.16,167.21212121212122,22.815
0.359,1.424,0.806,1.964,4.983,1.516,0.4,0.4,0.1,0.1,571.9,686.28,173.3030303030303,24.615000000000002
1.45,0.48,0.228,3.725,3.468,2.632,0.4,0.4,0.1,0.1,1023.0,1227.6,310.0,8.25
0.186,1.128,1.285,1.335,4.453,1.41,0.4,0.4,0.1,0.1,455.79999999999995,546.9599999999999,138.12121212121212,27.21
1.044,0.454,0.669,3.746,3.347,0.713,0.4,0.4,0.1,0.1,817.4,980.8799999999999,247.69696969696972,14.34
0.399,1.384,1.478,0.186,2.208,0.416,0.4,0.4,0.1,0.1,587.9,705.4799999999999,178.15151515151516,24.015
1.36,0.341,0.35,0.163,0.208,1.854,0.4,0.4,0.1,0.1,964.1,1156.92,292.1515151515152,9.599999999999998
0.37,1.139,0.728,4.379,4.456,3.229,0.4,0.4,0.1,0.1,548.9,658.68,166.33333333333334,24.45
1.041,0.43,1.364,0.441,3.235,0.715,0.4,0.4,0.1,0.1,813.5,976.1999999999999,246.51515151515153,14.385000000000002
1.128,1.219,0.256,0.838,2.877,2.13,0.4,0.4,0.1,0.1,935.9,1123.08,283.6060606060606,13.080000000000002
1.129,0.241,1.365,2.64,3.435,2.545,0.4,0.4,0.1,0.1,838.6,1006.3199999999999,254.12121212121215,13.065000000000001
1.293,0.527,0.883,0.106,1.085,0.674,0.4,0.4,0.1,0.1,949.2,1139.04,287.6363636363637,10.605
1.387,0.989,1.381,2.279,4.606,4.258,0.4,0.4,0.1,0.1,1042.4,1250.88,315.87878787878793,9.195
0.533,1.177,0.605,1.597,2.616,3.97,0.4,0.4,0.1,0.1,634.2,761.0400000000001,192.18181818181822,22.005
0.148,0.371,0.554,1.775,1.25,3.277,0.4,0.4,0.1,0.1,361.1,433.32,109.42424242424244,27.78
0.245,1.421,0.277,0.726,2.416,1.519,0.4,0.4,0.1,0.1,514.6,617.52,155.93939393939397,26.325
1.194,0.617,0.762,3.864,0.442,1.308,0.4,0.4,0.1,0.1,908.7,1090.44,275.3636363636364,12.09
1.49,1.257,0.373,3.153,1.025,1.119,0.4,0.4,0.1,0.1,1120.7,1344.84,339.6060606060606,7.649999999999999
0.868,0.51,0.581,1.074,1.611,3.5,0.4,0.4,0.1,0.1,735.0,882.0,222.72727272727275,16.98
0.635,0.374,1.102,1.334,2.902,0.506,0.4,0.4,0.1,0.1,604.9,725.88,183.3030303030303,20.475
1.294,0.716,0.381,3.858,1.703,4.716,0.4,0.4,0.1,0.1,968.6,1162.32,293.51515151515156,10.59
0.758,0.659,1.011,2.462,4.636,4.998,0.4,0.4,0.1,0.1,694.9,833.88,210.5757575757576,18.63
0.705,0.235,0.939,2.876,2.958,3.633,0.4,0.4,0.1,0.1,626.0,751.1999999999999,189.69696969696972,19.425
0.499,0.823,1.012,2.173,4.487,4.342,0.4,0.4,0.1,0.1,581.8,698.16,176.3030303030303,22.515
0.787,0.618,0.331,0.561,2.731,3.87,0.4,0.4,0.1,0.1,705.3,846.3599999999999,213.72727272727272,18.195
1.179,1.143,0.455,4.894,3.853,3.883,0.4,0.4,0.1,0.1,953.8,1144.56,289.03030303030306,12.314999999999998
1.043,0.913,0.115,2.013,3.942,0.153,0.4,0.4,0.1,0.1,862.8,1035.36,261.45454545454544,14.355
0.613,1.477,1.133,3.226,3.285,0.832,0.4,0.4,0.1,0.1,704.2,845.0400000000001,213.3939393939394,20.805
1.371,0.372,0.628,2.538,4.382,3.96,0.4,0.4,0.1,0.1,972.7,1167.24,294.7575757575758,9.434999999999999
0.431,0.272,0.547,4.709,3.978,0.174,0.4,0.4,0.1,0.1,492.7,591.24,149.3030303030303,23.535
0.822,0.145,1.349,3.178,0.174,0.3,0.4,0.4,0.1,0.1,675.5,810.6,204.69696969696972,17.67
1.446,0.452,0.932,2.208,4.807,4.735,0.4,0.4,0.1,0.1,1018.2,1221.84,308.54545454545456,8.310000000000002
0.479,1.421,0.824,1.407,2.322,1.248,0.4,0.4,0.1,0.1,631.6,757.92,191.3939393939394,22.815
0.653,0.49,0.623,0.743,2.745,3.524,0.4,0.4,0.1,0.1,625.5,750.6,189.54545454545456,20.205
0.996,1.411,0.434,3.212,0.553,4.485,0.4,0.4,0.1,0.1,889.1,1066.92,269.42424242424244,15.06
1.19,1.323,0.727,4.234,4.073,0.329,0.4,0.4,0.1,0.1,977.3,1172.76,296.1515151515151,12.150000000000002
0.976,1.236,0.646,2.712,1.327,1.167,0.4,0.4,0.1,0.1,861.6,1033.92,261.0909090909091,15.36
0.324,1.127,0.37,3.452,1.12,1.263,0.4,0.4,0.1,0.1,524.7,629.64,159.00000000000003,25.14
1.416,1.234,1.452,3.933,1.67,2.631,0.4,0.4,0.1,0.1,1081.4,1297.68,327.69696969696975,8.760000000000002
0.677,0.505,1.386,1.336,3.343,4.161,0.4,0.4,0.1,0.1,639.0,766.8,193.63636363636365,19.845
0.842,0.882,0.379,4.214,2.21,3.934,0.4,0.4,0.1,0.1,759.2,911.0400000000001,230.0606060606061,17.37
0.373,1.426,0.916,4.582,3.302,0.093,0.4,0.4,0.1,0.1,579.1,694.92,175.4848484848485,24.405
1.455,0.877,0.522,4.89,3.002,4.588,0.4,0.4,0.1,0.1,1065.2,1278.24,322.7878787878788,8.174999999999997
0.427,1.022,0.444,3.295,3.921,4.449,0.4,0.4,0.1,0.1,565.7,678.84,171.42424242424244,23.595
0.132,0.374,0.567,3.27,2.338,3.958,0.4,0.4,0.1,0.1,353.4,424.08,107.0909090909091,28.02
0.319,0.166,1.005,1.547,3.516,3.095,0.4,0.4,0.1,0.1,426.1,511.32,129.12121212121212,25.215
0.344,0.611,1.037,2.122,4.736,1.013,0.4,0.4,0.1,0.1,483.1,579.72,146.3939393939394,24.84
0.922,1.194,1.173,1.0,1.88,0.39,0.4,0.4,0.1,0.1,830.4,996.4799999999999,251.63636363636365,16.17
0.819,0.711,0.564,4.121,4.324,2.306,0.4,0.4,0.1,0.1,730.6,876.72,221.3939393939394,17.715
1.413,0.381,0.28,0.655,2.947,3.801,0.4,0.4,0.1,0.1,994.6,1193.52,301.39393939393943,8.805
0.901,0.22,0.97,1.761,3.548,2.564,0.4,0.4,0.1,0.1,722.5,867.0,218.93939393939394,16.485
1.154,0.457,1.433,2.346,2.383,4.326,0.4,0.4,0.1,0.1,872.7,1047.24,264.4545454545455,12.690000000000001
0.794,0.152,1.119,4.164,4.275,2.169,0.4,0.4,0.1,0.1,662.2,794.64,200.66666666666669,18.09
0.794,1.106,0.946,4.004,2.841,4.922,0.4,0.4,0.1,0.1,757.6,909.12,229.5757575757576,18.09
1.352,1.204,1.189,3.303,2.685,1.324,0.4,0.4,0.1,0.1,1046.4,1255.68,317.0909090909091,9.719999999999999
0.324,0.623,0.576,2.109,3.202,0.076,0.4,0.4,0.1,0.1,474.3,569.16,143.72727272727275,25.14
0.337,0.326,0.81,0.621,1.862,1.571,0.4,0.4,0.1,0.1,451.1,541.32,136.69696969696972,24.945
0.281,1.084,1.022,4.729,3.408,4.416,0.4,0.4,0.1,0.1,498.9,598.68,151.1818181818182,25.785
1.427,0.142,0.758,3.695,3.651,2.477,0.4,0.4,0.1,0.1,977.7,1173.24,296.2727272727273,8.594999999999999
1.081,0.861,1.43,4.363,3.052,0.292,0.4,0.4,0.1,0.1,876.6,1051.92,265.6363636363637,13.785
0.902,1.351,0.52,4.61,0.205,3.044,0.4,0.4,0.1,0.1,836.1,1003.3199999999999,253.36363636363637,16.47
0.344,0.607,1.416,2.766,2.87,4.108,0.4,0.4,0.1,0.1,482.7,579.24,146.27272727272728,24.84
0.24,0.164,1.354,2.837,2.278,2.525,0.4,0.4,0.1,0.1,386.4,463.67999999999995,117.0909090909091,26.4
0.207,1.417,1.478,2.728,1.582,2.583,0.4,0.4,0.1,0.1,495.20000000000005,594.24,150.0606060606061,26.895
0.507,0.347,0.897,3.912,1.967,2.926,0.4,0.4,0.1,0.1,538.2,645.84,163.09090909090912,22.395
0.375,1.198,0.727,4.799,2.846,3.524,0.4,0.4,0.1,0.1,557.3,668.7599999999999,168.87878787878788,24.375
0.366,1.406,0.111,4.66,0.059,4.895,0.4,0.4,0.1,0.1,573.6,688.32,173.81818181818184,24.509999999999998
1.332,1.274,1.01,1.462,0.513,2.052,0.4,0.4,0.1,0.1,1043.4,1252.0800000000002,316.18181818181824,10.02
0.731,0.595,0.583,0.738,2.74,3.196,0.4,0.4,0.1,0.1,675.0,810.0,204.54545454545456,19.035
0.518,0.303,0.506,1.361,3.041,3.656,0.4,0.4,0.1,0.1,539.3,647.16,163.4242424242424,22.23
0.543,0.142,0.864,1.852,3.576,1.845,0.4,0.4,0.1,0.1,535.7,642.84,162.33333333333334,21.854999999999997
1.377,0.584,1.435,1.289,4.694,0.292,0.4,0.4,0.1,0.1,996.9,1196.28,302.0909090909091,9.344999999999999
0.15,1.089,0.139,1.817,3.154,1.502,0.4,0.4,0.1,0.1,433.9,520.68,131.4848484848485,27.75
1.313,0.636,0.336,0.47,3.835,3.044,0.4,0.4,0.1,0.1,970.1,1164.12,293.969696969697,10.305
1.354,0.956,0.208,0.05,1.83,4.894,0.4,0.4,0.1,0.1,1022.6,1227.12,309.8787878787879,9.689999999999998
0.929,0.473,0.539,3.852,0.594,2.543,0.4,0.4,0.1,0.1,761.8,914.16,230.84848484848484,16.064999999999998
0.522,0.307,0.997,0.827,1.145,1.691,0.4,0.4,0.1,0.1,541.7,650.0400000000001,164.15151515151518,22.17
1.103,0.362,0.485,1.191,3.156,1.703,0.4,0.4,0.1,0.1,837.7,1005.24,253.84848484848487,13.455000000000002
0.809,0.633,0.304,1.548,3.957,1.753,0.4,0.4,0.1,0.1,717.8,861.3599999999999,217.5151515151515,17.865
1.12,1.493,0.95,1.436,4.258,2.812,0.4,0.4,0.1,0.1,959.3,1151.1599999999999,290.6969696969697,13.2
0.146,0.926,0.918,2.161,3.231,1.82,0.4,0.4,0.1,0.1,415.6,498.72,125.93939393939395,27.81
1.462,1.138,1.436,0.435,3.176,0.984,0.4,0.4,0.1,0.1,1094.8,1313.76,331.75757575757575,8.07
0.658,0.621,0.314,1.515,2.813,3.094,0.4,0.4,0.1,0.1,641.1,769.32,194.27272727272728,20.13
0.466,0.439,1.098,3.889,3.003,2.159,0.4,0.4,0.1,0.1,526.9,632.28,159.66666666666666,23.009999999999998
1.332,0.802,0.683,0.16,4.082,2.98,0.4,0.4,0.1,0.1,996.2,1195.44,301.87878787878793,10.02
1.023,0.967,0.722,3.003,1.93,2.359,0.4,0.4,0.1,0.1,858.2,1029.84,260.06060606060606,14.655000000000001
0.224,1.211,0.332,0.125,1.625,3.71,0.4,0.4,0.1,0.1,483.1,579.72,146.3939393939394,26.64
1.034,0.602,1.257,0.467,3.455,4.666,0.4,0.4,0.1,0.1,827.2,992.64,250.66666666666669,14.49
0.959,0.601,1.25,2.077,1.94,4.033,0.4,0.4,0.1,0.1,789.6,947.52,239.27272727272728,15.615
1.294,0.209,1.275,0.874,2.86,2.14,0.4,0.4,0.1,0.1,917.9,1101.48,278.1515151515152,10.59
0.949,1.453,0.153,1.874,4.306,3.905,0.4,0.4,0.1,0.1,869.8,1043.76,263.57575757575756,15.765
0.864,1.363,0.178,2.787,4.93,2.176,0.4,0.4,0.1,0.1,818.3,981.9599999999999,247.96969696969697,17.04
1.291,0.158,1.092,0.421,0.207,4.943,0.4,0.4,0.1,0.1,911.3,1093.56,276.1515151515151,10.635000000000002
0.479,0.515,1.405,3.063,4.553,0.557,0.4,0.4,0.1,0.1,541.0,649.1999999999999,163.93939393939394,22.815
0.149,0.537,1.23,0.596,2.673,2.764,0.4,0.4,0.1,0.1,378.2,453.84,114.60606060606061,27.765
1.231,1.332,1.067,4.806,2.718,1.346,0.4,0.4,0.1,0.1,998.7,1198.44,302.6363636363637,11.535
1.135,1.425,0.511,3.816,2.829,0.165,0.4,0.4,0.1,0.1,960.0,1152.0,290.90909090909093,12.975000000000001
0.187,0.384,1.092,0.342,1.934,4.42,0.4,0.4,0.1,0.1,381.9,458.28,115.72727272727272,27.195
0.418,1.253,1.029,4.709,2.144,4.796,0.4,0.4,0.1,0.1,584.3,701.16,177.06060606060606,23.73
0.328,1.055,0.441,1.285,0.845,0.394,0.4,0.4,0.1,0.1,519.5,623.4,157.42424242424244,25.08
1.06,1.315,1.241,4.456,3.972,1.765,0.4,0.4,0.1,0.1,911.5,1093.8,276.21212121212125,14.1
0.417,0.232,0.999,1.115,0.768,2.024,0.4,0.4,0.1,0.1,481.7,578.04,145.96969696969697,23.745
1.02,1.368,1.147,3.733,1.329,1.091,0.4,0.4,0.1,0.1,896.8,1076.1599999999999,271.75757575757575,14.7
1.127,0.391,0.162,0.287,4.374,4.054,0.4,0.4,0.1,0.1,852.6,1023.12,258.3636363636364,13.094999999999999
0.242,1.448,1.06,1.325,4.275,4.053,0.4,0.4,0.1,0.1,515.8,618.9599999999999,156.3030303030303,26.37
0.768,1.19,1.396,3.058,0.264,3.734,0.4,0.4,0.1,0.1,753.0,903.6,228.1818181818182,18.48
0.825,0.225,0.122,2.215,2.848,1.613,0.4,0.4,0.1,0.1,685.0,822.0,207.5757575757576,17.625
0.479,1.068,1.067,2.597,1.483,1.774,0.4,0.4,0.1,0.1,596.3,715.56,180.6969696969697,22.815
0.947,0.8,0.149,0.807,1.579,3.889,0.4,0.4,0.1,0.1,803.5,964.1999999999999,243.4848484848485,15.795
0.527,0.273,1.109,1.491,4.597,0.872,0.4,0.4,0.1,0.1,540.8,648.9599999999999,163.87878787878788,22.095
0.43,0.503,0.368,2.391,4.977,2.521,0.4,0.4,0.1,0.1,515.3,618.3599999999999,156.15151515151516,23.55
0.535,0.678,0.27,1.55,2.67,3.308,0.4,0.4,0.1,0.1,585.3,702.3599999999999,177.36363636363635,21.975
1.189,0.611,0.732,4.679,4.291,4.548,0.4,0.4,0.1,0.1,905.6,1086.72,274.42424242424244,12.165
1.276,0.546,0.442,0.843,0.137,2.899,0.4,0.4,0.1,0.1,942.6,1131.12,285.6363636363637,10.86
1.31,1.295,1.425,0.52,0.767,2.049,0.4,0.4,0.1,0.1,1034.5,1241.3999999999999,313.4848484848485,10.349999999999998
1.05,0.546,1.091,2.315,1.018,2.201,0.4,0.4,0.1,0.1,829.6,995.52,251.3939393939394,14.25
1.191,0.761,0.521,0.654,1.928,4.541,0.4,0.4,0.1,0.1,921.6,1105.92,279.2727272727273,12.134999999999998
1.138,0.748,0.998,3.864,4.777,0.665,0.4,0.4,0.1,0.1,893.8,1072.56,270.8484848484849,12.93
0.329,0.165,0.27,4.166,2.521,0.25,0.4,0.4,0.1,0.1,431.0,517.1999999999999,130.60606060606062,25.064999999999998
0.995,0.79,0.134,3.008,3.645,2.491,0.4,0.4,0.1,0.1,826.5,991.8,250.45454545454547,15.075
0.951,0.663,1.471,3.958,1.386,0.342,0.4,0.4,0.1,0.1,791.8,950.1599999999999,239.93939393939394,15.735000000000001
1.18,0.605,0.805,0.335,2.571,3.617,0.4,0.4,0.1,0.1,900.5,1080.6,272.8787878787879,12.3
0.114,0.53,1.309,1.355,3.003,3.797,0.4,0.4,0.1,0.1,360.0,432.0,109.0909090909091,28.29
0.54,0.911,1.109,2.691,0.602,4.812,0.4,0.4,0.1,0.1,611.1,733.32,185.1818181818182,21.9
1.289,0.798,0.452,2.728,0.906,4.104,0.4,0.4,0.1,0.1,974.3,1169.1599999999999,295.24242424242425,10.665000000000003
0.774,0.302,1.024,0.833,3.597,4.547,0.4,0.4,0.1,0.1,667.2,800.64,202.18181818181822,18.39
0.693,0.143,0.538,0.386,1.012,2.126,0.4,0.4,0.1,0.1,610.8,732.9599999999999,185.0909090909091,19.605
1.029,1.416,1.19,4.525,1.203,0.971,0.4,0.4,0.1,0.1,906.1,1087.32,274.5757575757576,14.565000000000001
1.499,1.373,1.443,4.536,1.935,1.82,0.4,0.4,0.1,0.1,1136.8,1364.1599999999999,344.4848484848485,7.514999999999997
0.171,0.144,0.717,1.778,0.372,0.693,0.4,0.4,0.1,0.1,349.9,419.87999999999994,106.03030303030303,27.435
0.728,0.832,0.148,4.476,4.759,4.042,0.4,0.4,0.1,0.1,697.2,836.64,211.2727272727273,19.08
1.048,1.205,0.52,4.854,4.192,2.298,0.4,0.4,0.1,0.1,894.5,1073.3999999999999,271.06060606060606,14.28
0.861,1.217,1.346,0.105,3.394,1.509,0.4,0.4,0.1,0.1,802.2,962.64,243.09090909090912,17.085
0.431,1.444,1.065,3.006,4.32,3.18,0.4,0.4,0.1,0.1,609.9,731.88,184.8181818181818,23.535
0.295,1.062,0.449,4.721,2.711,1.279,0.4,0.4,0.1,0.1,503.7,604.4399999999999,152.63636363636365,25.575
0.617,0.742,0.101,3.057,4.954,4.482,0.4,0.4,0.1,0.1,632.7,759.24,191.72727272727275,20.745
1.042,0.118,0.782,1.444,1.295,0.334,0.4,0.4,0.1,0.1,782.8,939.3599999999999,237.21212121212122,14.37
0.367,0.698,0.466,2.76,4.24,2.596,0.4,0.4,0.1,0.1,503.3,603.96,152.51515151515153,24.495
0.138,0.76,0.85,3.095,4.232,1.377,0.4,0.4,0.1,0.1,395.0,474.0,119.6969696969697,27.93
1.311,1.23,1.2,3.402,0.794,1.177,0.4,0.4,0.1,0.1,1028.5,1234.2,311.6666666666667,10.335
1.159,0.819,0.424,0.352,1.026,3.606,0.4,0.4,0.1,0.1,911.4,1093.6799999999998,276.1818181818182,12.614999999999998
0.566,0.164,1.299,1.02,3.278,3.122,0.4,0.4,0.1,0.1,549.4,659.28,166.4848484848485,21.51
0.532,1.473,1.037,3.183,1.863,0.285,0.4,0.4,0.1,0.1,663.3,795.9599999999999,201.0,22.02
0.297,1.321,0.325,4.798,1.706,4.483,0.4,0.4,0.1,0.1,530.6,636.72,160.7878787878788,25.545
1.216,0.625,1.066,1.389,2.634,4.197,0.4,0.4,0.1,0.1,920.5,1104.6,278.93939393939394,11.760000000000002
0.535,1.301,0.895,3.29,4.374,0.29,0.4,0.4,0.1,0.1,647.6,777.12,196.24242424242425,21.975
0.843,1.089,0.367,4.93,2.274,2.354,0.4,0.4,0.1,0.1,780.4,936.4799999999999,236.4848484848485,17.355
0.822,1.162,1.086,1.462,3.88,3.15,0.4,0.4,0.1,0.1,777.2,932.64,235.51515151515153,17.67
1.429,0.725,0.305,0.042,4.111,2.253,0.4,0.4,0.1,0.1,1037.0,1244.3999999999999,314.24242424242425,8.564999999999998
1.469,0.947,0.679,0.425,3.596,1.348,0.4,0.4,0.1,0.1,1079.2,1295.04,327.03030303030306,7.965
0.233,1.436,0.94,0.284,0.328,1.366,0.4,0.4,0.1,0.1,510.1,612.12,154.5757575757576,26.505
1.198,0.104,1.279,3.801,3.403,3.887,0.4,0.4,0.1,0.1,859.4,1031.28,260.42424242424244,12.030000000000001
1.227,0.665,0.968,1.951,2.406,0.38,0.4,0.4,0.1,0.1,930.0,1116.0,281.8181818181818,11.594999999999999
0.173,0.488,0.137,1.036,4.163,3.38,0.4,0.4,0.1,0.1,385.3,462.36,116.75757575757576,27.405
0.526,0.364,1.474,3.327,2.92,3.045,0.4,0.4,0.1,0.1,549.4,659.28,166.4848484848485,22.11
0.229,0.583,1.209,3.276,1.215,0.326,0.4,0.4,0.1,0.1,422.8,507.36,128.12121212121212,26.565
0.866,1.278,0.264,1.526,4.179,3.188,0.4,0.4,0.1,0.1,810.8,972.9599999999999,245.6969696969697,17.009999999999998
0.571,1.241,1.337,0.867,4.038,0.751,0.4,0.4,0.1,0.1,659.6,791.52,199.8787878787879,21.435000000000002
1.374,1.473,0.422,0.821,0.147,1.093,0.4,0.4,0.1,0.1,1084.3,1301.1599999999999,328.57575757575756,9.389999999999997
0.943,1.494,1.219,3.358,3.925,3.97,0.4,0.4,0.1,0.1,870.9,1045.08,263.90909090909093,15.855
0.619,1.213,0.716,1.377,0.003,1.24,0.4,0.4,0.1,0.1,680.8,816.9599999999999,206.3030303030303,20.715
1.238,0.954,0.211,0.723,1.617,2.008,0.4,0.4,0.1,0.1,964.4,1157.28,292.24242424242425,11.43
0.484,0.643,1.148,0.659,0.363,3.584,0.4,0.4,0.1,0.1,556.3,667.56,168.57575757575756,22.740000000000002
1.126,0.341,0.226,3.974,2.412,0.715,0.4,0.4,0.1,0.1,847.1,1016.52,256.69696969696975,13.110000000000003
0.619,1.024,0.351,2.721,2.18,0.009,0.4,0.4,0.1,0.1,661.9,794.28,200.5757575757576,20.715
0.774,1.097,0.378,1.341,0.319,2.87,0.4,0.4,0.1,0.1,746.7,896.0400000000001,226.2727272727273,18.39
0.617,1.183,0.861,3.61,4.987,0.415,0.4,0.4,0.1,0.1,676.8,812.16,205.0909090909091,20.745
0.435,0.911,1.257,2.296,3.456,4.278,0.4,0.4,0.1,0.1,558.6,670.32,169.27272727272728,23.475
0.438,0.931,0.168,1.519,2.374,4.09,0.4,0.4,0.1,0.1,562.1,674.52,170.33333333333334,23.43
0.283,1.326,0.866,2.133,0.553,0.528,0.4,0.4,0.1,0.1,524.1,628.92,158.81818181818184,25.755000000000003
0.582,1.427,1.288,3.778,3.928,4.915,0.4,0.4,0.1,0.1,683.7,820.44,207.18181818181822,21.270000000000003
0.705,0.569,1.308,3.177,2.859,1.733,0.4,0.4,0.1,0.1,659.4,791.28,199.8181818181818,19.425
1.041,0.321,0.913,1.29,4.141,4.344,0.4,0.4,0.1,0.1,802.6,963.12,243.21212121212122,14.385000000000002
0.629,1.331,0.7,2.966,0.986,3.376,0.4,0.4,0.1,0.1,697.6,837.12,211.3939393939394,20.564999999999998
0.463,0.104,0.608,1.334,4.189,2.206,0.4,0.4,0.1,0.1,491.9,590.28,149.06060606060606,23.055
0.157,1.449,1.054,3.729,0.357,4.201,0.4,0.4,0.1,0.1,473.4,568.0799999999999,143.45454545454547,27.645
0.184,0.931,0.367,0.977,2.986,2.394,0.4,0.4,0.1,0.1,435.1,522.12,131.84848484848487,27.240000000000002
0.13,0.409,0.993,2.631,0.109,1.074,0.4,0.4,0.1,0.1,355.9,427.08,107.84848484848484,28.05
1.193,0.771,0.257,3.623,1.2,2.898,0.4,0.4,0.1,0.1,923.6,1108.32,279.8787878787879,12.105
0.551,1.396,1.241,2.14,0.001,2.686,0.4,0.4,0.1,0.1,665.1,798.12,201.54545454545456,21.735
0.613,0.5,1.325,0.381,1.125,4.071,0.4,0.4,0.1,0.1,606.5,727.8,183.7878787878788,20.805
0.541,1.36,1.207,1.085,1.205,3.504,0.4,0.4,0.1,0.1,656.5,787.8,198.93939393939394,21.884999999999998
0.888,1.141,0.641,4.128,0.481,0.841,0.4,0.4,0.1,0.1,808.1,969.72,244.8787878787879,16.68
0.36,1.039,0.144,1.714,2.825,0.841,0.4,0.4,0.1,0.1,533.9,640.68,161.78787878787878,24.6
1.059,0.477,1.186,2.207,4.668,2.392,0.4,0.4,0.1,0.1,827.2,992.64,250.66666666666669,14.115
1.282,0.576,0.859,1.529,2.504,2.289,0.4,0.4,0.1,0.1,948.6,1138.32,287.4545454545455,10.77
0.242,1.057,1.003,3.21,1.451,1.888,0.4,0.4,0.1,0.1,476.7,572.04,144.45454545454547,26.37
1.21,0.867,0.412,2.405,2.924,4.006,0.4,0.4,0.1,0.1,941.7,1130.04,285.3636363636364,11.850000000000001
0.504,0.801,1.01,0.026,1.763,0.488,0.4,0.4,0.1,0.1,582.1,698.52,176.3939393939394,22.439999999999998
1.175,1.174,0.495,3.698,2.393,4.143,0.4,0.4,0.1,0.1,954.9,1145.8799999999999,289.3636363636364,12.375
1.204,0.609,1.123,0.648,0.437,1.403,0.4,0.4,0.1,0.1,912.9,1095.48,276.6363636363636,11.940000000000001
0.922,1.442,0.106,4.399,4.939,0.036,0.4,0.4,0.1,0.1,855.2,1026.24,259.1515151515152,16.17
0.265,0.452,0.386,2.023,0.139,4.112,0.4,0.4,0.1,0.1,427.7,513.24,129.60606060606062,26.025
0.463,0.98,0.42,3.793,0.807,0.91,0.4,0.4,0.1,0.1,579.5,695.4,175.60606060606062,23.055
1.037,1.182,0.27,1.359,1.81,4.431,0.4,0.4,0.1,0.1,886.7,1064.04,268.69696969696975,14.445
0.821,0.243,0.55,1.749,0.621,1.344,0.4,0.4,0.1,0.1,684.8,821.7599999999999,207.5151515151515,17.685000000000002
0.273,0.851,1.44,1.895,3.986,2.241,0.4,0.4,0.1,0.1,471.6,565.92,142.90909090909093,25.905
0.489,1.457,1.247,1.606,2.287,1.336,0.4,0.4,0.1,0.1,640.2,768.24,194.00000000000003,22.665
0.708,0.317,0.662,3.742,4.762,3.243,0.4,0.4,0.1,0.1,635.7,762.84,192.63636363636365,19.380000000000003
0.95,1.406,0.687,1.295,4.761,3.05,0.4,0.4,0.1,0.1,865.6,1038.72,262.3030303030303,15.75
1.041,0.982,1.273,2.781,4.251,2.77,0.4,0.4,0.1,0.1,868.7,1042.44,263.24242424242425,14.385000000000002
1.225,0.471,0.447,4.073,0.039,2.151,0.4,0.4,0.1,0.1,909.6,1091.52,275.6363636363637,11.625
1.29,0.151,1.396,3.854,3.427,3.024,0.4,0.4,0.1,0.1,910.1,1092.12,275.7878787878788,10.649999999999999
0.805,0.803,0.499,1.447,0.841,2.447,0.4,0.4,0.1,0.1,732.8,879.3599999999999,222.06060606060606,17.924999999999997
0.932,0.854,0.73,1.927,3.944,3.882,0.4,0.4,0.1,0.1,801.4,961.68,242.84848484848484,16.02
1.375,0.914,0.134,3.678,1.697,3.066,0.4,0.4,0.1,0.1,1028.9,1234.68,311.7878787878788,9.375
1.156,0.401,0.682,3.929,2.415,1.356,0.4,0.4,0.1,0.1,868.1,1041.72,263.06060606060606,12.66
1.033,0.214,0.247,1.958,1.449,2.584,0.4,0.4,0.1,0.1,787.9,945.4799999999999,238.75757575757575,14.505
0.174,1.266,1.288,3.875,1.877,1.544,0.4,0.4,0.1,0.1,463.6,556.32,140.4848484848485,27.39
1.255,0.351,0.188,1.094,4.074,2.318,0.4,0.4,0.1,0.1,912.6,1095.12,276.54545454545456,11.175
0.541,0.96,0.54,0.605,4.263,2.272,0.4,0.4,0.1,0.1,616.5,739.8,186.81818181818184,21.884999999999998
0.182,1.469,0.632,2.525,0.394,4.673,0.4,0.4,0.1,0.1,487.9,585.4799999999999,147.84848484848484,27.27
0.86,0.52,0.311,4.951,0.156,4.979,0.4,0.4,0.1,0.1,732.0,878.4,221.81818181818184,17.1
0.579,0.549,1.099,4.126,3.462,1.717,0.4,0.4,0.1,0.1,594.4,713.28,180.12121212121212,21.315
0.258,1.219,0.145,3.35,0.846,4.355,0.4,0.4,0.1,0.1,500.9,601.0799999999999,151.78787878787878,26.13
0.955,0.849,0.583,0.08,1.825,1.748,0.4,0.4,0.1,0.1,812.4,974.8799999999999,246.1818181818182,15.675
0.833,1.343,1.066,3.986,4.948,3.527,0.4,0.4,0.1,0.1,800.8,960.9599999999999,242.66666666666666,17.505000000000003
0.186,0.225,1.216,4.982,3.224,4.384,0.4,0.4,0.1,0.1,365.5,438.59999999999997,110.75757575757576,27.21
0.176,0.117,1.321,3.385,1.919,1.708,0.4,0.4,0.1,0.1,349.7,419.64,105.96969696969697,27.36
0.845,0.718,1.409,1.536,0.555,0.45,0.4,0.4,0.1,0.1,744.3,893.16,225.54545454545453,17.325000000000003
0.263,1.194,0.777,4.133,3.543,3.074,0.4,0.4,0.1,0.1,500.9,601.0799999999999,151.78787878787878,26.055
1.092,0.584,0.455,4.219,3.064,0.11,0.4,0.4,0.1,0.1,854.4,1025.28,258.90909090909093,13.619999999999997
1.36,0.604,0.713,0.889,2.307,3.373,0.4,0.4,0.1,0.1,990.4,1188.48,300.1212121212121,9.599999999999998
0.754,0.456,0.985,0.598,0.874,2.417,0.4,0.4,0.1,0.1,672.6,807.12,203.81818181818184,18.689999999999998
1.076,0.522,1.22,0.019,2.538,0.771,0.4,0.4,0.1,0.1,840.2,1008.24,254.60606060606062,13.86
1.117,1.148,0.854,4.562,1.003,1.908,0.4,0.4,0.1,0.1,923.3,1107.9599999999998,279.7878787878788,13.245000000000001
0.633,0.706,1.347,2.676,2.598,0.205,0.4,0.4,0.1,0.1,637.1,764.52,193.0606060606061,20.505
0.451,0.738,1.393,4.069,2.129,4.15,0.4,0.4,0.1,0.1,549.3,659.16,166.45454545454544,23.235
1.444,0.754,0.735,1.713,0.012,3.771,0.4,0.4,0.1,0.1,1047.4,1256.88,317.39393939393943,8.34
0.524,0.57,0.492,1.083,1.45,1.752,0.4,0.4,0.1,0.1,569.0,682.8,172.42424242424244,22.14
1.268,0.892,1.056,2.845,1.549,1.194,0.4,0.4,0.1,0.1,973.2,1167.84,294.90909090909093,10.98
0.782,0.68,0.342,1.495,0.222,4.427,0.4,0.4,0.1,0.1,709.0,850.8,214.84848484848487,18.27
0.158,0.146,1.09,4.202,2.938,0.453,0.4,0.4,0.1,0.1,343.6,412.32,104.12121212121214,27.63
1.048,0.939,0.647,3.021,3.31,1.118,0.4,0.4,0.1,0.1,867.9,1041.48,263.0,14.28
0.702,1.034,1.236,0.613,0.71,1.479,0.4,0.4,0.1,0.1,704.4,845.28,213.45454545454547,19.47
1.298,0.408,0.522,2.664,3.069,1.686,0.4,0.4,0.1,0.1,939.8,1127.76,284.7878787878788,10.530000000000001
0.814,0.111,0.95,2.117,3.9,4.897,0.4,0.4,0.1,0.1,668.1,801.72,202.45454545454547,17.79
1.094,0.108,0.369,0.35,3.457,4.186,0.4,0.4,0.1,0.1,807.8,969.3599999999999,244.78787878787878,13.59
0.397,0.703,0.782,2.297,3.41,2.144,0.4,0.4,0.1,0.1,518.8,622.56,157.21212121212122,24.045
1.015,0.296,0.678,1.039,3.016,3.188,0.4,0.4,0.1,0.1,787.1,944.52,238.51515151515153,14.775000000000002
0.919,0.491,0.658,4.541,0.635,2.751,0.4,0.4,0.1,0.1,758.6,910.32,229.8787878787879,16.215
0.16,1.419,1.323,4.368,0.469,4.643,0.4,0.4,0.1,0.1,471.9,566.28,143.0,27.6
0.214,0.446,0.594,4.285,4.567,3.618,0.4,0.4,0.1,0.1,401.6,481.92,121.69696969696972,26.79
0.584,1.285,0.106,1.763,3.088,3.162,0.4,0.4,0.1,0.1,670.5,804.6,203.1818181818182,21.240000000000002
0.299,0.647,0.988,0.02,3.217,4.632,0.4,0.4,0.1,0.1,464.2,557.04,140.66666666666666,25.515
1.074,0.284,0.685,0.783,0.817,1.946,0.4,0.4,0.1,0.1,815.4,978.4799999999999,247.0909090909091,13.89
1.428,0.157,0.242,2.302,1.283,4.426,0.4,0.4,0.1,0.1,979.7,1175.64,296.87878787878793,8.580000000000002
0.304,0.532,0.765,2.381,3.768,3.494,0.4,0.4,0.1,0.1,455.2,546.24,137.93939393939394,25.44
1.314,1.03,1.144,3.116,1.954,4.948,0.4,0.4,0.1,0.1,1010.0,1212.0,306.06060606060606,10.29
0.779,1.286,1.076,4.018,0.463,1.433,0.4,0.4,0.1,0.1,768.1,921.72,232.75757575757578,18.314999999999998
1.006,0.952,1.067,4.761,2.935,2.156,0.4,0.4,0.1,0.1,848.2,1017.84,257.03030303030306,14.91
1.352,0.906,1.287,2.37,0.284,0.202,0.4,0.4,0.1,0.1,1016.6,1219.92,308.06060606060606,9.719999999999999
0.364,1.425,0.617,0.58,4.046,3.713,0.4,0.4,0.1,0.1,574.5,689.4,174.0909090909091,24.54
0.964,0.612,0.279,0.114,0.635,3.659,0.4,0.4,0.1,0.1,793.2,951.84,240.3636363636364,15.540000000000001
0.427,1.211,0.952,0.413,0.279,3.387,0.4,0.4,0.1,0.1,584.6,701.52,177.15151515151516,23.595
1.362,0.908,1.138,1.258,1.717,3.575,0.4,0.4,0.1,0.1,1021.8,1226.1599999999999,309.6363636363636,9.57
0.21,0.724,1.241,2.301,3.844,4.203,0.4,0.4,0.1,0.1,427.4,512.88,129.5151515151515,26.85
1.288,1.151,0.863,4.918,4.045,3.329,0.4,0.4,0.1,0.1,1009.1,1210.92,305.7878787878788,10.68
0.933,0.816,1.233,2.93,4.255,1.524,0.4,0.4,0.1,0.1,798.1,957.72,241.84848484848487,16.005
0.138,0.703,0.235,3.777,1.967,0.319,0.4,0.4,0.1,0.1,389.3,467.15999999999997,117.96969696969698,27.93
0.606,0.91,0.729,0.111,1.255,1.401,0.4,0.4,0.1,0.1,644.0,772.8,195.15151515151516,20.91
1.258,1.279,1.091,0.765,3.293,2.073,0.4,0.4,0.1,0.1,1006.9,1208.28,305.1212121212121,11.129999999999999
0.99,1.441,1.077,2.513,4.951,2.199,0.4,0.4,0.1,0.1,889.1,1066.92,269.42424242424244,15.15
0.536,1.076,1.161,3.306,0.996,0.858,0.4,0.4,0.1,0.1,625.6,750.72,189.5757575757576,21.96
0.862,0.611,0.738,1.663,3.896,0.966,0.4,0.4,0.1,0.1,742.1,890.52,224.8787878787879,17.07
1.445,0.22,0.919,2.505,0.225,0.859,0.4,0.4,0.1,0.1,994.5,1193.3999999999999,301.3636363636364,8.325
0.374,1.202,0.628,0.961,0.741,3.799,0.4,0.4,0.1,0.1,557.2,668.64,168.84848484848487,24.39
0.251,0.38,0.961,0.299,2.509,3.214,0.4,0.4,0.1,0.1,413.5,496.2,125.30303030303031,26.235
0.327,0.88,1.284,4.613,4.927,2.265,0.4,0.4,0.1,0.1,501.5,601.8,151.96969696969697,25.095
0.179,1.08,0.12,3.386,4.345,4.305,0.4,0.4,0.1,0.1,447.5,537.0,135.60606060606062,27.315
0.66,1.076,0.638,2.793,1.801,1.871,0.4,0.4,0.1,0.1,687.6,825.12,208.36363636363637,20.1
1.494,0.942,1.22,4.944,1.331,2.405,0.4,0.4,0.1,0.1,1091.2,1309.44,330.6666666666667,7.59
0.367,0.886,1.367,3.882,4.515,1.023,0.4,0.4,0.1,0.1,522.1,626.52,158.21212121212122,24.495
0.225,1.106,1.459,2.468,2.431,3.084,0.4,0.4,0.1,0.1,473.1,567.72,143.36363636363637,26.625
0.641,1.298,1.486,0.323,0.944,3.697,0.4,0.4,0.1,0.1,700.3,840.3599999999999,212.21212121212122,20.384999999999998
0.68,1.038,0.443,2.523,0.395,3.417,0.4,0.4,0.1,0.1,693.8,832.56,210.24242424242425,19.799999999999997
0.894,0.121,0.339,0.492,0.582,4.155,0.4,0.4,0.1,0.1,709.1,850.92,214.8787878787879,16.59
0.269,1.254,0.883,3.199,3.145,4.297,0.4,0.4,0.1,0.1,509.9,611.88,154.51515151515153,25.965
0.491,0.102,0.294,3.425,1.192,4.805,0.4,0.4,0.1,0.1,505.7,606.8399999999999,153.24242424242425,22.634999999999998
0.616,1.465,0.578,3.87,1.644,0.806,0.4,0.4,0.1,0.1,704.5,845.4,213.4848484848485,20.759999999999998
0.12,0.803,0.597,1.498,1.569,1.408,0.4,0.4,0.1,0.1,390.3,468.36,118.27272727272728,28.2
0.57,0.559,1.326,3.544,2.757,4.485,0.4,0.4,0.1,0.1,590.9,709.0799999999999,179.06060606060606,21.450000000000003
0.378,0.463,1.225,0.716,3.367,3.094,0.4,0.4,0.1,0.1,485.3,582.36,147.06060606060606,24.33
1.201,1.113,0.151,2.81,0.03,2.378,0.4,0.4,0.1,0.1,961.8,1154.1599999999999,291.45454545454544,11.985
0.434,0.754,1.116,3.826,3.593,0.655,0.4,0.4,0.1,0.1,542.4,650.88,164.36363636363637,23.490000000000002
1.279,0.645,0.113,2.722,4.905,0.64,0.4,0.4,0.1,0.1,954.0,1144.8,289.0909090909091,10.815000000000001
1.479,0.202,0.256,4.943,4.537,3.173,0.4,0.4,0.1,0.1,1009.7,1211.64,305.969696969697,7.814999999999998
0.989,1.329,1.104,2.248,3.031,2.578,0.4,0.4,0.1,0.1,877.4,1052.8799999999999,265.8787878787879,15.165000000000001
0.39,1.248,0.531,4.065,2.008,4.07,0.4,0.4,0.1,0.1,569.8,683.7599999999999,172.66666666666666,24.15
0.828,1.037,0.591,3.588,4.472,2.659,0.4,0.4,0.1,0.1,767.7,921.24,232.63636363636365,17.58
0.963,1.09,1.399,3.622,3.683,3.907,0.4,0.4,0.1,0.1,840.5,1008.5999999999999,254.69696969696972,15.555
0.882,0.104,0.599,1.471,0.229,0.81,0.4,0.4,0.1,0.1,701.4,841.68,212.54545454545456,16.77
0.122,0.861,0.631,4.273,0.683,3.65,0.4,0.4,0.1,0.1,397.1,476.52,120.33333333333334,28.17
1.406,1.254,0.902,4.731,0.922,2.397,0.4,0.4,0.1,0.1,1078.4,1294.0800000000002,326.7878787878788,8.91
1.312,1.486,1.026,4.58,2.001,0.222,0.4,0.4,0.1,0.1,1054.6,1265.5199999999998,319.57575757575756,10.32
0.712,1.008,0.783,1.177,2.475,3.075,0.4,0.4,0.1,0.1,706.8,848.16,214.1818181818182,19.32
0.605,0.869,0.406,1.182,4.615,3.975,0.4,0.4,0.1,0.1,639.4,767.28,193.75757575757575,20.925
0.817,1.269,1.186,0.769,3.955,2.825,0.4,0.4,0.1,0.1,785.4,942.4799999999999,238.0,17.745
1.256,0.567,0.374,2.676,0.1,1.409,0.4,0.4,0.1,0.1,934.7,1121.64,283.24242424242425,11.16
0.343,0.416,0.739,1.227,4.12,0.986,0.4,0.4,0.1,0.1,463.1,555.72,140.33333333333334,24.855
0.457,0.368,1.048,4.996,4.458,0.916,0.4,0.4,0.1,0.1,515.3,618.3599999999999,156.15151515151516,23.145
0.393,0.253,1.354,1.174,3.415,3.792,0.4,0.4,0.1,0.1,471.8,566.16,142.96969696969697,24.105
0.554,0.226,1.039,0.353,1.767,2.499,0.4,0.4,0.1,0.1,549.6,659.52,166.54545454545456,21.689999999999998
0.826,0.266,0.465,3.853,4.732,0.199,0.4,0.4,0.1,0.1,689.6,827.52,208.969696969697,17.61
0.588,0.29,0.159,3.533,3.624,0.773,0.4,0.4,0.1,0.1,573.0,687.6,173.63636363636365,21.18
0.396,1.126,0.44,0.186,0.236,0.607,0.4,0.4,0.1,0.1,560.6,672.72,169.8787878787879,24.06
0.445,0.259,0.562,3.211,4.31,1.591,0.4,0.4,0.1,0.1,498.4,598.0799999999999,151.03030303030303,23.325
1.166,0.309,0.695,4.486,4.577,2.654,0.4,0.4,0.1,0.1,863.9,1036.6799999999998,261.7878787878788,12.510000000000002
0.223,1.319,1.168,2.828,4.531,1.846,0.4,0.4,0.1,0.1,493.4,592.0799999999999,149.51515151515153,26.655
0.669,1.202,0.495,3.201,3.168,2.323,0.4,0.4,0.1,0.1,704.7,845.64,213.54545454545456,19.965
0.595,1.238,1.032,2.944,4.845,2.757,0.4,0.4,0.1,0.1,671.3,805.56,203.4242424242424,21.075000000000003
1.158,1.086,1.368,3.827,2.246,4.605,0.4,0.4,0.1,0.1,937.6,1125.12,284.1212121212121,12.630000000000003
0.378,1.461,0.697,3.662,3.165,0.515,0.4,0.4,0.1,0.1,585.1,702.12,177.3030303030303,24.33
0.49,0.374,1.42,3.127,0.855,3.126,0.4,0.4,0.1,0.1,532.4,638.88,161.33333333333334,22.65
0.525,1.185,0.642,2.333,1.037,3.154,0.4,0.4,0.1,0.1,631.0,757.1999999999999,191.21212121212122,22.125
1.007,0.993,1.449,3.686,3.1,1.342,0.4,0.4,0.1,0.1,852.8,1023.3599999999999,258.42424242424244,14.895000000000001
1.318,1.212,0.759,4.109,3.12,4.542,0.4,0.4,0.1,0.1,1030.2,1236.24,312.1818181818182,10.23
1.414,1.059,0.789,3.496,3.934,3.657,0.4,0.4,0.1,0.1,1062.9,1275.48,322.0909090909091,8.790000000000003
1.197,0.245,0.985,0.665,3.329,3.729,0.4,0.4,0.1,0.1,873.0,1047.6,264.54545454545456,12.044999999999998
0.679,0.389,0.767,0.058,1.832,1.565,0.4,0.4,0.1,0.1,628.4,754.0799999999999,190.42424242424244,19.814999999999998
0.808,0.917,0.693,1.632,1.031,4.191,0.4,0.4,0.1,0.1,745.7,894.84,225.969696969697,17.88
1.089,0.747,1.168,1.672,4.551,1.429,0.4,0.4,0.1,0.1,869.2,1043.04,263.39393939393943,13.665
0.992,0.538,1.101,0.645,0.493,3.093,0.4,0.4,0.1,0.1,799.8,959.7599999999999,242.36363636363637,15.120000000000001
1.061,1.094,0.788,3.142,4.697,0.011,0.4,0.4,0.1,0.1,889.9,1067.8799999999999,269.6666666666667,14.085
1.309,0.945,0.889,4.72,3.578,2.389,0.4,0.4,0.1,0.1,999.0,1198.8,302.72727272727275,10.365000000000002
0.145,1.396,1.037,0.827,1.619,0.739,0.4,0.4,0.1,0.1,462.1,554.52,140.03030303030303,27.825
0.266,0.535,0.825,4.148,4.614,1.148,0.4,0.4,0.1,0.1,436.5,523.8,132.27272727272728,26.009999999999998
0.772,0.747,0.84,3.649,0.127,2.772,0.4,0.4,0.1,0.1,710.7,852.84,215.3636363636364,18.42
1.14,0.323,1.491,3.745,3.979,3.234,0.4,0.4,0.1,0.1,852.3,1022.7599999999999,258.27272727272725,12.900000000000002
0.33,0.446,0.909,0.823,1.444,4.439,0.4,0.4,0.1,0.1,459.6,551.52,139.27272727272728,25.05
1.282,0.498,0.532,3.412,2.169,3.461,0.4,0.4,0.1,0.1,940.8,1128.9599999999998,285.09090909090907,10.77
0.29,1.389,1.167,2.401,3.423,2.398,0.4,0.4,0.1,0.1,533.9,640.68,161.78787878787878,25.65
1.381,0.637,0.185,0.337,1.728,0.364,0.4,0.4,0.1,0.1,1004.2,1205.04,304.3030303030303,9.285
1.325,0.524,1.452,4.705,4.028,3.943,0.4,0.4,0.1,0.1,964.9,1157.8799999999999,292.3939393939394,10.125
0.58,1.073,0.833,2.794,2.845,2.518,0.4,0.4,0.1,0.1,647.3,776.7599999999999,196.15151515151516,21.3
0.174,0.781,0.962,3.007,2.855,1.82,0.4,0.4,0.1,0.1,415.1,498.12,125.7878787878788,27.39
1.086,0.469,0.887,4.097,0.298,3.094,0.4,0.4,0.1,0.1,839.9,1007.8799999999999,254.51515151515153,13.709999999999997
1.398,0.948,1.404,0.123,1.17,3.163,0.4,0.4,0.1,0.1,1043.8,1252.56,316.3030303030303,9.030000000000001
0.931,0.872,1.09,2.502,0.068,2.575,0.4,0.4,0.1,0.1,802.7,963.24,243.24242424242428,16.035
0.141,0.319,0.535,0.478,2.014,3.461,0.4,0.4,0.1,0.1,352.4,422.87999999999994,106.78787878787878,27.885
1.003,0.833,0.39,3.684,1.138,0.335,0.4,0.4,0.1,0.1,834.8,1001.7599999999999,252.96969696969697,14.955000000000002
1.076,0.414,0.288,0.26,4.643,2.306,0.4,0.4,0.1,0.1,829.4,995.28,251.33333333333334,13.86
0.954,1.038,0.535,3.148,3.653,2.241,0.4,0.4,0.1,0.1,830.8,996.9599999999999,251.75757575757575,15.690000000000001
0.481,1.32,1.189,3.332,4.105,3.892,0.4,0.4,0.1,0.1,622.5,747.0,188.63636363636365,22.785
0.56,1.269,0.222,1.648,4.886,1.52,0.4,0.4,0.1,0.1,656.9,788.28,199.06060606060606,21.6
0.573,0.56,1.055,4.825,4.344,1.026,0.4,0.4,0.1,0.1,592.5,711.0,179.54545454545456,21.405
1.284,0.78,1.088,1.462,0.471,2.433,0.4,0.4,0.1,0.1,970.0,1164.0,293.93939393939394,10.739999999999998
0.448,0.599,0.728,4.278,0.49,2.976,0.4,0.4,0.1,0.1,533.9,640.68,161.78787878787878,23.28
0.668,0.455,1.489,1.664,2.332,1.98,0.4,0.4,0.1,0.1,629.5,755.4,190.75757575757578,19.979999999999997
1.247,0.634,0.476,3.656,1.949,3.313,0.4,0.4,0.1,0.1,936.9,1124.28,283.90909090909093,11.294999999999998
1.183,0.637,0.165,3.716,0.768,4.643,0.4,0.4,0.1,0.1,905.2,1086.24,274.3030303030303,12.254999999999999
0.801,1.034,0.866,1.698,3.796,2.174,0.4,0.4,0.1,0.1,753.9,904.68,228.45454545454547,17.985
1.418,0.37,0.867,2.913,0.711,1.948,0.4,0.4,0.1,0.1,996.0,1195.2,301.8181818181818,8.73
0.498,1.147,0.132,3.809,2.764,1.04,0.4,0.4,0.1,0.1,613.7,736.44,185.969696969697,22.53
0.651,1.384,1.43,0.971,4.702,0.132,0.4,0.4,0.1,0.1,713.9,856.68,216.33333333333334,20.235
0.84,0.614,1.272,4.617,2.877,4.112,0.4,0.4,0.1,0.1,731.4,877.68,221.63636363636365,17.4
0.44,1.464,1.106,4.754,1.331,0.498,0.4,0.4,0.1,0.1,616.4,739.68,186.78787878787878,23.4
0.376,0.614,0.147,0.743,1.264,0.184,0.4,0.4,0.1,0.1,499.4,599.28,151.33333333333334,24.36
1.298,0.808,1.14,4.812,3.728,0.745,0.4,0.4,0.1,0.1,979.8,1175.76,296.90909090909093,10.530000000000001
1.004,0.695,1.026,4.135,4.782,2.276,0.4,0.4,0.1,0.1,821.5,985.8,248.93939393939397,14.94
1.326,0.37,0.804,3.019,2.242,0.964,0.4,0.4,0.1,0.1,950.0,1140.0,287.8787878787879,10.11
0.522,0.912,0.687,0.273,0.341,2.545,0.4,0.4,0.1,0.1,602.2,722.64,182.4848484848485,22.17
1.361,0.485,0.574,1.497,2.805,0.906,0.4,0.4,0.1,0.1,979.0,1174.8,296.6666666666667,9.585
0.651,0.598,1.367,0.06,1.626,1.651,0.4,0.4,0.1,0.1,635.3,762.3599999999999,192.5151515151515,20.235
0.599,0.381,1.1,3.334,4.623,4.748,0.4,0.4,0.1,0.1,587.6,705.12,178.0606060606061,21.015
0.974,0.523,1.229,0.11,1.164,1.037,0.4,0.4,0.1,0.1,789.3,947.1599999999999,239.1818181818182,15.39
0.351,1.492,1.229,2.076,1.676,4.605,0.4,0.4,0.1,0.1,574.7,689.64,174.15151515151518,24.735
0.848,1.018,0.909,0.871,2.014,0.3,0.4,0.4,0.1,0.1,775.8,930.9599999999999,235.0909090909091,17.28
0.943,1.451,0.2,3.927,0.327,1.749,0.4,0.4,0.1,0.1,866.6,1039.92,262.6060606060606,15.855
0.635,1.33,0.751,3.851,2.964,0.776,0.4,0.4,0.1,0.1,700.5,840.6,212.27272727272728,20.475
1.147,0.871,0.691,0.558,0.105,3.49,0.4,0.4,0.1,0.1,910.6,1092.72,275.93939393939394,12.794999999999998
1.286,1.113,1.492,1.784,4.321,2.865,0.4,0.4,0.1,0.1,1004.3,1205.1599999999999,304.3333333333333,10.71
0.381,0.138,1.297,1.185,1.896,2.232,0.4,0.4,0.1,0.1,454.3,545.16,137.66666666666669,24.285
0.901,0.142,0.494,1.103,1.312,2.416,0.4,0.4,0.1,0.1,714.7,857.64,216.5757575757576,16.485
0.834,0.119,0.983,2.933,2.854,1.07,0.4,0.4,0.1,0.1,678.9,814.68,205.72727272727272,17.490000000000002
0.748,0.836,1.35,0.065,1.472,0.855,0.4,0.4,0.1,0.1,707.6,849.12,214.42424242424244,18.78
0.431,1.447,1.039,2.891,1.22,1.388,0.4,0.4,0.1,0.1,610.2,732.24,184.90909090909093,23.535
0.158,1.278,0.382,1.342,0.564,2.602,0.4,0.4,0.1,0.1,456.8,548.16,138.42424242424244,27.63
1.471,0.471,0.18,0.582,2.034,2.695,0.4,0.4,0.1,0.1,1032.6,1239.12,312.9090909090909,7.934999999999999
0.279,0.887,1.148,3.558,4.749,0.215,0.4,0.4,0.1,0.1,478.2,573.8399999999999,144.9090909090909,25.814999999999998
1.036,0.226,0.265,3.271,4.511,2.516,0.4,0.4,0.1,0.1,790.6,948.72,239.5757575757576,14.459999999999999
0.387,1.331,0.797,3.574,2.255,0.984,0.4,0.4,0.1,0.1,576.6,691.92,174.72727272727275,24.195
0.597,0.806,1.003,0.05,1.657,3.715,0.4,0.4,0.1,0.1,629.1,754.92,190.63636363636365,21.045
1.395,0.651,0.395,4.661,3.106,0.073,0.4,0.4,0.1,0.1,1012.6,1215.12,306.8484848484849,9.075
1.243,0.61,0.149,4.331,3.171,2.456,0.4,0.4,0.1,0.1,932.5,1119.0,282.57575757575756,11.354999999999997
0.513,0.908,1.241,0.748,2.099,2.687,0.4,0.4,0.1,0.1,597.3,716.7599999999999,181.0,22.305
0.744,0.218,0.623,2.43,4.741,3.127,0.4,0.4,0.1,0.1,643.8,772.56,195.0909090909091,18.84
1.453,1.24,0.861,3.652,3.49,4.628,0.4,0.4,0.1,0.1,1100.5,1320.6,333.4848484848485,8.204999999999998
0.49,0.915,0.128,4.87,4.492,3.441,0.4,0.4,0.1,0.1,586.5,703.8,177.72727272727275,22.65
0.537,0.315,1.141,1.346,1.323,3.168,0.4,0.4,0.1,0.1,550.0,660.0,166.66666666666669,21.945
0.515,0.862,1.201,4.801,0.445,4.091,0.4,0.4,0.1,0.1,593.7,712.44,179.90909090909093,22.275
0.729,1.411,0.163,3.866,2.206,4.049,0.4,0.4,0.1,0.1,755.6,906.72,228.969696969697,19.064999999999998
1.09,0.514,0.332,2.183,0.133,0.998,0.4,0.4,0.1,0.1,846.4,1015.68,256.4848484848485,13.649999999999999
1.014,0.275,0.188,0.982,0.951,1.05,0.4,0.4,0.1,0.1,784.5,941.4,237.72727272727275,14.79
0.872,1.039,0.732,1.389,3.796,1.613,0.4,0.4,0.1,0.1,789.9,947.8799999999999,239.36363636363637,16.92
1.329,0.221,0.879,2.411,0.657,2.783,0.4,0.4,0.1,0.1,936.6,1123.92,283.8181818181818,10.065000000000001
0.248,0.803,0.486,3.551,2.254,1.692,0.4,0.4,0.1,0.1,454.3,545.16,137.66666666666669,26.28
0.128,1.372,0.378,4.803,4.191,3.337,0.4,0.4,0.1,0.1,451.20000000000005,541.44,136.72727272727275,28.08
1.152,0.274,0.493,3.113,4.534,4.335,0.4,0.4,0.1,0.1,853.4,1024.08,258.6060606060606,12.720000000000002
1.481,0.415,1.308,2.904,3.278,0.153,0.4,0.4,0.1,0.1,1032.0,1238.3999999999999,312.72727272727275,7.785
1.471,0.244,0.77,3.623,2.481,2.526,0.4,0.4,0.1,0.1,1009.9,1211.8799999999999,306.03030303030306,7.934999999999999
1.101,0.293,0.988,1.675,3.987,1.486,0.4,0.4,0.1,0.1,829.8,995.7599999999999,251.45454545454547,13.485
0.536,0.539,0.196,1.814,2.866,2.567,0.4,0.4,0.1,0.1,571.9,686.28,173.3030303030303,21.96
0.541,1.152,0.12,0.901,3.841,4.394,0.4,0.4,0.1,0.1,635.7,762.84,192.63636363636365,21.884999999999998
1.159,0.704,0.379,4.086,1.23,3.133,0.4,0.4,0.1,0.1,899.9,1079.8799999999999,272.6969696969697,12.614999999999998
0.662,0.263,1.085,4.953,0.276,2.814,0.4,0.4,0.1,0.1,607.3,728.7599999999999,184.03030303030303,20.07
0.811,1.16,0.985,1.0,2.698,0.013,0.4,0.4,0.1,0.1,771.5,925.8,233.7878787878788,17.835
1.077,1.159,1.258,2.194,0.978,3.303,0.4,0.4,0.1,0.1,904.4,1085.28,274.06060606060606,13.844999999999999
0.26,1.267,1.354,2.021,3.476,1.056,0.4,0.4,0.1,0.1,506.7,608.04,153.54545454545456,26.1
0.276,1.069,0.204,1.513,4.776,3.515,0.4,0.4,0.1,0.1,494.9,593.88,149.96969696969697,25.86
0.952,0.124,1.303,3.98,2.089,0.733,0.4,0.4,0.1,0.1,738.4,886.0799999999999,223.75757575757575,15.72
0.725,0.565,1.482,1.597,0.901,4.24,0.4,0.4,0.1,0.1,669.0,802.8,202.72727272727275,19.125
0.484,0.125,0.648,0.989,2.247,0.775,0.4,0.4,0.1,0.1,504.5,605.4,152.87878787878788,22.740000000000002
1.485,0.488,0.832,4.554,1.811,3.748,0.4,0.4,0.1,0.1,1041.3,1249.56,315.54545454545456,7.724999999999998
0.83,1.12,0.178,4.331,3.183,3.037,0.4,0.4,0.1,0.1,777.0,932.4,235.45454545454547,17.55
1.297,0.196,0.873,3.66,3.13,3.794,0.4,0.4,0.1,0.1,918.1,1101.72,278.21212121212125,10.545000000000002
1.191,1.058,1.097,1.292,2.182,4.744,0.4,0.4,0.1,0.1,951.3,1141.56,288.27272727272725,12.134999999999998
0.146,0.701,0.251,2.273,2.593,1.799,0.4,0.4,0.1,0.1,393.1,471.72,119.12121212121214,27.81
1.4,0.236,0.819,1.515,4.968,3.601,0.4,0.4,0.1,0.1,973.6,1168.32,295.03030303030306,9.0
0.441,1.452,0.208,4.171,4.709,4.048,0.4,0.4,0.1,0.1,615.7,738.84,186.5757575757576,23.384999999999998
0.231,0.958,0.443,2.278,2.026,0.176,0.4,0.4,0.1,0.1,461.3,553.56,139.7878787878788,26.535
0.283,0.545,1.337,2.806,0.214,1.389,0.4,0.4,0.1,0.1,446.0,535.1999999999999,135.15151515151516,25.755000000000003
0.834,0.61,0.89,4.784,0.334,1.508,0.4,0.4,0.1,0.1,728.0,873.6,220.60606060606062,17.490000000000002
1.294,1.054,0.944,0.805,0.728,4.751,0.4,0.4,0.1,0.1,1002.4,1202.8799999999999,303.75757575757575,10.59
0.924,1.128,0.295,4.707,1.768,1.451,0.4,0.4,0.1,0.1,824.8,989.7599999999999,249.93939393939394,16.14
0.193,1.382,1.305,2.168,3.499,1.881,0.4,0.4,0.1,0.1,484.7,581.64,146.87878787878788,27.105
1.363,0.351,1.284,1.579,4.433,2.255,0.4,0.4,0.1,0.1,966.6,1159.92,292.90909090909093,9.555
0.715,0.617,1.422,0.411,4.06,0.267,0.4,0.4,0.1,0.1,669.2,803.0400000000001,202.7878787878788,19.275
0.113,0.306,0.304,2.942,4.198,4.083,0.4,0.4,0.1,0.1,337.1,404.52000000000004,102.15151515151517,28.305
0.157,0.87,0.86,3.821,2.831,4.284,0.4,0.4,0.1,0.1,415.5,498.59999999999997,125.90909090909092,27.645
1.494,1.013,0.609,1.433,1.513,4.571,0.4,0.4,0.1,0.1,1098.3,1317.9599999999998,332.8181818181818,7.59
0.896,0.307,0.525,0.3,1.443,2.723,0.4,0.4,0.1,0.1,728.7,874.44,220.81818181818184,16.560000000000002
1.014,1.06,1.277,4.483,0.034,1.977,0.4,0.4,0.1,0.1,863.0,1035.6,261.5151515151515,14.79
0.568,0.998,0.384,4.21,4.757,3.226,0.4,0.4,0.1,0.1,633.8,760.56,192.06060606060606,21.48
0.538,0.339,1.205,1.407,1.923,2.159,0.4,0.4,0.1,0.1,552.9,663.4799999999999,167.54545454545456,21.93
0.128,1.314,1.426,4.148,1.574,3.08,0.4,0.4,0.1,0.1,445.4,534.4799999999999,134.96969696969697,28.08
0.694,0.281,1.479,4.923,1.134,3.631,0.4,0.4,0.1,0.1,625.1,750.12,189.42424242424244,19.59
0.902,0.623,0.951,0.537,2.721,2.036,0.4,0.4,0.1,0.1,763.3,915.9599999999999,231.3030303030303,16.47
1.098,0.71,0.679,1.412,1.193,1.086,0.4,0.4,0.1,0.1,870.0,1044.0,263.6363636363636,13.529999999999998
1.411,1.211,0.854,3.917,0.65,0.714,0.4,0.4,0.1,0.1,1076.6,1291.9199999999998,326.24242424242425,8.835
0.656,0.914,0.938,0.371,4.901,1.528,0.4,0.4,0.1,0.1,669.4,803.28,202.84848484848484,20.16
1.308,0.173,0.686,0.385,0.332,3.439,0.4,0.4,0.1,0.1,921.3,1105.56,279.1818181818182,10.379999999999999
1.465,0.644,0.703,3.759,4.601,2.821,0.4,0.4,0.1,0.1,1046.9,1256.28,317.2424242424243,8.024999999999999
0.984,0.965,0.145,1.06,0.764,4.666,0.4,0.4,0.1,0.1,838.5,1006.1999999999999,254.0909090909091,15.24
0.52,1.177,0.946,2.069,0.757,4.06,0.4,0.4,0.1,0.1,627.7,753.24,190.21212121212125,22.2
1.126,0.867,1.138,3.967,4.75,3.514,0.4,0.4,0.1,0.1,899.7,1079.64,272.6363636363637,13.110000000000003
0.725,0.401,0.188,2.06,2.643,2.519,0.4,0.4,0.1,0.1,652.6,783.12,197.75757575757578,19.125
1.296,0.723,0.705,0.985,0.712,3.687,0.4,0.4,0.1,0.1,970.3,1164.36,294.03030303030306,10.559999999999999
0.207,0.355,0.621,2.646,2.002,4.617,0.4,0.4,0.1,0.1,389.0,466.79999999999995,117.87878787878789,26.895
0.25,1.101,0.123,4.562,4.14,0.524,0.4,0.4,0.1,0.1,485.1,582.12,147.00000000000003,26.25
1.157,1.475,0.453,4.119,4.229,1.726,0.4,0.4,0.1,0.1,976.0,1171.2,295.75757575757575,12.645
0.695,0.561,0.765,2.183,0.516,2.685,0.4,0.4,0.1,0.1,653.6,784.32,198.0606060606061,19.575000000000003
0.903,0.253,1.181,0.042,3.626,3.474,0.4,0.4,0.1,0.1,726.8,872.16,220.24242424242425,16.455
0.658,0.669,1.423,2.186,4.218,1.503,0.4,0.4,0.1,0.1,645.9,775.0799999999999,195.72727272727272,20.13
0.723,0.147,0.275,1.979,1.016,3.717,0.4,0.4,0.1,0.1,626.2,751.44,189.75757575757578,19.155
0.612,1.145,1.183,4.543,1.741,4.245,0.4,0.4,0.1,0.1,670.5,804.6,203.1818181818182,20.82
1.262,1.249,1.484,1.686,2.107,1.313,0.4,0.4,0.1,0.1,1005.9,1207.08,304.8181818181818,11.07
0.854,0.755,0.376,1.684,3.882,4.31,0.4,0.4,0.1,0.1,752.5,903.0,228.03030303030303,17.189999999999998
0.767,0.225,0.896,2.802,2.563,4.592,0.4,0.4,0.1,0.1,656.0,787.1999999999999,198.7878787878788,18.494999999999997
1.114,0.919,1.32,2.101,2.934,1.296,0.4,0.4,0.1,0.1,898.9,1078.6799999999998,272.3939393939394,13.29
0.533,1.185,0.153,1.291,4.478,0.067,0.4,0.4,0.1,0.1,635.0,762.0,192.42424242424244,22.005
1.354,0.675,0.107,2.615,1.689,4.337,0.4,0.4,0.1,0.1,994.5,1193.3999999999999,301.3636363636364,9.689999999999998
0.294,0.996,1.258,1.103,4.788,1.481,0.4,0.4,0.1,0.1,496.6,595.92,150.4848484848485,25.59
0.133,0.464,0.763,2.216,2.081,4.547,0.4,0.4,0.1,0.1,362.9,435.47999999999996,109.96969696969697,28.005
0.54,1.23,0.228,0.081,3.951,3.329,0.4,0.4,0.1,0.1,643.0,771.6,194.84848484848487,21.9
0.31,1.044,1.175,1.182,1.768,2.257,0.4,0.4,0.1,0.1,509.4,611.28,154.36363636363637,25.35
0.969,0.149,0.764,2.768,3.22,4.996,0.4,0.4,0.1,0.1,749.4,899.28,227.0909090909091,15.465
0.817,0.785,1.205,3.489,3.135,3.598,0.4,0.4,0.1,0.1,737.0,884.4,223.33333333333334,17.745
0.152,0.391,0.97,0.139,2.123,4.797,0.4,0.4,0.1,0.1,365.1,438.12,110.63636363636365,27.72
0.478,0.419,0.69,2.217,2.988,2.883,0.4,0.4,0.1,0.1,530.9,637.0799999999999,160.87878787878788,22.83
1.177,0.855,0.804,2.225,1.444,3.9,0.4,0.4,0.1,0.1,924.0,1108.8,280.0,12.344999999999999
0.391,0.64,1.381,0.265,3.957,3.571,0.4,0.4,0.1,0.1,509.5,611.4,154.3939393939394,24.134999999999998
0.808,1.373,0.89,2.776,2.266,1.982,0.4,0.4,0.1,0.1,791.3,949.56,239.78787878787878,17.88
1.007,0.297,0.843,4.569,3.298,2.012,0.4,0.4,0.1,0.1,783.2,939.84,237.33333333333337,14.895000000000001
0.394,1.211,1.281,3.341,3.688,4.623,0.4,0.4,0.1,0.1,568.1,681.72,172.15151515151516,24.09
1.358,0.983,0.151,1.343,2.766,0.009,0.4,0.4,0.1,0.1,1027.3,1232.76,311.3030303030303,9.629999999999999
1.047,0.796,0.156,1.479,4.623,3.442,0.4,0.4,0.1,0.1,853.1,1023.72,258.51515151515156,14.295000000000002
0.909,0.364,1.167,0.037,1.531,3.605,0.4,0.4,0.1,0.1,740.9,889.0799999999999,224.51515151515153,16.365000000000002
0.585,1.232,0.812,1.944,1.239,1.647,0.4,0.4,0.1,0.1,665.7,798.84,201.72727272727275,21.225
1.462,0.291,0.513,1.256,2.746,1.92,0.4,0.4,0.1,0.1,1010.1,1212.12,306.0909090909091,8.07
1.1,0.698,1.291,1.236,1.49,1.937,0.4,0.4,0.1,0.1,869.8,1043.76,263.57575757575756,13.5
0.707,1.354,1.449,2.303,3.52,2.636,0.4,0.4,0.1,0.1,738.9,886.68,223.9090909090909,19.395000000000003
1.148,0.282,1.229,2.105,2.748,4.629,0.4,0.4,0.1,0.1,852.2,1022.64,258.24242424242425,12.780000000000001
1.267,0.824,0.81,4.972,1.7,2.111,0.4,0.4,0.1,0.1,965.9,1159.08,292.6969696969697,10.995000000000001
0.106,0.675,0.974,3.774,2.748,1.757,0.4,0.4,0.1,0.1,370.5,444.59999999999997,112.27272727272728,28.41
0.35,0.617,0.958,0.61,1.917,3.369,0.4,0.4,0.1,0.1,486.7,584.04,147.4848484848485,24.75
0.435,1.375,0.931,3.366,2.523,3.486,0.4,0.4,0.1,0.1,605.0,726.0,183.33333333333334,23.475
0.856,0.154,0.778,0.089,1.978,0.973,0.4,0.4,0.1,0.1,693.4,832.0799999999999,210.12121212121212,17.16
1.489,0.123,0.733,3.773,4.944,1.97,0.4,0.4,0.1,0.1,1006.8,1208.1599999999999,305.0909090909091,7.664999999999999
1.026,0.698,0.951,1.568,4.035,2.13,0.4,0.4,0.1,0.1,832.8,999.3599999999999,252.36363636363637,14.61
1.233,0.989,1.096,2.704,4.051,0.73,0.4,0.4,0.1,0.1,965.4,1158.48,292.54545454545456,11.504999999999999
0.209,0.769,0.823,2.85,3.352,2.764,0.4,0.4,0.1,0.1,431.4,517.68,130.72727272727272,26.865000000000002
0.113,0.353,0.275,0.832,0.051,4.947,0.4,0.4,0.1,0.1,341.8,410.16,103.57575757575758,28.305
1.131,1.018,1.415,1.035,4.569,0.815,0.4,0.4,0.1,0.1,917.3,1100.76,277.969696969697,13.035
0.988,0.612,0.674,2.628,3.759,0.505,0.4,0.4,0.1,0.1,805.2,966.24,244.00000000000003,15.18
1.34,1.341,1.263,2.974,4.007,0.653,0.4,0.4,0.1,0.1,1054.1,1264.9199999999998,319.42424242424244,9.899999999999999
0.407,0.733,0.475,2.824,4.382,2.041,0.4,0.4,0.1,0.1,526.8,632.16,159.63636363636363,23.895
1.408,0.727,0.133,3.824,3.177,0.999,0.4,0.4,0.1,0.1,1026.7,1232.04,311.1212121212121,8.880000000000003
0.105,0.455,0.978,1.248,4.218,4.744,0.4,0.4,0.1,0.1,348.0,417.59999999999997,105.45454545454545,28.425
0.391,0.353,1.058,1.813,1.812,0.466,0.4,0.4,0.1,0.1,480.8,576.96,145.69696969696972,24.134999999999998
0.984,0.991,0.333,0.572,3.976,2.806,0.4,0.4,0.1,0.1,841.1,1009.3199999999999,254.8787878787879,15.24
1.003,0.941,1.061,3.084,4.933,3.727,0.4,0.4,0.1,0.1,845.6,1014.72,256.24242424242425,14.955000000000002
0.464,1.47,0.341,3.623,0.496,1.546,0.4,0.4,0.1,0.1,629.0,754.8,190.60606060606062,23.04
1.435,1.215,1.374,0.243,4.99,4.987,0.4,0.4,0.1,0.1,1089.0,1306.8,330.0,8.474999999999998
0.36,0.361,1.07,0.108,1.429,3.876,0.4,0.4,0.1,0.1,466.1,559.32,141.24242424242425,24.6
1.457,0.518,1.069,1.447,4.018,0.878,0.4,0.4,0.1,0.1,1030.3,1236.36,312.2121212121212,8.145
1.218,1.178,1.106,0.379,2.412,0.18,0.4,0.4,0.1,0.1,976.8,1172.1599999999999,296.0,11.73
0.685,1.308,1.139,1.703,1.287,4.206,0.4,0.4,0.1,0.1,723.3,867.9599999999999,219.1818181818182,19.725
0.479,1.346,0.95,0.898,0.656,3.536,0.4,0.4,0.1,0.1,624.1,748.92,189.12121212121212,22.815
0.682,1.274,0.165,3.528,2.437,1.778,0.4,0.4,0.1,0.1,718.4,862.0799999999999,217.6969696969697,19.77
0.114,1.466,1.338,0.024,4.413,2.143,0.4,0.4,0.1,0.1,453.6,544.32,137.45454545454547,28.29
1.109,0.502,0.249,4.563,1.487,2.381,0.4,0.4,0.1,0.1,854.7,1025.64,259.0,13.365000000000002
0.734,1.16,0.366,1.492,2.027,2.485,0.4,0.4,0.1,0.1,733.0,879.6,222.12121212121212,18.990000000000002
0.22,0.248,1.049,4.482,3.499,3.16,0.4,0.4,0.1,0.1,384.8,461.76,116.60606060606061,26.7
0.823,0.543,0.109,3.842,0.123,4.293,0.4,0.4,0.1,0.1,715.8,858.9599999999999,216.9090909090909,17.655
0.584,0.837,0.372,0.246,0.67,0.177,0.4,0.4,0.1,0.1,625.7,750.84,189.60606060606062,21.240000000000002
0.153,0.732,1.444,0.709,2.623,0.415,0.4,0.4,0.1,0.1,399.7,479.64,121.12121212121212,27.705
0.73,0.356,0.46,4.739,1.213,3.806,0.4,0.4,0.1,0.1,650.6,780.72,197.15151515151516,19.05
0.556,0.154,1.249,4.891,2.227,4.489,0.4,0.4,0.1,0.1,543.4,652.0799999999999,164.66666666666666,21.66
1.206,1.119,0.428,2.395,4.149,2.19,0.4,0.4,0.1,0.1,964.9,1157.8799999999999,292.3939393939394,11.91
0.72,0.257,1.446,2.708,2.325,2.824,0.4,0.4,0.1,0.1,635.7,762.84,192.63636363636365,19.200000000000003
1.434,0.539,1.159,1.881,1.164,2.362,0.4,0.4,0.1,0.1,1020.9,1225.08,309.3636363636364,8.490000000000002
0.473,1.343,0.79,0.537,3.306,2.761,0.4,0.4,0.1,0.1,620.8,744.9599999999999,188.12121212121212,22.905
0.589,0.863,0.323,3.606,4.05,1.573,0.4,0.4,0.1,0.1,630.8,756.9599999999999,191.15151515151516,21.165
1.047,1.264,1.456,4.339,0.579,4.86,0.4,0.4,0.1,0.1,899.9,1079.8799999999999,272.6969696969697,14.295000000000002
0.955,1.437,1.442,2.833,2.909,2.528,0.4,0.4,0.1,0.1,871.2,1045.44,264.0,15.675
0.131,0.18,1.453,2.795,2.713,0.735,0.4,0.4,0.1,0.1,333.5,400.2,101.06060606060606,28.035
0.366,0.715,0.909,1.989,1.913,2.822,0.4,0.4,0.1,0.1,504.5,605.4,152.87878787878788,24.509999999999998
0.309,0.106,0.748,1.938,1.94,4.128,0.4,0.4,0.1,0.1,415.1,498.12,125.7878787878788,25.365000000000002
0.88,0.679,1.393,1.2,3.495,2.402,0.4,0.4,0.1,0.1,757.9,909.4799999999999,229.66666666666669,16.8
0.859,0.779,0.798,2.271,4.333,4.397,0.4,0.4,0.1,0.1,757.4,908.88,229.51515151515153,17.115000000000002
0.309,0.665,0.273,0.868,2.556,2.107,0.4,0.4,0.1,0.1,471.0,565.1999999999999,142.72727272727275,25.365000000000002
0.407,0.268,0.608,1.566,1.83,1.295,0.4,0.4,0.1,0.1,480.3,576.36,145.54545454545456,23.895
0.667,1.157,0.835,2.548,1.816,1.875,0.4,0.4,0.1,0.1,699.2,839.0400000000001,211.8787878787879,19.994999999999997
1.052,0.615,1.444,0.157,0.601,2.302,0.4,0.4,0.1,0.1,837.5,1005.0,253.7878787878788,14.219999999999999
1.391,1.408,1.159,1.021,3.403,4.634,0.4,0.4,0.1,0.1,1086.3,1303.56,329.1818181818182,9.134999999999998
0.502,0.926,0.42,3.557,0.732,2.88,0.4,0.4,0.1,0.1,593.6,712.32,179.8787878787879,22.47
0.415,0.674,0.746,3.566,2.598,0.997,0.4,0.4,0.1,0.1,524.9,629.88,159.06060606060606,23.775
0.391,0.161,0.573,4.345,3.128,0.471,0.4,0.4,0.1,0.1,461.6,553.92,139.8787878787879,24.134999999999998
1.09,0.814,0.652,4.83,2.054,0.549,0.4,0.4,0.1,0.1,876.4,1051.6799999999998,265.57575757575756,13.649999999999999
0.499,1.269,1.24,1.784,4.223,1.615,0.4,0.4,0.1,0.1,626.4,751.68,189.8181818181818,22.515
1.341,0.308,0.138,1.38,2.089,3.273,0.4,0.4,0.1,0.1,951.3,1141.56,288.27272727272725,9.885000000000002
0.304,1.226,0.973,1.908,2.024,0.021,0.4,0.4,0.1,0.1,524.6,629.52,158.969696969697,25.44
0.767,0.866,1.442,2.566,3.507,0.269,0.4,0.4,0.1,0.1,720.1,864.12,218.21212121212122,18.494999999999997
1.191,0.135,1.421,1.878,2.501,1.817,0.4,0.4,0.1,0.1,859.0,1030.8,260.3030303030303,12.134999999999998
0.781,0.989,1.317,1.255,3.224,2.281,0.4,0.4,0.1,0.1,739.4,887.28,224.06060606060606,18.285
0.373,0.735,0.636,3.487,3.536,1.163,0.4,0.4,0.1,0.1,510.0,612.0,154.54545454545456,24.405
1.304,0.859,0.19,0.232,1.907,3.526,0.4,0.4,0.1,0.1,987.9,1185.48,299.3636363636364,10.439999999999998
0.917,0.913,0.936,0.254,3.309,4.283,0.4,0.4,0.1,0.1,799.8,959.7599999999999,242.36363636363637,16.244999999999997
1.125,0.359,1.471,2.134,1.503,3.292,0.4,0.4,0.1,0.1,848.4,1018.0799999999999,257.0909090909091,13.125
1.182,0.284,1.083,3.152,0.358,0.554,0.4,0.4,0.1,0.1,869.4,1043.28,263.45454545454544,12.27
1.371,1.163,1.016,0.223,1.453,3.676,0.4,0.4,0.1,0.1,1051.8,1262.1599999999999,318.72727272727275,9.434999999999999
0.105,0.46,1.044,1.674,2.195,2.318,0.4,0.4,0.1,0.1,348.5,418.2,105.60606060606061,28.425
0.606,0.454,0.355,2.621,2.156,4.485,0.4,0.4,0.1,0.1,598.4,718.0799999999999,181.33333333333334,20.91
1.336,1.084,1.02,2.52,4.082,0.731,0.4,0.4,0.1,0.1,1026.4,1231.68,311.03030303030306,9.959999999999997
0.457,1.422,1.48,0.959,0.161,2.655,0.4,0.4,0.1,0.1,620.7,744.84,188.09090909090912,23.145
0.351,1.238,1.378,4.043,3.845,1.275,0.4,0.4,0.1,0.1,549.3,659.16,166.45454545454544,24.735
1.079,0.579,0.342,4.809,4.017,4.59,0.4,0.4,0.1,0.1,847.4,1016.8799999999999,256.7878787878788,13.815000000000001
1.365,0.306,0.479,3.118,3.922,4.234,0.4,0.4,0.1,0.1,963.1,1155.72,291.8484848484849,9.524999999999999
0.997,0.791,1.336,4.665,0.442,4.473,0.4,0.4,0.1,0.1,827.6,993.12,250.7878787878788,15.045
1.071,0.685,1.098,1.929,1.405,1.57,0.4,0.4,0.1,0.1,854.0,1024.8,258.7878787878788,13.935000000000002
0.364,1.418,1.421,1.487,3.159,0.022,0.4,0.4,0.1,0.1,573.8,688.56,173.87878787878788,24.54
1.289,1.165,1.183,4.314,0.346,0.146,0.4,0.4,0.1,0.1,1011.0,1213.2,306.3636363636364,10.665000000000003
1.217,0.997,0.812,2.624,4.664,1.087,0.4,0.4,0.1,0.1,958.2,1149.84,290.3636363636364,11.744999999999997
1.007,1.176,1.139,0.505,3.266,2.821,0.4,0.4,0.1,0.1,871.1,1045.32,263.969696969697,14.895000000000001
0.495,0.369,0.116,0.377,4.854,3.718,0.4,0.4,0.1,0.1,534.4,641.28,161.93939393939394,22.575
1.438,0.924,1.154,4.109,0.749,0.033,0.4,0.4,0.1,0.1,1061.4,1273.68,321.6363636363637,8.43
0.28,1.29,1.101,3.722,4.618,3.635,0.4,0.4,0.1,0.1,519.0,622.8,157.27272727272728,25.8
1.247,0.442,1.408,1.801,2.046,4.257,0.4,0.4,0.1,0.1,917.7,1101.24,278.0909090909091,11.294999999999998
1.13,0.268,1.15,1.603,3.052,4.467,0.4,0.4,0.1,0.1,841.8,1010.1599999999999,255.0909090909091,13.05
0.859,1.39,1.187,1.097,4.797,4.552,0.4,0.4,0.1,0.1,818.5,982.1999999999999,248.03030303030303,17.115000000000002
0.552,0.553,0.126,3.227,0.644,0.863,0.4,0.4,0.1,0.1,581.3,697.56,176.15151515151516,21.72
1.15,0.812,0.738,0.537,3.185,0.591,0.4,0.4,0.1,0.1,906.2,1087.44,274.6060606060606,12.75
0.733,1.394,0.66,4.57,2.778,1.216,0.4,0.4,0.1,0.1,755.9,907.0799999999999,229.06060606060606,19.005000000000003
1.033,0.424,0.346,0.496,2.465,3.909,0.4,0.4,0.1,0.1,808.9,970.68,245.12121212121212,14.505
0.135,0.384,1.187,0.075,2.292,4.577,0.4,0.4,0.1,0.1,355.9,427.08,107.84848484848484,27.975
0.797,1.044,0.935,3.689,1.571,1.126,0.4,0.4,0.1,0.1,752.9,903.4799999999999,228.15151515151516,18.045
0.681,0.683,0.465,1.826,0.402,2.753,0.4,0.4,0.1,0.1,658.8,790.56,199.63636363636363,19.785
0.383,0.427,0.401,2.156,4.468,2.495,0.4,0.4,0.1,0.1,484.2,581.04,146.72727272727272,24.255
1.329,1.484,0.128,4.764,2.195,4.345,0.4,0.4,0.1,0.1,1062.9,1275.48,322.0909090909091,10.065000000000001
0.109,0.849,1.121,3.363,3.683,4.554,0.4,0.4,0.1,0.1,389.4,467.28,118.0,28.365
1.166,0.807,0.64,2.457,2.88,0.839,0.4,0.4,0.1,0.1,913.7,1096.44,276.87878787878793,12.510000000000002
0.137,0.534,0.748,0.134,3.612,0.361,0.4,0.4,0.1,0.1,371.9,446.28,112.6969696969697,27.945
1.24,1.062,1.331,0.515,0.225,3.824,0.4,0.4,0.1,0.1,976.2,1171.44,295.81818181818187,11.399999999999999
0.202,1.112,0.477,2.63,2.922,3.013,0.4,0.4,0.1,0.1,462.20000000000005,554.64,140.0606060606061,26.97
1.231,0.396,1.063,4.285,0.401,2.071,0.4,0.4,0.1,0.1,905.1,1086.12,274.2727272727273,11.535
1.3,1.282,1.062,4.872,4.372,0.765,0.4,0.4,0.1,0.1,1028.2,1233.84,311.5757575757576,10.5
1.386,0.869,0.312,3.22,1.813,1.921,0.4,0.4,0.1,0.1,1029.9,1235.88,312.0909090909091,9.21
0.452,1.403,0.88,2.729,0.433,2.665,0.4,0.4,0.1,0.1,616.3,739.56,186.75757575757575,23.22
1.349,1.222,0.118,3.032,4.879,0.849,0.4,0.4,0.1,0.1,1046.7,1256.04,317.1818181818182,9.765
0.716,0.169,0.233,4.589,0.805,1.306,0.4,0.4,0.1,0.1,624.9,749.88,189.36363636363637,19.259999999999998
0.554,0.625,0.128,3.166,1.379,4.257,0.4,0.4,0.1,0.1,589.5,707.4,178.63636363636365,21.689999999999998
1.299,0.329,0.569,1.946,1.116,4.03,0.4,0.4,0.1,0.1,932.4,1118.8799999999999,282.54545454545456,10.515
0.134,0.651,1.047,1.875,1.927,0.025,0.4,0.4,0.1,0.1,382.1,458.52000000000004,115.7878787878788,27.99
0.446,0.193,0.793,1.836,4.081,0.422,0.4,0.4,0.1,0.1,492.3,590.76,149.1818181818182,23.31
1.418,1.001,0.157,3.17,4.794,2.395,0.4,0.4,0.1,0.1,1059.1,1270.9199999999998,320.93939393939394,8.73
1.173,0.8,1.076,0.061,3.155,1.79,0.4,0.4,0.1,0.1,916.5,1099.8,277.72727272727275,12.405000000000001
0.742,1.1,0.767,1.793,0.334,4.621,0.4,0.4,0.1,0.1,731.0,877.1999999999999,221.51515151515153,18.87
0.317,1.029,0.31,1.668,2.192,2.638,0.4,0.4,0.1,0.1,511.4,613.68,154.96969696969697,25.245
0.678,1.296,1.073,2.603,2.508,3.018,0.4,0.4,0.1,0.1,718.6,862.32,217.75757575757578,19.83
0.201,0.37,0.741,2.475,3.853,1.316,0.4,0.4,0.1,0.1,387.5,465.0,117.42424242424244,26.985
1.467,1.287,1.438,2.784,3.619,1.42,0.4,0.4,0.1,0.1,1112.2,1334.64,337.03030303030306,7.994999999999997
1.456,0.935,1.42,3.127,0.994,2.814,0.4,0.4,0.1,0.1,1071.5,1285.8,324.6969696969697,8.16
0.792,1.424,1.317,3.217,2.808,0.091,0.4,0.4,0.1,0.1,788.4,946.0799999999999,238.9090909090909,18.119999999999997
0.52,0.583,0.122,4.297,3.673,0.029,0.4,0.4,0.1,0.1,568.3,681.9599999999999,172.21212121212122,22.2
1.156,0.767,0.265,1.774,0.602,3.482,0.4,0.4,0.1,0.1,904.7,1085.64,274.1515151515152,12.66
1.459,1.035,0.671,1.188,1.679,3.06,0.4,0.4,0.1,0.1,1083.0,1299.6,328.1818181818182,8.114999999999998
1.045,0.734,0.24,2.139,1.493,1.85,0.4,0.4,0.1,0.1,845.9,1015.0799999999999,256.3333333333333,14.325000000000001
0.236,0.478,1.456,3.905,1.973,0.484,0.4,0.4,0.1,0.1,415.8,498.96,126.00000000000001,26.46
0.18,0.628,0.951,4.491,0.721,0.955,0.4,0.4,0.1,0.1,402.8,483.36,122.06060606060608,27.3
1.037,0.432,1.09,3.733,0.563,0.09,0.4,0.4,0.1,0.1,811.7,974.04,245.969696969697,14.445
1.402,0.475,1.333,4.856,3.771,3.782,0.4,0.4,0.1,0.1,998.5,1198.2,302.57575757575756,8.970000000000002
0.501,1.323,0.918,0.926,1.743,0.108,0.4,0.4,0.1,0.1,632.8,759.3599999999999,191.75757575757575,22.485
0.11,1.311,0.486,3.649,4.978,3.291,0.4,0.4,0.1,0.1,436.1,523.32,132.15151515151516,28.35
0.621,1.207,0.897,2.271,1.723,3.28,0.4,0.4,0.1,0.1,681.2,817.44,206.42424242424244,20.685000000000002
0.402,1.133,0.298,0.179,4.048,0.047,0.4,0.4,0.1,0.1,564.3,677.16,171.0,23.97
0.438,0.928,0.572,3.281,4.471,4.535,0.4,0.4,0.1,0.1,561.8,674.16,170.24242424242425,23.43
0.591,0.91,1.205,4.292,1.017,0.649,0.4,0.4,0.1,0.1,636.5,763.8,192.87878787878788,21.134999999999998
1.119,0.132,0.49,2.024,1.446,2.385,0.4,0.4,0.1,0.1,822.7,987.24,249.30303030303034,13.215
1.464,1.196,0.679,3.222,4.148,4.857,0.4,0.4,0.1,0.1,1101.6,1321.9199999999998,333.8181818181818,8.04
1.001,0.738,0.922,4.712,3.906,2.522,0.4,0.4,0.1,0.1,824.3,989.1599999999999,249.78787878787878,14.985000000000001
1.232,0.942,1.347,1.945,0.391,4.391,0.4,0.4,0.1,0.1,960.2,1152.24,290.969696969697,11.52
0.583,0.953,1.012,0.182,4.259,0.098,0.4,0.4,0.1,0.1,636.8,764.16,192.96969696969697,21.255000000000003
0.965,1.475,1.438,0.98,0.288,4.325,0.4,0.4,0.1,0.1,880.0,1056.0,266.6666666666667,15.525
0.583,0.822,1.373,1.291,4.257,4.522,0.4,0.4,0.1,0.1,623.7,748.44,189.00000000000003,21.255000000000003
0.586,1.145,0.816,2.349,0.147,3.647,0.4,0.4,0.1,0.1,657.5,789.0,199.24242424242425,21.21
1.34,0.81,0.496,2.62,0.836,1.236,0.4,0.4,0.1,0.1,1001.0,1201.2,303.33333333333337,9.899999999999999
1.154,0.24,0.914,3.842,2.562,1.735,0.4,0.4,0.1,0.1,851.0,1021.1999999999999,257.8787878787879,12.690000000000001
0.442,0.237,0.315,2.645,4.144,1.045,0.4,0.4,0.1,0.1,494.7,593.64,149.9090909090909,23.37
0.913,0.706,0.791,2.956,1.779,4.253,0.4,0.4,0.1,0.1,777.1,932.52,235.4848484848485,16.305
0.282,0.268,1.34,3.636,2.73,2.751,0.4,0.4,0.1,0.1,417.8,501.36,126.60606060606062,25.77
1.332,0.846,0.328,2.963,0.531,3.381,0.4,0.4,0.1,0.1,1000.6,1200.72,303.21212121212125,10.02
0.501,1.116,0.409,3.58,2.078,2.493,0.4,0.4,0.1,0.1,612.1,734.52,185.4848484848485,22.485
0.296,0.834,0.28,0.903,2.17,1.644,0.4,0.4,0.1,0.1,481.4,577.68,145.87878787878788,25.560000000000002
0.998,0.907,1.486,2.68,3.186,3.816,0.4,0.4,0.1,0.1,839.7,1007.64,254.4545454545455,15.03
1.316,0.708,0.234,0.84,1.234,2.987,0.4,0.4,0.1,0.1,978.8,1174.56,296.6060606060606,10.259999999999998
0.85,0.506,0.112,1.116,2.226,2.614,0.4,0.4,0.1,0.1,725.6,870.72,219.8787878787879,17.25
0.821,0.817,1.433,4.852,3.103,0.778,0.4,0.4,0.1,0.1,742.2,890.64,224.90909090909093,17.685000000000002
1.02,0.843,1.154,0.047,0.428,2.347,0.4,0.4,0.1,0.1,844.3,1013.1599999999999,255.84848484848484,14.7
1.28,0.474,0.683,4.558,2.778,1.996,0.4,0.4,0.1,0.1,937.4,1124.8799999999999,284.06060606060606,10.8
0.494,1.034,0.884,3.028,0.27,0.885,0.4,0.4,0.1,0.1,600.4,720.4799999999999,181.93939393939394,22.59
1.247,0.804,0.81,1.146,4.84,4.258,0.4,0.4,0.1,0.1,953.9,1144.6799999999998,289.06060606060606,11.294999999999998
0.381,0.384,1.185,0.769,0.991,0.857,0.4,0.4,0.1,0.1,478.9,574.68,145.12121212121212,24.285
0.189,0.322,1.402,4.085,2.266,2.521,0.4,0.4,0.1,0.1,376.7,452.03999999999996,114.15151515151516,27.165
1.096,0.333,1.094,2.993,2.295,4.236,0.4,0.4,0.1,0.1,831.3,997.56,251.9090909090909,13.559999999999999
1.407,0.669,0.473,3.82,1.704,4.903,0.4,0.4,0.1,0.1,1020.4,1224.48,309.21212121212125,8.895
0.734,1.103,0.704,0.171,1.732,2.639,0.4,0.4,0.1,0.1,727.3,872.7599999999999,220.3939393939394,18.990000000000002
0.985,0.681,0.533,0.109,0.544,0.838,0.4,0.4,0.1,0.1,810.6,972.72,245.63636363636365,15.225
0.758,0.574,0.434,4.451,2.587,4.059,0.4,0.4,0.1,0.1,686.4,823.68,208.0,18.63
0.365,1.145,0.282,0.043,0.125,1.801,0.4,0.4,0.1,0.1,547.0,656.4,165.75757575757578,24.525
1.098,0.176,1.024,3.798,3.008,3.358,0.4,0.4,0.1,0.1,816.6,979.92,247.45454545454547,13.529999999999998
0.363,1.335,0.715,4.603,1.726,3.172,0.4,0.4,0.1,0.1,565.0,678.0,171.21212121212122,24.555
0.295,1.028,0.364,2.743,1.594,2.274,0.4,0.4,0.1,0.1,500.3,600.36,151.60606060606062,25.575
0.214,0.44,0.248,1.939,2.723,2.161,0.4,0.4,0.1,0.1,401.0,481.2,121.51515151515152,26.79
1.47,0.948,0.239,4.853,4.252,3.202,0.4,0.4,0.1,0.1,1079.8,1295.76,327.2121212121212,7.949999999999999
1.265,1.301,1.208,1.662,1.442,0.92,0.4,0.4,0.1,0.1,1012.6,1215.12,306.8484848484849,11.025000000000002
0.701,1.362,0.481,1.029,2.207,0.405,0.4,0.4,0.1,0.1,736.7,884.0400000000001,223.24242424242428,19.485
0.261,1.111,1.022,2.942,0.029,3.401,0.4,0.4,0.1,0.1,491.6,589.92,148.969696969697,26.085
0.793,0.306,0.917,1.742,4.656,4.261,0.4,0.4,0.1,0.1,677.1,812.52,205.1818181818182,18.104999999999997
1.21,0.506,1.407,1.382,0.425,2.499,0.4,0.4,0.1,0.1,905.6,1086.72,274.42424242424244,11.850000000000001
0.853,1.264,0.829,3.09,2.288,2.257,0.4,0.4,0.1,0.1,802.9,963.4799999999999,243.3030303030303,17.205
1.389,0.92,1.295,0.093,1.665,2.294,0.4,0.4,0.1,0.1,1036.5,1243.8,314.0909090909091,9.165
0.657,1.335,1.431,1.433,4.717,1.122,0.4,0.4,0.1,0.1,712.0,854.4,215.75757575757578,20.145
1.464,0.903,1.08,0.866,1.367,1.408,0.4,0.4,0.1,0.1,1072.3,1286.76,324.93939393939394,8.04
0.675,0.226,0.826,2.664,2.092,4.636,0.4,0.4,0.1,0.1,610.1,732.12,184.8787878787879,19.875
1.37,0.842,0.86,3.757,3.819,3.205,0.4,0.4,0.1,0.1,1019.2,1223.04,308.8484848484849,9.45
0.238,0.369,0.425,1.86,1.705,0.949,0.4,0.4,0.1,0.1,405.9,487.0799999999999,123.0,26.43
1.381,0.682,0.479,1.228,2.384,1.559,0.4,0.4,0.1,0.1,1008.7,1210.44,305.6666666666667,9.285
0.667,0.427,0.98,0.288,0.36,0.025,0.4,0.4,0.1,0.1,626.2,751.44,189.75757575757578,19.994999999999997
0.605,1.41,0.995,1.901,0.214,2.346,0.4,0.4,0.1,0.1,693.5,832.1999999999999,210.15151515151516,20.925
0.17,0.875,0.514,2.727,0.911,4.169,0.4,0.4,0.1,0.1,422.5,507.0,128.03030303030303,27.45
1.081,0.725,0.68,0.907,1.094,0.805,0.4,0.4,0.1,0.1,863.0,1035.6,261.5151515151515,13.785
1.257,0.642,1.296,4.632,1.548,0.428,0.4,0.4,0.1,0.1,942.7,1131.24,285.6666666666667,11.145000000000003
0.304,1.082,1.043,3.426,1.763,0.565,0.4,0.4,0.1,0.1,510.2,612.24,154.60606060606062,25.44
0.764,1.262,1.377,1.302,0.66,4.898,0.4,0.4,0.1,0.1,758.2,909.84,229.75757575757578,18.54
1.032,1.089,0.342,3.76,0.008,0.177,0.4,0.4,0.1,0.1,874.9,1049.8799999999999,265.1212121212121,14.52
0.562,0.656,1.319,2.529,3.944,2.968,0.4,0.4,0.1,0.1,596.6,715.92,180.7878787878788,21.57
1.093,0.378,0.873,4.823,0.575,2.318,0.4,0.4,0.1,0.1,834.3,1001.1599999999999,252.8181818181818,13.605
0.462,0.432,0.353,2.513,0.317,0.683,0.4,0.4,0.1,0.1,524.2,629.0400000000001,158.84848484848487,23.07
1.151,0.364,0.732,3.085,1.435,4.55,0.4,0.4,0.1,0.1,861.9,1034.28,261.1818181818182,12.735
1.332,1.158,1.278,1.495,2.261,4.875,0.4,0.4,0.1,0.1,1031.8,1238.1599999999999,312.6666666666667,10.02
1.08,1.095,1.047,3.817,4.654,4.872,0.4,0.4,0.1,0.1,899.5,1079.3999999999999,272.57575757575756,13.799999999999997
0.216,1.389,0.13,4.71,4.47,0.766,0.4,0.4,0.1,0.1,496.9,596.28,150.57575757575756,26.76
0.529,0.657,1.498,1.942,0.184,0.133,0.4,0.4,0.1,0.1,580.2,696.24,175.81818181818184,22.064999999999998
0.983,0.414,0.409,4.902,0.841,4.482,0.4,0.4,0.1,0.1,782.9,939.4799999999999,237.24242424242425,15.255
1.023,0.786,1.267,3.96,1.467,3.349,0.4,0.4,0.1,0.1,840.1,1008.12,254.5757575757576,14.655000000000001
0.535,0.49,1.018,2.351,3.221,2.636,0.4,0.4,0.1,0.1,566.5,679.8,171.66666666666669,21.975
1.218,1.292,0.409,2.822,3.446,0.766,0.4,0.4,0.1,0.1,988.2,1185.84,299.4545454545455,11.73
1.397,1.162,1.117,2.181,3.433,4.212,0.4,0.4,0.1,0.1,1064.7,1277.64,322.6363636363637,9.044999999999998
1.295,0.818,0.392,3.423,4.368,1.575,0.4,0.4,0.1,0.1,979.3,1175.1599999999999,296.75757575757575,10.575000000000003
0.673,1.129,0.102,3.016,3.191,0.366,0.4,0.4,0.1,0.1,699.4,839.28,211.93939393939394,19.905
0.702,0.315,0.879,0.592,2.642,0.511,0.4,0.4,0.1,0.1,632.5,759.0,191.66666666666669,19.47
0.131,0.964,1.296,0.215,4.249,1.166,0.4,0.4,0.1,0.1,411.9,494.28,124.81818181818181,28.035
0.727,0.251,0.12,2.446,4.726,4.415,0.4,0.4,0.1,0.1,638.6,766.32,193.51515151515153,19.095
0.678,1.254,0.348,2.658,0.544,0.837,0.4,0.4,0.1,0.1,714.4,857.28,216.4848484848485,19.83
0.628,1.022,0.668,3.894,3.868,3.628,0.4,0.4,0.1,0.1,666.2,799.44,201.8787878787879,20.58
1.357,1.194,0.535,4.993,3.879,4.099,0.4,0.4,0.1,0.1,1047.9,1257.48,317.5454545454546,9.645
0.437,1.017,0.523,3.314,2.16,2.959,0.4,0.4,0.1,0.1,570.2,684.24,172.7878787878788,23.445
0.335,0.652,1.147,0.371,0.195,2.135,0.4,0.4,0.1,0.1,482.7,579.24,146.27272727272728,24.975
0.861,1.022,1.358,4.367,3.235,1.005,0.4,0.4,0.1,0.1,782.7,939.24,237.18181818181822,17.085
0.322,1.183,1.075,1.977,2.378,2.594,0.4,0.4,0.1,0.1,529.3,635.16,160.39393939393938,25.17
0.78,1.435,1.18,2.59,2.792,2.479,0.4,0.4,0.1,0.1,783.5,940.1999999999999,237.42424242424244,18.299999999999997
0.74,0.662,0.811,1.211,1.844,1.745,0.4,0.4,0.1,0.1,686.2,823.44,207.93939393939397,18.9
1.49,1.414,1.243,3.923,3.533,0.644,0.4,0.4,0.1,0.1,1136.4,1363.68,344.36363636363643,7.649999999999999
0.523,0.945,0.772,0.406,4.576,1.224,0.4,0.4,0.1,0.1,606.0,727.1999999999999,183.63636363636365,22.155
1.047,1.156,1.132,2.183,4.018,4.988,0.4,0.4,0.1,0.1,889.1,1066.92,269.42424242424244,14.295000000000002
1.286,0.473,0.306,0.734,4.677,1.683,0.4,0.4,0.1,0.1,940.3,1128.36,284.93939393939394,10.71
0.927,0.295,0.542,3.262,0.711,0.491,0.4,0.4,0.1,0.1,743.0,891.6,225.15151515151516,16.095
1.019,1.47,0.456,0.295,0.54,2.04,0.4,0.4,0.1,0.1,906.5,1087.8,274.6969696969697,14.715000000000002
0.583,0.231,0.212,4.127,0.053,3.734,0.4,0.4,0.1,0.1,564.6,677.52,171.0909090909091,21.255000000000003
0.164,0.328,0.376,0.491,3.844,3.453,0.4,0.4,0.1,0.1,364.8,437.76,110.54545454545456,27.54
0.376,0.815,0.167,2.71,0.863,2.445,0.4,0.4,0.1,0.1,519.5,623.4,157.42424242424244,24.36
0.924,1.207,0.378,0.385,2.175,1.633,0.4,0.4,0.1,0.1,832.7,999.24,252.33333333333337,16.14
0.34,1.106,0.259,3.53,1.024,0.692,0.4,0.4,0.1,0.1,530.6,636.72,160.7878787878788,24.9
1.442,1.075,0.701,1.14,3.769,2.597,0.4,0.4,0.1,0.1,1078.5,1294.2,326.8181818181818,8.370000000000001
0.136,1.352,0.926,1.288,2.227,0.434,0.4,0.4,0.1,0.1,453.20000000000005,543.84,137.33333333333334,27.96
1.082,0.638,1.219,1.364,1.756,0.633,0.4,0.4,0.1,0.1,854.8,1025.76,259.030303030303,13.77
1.477,0.258,1.295,4.145,2.204,2.957,0.4,0.4,0.1,0.1,1014.3,1217.1599999999999,307.3636363636364,7.844999999999999
0.109,1.348,0.529,2.32,3.614,1.884,0.4,0.4,0.1,0.1,439.3,527.16,133.12121212121212,28.365
0.622,0.882,1.158,1.868,2.665,1.106,0.4,0.4,0.1,0.1,649.2,779.0400000000001,196.72727272727275,20.67
0.726,0.286,1.476,0.62,2.675,1.412,0.4,0.4,0.1,0.1,641.6,769.92,194.42424242424244,19.11
0.291,0.604,0.501,0.013,1.96,1.75,0.4,0.4,0.1,0.1,455.9,547.0799999999999,138.15151515151516,25.635
0.938,0.249,1.424,0.511,1.895,4.617,0.4,0.4,0.1,0.1,743.9,892.68,225.42424242424244,15.930000000000001
0.39,1.128,1.267,2.959,0.501,0.922,0.4,0.4,0.1,0.1,557.8,669.3599999999999,169.03030303030303,24.15
0.562,0.453,0.84,2.789,4.201,1.417,0.4,0.4,0.1,0.1,576.3,691.56,174.63636363636363,21.57
0.771,1.028,0.87,4.788,4.382,0.977,0.4,0.4,0.1,0.1,738.3,885.9599999999999,223.72727272727272,18.435000000000002
0.102,0.786,0.204,0.714,4.977,2.81,0.4,0.4,0.1,0.1,379.6,455.52000000000004,115.03030303030305,28.47
0.818,0.736,0.155,2.283,4.999,3.675,0.4,0.4,0.1,0.1,732.6,879.12,222.00000000000003,17.73
1.458,1.197,0.335,0.262,3.344,1.135,0.4,0.4,0.1,0.1,1098.7,1318.44,332.939393939394,8.129999999999999
0.524,1.068,1.034,2.198,2.756,3.16,0.4,0.4,0.1,0.1,618.8,742.56,187.5151515151515,22.14
1.04,0.619,0.98,1.416,4.966,1.719,0.4,0.4,0.1,0.1,831.9,998.28,252.0909090909091,14.399999999999999
0.384,1.208,1.439,0.41,2.288,2.257,0.4,0.4,0.1,0.1,562.8,675.3599999999999,170.54545454545453,24.240000000000002
0.379,0.898,1.221,0.861,1.676,0.247,0.4,0.4,0.1,0.1,529.3,635.16,160.39393939393938,24.314999999999998
1.137,0.156,0.412,3.659,0.596,3.264,0.4,0.4,0.1,0.1,834.1,1000.92,252.75757575757578,12.945
1.487,0.481,1.24,0.373,4.884,4.567,0.4,0.4,0.1,0.1,1041.6,1249.9199999999998,315.6363636363636,7.695
0.767,0.892,1.292,1.511,3.23,1.336,0.4,0.4,0.1,0.1,722.7,867.24,219.00000000000003,18.494999999999997
0.392,0.67,0.439,3.949,4.303,2.529,0.4,0.4,0.1,0.1,513.0,615.6,155.45454545454547,24.12
0.674,0.738,1.311,0.227,0.899,0.749,0.4,0.4,0.1,0.1,660.8,792.9599999999999,200.24242424242425,19.89
0.196,1.171,0.274,4.081,0.508,0.368,0.4,0.4,0.1,0.1,465.1,558.12,140.93939393939397,27.06
0.31,0.778,0.498,2.663,1.827,1.234,0.4,0.4,0.1,0.1,482.8,579.36,146.3030303030303,25.35
1.124,1.075,1.152,2.388,2.585,4.498,0.4,0.4,0.1,0.1,919.5,1103.3999999999999,278.6363636363636,13.139999999999997
0.167,0.129,0.258,4.039,3.354,4.621,0.4,0.4,0.1,0.1,346.4,415.67999999999995,104.96969696969697,27.495
0.126,0.778,0.667,3.118,3.793,2.297,0.4,0.4,0.1,0.1,390.8,468.96,118.42424242424244,28.11
0.671,1.443,1.04,1.979,3.888,4.251,0.4,0.4,0.1,0.1,729.8,875.7599999999999,221.15151515151516,19.935
0.772,0.224,0.406,3.275,0.081,3.348,0.4,0.4,0.1,0.1,658.4,790.0799999999999,199.51515151515153,18.42
1.21,0.653,0.631,3.591,2.91,1.134,0.4,0.4,0.1,0.1,920.3,1104.36,278.8787878787879,11.850000000000001
0.217,1.284,0.263,1.505,4.288,0.266,0.4,0.4,0.1,0.1,486.9,584.28,147.54545454545453,26.745
1.363,1.174,1.072,0.777,3.943,4.274,0.4,0.4,0.1,0.1,1048.9,1258.68,317.8484848484849,9.555
1.186,1.323,1.367,3.421,2.184,0.215,0.4,0.4,0.1,0.1,975.3,1170.36,295.54545454545456,12.21
0.148,0.212,0.872,4.285,3.601,3.825,0.4,0.4,0.1,0.1,345.2,414.23999999999995,104.60606060606061,27.78
0.157,0.292,0.616,3.452,2.372,3.441,0.4,0.4,0.1,0.1,357.7,429.23999999999995,108.39393939393939,27.645
0.773,1.214,0.502,0.377,2.876,0.235,0.4,0.4,0.1,0.1,757.9,909.4799999999999,229.66666666666669,18.405
0.339,1.49,0.928,3.268,3.369,2.211,0.4,0.4,0.1,0.1,568.5,682.1999999999999,172.27272727272728,24.915
1.391,0.152,0.703,1.985,2.173,0.575,0.4,0.4,0.1,0.1,960.7,1152.84,291.1212121212121,9.134999999999998
0.529,0.422,1.007,3.939,2.064,3.222,0.4,0.4,0.1,0.1,556.7,668.0400000000001,168.69696969696972,22.064999999999998
1.195,1.314,0.946,2.437,3.291,0.377,0.4,0.4,0.1,0.1,978.9,1174.6799999999998,296.6363636363636,12.075
0.426,0.172,1.371,2.941,4.599,4.722,0.4,0.4,0.1,0.1,480.2,576.24,145.51515151515153,23.61
1.219,1.005,0.531,3.434,2.999,0.63,0.4,0.4,0.1,0.1,960.0,1152.0,290.90909090909093,11.715
0.201,0.966,1.401,3.628,3.665,4.769,0.4,0.4,0.1,0.1,447.1,536.52,135.4848484848485,26.985
0.44,0.313,1.165,0.685,4.072,4.488,0.4,0.4,0.1,0.1,501.3,601.56,151.9090909090909,23.4
0.246,0.915,0.776,2.115,0.254,4.117,0.4,0.4,0.1,0.1,464.5,557.4,140.75757575757578,26.31
0.405,1.4,1.363,3.859,4.569,4.574,0.4,0.4,0.1,0.1,592.5,711.0,179.54545454545456,23.925
0.634,0.315,0.263,0.357,3.291,1.645,0.4,0.4,0.1,0.1,598.5,718.1999999999999,181.36363636363637,20.490000000000002
0.714,0.985,1.231,1.366,1.148,4.603,0.4,0.4,0.1,0.1,705.5,846.6,213.7878787878788,19.29
0.558,0.938,0.547,1.642,0.519,1.173,0.4,0.4,0.1,0.1,622.8,747.3599999999999,188.72727272727272,21.63
0.571,0.673,1.12,0.892,3.366,3.262,0.4,0.4,0.1,0.1,602.8,723.3599999999999,182.66666666666666,21.435000000000002
0.467,0.819,0.904,3.941,1.246,3.488,0.4,0.4,0.1,0.1,565.4,678.4799999999999,171.33333333333334,22.994999999999997
0.547,0.608,1.276,0.261,0.883,0.904,0.4,0.4,0.1,0.1,584.3,701.16,177.06060606060606,21.795
1.304,0.782,0.35,0.219,1.698,3.452,0.4,0.4,0.1,0.1,980.2,1176.24,297.03030303030306,10.439999999999998
1.091,1.099,1.414,2.963,3.393,3.184,0.4,0.4,0.1,0.1,905.4,1086.48,274.3636363636364,13.635000000000002
1.301,1.363,0.71,2.04,4.352,3.082,0.4,0.4,0.1,0.1,1036.8,1244.1599999999999,314.1818181818182,10.485
1.041,0.381,1.273,3.216,4.854,2.652,0.4,0.4,0.1,0.1,808.6,970.3199999999999,245.03030303030306,14.385000000000002
0.115,0.817,1.347,4.022,4.575,4.565,0.4,0.4,0.1,0.1,389.2,467.03999999999996,117.93939393939394,28.275
0.342,0.44,1.121,4.991,2.504,0.79,0.4,0.4,0.1,0.1,465.0,558.0,140.9090909090909,24.869999999999997
1.449,0.537,0.641,3.413,2.716,0.01,0.4,0.4,0.1,0.1,1028.2,1233.84,311.5757575757576,8.265
0.594,1.257,0.139,2.397,4.875,0.477,0.4,0.4,0.1,0.1,672.7,807.24,203.84848484848487,21.09
0.58,1.191,0.501,3.106,0.693,1.732,0.4,0.4,0.1,0.1,659.1,790.92,199.72727272727275,21.3
1.136,0.738,1.234,4.105,1.932,4.049,0.4,0.4,0.1,0.1,891.8,1070.1599999999999,270.24242424242425,12.96
0.35,1.466,0.159,3.948,4.661,2.226,0.4,0.4,0.1,0.1,571.6,685.92,173.21212121212122,24.75
0.563,0.96,1.123,4.645,0.645,1.313,0.4,0.4,0.1,0.1,627.5,753.0,190.15151515151516,21.555
1.068,0.124,0.182,4.69,4.251,1.455,0.4,0.4,0.1,0.1,796.4,955.68,241.33333333333334,13.98
0.471,0.976,1.028,1.511,1.306,2.672,0.4,0.4,0.1,0.1,583.1,699.72,176.69696969696972,22.935000000000002
0.151,0.648,0.568,3.064,4.576,2.735,0.4,0.4,0.1,0.1,390.3,468.36,118.27272727272728,27.735
1.427,1.174,0.542,0.793,4.135,3.694,0.4,0.4,0.1,0.1,1080.9,1297.0800000000002,327.5454545454546,8.594999999999999
1.426,1.411,0.221,1.835,1.1,4.576,0.4,0.4,0.1,0.1,1104.1,1324.9199999999998,334.57575757575756,8.61
0.75,1.152,1.049,0.442,2.919,2.015,0.4,0.4,0.1,0.1,740.2,888.24,224.30303030303034,18.75
1.259,0.979,1.408,1.102,3.84,0.27,0.4,0.4,0.1,0.1,977.4,1172.8799999999999,296.1818181818182,11.115000000000002
1.331,1.47,1.025,1.08,1.63,4.932,0.4,0.4,0.1,0.1,1062.5,1275.0,321.969696969697,10.035
1.047,1.264,1.4,2.609,4.891,2.694,0.4,0.4,0.1,0.1,899.9,1079.8799999999999,272.6969696969697,14.295000000000002
0.984,1.429,0.43,0.262,1.991,2.002,0.4,0.4,0.1,0.1,884.9,1061.8799999999999,268.1515151515152,15.24
1.216,1.491,0.985,1.479,4.622,0.24,0.4,0.4,0.1,0.1,1007.1,1208.52,305.1818181818182,11.760000000000002
0.517,1.254,0.862,3.083,2.009,1.284,0.4,0.4,0.1,0.1,633.9,760.68,192.0909090909091,22.245
0.527,0.465,1.496,0.418,2.139,0.987,0.4,0.4,0.1,0.1,560.0,672.0,169.69696969696972,22.095
0.123,0.522,0.993,2.252,1.951,3.473,0.4,0.4,0.1,0.1,363.7,436.44,110.21212121212122,28.155
0.517,0.246,0.715,4.642,1.557,2.248,0.4,0.4,0.1,0.1,533.1,639.72,161.54545454545456,22.245
1.058,0.688,0.345,4.202,3.494,3.838,0.4,0.4,0.1,0.1,847.8,1017.3599999999999,256.90909090909093,14.129999999999999
0.624,0.863,0.668,2.348,2.929,3.357,0.4,0.4,0.1,0.1,648.3,777.9599999999999,196.45454545454544,20.64
0.275,0.437,0.883,3.349,0.514,3.452,0.4,0.4,0.1,0.1,431.2,517.4399999999999,130.66666666666666,25.875
0.221,0.907,0.942,3.709,4.125,0.524,0.4,0.4,0.1,0.1,451.2,541.4399999999999,136.72727272727272,26.685
0.896,0.269,0.764,1.374,3.971,3.748,0.4,0.4,0.1,0.1,724.9,869.88,219.66666666666669,16.560000000000002
0.7,1.166,1.291,1.662,4.661,1.249,0.4,0.4,0.1,0.1,716.6,859.92,217.15151515151518,19.5
1.024,0.436,1.203,2.652,2.268,0.221,0.4,0.4,0.1,0.1,805.6,966.72,244.12121212121215,14.64
1.375,0.529,1.269,0.82,1.703,3.292,0.4,0.4,0.1,0.1,990.4,1188.48,300.1212121212121,9.375
0.2,1.112,0.38,2.521,2.892,2.159,0.4,0.4,0.1,0.1,461.20000000000005,553.44,139.75757575757578,27.0
1.386,0.677,1.473,4.045,4.352,1.048,0.4,0.4,0.1,0.1,1010.7,1212.84,306.2727272727273,9.21
0.335,1.01,1.032,0.197,3.807,0.054,0.4,0.4,0.1,0.1,518.5,622.1999999999999,157.12121212121212,24.975
1.022,0.961,0.373,1.556,2.391,3.916,0.4,0.4,0.1,0.1,857.1,1028.52,259.72727272727275,14.67
0.764,0.984,0.491,1.817,0.609,3.069,0.4,0.4,0.1,0.1,730.4,876.4799999999999,221.33333333333334,18.54
1.347,1.271,1.434,2.413,0.608,2.504,0.4,0.4,0.1,0.1,1050.6,1260.7199999999998,318.3636363636364,9.795000000000002
0.357,0.767,0.946,2.664,3.241,4.902,0.4,0.4,0.1,0.1,505.2,606.24,153.0909090909091,24.645
0.777,0.657,1.475,1.705,4.097,4.861,0.4,0.4,0.1,0.1,704.2,845.0400000000001,213.3939393939394,18.345
0.493,1.383,0.14,0.448,1.395,0.313,0.4,0.4,0.1,0.1,634.8,761.7599999999999,192.36363636363637,22.605
0.83,1.159,0.47,2.509,3.304,3.234,0.4,0.4,0.1,0.1,780.9,937.0799999999999,236.63636363636365,17.55
0.312,0.494,0.194,3.107,3.532,4.555,0.4,0.4,0.1,0.1,455.4,546.4799999999999,138.0,25.32
0.851,0.535,0.694,3.944,1.949,1.708,0.4,0.4,0.1,0.1,729.0,874.8,220.90909090909093,17.235
0.875,1.244,1.0,2.474,3.691,3.879,0.4,0.4,0.1,0.1,811.9,974.28,246.03030303030303,16.875
1.057,1.407,0.335,4.083,3.143,4.715,0.4,0.4,0.1,0.1,919.2,1103.04,278.54545454545456,14.145000000000001
0.222,0.479,0.146,2.406,1.607,0.024,0.4,0.4,0.1,0.1,408.9,490.67999999999995,123.9090909090909,26.67
0.695,0.997,0.329,2.999,0.213,3.951,0.4,0.4,0.1,0.1,697.2,836.64,211.2727272727273,19.575000000000003
0.622,0.148,0.872,2.088,1.856,0.966,0.4,0.4,0.1,0.1,575.8,690.9599999999999,174.48484848484847,20.67
1.432,1.053,0.135,2.959,2.884,1.245,0.4,0.4,0.1,0.1,1071.3,1285.56,324.6363636363636,8.52
0.276,1.055,1.441,4.364,3.678,0.312,0.4,0.4,0.1,0.1,493.5,592.1999999999999,149.54545454545456,25.86
0.39,1.233,0.942,3.39,0.106,2.176,0.4,0.4,0.1,0.1,568.3,681.9599999999999,172.21212121212122,24.15
0.689,0.339,0.752,2.491,1.023,0.947,0.4,0.4,0.1,0.1,628.4,754.0799999999999,190.42424242424244,19.665
0.85,1.072,0.995,4.29,2.298,1.034,0.4,0.4,0.1,0.1,782.2,938.64,237.03030303030306,17.25
0.899,0.987,0.817,0.338,3.978,3.403,0.4,0.4,0.1,0.1,798.2,957.84,241.8787878787879,16.515
1.116,0.504,0.376,0.273,1.56,0.563,0.4,0.4,0.1,0.1,858.4,1030.08,260.1212121212121,13.259999999999998
1.14,0.75,0.57,0.393,2.926,1.94,0.4,0.4,0.1,0.1,895.0,1074.0,271.21212121212125,12.900000000000002
0.408,1.367,0.314,4.994,4.833,0.578,0.4,0.4,0.1,0.1,590.7,708.84,179.00000000000003,23.880000000000003
0.938,0.437,0.538,2.898,3.256,0.015,0.4,0.4,0.1,0.1,762.7,915.24,231.12121212121215,15.930000000000001
1.012,0.715,0.926,4.558,4.665,2.473,0.4,0.4,0.1,0.1,827.5,993.0,250.75757575757578,14.82
0.269,0.87,0.292,0.141,1.724,4.607,0.4,0.4,0.1,0.1,471.5,565.8,142.87878787878788,25.965
0.535,1.375,1.465,4.593,4.088,4.797,0.4,0.4,0.1,0.1,655.0,786.0,198.4848484848485,21.975
0.651,0.981,0.342,3.87,2.27,3.548,0.4,0.4,0.1,0.1,673.6,808.32,204.12121212121215,20.235
1.247,0.852,0.129,3.969,0.372,3.857,0.4,0.4,0.1,0.1,958.7,1150.44,290.51515151515156,11.294999999999998
0.577,0.942,0.203,0.268,1.199,4.916,0.4,0.4,0.1,0.1,632.7,759.24,191.72727272727275,21.345
1.395,1.273,0.477,0.284,0.276,4.479,0.4,0.4,0.1,0.1,1074.8,1289.76,325.6969696969697,9.075
0.65,0.365,0.62,3.861,0.585,2.293,0.4,0.4,0.1,0.1,611.5,733.8,185.3030303030303,20.25
0.443,0.109,0.583,3.964,3.668,1.876,0.4,0.4,0.1,0.1,482.4,578.88,146.1818181818182,23.355
0.55,0.945,1.011,2.578,2.563,3.573,0.4,0.4,0.1,0.1,619.5,743.4,187.72727272727275,21.75
0.297,1.417,0.372,3.009,2.766,1.247,0.4,0.4,0.1,0.1,540.2,648.24,163.69696969696972,25.545
0.332,0.768,0.961,3.979,0.859,3.509,0.4,0.4,0.1,0.1,492.8,591.36,149.33333333333334,25.02
0.858,0.348,0.27,1.95,3.875,4.755,0.4,0.4,0.1,0.1,713.8,856.56,216.3030303030303,17.130000000000003
0.164,0.899,1.235,2.355,2.957,1.604,0.4,0.4,0.1,0.1,421.9,506.28,127.84848484848484,27.54
0.385,1.031,1.198,3.813,3.83,2.633,0.4,0.4,0.1,0.1,545.6,654.72,165.33333333333334,24.225
0.396,0.109,0.634,4.035,4.11,1.652,0.4,0.4,0.1,0.1,458.9,550.68,139.06060606060606,24.06
1.427,1.183,0.827,2.492,4.328,0.54,0.4,0.4,0.1,0.1,1081.8,1298.1599999999999,327.8181818181818,8.594999999999999
0.898,0.198,0.346,0.533,0.224,1.294,0.4,0.4,0.1,0.1,718.8,862.56,217.8181818181818,16.53
0.823,1.379,1.26,2.417,4.577,0.317,0.4,0.4,0.1,0.1,799.4,959.28,242.24242424242425,17.655
0.702,1.378,0.683,1.265,2.833,0.166,0.4,0.4,0.1,0.1,738.8,886.56,223.87878787878788,19.47
0.129,0.184,0.947,0.043,0.119,4.295,0.4,0.4,0.1,0.1,332.9,399.47999999999996,100.87878787878788,28.065
0.269,1.064,1.015,3.246,0.171,4.483,0.4,0.4,0.1,0.1,490.9,589.0799999999999,148.75757575757575,25.965
0.295,0.482,0.242,4.43,0.011,2.452,0.4,0.4,0.1,0.1,445.7,534.8399999999999,135.06060606060606,25.575
1.041,0.737,1.169,0.94,3.374,2.429,0.4,0.4,0.1,0.1,844.2,1013.04,255.81818181818184,14.385000000000002
0.754,1.434,0.747,1.11,0.722,3.162,0.4,0.4,0.1,0.1,770.4,924.4799999999999,233.45454545454547,18.689999999999998
0.674,1.136,1.414,2.916,1.854,3.553,0.4,0.4,0.1,0.1,700.6,840.72,212.3030303030303,19.89
0.275,1.325,0.526,3.133,1.198,1.569,0.4,0.4,0.1,0.1,520.0,624.0,157.5757575757576,25.875
0.776,1.485,0.684,2.346,1.738,2.711,0.4,0.4,0.1,0.1,786.5,943.8,238.33333333333334,18.36
0.159,0.607,1.343,1.758,3.207,1.225,0.4,0.4,0.1,0.1,390.2,468.23999999999995,118.24242424242425,27.615
0.133,0.14,1.119,2.877,0.362,4.086,0.4,0.4,0.1,0.1,330.5,396.59999999999997,100.15151515151516,28.005
0.829,0.502,0.492,3.097,0.975,2.198,0.4,0.4,0.1,0.1,714.7,857.64,216.5757575757576,17.565
0.748,1.267,1.309,0.719,2.101,2.18,0.4,0.4,0.1,0.1,750.7,900.84,227.4848484848485,18.78
1.461,1.04,0.899,2.761,4.222,0.584,0.4,0.4,0.1,0.1,1084.5,1301.3999999999999,328.6363636363636,8.084999999999997
0.556,0.293,0.862,2.865,3.353,2.804,0.4,0.4,0.1,0.1,557.3,668.7599999999999,168.87878787878788,21.66
1.241,1.411,0.343,2.964,0.98,3.208,0.4,0.4,0.1,0.1,1011.6,1213.92,306.54545454545456,11.384999999999998
0.27,1.267,0.569,4.261,0.832,2.68,0.4,0.4,0.1,0.1,511.7,614.04,155.06060606060606,25.95
0.729,1.107,0.906,0.913,1.266,1.374,0.4,0.4,0.1,0.1,725.2,870.24,219.75757575757578,19.064999999999998
0.859,1.494,1.433,3.807,3.672,4.239,0.4,0.4,0.1,0.1,828.9,994.68,251.1818181818182,17.115000000000002
0.967,0.751,1.244,4.638,4.227,0.891,0.4,0.4,0.1,0.1,808.6,970.3199999999999,245.03030303030306,15.495000000000001
0.898,1.159,1.15,0.817,3.895,4.137,0.4,0.4,0.1,0.1,814.9,977.8799999999999,246.93939393939394,16.53
1.182,1.211,0.123,3.486,2.473,4.472,0.4,0.4,0.1,0.1,962.1,1154.52,291.54545454545456,12.27
0.352,0.477,1.282,1.688,1.565,0.358,0.4,0.4,0.1,0.1,473.7,568.4399999999999,143.54545454545456,24.72
1.463,0.138,0.276,3.103,3.472,1.645,0.4,0.4,0.1,0.1,995.3,1194.36,301.6060606060606,8.055
0.552,0.441,0.617,2.637,2.183,4.308,0.4,0.4,0.1,0.1,570.1,684.12,172.75757575757578,21.72
0.34,1.146,0.519,0.858,2.244,1.762,0.4,0.4,0.1,0.1,534.6,641.52,162.00000000000003,24.9
1.166,0.814,0.603,0.579,3.053,1.78,0.4,0.4,0.1,0.1,914.4,1097.28,277.0909090909091,12.510000000000002
0.877,0.249,0.458,1.855,3.493,2.234,0.4,0.4,0.1,0.1,713.4,856.0799999999999,216.1818181818182,16.845
1.387,1.149,0.341,0.341,4.512,4.559,0.4,0.4,0.1,0.1,1058.4,1270.0800000000002,320.72727272727275,9.195
0.79,1.337,0.34,0.888,4.513,4.823,0.4,0.4,0.1,0.1,778.7,934.44,235.969696969697,18.15
0.426,0.372,0.504,2.578,3.348,3.499,0.4,0.4,0.1,0.1,500.2,600.24,151.5757575757576,23.61
1.382,0.509,0.277,3.44,0.763,3.05,0.4,0.4,0.1,0.1,991.9,1190.28,300.57575757575756,9.270000000000003
0.843,1.31,0.826,4.556,0.849,1.76,0.4,0.4,0.1,0.1,802.5,963.0,243.1818181818182,17.355
0.654,1.498,0.512,1.893,4.971,3.739,0.4,0.4,0.1,0.1,726.8,872.16,220.24242424242425,20.189999999999998
0.555,0.456,0.885,4.957,4.743,4.911,0.4,0.4,0.1,0.1,573.1,687.72,173.66666666666669,21.674999999999997
0.694,1.046,0.73,3.199,2.321,4.92,0.4,0.4,0.1,0.1,701.6,841.92,212.60606060606062,19.59
0.547,0.304,0.622,0.249,2.643,1.321,0.4,0.4,0.1,0.1,553.9,664.68,167.84848484848484,21.795
0.297,0.492,0.291,4.198,0.835,2.679,0.4,0.4,0.1,0.1,447.7,537.24,135.66666666666666,25.545
0.523,1.427,0.329,1.219,0.703,0.123,0.4,0.4,0.1,0.1,654.2,785.0400000000001,198.24242424242428,22.155
1.3,0.833,1.341,4.643,0.552,4.653,0.4,0.4,0.1,0.1,983.3,1179.9599999999998,297.969696969697,10.5
0.736,0.755,0.638,1.225,1.436,2.016,0.4,0.4,0.1,0.1,693.5,832.1999999999999,210.15151515151516,18.96
1.109,0.769,1.214,4.144,4.509,2.49,0.4,0.4,0.1,0.1,881.4,1057.6799999999998,267.0909090909091,13.365000000000002
0.412,1.421,0.752,2.236,3.262,4.54,0.4,0.4,0.1,0.1,598.1,717.72,181.24242424242425,23.82
1.362,0.351,1.006,1.074,2.067,2.54,0.4,0.4,0.1,0.1,966.1,1159.32,292.7575757575758,9.57
1.021,1.1,0.287,3.267,1.049,3.572,0.4,0.4,0.1,0.1,870.5,1044.6,263.7878787878788,14.685000000000002
0.361,1.01,1.013,2.4,1.528,4.876,0.4,0.4,0.1,0.1,531.5,637.8,161.06060606060606,24.585
1.362,0.136,1.284,4.584,4.588,3.478,0.4,0.4,0.1,0.1,944.6,1133.52,286.24242424242425,9.57
0.639,1.459,0.329,1.365,3.292,1.044,0.4,0.4,0.1,0.1,715.4,858.4799999999999,216.78787878787878,20.415
0.342,0.41,0.158,2.204,4.104,2.919,0.4,0.4,0.1,0.1,462.0,554.4,140.0,24.869999999999997
0.168,1.043,1.484,2.744,0.177,2.264,0.4,0.4,0.1,0.1,438.3,525.96,132.81818181818184,27.48
1.357,0.676,0.442,2.326,0.76,0.344,0.4,0.4,0.1,0.1,996.1,1195.32,301.8484848484849,9.645
0.269,0.703,1.262,2.929,0.435,0.29,0.4,0.4,0.1,0.1,454.8,545.76,137.81818181818184,25.965
1.049,1.234,1.489,1.737,3.07,0.949,0.4,0.4,0.1,0.1,897.9,1077.48,272.0909090909091,14.265
1.204,0.187,1.024,4.745,3.985,0.146,0.4,0.4,0.1,0.1,870.7,1044.84,263.8484848484849,11.940000000000001
1.389,0.182,1.463,2.39,4.782,2.069,0.4,0.4,0.1,0.1,962.7,1155.24,291.72727272727275,9.165
0.815,0.188,1.433,2.061,0.725,2.734,0.4,0.4,0.1,0.1,676.3,811.56,204.93939393939394,17.775
0.621,0.961,0.701,3.47,1.229,0.296,0.4,0.4,0.1,0.1,656.6,787.92,198.969696969697,20.685000000000002
0.164,0.606,0.319,2.09,4.039,3.525,0.4,0.4,0.1,0.1,392.6,471.12,118.96969696969698,27.54
0.4,1.375,0.407,3.252,0.06,2.484,0.4,0.4,0.1,0.1,587.5,705.0,178.03030303030303,24.0
0.798,1.094,0.742,0.586,0.619,3.051,0.4,0.4,0.1,0.1,758.4,910.0799999999999,229.8181818181818,18.03
0.289,1.367,0.638,1.482,2.954,4.932,0.4,0.4,0.1,0.1,531.2,637.44,160.969696969697,25.665
0.87,0.978,0.43,4.074,3.151,4.391,0.4,0.4,0.1,0.1,782.8,939.3599999999999,237.21212121212122,16.95
1.137,1.201,0.635,0.188,2.494,1.093,0.4,0.4,0.1,0.1,938.6,1126.32,284.42424242424244,12.945
1.378,1.077,0.282,3.879,3.885,1.45,0.4,0.4,0.1,0.1,1046.7,1256.04,317.1818181818182,9.330000000000002
1.231,0.254,0.369,3.474,3.586,3.541,0.4,0.4,0.1,0.1,890.9,1069.08,269.969696969697,11.535
0.172,0.527,1.313,0.606,3.066,3.024,0.4,0.4,0.1,0.1,388.7,466.43999999999994,117.7878787878788,27.42
0.622,0.706,1.015,3.758,1.828,2.422,0.4,0.4,0.1,0.1,631.6,757.92,191.3939393939394,20.67
0.15,0.429,0.827,2.764,3.492,1.809,0.4,0.4,0.1,0.1,367.9,441.47999999999996,111.48484848484848,27.75
0.628,1.383,0.332,4.859,0.066,4.582,0.4,0.4,0.1,0.1,702.3,842.7599999999999,212.8181818181818,20.58
1.002,1.351,1.305,1.527,0.779,2.156,0.4,0.4,0.1,0.1,886.1,1063.32,268.51515151515156,14.97
0.138,0.354,1.459,2.216,1.469,1.462,0.4,0.4,0.1,0.1,354.4,425.28,107.39393939393939,27.93
0.635,0.659,0.551,0.313,4.515,2.317,0.4,0.4,0.1,0.1,633.4,760.0799999999999,191.93939393939394,20.475
1.133,1.101,0.165,4.912,0.344,0.206,0.4,0.4,0.1,0.1,926.6,1111.92,280.7878787878788,13.004999999999999
1.096,0.581,0.3,3.259,4.319,4.214,0.4,0.4,0.1,0.1,856.1,1027.32,259.42424242424244,13.559999999999999
0.337,1.136,1.163,2.146,3.067,0.024,0.4,0.4,0.1,0.1,532.1,638.52,161.24242424242425,24.945
0.535,1.473,0.238,2.312,2.463,2.307,0.4,0.4,0.1,0.1,664.8,797.7599999999999,201.45454545454544,21.975
1.428,1.382,1.459,0.662,4.214,4.984,0.4,0.4,0.1,0.1,1102.2,1322.64,334.00000000000006,8.580000000000002
0.672,0.685,0.516,2.087,3.885,1.44,0.4,0.4,0.1,0.1,654.5,785.4,198.33333333333334,19.92
1.293,0.281,0.776,1.309,3.005,0.235,0.4,0.4,0.1,0.1,924.6,1109.52,280.1818181818182,10.605
0.385,0.675,1.36,2.39,2.413,2.426,0.4,0.4,0.1,0.1,510.0,612.0,154.54545454545456,24.225
0.217,1.223,0.656,2.016,1.442,2.539,0.4,0.4,0.1,0.1,480.8,576.96,145.69696969696972,26.745
0.403,1.456,0.33,0.096,4.454,4.874,0.4,0.4,0.1,0.1,597.1,716.52,180.93939393939397,23.955
1.353,0.151,1.351,3.614,4.775,2.01,0.4,0.4,0.1,0.1,941.6,1129.92,285.33333333333337,9.705000000000002
0.745,1.19,0.127,1.317,4.209,0.396,0.4,0.4,0.1,0.1,741.5,889.8,224.69696969696972,18.825
0.16,1.081,0.256,2.182,1.529,4.4,0.4,0.4,0.1,0.1,438.1,525.72,132.75757575757578,27.6
0.167,0.749,0.331,3.872,0.251,0.844,0.4,0.4,0.1,0.1,408.4,490.0799999999999,123.75757575757575,27.495
0.472,1.273,0.855,3.472,4.792,0.593,0.4,0.4,0.1,0.1,613.3,735.9599999999999,185.84848484848484,22.92
0.982,1.181,0.101,3.254,2.285,2.212,0.4,0.4,0.1,0.1,859.1,1030.92,260.33333333333337,15.27
0.176,1.016,1.078,0.833,2.087,2.428,0.4,0.4,0.1,0.1,439.6,527.52,133.21212121212122,27.36
0.527,1.162,0.13,0.937,4.127,2.599,0.4,0.4,0.1,0.1,629.7,755.64,190.81818181818184,22.095
1.294,0.192,0.618,2.5,0.863,3.009,0.4,0.4,0.1,0.1,916.2,1099.44,277.6363636363637,10.59
1.068,0.186,0.133,1.667,2.276,4.188,0.4,0.4,0.1,0.1,802.6,963.12,243.21212121212122,13.98
1.18,0.127,0.721,0.964,0.019,3.68,0.4,0.4,0.1,0.1,852.7,1023.24,258.39393939393943,12.3
1.222,0.306,0.842,1.856,4.871,4.789,0.4,0.4,0.1,0.1,891.6,1069.92,270.1818181818182,11.670000000000002
1.045,1.192,0.264,3.234,4.169,0.795,0.4,0.4,0.1,0.1,891.7,1070.04,270.21212121212125,14.325000000000001
1.312,1.25,1.122,3.539,3.268,1.441,0.4,0.4,0.1,0.1,1031.0,1237.2,312.42424242424244,10.32
1.252,1.399,0.367,0.989,4.975,4.076,0.4,0.4,0.1,0.1,1015.9,1219.08,307.8484848484849,11.219999999999999
0.272,0.199,0.519,3.805,0.837,0.248,0.4,0.4,0.1,0.1,405.9,487.0799999999999,123.0,25.92
0.527,0.232,1.045,2.766,1.735,4.672,0.4,0.4,0.1,0.1,536.7,644.0400000000001,162.63636363636365,22.095
1.07,1.407,1.372,3.274,1.641,2.631,0.4,0.4,0.1,0.1,925.7,1110.84,280.51515151515156,13.95
0.254,1.47,0.913,1.734,0.151,0.948,0.4,0.4,0.1,0.1,524.0,628.8,158.7878787878788,26.19
0.519,0.118,0.558,1.58,0.9,2.767,0.4,0.4,0.1,0.1,521.3,625.56,157.96969696969697,22.215
1.417,0.845,0.712,4.728,1.668,4.089,0.4,0.4,0.1,0.1,1043.0,1251.6,316.06060606060606,8.745000000000001
0.828,1.442,0.159,0.254,3.789,0.572,0.4,0.4,0.1,0.1,808.2,969.84,244.90909090909093,17.58
1.068,1.01,1.296,1.875,4.37,0.989,0.4,0.4,0.1,0.1,885.0,1062.0,268.1818181818182,13.98
1.183,1.125,0.11,1.411,0.583,1.407,0.4,0.4,0.1,0.1,954.0,1144.8,289.0909090909091,12.254999999999999
0.858,0.626,0.487,1.827,1.48,2.853,0.4,0.4,0.1,0.1,741.6,889.92,224.72727272727275,17.130000000000003
0.29,0.27,1.36,2.713,1.932,4.111,0.4,0.4,0.1,0.1,422.0,506.4,127.87878787878789,25.65
0.911,1.098,1.302,0.302,3.296,1.991,0.4,0.4,0.1,0.1,815.3,978.3599999999999,247.06060606060606,16.335
0.149,0.768,0.412,1.516,1.031,1.286,0.4,0.4,0.1,0.1,401.3,481.56,121.60606060606061,27.765
1.255,1.166,0.411,1.916,4.198,3.833,0.4,0.4,0.1,0.1,994.1,1192.92,301.24242424242425,11.175
0.693,1.129,0.757,2.66,2.796,3.366,0.4,0.4,0.1,0.1,709.4,851.28,214.96969696969697,19.605
0.321,0.8,1.451,3.466,2.888,3.662,0.4,0.4,0.1,0.1,490.5,588.6,148.63636363636365,25.185
1.102,0.45,0.647,3.222,2.413,3.995,0.4,0.4,0.1,0.1,846.0,1015.1999999999999,256.3636363636364,13.469999999999999
1.176,1.31,0.148,4.628,4.312,2.609,0.4,0.4,0.1,0.1,969.0,1162.8,293.6363636363636,12.36
0.523,0.302,0.195,3.759,2.631,2.019,0.4,0.4,0.1,0.1,541.7,650.0400000000001,164.15151515151518,22.155
0.222,0.856,1.447,2.451,0.958,0.907,0.4,0.4,0.1,0.1,446.6,535.92,135.33333333333334,26.67
1.485,0.342,0.712,1.715,0.057,4.036,0.4,0.4,0.1,0.1,1026.7,1232.04,311.1212121212121,7.724999999999998
1.15,0.867,1.25,0.729,2.262,2.958,0.4,0.4,0.1,0.1,911.7,1094.04,276.2727272727273,12.75
1.122,1.42,1.456,0.496,3.393,2.534,0.4,0.4,0.1,0.1,953.0,1143.6,288.7878787878788,13.169999999999998
0.259,1.408,1.168,4.76,1.58,3.719,0.4,0.4,0.1,0.1,520.3,624.3599999999999,157.66666666666666,26.115
1.425,0.583,0.822,1.377,0.089,3.948,0.4,0.4,0.1,0.1,1020.8,1224.9599999999998,309.3333333333333,8.625
0.173,1.494,1.23,3.545,0.017,0.157,0.4,0.4,0.1,0.1,485.9,583.0799999999999,147.24242424242425,27.405
1.417,0.579,1.045,3.887,0.381,1.353,0.4,0.4,0.1,0.1,1016.4,1219.6799999999998,308.0,8.745000000000001
0.913,1.326,0.296,1.62,4.154,1.931,0.4,0.4,0.1,0.1,839.1,1006.92,254.27272727272728,16.305
0.895,0.443,1.021,1.782,4.746,4.528,0.4,0.4,0.1,0.1,741.8,890.16,224.78787878787878,16.575
1.411,1.2,1.141,3.499,1.971,4.818,0.4,0.4,0.1,0.1,1075.5,1290.6,325.90909090909093,8.835
0.492,0.972,0.343,1.886,0.521,1.684,0.4,0.4,0.1,0.1,593.2,711.84,179.75757575757578,22.62
1.22,0.245,0.926,0.931,4.44,2.877,0.4,0.4,0.1,0.1,884.5,1061.3999999999999,268.03030303030306,11.7
0.937,0.15,0.162,0.884,0.287,1.959,0.4,0.4,0.1,0.1,733.5,880.1999999999999,222.27272727272728,15.944999999999999
0.374,0.595,1.155,1.689,1.327,2.41,0.4,0.4,0.1,0.1,496.5,595.8,150.45454545454547,24.39
0.321,1.455,0.366,2.223,2.166,3.227,0.4,0.4,0.1,0.1,556.0,667.1999999999999,168.4848484848485,25.185
0.309,1.224,0.232,4.45,4.31,0.522,0.4,0.4,0.1,0.1,526.9,632.28,159.66666666666666,25.365000000000002
0.995,0.527,1.27,3.397,4.11,3.178,0.4,0.4,0.1,0.1,800.2,960.24,242.4848484848485,15.075
1.449,0.615,0.389,2.871,1.893,1.07,0.4,0.4,0.1,0.1,1036.0,1243.2,313.93939393939394,8.265
0.964,0.375,1.092,4.732,1.22,3.248,0.4,0.4,0.1,0.1,769.5,923.4,233.1818181818182,15.540000000000001
0.214,0.837,0.472,0.527,2.845,0.289,0.4,0.4,0.1,0.1,440.7,528.8399999999999,133.54545454545456,26.79
0.716,1.354,0.876,0.037,1.61,4.309,0.4,0.4,0.1,0.1,743.4,892.0799999999999,225.27272727272728,19.259999999999998
1.274,0.222,0.579,1.42,1.267,4.022,0.4,0.4,0.1,0.1,909.2,1091.04,275.51515151515156,10.89
1.257,0.747,1.205,2.191,0.718,3.842,0.4,0.4,0.1,0.1,953.2,1143.84,288.8484848484849,11.145000000000003
1.4,0.164,1.072,3.662,0.646,3.379,0.4,0.4,0.1,0.1,966.4,1159.6799999999998,292.8484848484849,9.0
0.593,0.61,1.274,4.76,0.596,1.758,0.4,0.4,0.1,0.1,607.5,729.0,184.0909090909091,21.105
0.177,1.259,0.674,1.684,0.494,4.792,0.4,0.4,0.1,0.1,464.4,557.28,140.72727272727272,27.345
1.238,0.969,0.339,4.016,4.973,2.87,0.4,0.4,0.1,0.1,965.9,1159.08,292.6969696969697,11.43
1.475,0.645,1.218,3.85,3.524,4.916,0.4,0.4,0.1,0.1,1052.0,1262.3999999999999,318.7878787878788,7.875
1.494,1.367,0.944,4.812,4.767,3.289,0.4,0.4,0.1,0.1,1133.7,1360.44,343.54545454545456,7.59
1.139,0.17,0.99,4.347,2.562,1.164,0.4,0.4,0.1,0.1,836.5,1003.8,253.4848484848485,12.915
1.191,0.135,0.397,0.903,0.279,2.059,0.4,0.4,0.1,0.1,859.0,1030.8,260.3030303030303,12.134999999999998
1.134,0.797,1.193,3.193,2.069,3.955,0.4,0.4,0.1,0.1,896.7,1076.04,271.72727272727275,12.990000000000002
0.26,0.822,0.891,2.368,1.261,0.356,0.4,0.4,0.1,0.1,462.2,554.64,140.06060606060606,26.1
1.271,1.398,0.751,0.352,3.499,0.301,0.4,0.4,0.1,0.1,1025.3,1230.36,310.6969696969697,10.935000000000002
1.102,0.694,0.206,2.532,0.781,2.955,0.4,0.4,0.1,0.1,870.4,1044.48,263.75757575757575,13.469999999999999
0.982,0.319,0.791,0.109,3.663,2.054,0.4,0.4,0.1,0.1,772.9,927.4799999999999,234.21212121212122,15.27
0.246,0.487,0.876,3.507,2.183,4.81,0.4,0.4,0.1,0.1,421.7,506.03999999999996,127.7878787878788,26.31
1.402,1.16,0.353,1.101,1.128,3.981,0.4,0.4,0.1,0.1,1067.0,1280.3999999999999,323.33333333333337,8.970000000000002
0.89,1.274,0.234,4.434,2.214,3.046,0.4,0.4,0.1,0.1,822.4,986.8799999999999,249.21212121212122,16.65
0.153,1.412,0.306,3.81,4.222,3.371,0.4,0.4,0.1,0.1,467.7,561.24,141.72727272727272,27.705
0.218,0.552,0.4,1.016,3.099,2.089,0.4,0.4,0.1,0.1,414.2,497.03999999999996,125.51515151515152,26.73
0.157,0.427,0.764,3.292,2.838,1.693,0.4,0.4,0.1,0.1,371.2,445.44,112.48484848484848,27.645
1.08,0.74,0.215,3.094,0.692,2.882,0.4,0.4,0.1,0.1,864.0,1036.8,261.8181818181818,13.799999999999997
0.997,1.488,1.066,4.384,0.936,3.914,0.4,0.4,0.1,0.1,897.3,1076.76,271.90909090909093,15.045
1.476,0.994,0.428,2.517,2.309,0.318,0.4,0.4,0.1,0.1,1087.4,1304.88,329.51515151515156,7.859999999999999
1.237,1.167,0.737,1.506,1.858,3.654,0.4,0.4,0.1,0.1,985.2,1182.24,298.54545454545456,11.445
1.466,0.242,0.651,1.858,3.466,2.157,0.4,0.4,0.1,0.1,1007.2,1208.64,305.21212121212125,8.010000000000002
0.198,0.296,1.3,1.442,4.615,0.416,0.4,0.4,0.1,0.1,378.6,454.32,114.72727272727273,27.03
1.431,0.845,1.093,3.157,1.338,4.137,0.4,0.4,0.1,0.1,1050.0,1260.0,318.1818181818182,8.535
0.293,0.409,0.453,4.718,0.053,1.441,0.4,0.4,0.1,0.1,437.4,524.88,132.54545454545453,25.605
1.422,0.947,0.27,1.167,3.982,0.398,0.4,0.4,0.1,0.1,1055.7,1266.84,319.90909090909093,8.670000000000002
1.266,0.94,0.569,2.129,0.204,3.548,0.4,0.4,0.1,0.1,977.0,1172.3999999999999,296.06060606060606,11.009999999999998
0.521,0.323,0.841,0.976,4.474,2.302,0.4,0.4,0.1,0.1,542.8,651.3599999999999,164.48484848484847,22.185
0.183,1.367,0.514,0.305,4.75,3.27,0.4,0.4,0.1,0.1,478.2,573.8399999999999,144.9090909090909,27.255
0.385,1.287,0.361,2.76,4.583,0.495,0.4,0.4,0.1,0.1,571.2,685.44,173.09090909090912,24.225
0.948,0.74,1.428,0.281,3.476,1.848,0.4,0.4,0.1,0.1,798.0,957.5999999999999,241.81818181818184,15.780000000000001
1.15,1.075,1.371,2.255,1.239,4.432,0.4,0.4,0.1,0.1,932.5,1119.0,282.57575757575756,12.75
1.358,1.04,1.345,1.564,3.559,4.511,0.4,0.4,0.1,0.1,1033.0,1239.6,313.03030303030306,9.629999999999999
0.974,1.163,0.885,3.069,3.021,0.232,0.4,0.4,0.1,0.1,853.3,1023.9599999999999,258.57575757575756,15.39
0.99,0.909,0.784,3.256,4.448,3.876,0.4,0.4,0.1,0.1,835.9,1003.0799999999999,253.3030303030303,15.15
0.736,1.091,0.756,2.41,0.805,0.891,0.4,0.4,0.1,0.1,727.1,872.52,220.33333333333334,18.96
0.671,1.311,0.327,3.754,4.359,4.476,0.4,0.4,0.1,0.1,716.6,859.92,217.15151515151518,19.935
0.54,0.213,1.045,0.139,2.593,0.9,0.4,0.4,0.1,0.1,541.3,649.56,164.03030303030303,21.9
0.71,0.988,1.161,1.52,2.348,4.249,0.4,0.4,0.1,0.1,703.8,844.56,213.27272727272728,19.35
0.653,0.728,1.235,3.199,0.061,2.587,0.4,0.4,0.1,0.1,649.3,779.16,196.75757575757575,20.205
0.95,0.748,0.844,4.214,4.307,0.506,0.4,0.4,0.1,0.1,799.8,959.7599999999999,242.36363636363637,15.75
0.804,1.277,0.657,4.32,4.444,1.034,0.4,0.4,0.1,0.1,779.7,935.64,236.2727272727273,17.939999999999998
0.243,0.137,0.966,1.25,0.088,1.09,0.4,0.4,0.1,0.1,385.2,462.23999999999995,116.72727272727273,26.355
0.638,0.421,0.384,4.005,3.078,1.36,0.4,0.4,0.1,0.1,611.1,733.32,185.1818181818182,20.43
1.395,1.042,0.171,3.797,4.737,1.451,0.4,0.4,0.1,0.1,1051.7,1262.04,318.69696969696975,9.075
1.009,0.572,0.439,1.836,2.793,3.523,0.4,0.4,0.1,0.1,811.7,974.04,245.969696969697,14.865000000000002
0.437,0.143,0.769,4.368,1.668,1.301,0.4,0.4,0.1,0.1,482.8,579.36,146.3030303030303,23.445
1.275,0.888,0.206,1.489,4.307,0.148,0.4,0.4,0.1,0.1,976.3,1171.56,295.8484848484849,10.875
0.384,1.017,0.334,1.456,1.938,4.668,0.4,0.4,0.1,0.1,543.7,652.44,164.75757575757578,24.240000000000002
1.222,0.536,1.132,3.92,0.92,2.584,0.4,0.4,0.1,0.1,914.6,1097.52,277.1515151515152,11.670000000000002
0.622,0.692,0.65,3.029,4.285,3.143,0.4,0.4,0.1,0.1,630.2,756.24,190.969696969697,20.67
0.215,0.637,0.934,3.343,1.862,0.363,0.4,0.4,0.1,0.1,421.2,505.43999999999994,127.63636363636364,26.775
0.71,0.807,0.554,4.892,4.493,3.068,0.4,0.4,0.1,0.1,685.7,822.84,207.7878787878788,19.35
0.365,0.281,1.48,3.795,1.042,4.153,0.4,0.4,0.1,0.1,460.6,552.72,139.5757575757576,24.525
0.81,0.659,0.704,1.132,1.46,1.765,0.4,0.4,0.1,0.1,720.9,865.0799999999999,218.45454545454547,17.85
1.073,1.441,1.028,2.949,0.045,2.762,0.4,0.4,0.1,0.1,930.6,1116.72,282.0,13.905000000000001
0.679,1.473,0.78,0.174,1.77,4.278,0.4,0.4,0.1,0.1,736.8,884.16,223.27272727272728,19.814999999999998
0.899,0.385,1.419,0.425,2.879,3.977,0.4,0.4,0.1,0.1,738.0,885.6,223.63636363636365,16.515
0.731,1.242,1.491,1.935,0.753,1.896,0.4,0.4,0.1,0.1,739.7,887.64,224.15151515151518,19.035
1.482,0.65,0.703,4.722,0.616,3.836,0.4,0.4,0.1,0.1,1056.0,1267.2,320.0,7.77
0.588,0.434,0.697,4.174,0.383,2.126,0.4,0.4,0.1,0.1,587.4,704.88,178.0,21.18
0.683,0.592,0.741,0.152,3.95,3.232,0.4,0.4,0.1,0.1,650.7,780.84,197.18181818181822,19.755
0.356,0.786,1.158,1.037,3.964,0.024,0.4,0.4,0.1,0.1,506.6,607.92,153.51515151515153,24.66
0.557,0.716,0.23,0.72,3.092,3.309,0.4,0.4,0.1,0.1,600.1,720.12,181.84848484848487,21.645
0.389,0.783,0.387,2.35,2.497,0.395,0.4,0.4,0.1,0.1,522.8,627.3599999999999,158.4242424242424,24.165
0.358,1.136,0.815,1.271,1.775,3.399,0.4,0.4,0.1,0.1,542.6,651.12,164.42424242424244,24.63
0.939,0.196,1.469,1.433,2.392,0.301,0.4,0.4,0.1,0.1,739.1,886.92,223.969696969697,15.915000000000001
0.588,0.743,1.038,3.13,0.977,4.738,0.4,0.4,0.1,0.1,618.3,741.9599999999999,187.36363636363637,21.18
1.338,0.392,0.549,4.347,4.035,2.175,0.4,0.4,0.1,0.1,958.2,1149.84,290.3636363636364,9.93
0.202,1.199,1.23,3.668,1.98,1.417,0.4,0.4,0.1,0.1,470.9,565.0799999999999,142.6969696969697,26.97
0.909,0.441,0.543,1.648,1.58,1.539,0.4,0.4,0.1,0.1,748.6,898.32,226.84848484848487,16.365000000000002
0.25,1.492,1.46,1.666,3.18,4.64,0.4,0.4,0.1,0.1,524.2,629.0400000000001,158.84848484848487,26.25
0.52,1.124,0.998,2.446,4.145,1.554,0.4,0.4,0.1,0.1,622.4,746.88,188.60606060606062,22.2
0.997,1.451,0.609,0.025,4.467,2.546,0.4,0.4,0.1,0.1,893.6,1072.32,270.7878787878788,15.045
1.332,0.728,0.748,0.279,4.519,4.603,0.4,0.4,0.1,0.1,988.8,1186.56,299.6363636363636,10.02
0.633,0.611,0.652,0.798,2.896,2.532,0.4,0.4,0.1,0.1,627.6,753.12,190.1818181818182,20.505
0.75,1.089,1.083,2.213,0.044,0.201,0.4,0.4,0.1,0.1,733.9,880.68,222.3939393939394,18.75
1.441,0.82,0.956,3.476,3.915,3.533,0.4,0.4,0.1,0.1,1052.5,1263.0,318.93939393939394,8.384999999999998
0.232,1.272,1.206,1.299,4.612,0.299,0.4,0.4,0.1,0.1,493.2,591.8399999999999,149.45454545454547,26.52
1.147,0.364,0.474,3.806,4.214,1.07,0.4,0.4,0.1,0.1,859.9,1031.8799999999999,260.57575757575756,12.794999999999998
0.336,0.958,0.976,4.099,0.599,0.694,0.4,0.4,0.1,0.1,513.8,616.56,155.6969696969697,24.96
0.399,0.104,0.595,1.548,4.526,3.022,0.4,0.4,0.1,0.1,459.9,551.88,139.36363636363637,24.015
1.133,0.154,0.598,3.223,3.581,3.369,0.4,0.4,0.1,0.1,831.9,998.28,252.0909090909091,13.004999999999999
1.212,0.733,0.997,0.409,0.372,4.384,0.4,0.4,0.1,0.1,929.3,1115.1599999999999,281.6060606060606,11.82
0.657,0.677,0.352,4.443,1.424,2.06,0.4,0.4,0.1,0.1,646.2,775.44,195.81818181818184,20.145
0.118,0.137,0.23,3.593,0.294,0.108,0.4,0.4,0.1,0.1,322.7,387.23999999999995,97.7878787878788,28.23
1.357,0.168,1.118,2.715,2.697,1.734,0.4,0.4,0.1,0.1,945.3,1134.36,286.45454545454544,9.645
0.394,1.201,1.328,1.451,2.676,0.718,0.4,0.4,0.1,0.1,567.1,680.52,171.84848484848487,24.09
1.366,0.413,0.614,3.203,4.345,0.694,0.4,0.4,0.1,0.1,974.3,1169.1599999999999,295.24242424242425,9.509999999999998
0.191,0.865,0.763,3.039,1.361,4.299,0.4,0.4,0.1,0.1,432.0,518.4,130.9090909090909,27.134999999999998
0.117,1.187,0.833,4.074,2.993,2.277,0.4,0.4,0.1,0.1,427.2,512.64,129.45454545454547,28.245
0.753,0.862,0.521,3.294,0.058,3.326,0.4,0.4,0.1,0.1,712.7,855.24,215.969696969697,18.705
0.757,0.667,0.294,4.542,3.795,0.751,0.4,0.4,0.1,0.1,695.2,834.24,210.66666666666669,18.645
1.273,0.409,0.775,1.051,4.755,0.365,0.4,0.4,0.1,0.1,927.4,1112.8799999999999,281.03030303030306,10.905000000000001
1.234,1.041,1.123,2.734,3.624,0.602,0.4,0.4,0.1,0.1,971.1,1165.32,294.2727272727273,11.490000000000002
1.022,1.249,0.372,0.076,3.631,4.741,0.4,0.4,0.1,0.1,885.9,1063.08,268.45454545454544,14.67
0.338,1.176,0.807,1.291,2.418,4.465,0.4,0.4,0.1,0.1,536.6,643.92,162.60606060606062,24.93
0.247,0.532,1.25,1.556,1.776,0.445,0.4,0.4,0.1,0.1,426.7,512.04,129.3030303030303,26.295
0.487,1.399,0.472,4.758,3.582,4.024,0.4,0.4,0.1,0.1,633.4,760.0799999999999,191.93939393939394,22.695
1.29,1.299,0.295,1.319,3.91,3.019,0.4,0.4,0.1,0.1,1024.9,1229.88,310.5757575757576,10.649999999999999
1.027,1.315,0.752,3.93,0.386,3.641,0.4,0.4,0.1,0.1,895.0,1074.0,271.21212121212125,14.595
0.168,0.169,0.894,4.326,0.594,3.118,0.4,0.4,0.1,0.1,350.9,421.08,106.33333333333333,27.48
1.197,0.613,0.799,2.602,2.234,4.25,0.4,0.4,0.1,0.1,909.8,1091.76,275.6969696969697,12.044999999999998
1.466,0.915,0.934,0.071,4.585,4.192,0.4,0.4,0.1,0.1,1074.5,1289.3999999999999,325.6060606060606,8.010000000000002
0.565,0.848,0.623,2.642,4.112,4.056,0.4,0.4,0.1,0.1,617.3,740.7599999999999,187.06060606060606,21.525
1.049,0.836,0.893,1.721,4.191,3.474,0.4,0.4,0.1,0.1,858.1,1029.72,260.03030303030306,14.265
0.461,0.994,0.816,3.649,0.248,0.91,0.4,0.4,0.1,0.1,579.9,695.88,175.72727272727272,23.085
0.369,0.732,0.271,1.366,1.295,2.744,0.4,0.4,0.1,0.1,507.7,609.24,153.84848484848484,24.465
0.695,0.246,1.269,3.911,2.151,0.911,0.4,0.4,0.1,0.1,622.1,746.52,188.51515151515153,19.575000000000003
0.302,1.098,1.203,0.125,4.455,4.224,0.4,0.4,0.1,0.1,510.8,612.96,154.7878787878788,25.47
0.258,0.588,0.187,4.223,2.987,3.445,0.4,0.4,0.1,0.1,437.8,525.36,132.66666666666669,26.13
0.987,1.316,0.751,3.23,1.96,0.34,0.4,0.4,0.1,0.1,875.1,1050.12,265.1818181818182,15.195
1.195,0.755,1.379,1.024,2.651,4.704,0.4,0.4,0.1,0.1,923.0,1107.6,279.6969696969697,12.075
0.23,0.668,0.541,3.828,0.597,1.763,0.4,0.4,0.1,0.1,431.8,518.16,130.84848484848487,26.55
1.374,0.31,1.127,0.399,0.452,4.661,0.4,0.4,0.1,0.1,968.0,1161.6,293.33333333333337,9.389999999999997
1.188,0.138,1.489,2.297,2.43,4.895,0.4,0.4,0.1,0.1,857.8,1029.36,259.93939393939394,12.18
0.79,0.549,0.915,3.031,1.017,2.946,0.4,0.4,0.1,0.1,699.9,839.88,212.0909090909091,18.15
1.066,0.91,1.296,0.79,1.314,1.748,0.4,0.4,0.1,0.1,874.0,1048.8,264.8484848484849,14.01
0.721,0.644,0.468,4.703,2.597,1.845,0.4,0.4,0.1,0.1,674.9,809.88,204.51515151515153,19.185000000000002
1.039,1.303,0.152,4.83,4.029,1.326,0.4,0.4,0.1,0.1,899.8,1079.76,272.6666666666667,14.415000000000001
0.314,1.035,0.568,3.297,2.385,3.188,0.4,0.4,0.1,0.1,510.5,612.6,154.69696969696972,25.29
1.328,1.429,0.285,1.306,4.528,0.078,0.4,0.4,0.1,0.1,1056.9,1268.28,320.2727272727273,10.079999999999998
0.717,0.882,1.17,2.93,3.351,2.075,0.4,0.4,0.1,0.1,696.7,836.0400000000001,211.12121212121215,19.245
1.04,1.404,0.572,1.442,4.124,4.164,0.4,0.4,0.1,0.1,910.4,1092.48,275.8787878787879,14.399999999999999
0.405,1.207,0.577,3.092,3.346,0.913,0.4,0.4,0.1,0.1,573.2,687.84,173.69696969696972,23.925
0.191,1.298,0.74,0.347,3.466,1.979,0.4,0.4,0.1,0.1,475.3,570.36,144.03030303030303,27.134999999999998
0.673,0.422,1.336,2.085,1.807,0.349,0.4,0.4,0.1,0.1,628.7,754.44,190.51515151515153,19.905
1.131,0.862,1.414,2.283,4.82,3.4,0.4,0.4,0.1,0.1,901.7,1082.04,273.24242424242425,13.035
1.403,1.198,1.35,0.307,4.751,4.283,0.4,0.4,0.1,0.1,1071.3,1285.56,324.6363636363636,8.954999999999998
0.807,1.184,0.334,0.914,2.831,3.728,0.4,0.4,0.1,0.1,771.9,926.28,233.9090909090909,17.895
1.298,1.14,0.15,1.366,1.902,2.235,0.4,0.4,0.1,0.1,1013.0,1215.6,306.969696969697,10.530000000000001
0.103,1.309,0.365,1.537,1.089,4.706,0.4,0.4,0.1,0.1,432.4,518.88,131.03030303030303,28.455
0.796,0.737,0.319,3.915,4.343,1.19,0.4,0.4,0.1,0.1,721.7,866.0400000000001,218.69696969696972,18.06
0.738,0.16,0.987,1.927,2.416,4.46,0.4,0.4,0.1,0.1,635.0,762.0,192.42424242424244,18.93
1.446,0.969,0.105,3.29,3.903,4.441,0.4,0.4,0.1,0.1,1069.9,1283.88,324.21212121212125,8.310000000000002
0.571,0.568,1.282,1.661,2.56,3.652,0.4,0.4,0.1,0.1,592.3,710.7599999999999,179.48484848484847,21.435000000000002
0.404,1.157,1.064,0.252,2.205,1.018,0.4,0.4,0.1,0.1,567.7,681.24,172.03030303030306,23.939999999999998
0.4,1.465,0.377,1.928,1.39,0.657,0.4,0.4,0.1,0.1,596.5,715.8,180.75757575757578,24.0
0.525,0.453,1.245,3.427,0.954,2.963,0.4,0.4,0.1,0.1,557.8,669.3599999999999,169.03030303030303,22.125
0.736,0.203,0.538,3.165,0.803,4.606,0.4,0.4,0.1,0.1,638.3,765.9599999999999,193.4242424242424,18.96
0.359,0.924,0.331,3.637,3.59,2.22,0.4,0.4,0.1,0.1,521.9,626.28,158.15151515151516,24.615000000000002
0.278,0.993,1.007,2.949,0.786,2.731,0.4,0.4,0.1,0.1,488.3,585.96,147.96969696969697,25.83
0.374,0.533,1.424,3.081,2.782,2.51,0.4,0.4,0.1,0.1,490.3,588.36,148.5757575757576,24.39
1.168,1.139,0.265,0.853,2.202,4.748,0.4,0.4,0.1,0.1,947.9,1137.48,287.24242424242425,12.48
0.44,0.749,0.249,4.905,3.858,3.368,0.4,0.4,0.1,0.1,544.9,653.88,165.12121212121212,23.4
1.159,0.397,1.333,4.389,3.367,4.647,0.4,0.4,0.1,0.1,869.2,1043.04,263.39393939393943,12.614999999999998
0.702,0.95,0.567,0.978,4.995,3.635,0.4,0.4,0.1,0.1,696.0,835.1999999999999,210.9090909090909,19.47
0.481,0.312,0.648,0.315,2.211,1.543,0.4,0.4,0.1,0.1,521.7,626.0400000000001,158.09090909090912,22.785
0.239,0.155,0.748,0.876,4.034,3.15,0.4,0.4,0.1,0.1,385.0,462.0,116.66666666666667,26.415
0.944,0.346,0.882,1.455,1.099,1.814,0.4,0.4,0.1,0.1,756.6,907.92,229.27272727272728,15.84
0.989,1.298,0.382,3.345,3.246,4.311,0.4,0.4,0.1,0.1,874.3,1049.1599999999999,264.93939393939394,15.165000000000001
1.339,0.691,0.167,4.607,1.67,1.428,0.4,0.4,0.1,0.1,988.6,1186.32,299.5757575757576,9.915
0.925,0.863,0.499,2.329,0.269,3.13,0.4,0.4,0.1,0.1,798.8,958.56,242.06060606060606,16.125
1.098,0.791,1.479,0.221,0.515,2.269,0.4,0.4,0.1,0.1,878.1,1053.72,266.0909090909091,13.529999999999998
0.634,0.172,1.171,0.984,1.206,2.821,0.4,0.4,0.1,0.1,584.2,701.0400000000001,177.03030303030306,20.490000000000002
0.649,1.382,0.868,2.518,0.107,2.175,0.4,0.4,0.1,0.1,712.7,855.24,215.969696969697,20.265
0.714,0.436,0.273,4.623,1.629,3.542,0.4,0.4,0.1,0.1,650.6,780.72,197.15151515151516,19.29
1.038,0.178,1.2,0.507,3.022,1.802,0.4,0.4,0.1,0.1,786.8,944.1599999999999,238.42424242424244,14.43
0.58,1.271,0.996,3.807,1.976,2.933,0.4,0.4,0.1,0.1,667.1,800.52,202.15151515151516,21.3
0.945,0.279,0.206,0.899,0.571,3.878,0.4,0.4,0.1,0.1,750.4,900.4799999999999,227.3939393939394,15.825000000000001
0.72,1.298,0.141,2.288,3.478,0.857,0.4,0.4,0.1,0.1,739.8,887.7599999999999,224.1818181818182,19.200000000000003
0.118,1.124,0.872,3.71,0.745,1.344,0.4,0.4,0.1,0.1,421.4,505.67999999999995,127.6969696969697,28.23
0.188,0.719,0.443,4.165,4.533,2.499,0.4,0.4,0.1,0.1,415.9,499.0799999999999,126.03030303030303,27.18
0.472,0.583,1.479,1.566,4.188,4.044,0.4,0.4,0.1,0.1,544.3,653.16,164.93939393939394,22.92
1.471,0.683,1.056,1.59,0.984,4.712,0.4,0.4,0.1,0.1,1053.8,1264.56,319.3333333333333,7.934999999999999
0.604,0.798,0.707,1.462,3.026,4.334,0.4,0.4,0.1,0.1,631.8,758.16,191.45454545454544,20.939999999999998
0.708,0.555,0.867,4.317,1.279,0.392,0.4,0.4,0.1,0.1,659.5,791.4,199.84848484848487,19.380000000000003
0.806,0.18,0.773,4.147,1.885,2.014,0.4,0.4,0.1,0.1,671.0,805.1999999999999,203.33333333333334,17.91
1.239,0.114,0.608,2.4,0.787,3.213,0.4,0.4,0.1,0.1,880.9,1057.08,266.93939393939394,11.415
0.484,0.113,1.302,2.988,4.388,4.288,0.4,0.4,0.1,0.1,503.3,603.96,152.51515151515153,22.740000000000002
0.267,1.039,0.129,0.998,4.659,2.839,0.4,0.4,0.1,0.1,487.4,584.88,147.6969696969697,25.995
0.345,1.071,1.13,3.862,4.38,3.998,0.4,0.4,0.1,0.1,529.6,635.52,160.4848484848485,24.825
0.639,0.361,1.256,4.804,0.502,4.789,0.4,0.4,0.1,0.1,605.6,726.72,183.51515151515153,20.415
0.626,0.616,1.284,4.115,4.323,3.631,0.4,0.4,0.1,0.1,624.6,749.52,189.27272727272728,20.61
1.073,1.296,0.175,1.324,1.161,3.343,0.4,0.4,0.1,0.1,916.1,1099.32,277.6060606060606,13.905000000000001
0.584,0.188,0.726,1.221,4.785,3.655,0.4,0.4,0.1,0.1,560.8,672.9599999999999,169.93939393939394,21.240000000000002
0.732,0.954,0.549,0.355,0.323,3.303,0.4,0.4,0.1,0.1,711.4,853.68,215.5757575757576,19.02
0.396,0.634,0.785,0.321,3.524,2.11,0.4,0.4,0.1,0.1,511.4,613.68,154.96969696969697,24.06
0.961,1.293,1.049,3.199,4.526,3.855,0.4,0.4,0.1,0.1,859.8,1031.76,260.54545454545456,15.585
1.135,1.497,0.304,1.331,3.484,1.481,0.4,0.4,0.1,0.1,967.2,1160.64,293.0909090909091,12.975000000000001
0.72,0.284,0.98,1.722,1.82,4.81,0.4,0.4,0.1,0.1,638.4,766.0799999999999,193.45454545454547,19.200000000000003
0.818,0.441,0.398,1.414,3.396,2.551,0.4,0.4,0.1,0.1,703.1,843.72,213.0606060606061,17.73
1.447,1.381,1.186,2.806,0.897,3.508,0.4,0.4,0.1,0.1,1111.6,1333.9199999999998,336.8484848484848,8.294999999999998
0.23,1.07,1.166,0.347,0.743,4.013,0.4,0.4,0.1,0.1,472.0,566.4,143.03030303030303,26.55
0.57,0.51,0.936,1.888,2.708,1.865,0.4,0.4,0.1,0.1,586.0,703.1999999999999,177.5757575757576,21.450000000000003
1.016,0.579,0.916,2.52,3.536,4.565,0.4,0.4,0.1,0.1,815.9,979.0799999999999,247.24242424242425,14.76
1.105,0.947,1.079,4.329,1.278,1.092,0.4,0.4,0.1,0.1,897.2,1076.64,271.87878787878793,13.425
0.451,0.92,0.27,4.906,3.789,3.918,0.4,0.4,0.1,0.1,567.5,681.0,171.96969696969697,23.235
0.802,1.487,0.819,4.789,4.404,1.465,0.4,0.4,0.1,0.1,799.7,959.64,242.33333333333337,17.97
1.114,1.442,0.477,3.609,2.443,4.206,0.4,0.4,0.1,0.1,951.2,1141.44,288.24242424242425,13.29
0.495,0.105,0.335,3.781,1.214,4.922,0.4,0.4,0.1,0.1,508.0,609.6,153.93939393939394,22.575
1.244,0.337,0.838,0.135,1.441,1.056,0.4,0.4,0.1,0.1,905.7,1086.84,274.4545454545455,11.34
0.638,1.143,0.48,0.025,3.732,4.419,0.4,0.4,0.1,0.1,683.3,819.9599999999999,207.06060606060606,20.43
1.311,1.397,0.776,4.972,3.432,3.666,0.4,0.4,0.1,0.1,1045.2,1254.24,316.72727272727275,10.335
0.856,0.888,0.119,0.935,4.496,0.412,0.4,0.4,0.1,0.1,766.8,920.16,232.36363636363637,17.16
0.981,1.325,0.598,3.802,1.563,3.223,0.4,0.4,0.1,0.1,873.0,1047.6,264.54545454545456,15.285
0.864,0.769,1.498,0.061,0.996,2.264,0.4,0.4,0.1,0.1,758.9,910.68,229.96969696969697,17.04
1.346,1.455,1.055,4.871,1.96,0.436,0.4,0.4,0.1,0.1,1068.5,1282.2,323.7878787878788,9.809999999999999
0.647,1.01,0.773,0.023,4.46,2.848,0.4,0.4,0.1,0.1,674.5,809.4,204.3939393939394,20.295
0.847,0.944,0.682,4.989,1.355,3.157,0.4,0.4,0.1,0.1,767.9,921.4799999999999,232.69696969696972,17.295
0.485,0.66,1.378,3.95,0.416,2.005,0.4,0.4,0.1,0.1,558.5,670.1999999999999,169.24242424242425,22.725
0.398,1.235,0.31,3.137,4.624,3.113,0.4,0.4,0.1,0.1,572.5,687.0,173.4848484848485,24.03
0.588,0.879,1.168,1.125,1.657,3.997,0.4,0.4,0.1,0.1,631.9,758.28,191.4848484848485,21.18
1.42,0.441,1.486,1.633,2.322,1.492,0.4,0.4,0.1,0.1,1004.1,1204.92,304.2727272727273,8.700000000000003
0.704,1.213,0.789,1.495,2.011,1.201,0.4,0.4,0.1,0.1,723.3,867.9599999999999,219.1818181818182,19.44
0.747,0.956,0.675,0.125,2.263,0.586,0.4,0.4,0.1,0.1,719.1,862.92,217.90909090909093,18.795
0.281,0.491,1.093,1.811,3.527,4.479,0.4,0.4,0.1,0.1,439.6,527.52,133.21212121212122,25.785
0.392,0.936,0.357,1.398,4.711,2.665,0.4,0.4,0.1,0.1,539.6,647.52,163.51515151515153,24.12
0.42,1.464,0.839,1.335,4.451,4.616,0.4,0.4,0.1,0.1,606.4,727.68,183.75757575757575,23.7
0.215,0.408,0.506,0.178,3.185,4.569,0.4,0.4,0.1,0.1,398.3,477.96,120.6969696969697,26.775
0.841,0.247,0.307,1.096,1.425,1.144,0.4,0.4,0.1,0.1,695.2,834.24,210.66666666666669,17.384999999999998
1.318,0.14,0.926,4.723,0.001,4.822,0.4,0.4,0.1,0.1,923.0,1107.6,279.6969696969697,10.23
0.437,0.145,0.474,4.66,2.99,3.521,0.4,0.4,0.1,0.1,483.0,579.6,146.36363636363637,23.445
1.45,1.431,1.352,2.734,4.274,0.804,0.4,0.4,0.1,0.1,1118.1,1341.7199999999998,338.8181818181818,8.25
1.068,0.483,0.771,4.002,0.269,1.891,0.4,0.4,0.1,0.1,832.3,998.7599999999999,252.21212121212122,13.98
0.645,0.657,0.921,2.147,0.537,4.991,0.4,0.4,0.1,0.1,638.2,765.84,193.3939393939394,20.325
0.93,0.896,1.199,0.153,4.689,3.552,0.4,0.4,0.1,0.1,804.6,965.52,243.81818181818184,16.049999999999997
0.917,0.18,0.849,3.613,2.937,1.269,0.4,0.4,0.1,0.1,726.5,871.8,220.15151515151516,16.244999999999997
0.52,1.492,0.452,0.652,4.528,3.651,0.4,0.4,0.1,0.1,659.2,791.0400000000001,199.75757575757578,22.2
0.259,0.452,1.194,0.909,0.257,2.278,0.4,0.4,0.1,0.1,424.7,509.64,128.6969696969697,26.115
0.379,0.445,1.436,0.899,2.935,0.565,0.4,0.4,0.1,0.1,484.0,580.8,146.66666666666669,24.314999999999998
0.159,1.336,1.097,4.675,3.133,3.256,0.4,0.4,0.1,0.1,463.1,555.72,140.33333333333334,27.615
1.212,1.456,1.168,2.248,4.462,0.86,0.4,0.4,0.1,0.1,1001.6,1201.92,303.51515151515156,11.82
1.165,0.898,1.238,4.745,2.274,4.47,0.4,0.4,0.1,0.1,922.3,1106.76,279.4848484848485,12.524999999999999
1.274,0.51,1.414,2.457,2.242,4.032,0.4,0.4,0.1,0.1,938.0,1125.6,284.24242424242425,10.89
1.447,0.956,0.178,1.77,4.841,0.328,0.4,0.4,0.1,0.1,1069.1,1282.9199999999998,323.96969696969694,8.294999999999998
0.131,0.973,0.516,0.03,4.238,1.249,0.4,0.4,0.1,0.1,412.8,495.36,125.09090909090911,28.035
0.367,1.487,0.244,2.889,2.865,1.4,0.4,0.4,0.1,0.1,582.2,698.64,176.42424242424244,24.495
0.656,0.936,0.251,3.703,3.78,1.478,0.4,0.4,0.1,0.1,671.6,805.92,203.51515151515153,20.16
0.673,0.514,0.716,4.897,1.768,3.977,0.4,0.4,0.1,0.1,637.9,765.4799999999999,193.3030303030303,19.905
1.013,1.172,0.537,2.559,0.745,2.448,0.4,0.4,0.1,0.1,873.7,1048.44,264.7575757575758,14.805000000000001
0.494,1.297,0.655,2.681,0.484,1.78,0.4,0.4,0.1,0.1,626.7,752.0400000000001,189.90909090909093,22.59
1.477,1.27,1.354,1.143,0.481,3.05,0.4,0.4,0.1,0.1,1115.5,1338.6,338.03030303030306,7.844999999999999
0.518,1.076,1.305,3.954,4.526,4.649,0.4,0.4,0.1,0.1,616.6,739.92,186.84848484848487,22.23
1.213,1.191,1.216,4.161,3.442,3.258,0.4,0.4,0.1,0.1,975.6,1170.72,295.6363636363637,11.805
0.935,0.401,0.105,1.285,4.824,1.082,0.4,0.4,0.1,0.1,757.6,909.12,229.5757575757576,15.975
1.004,0.765,1.188,2.658,1.795,1.337,0.4,0.4,0.1,0.1,828.5,994.1999999999999,251.06060606060606,14.94
0.667,0.15,0.929,2.945,4.164,2.855,0.4,0.4,0.1,0.1,598.5,718.1999999999999,181.36363636363637,19.994999999999997
0.522,0.159,0.192,2.469,1.817,2.368,0.4,0.4,0.1,0.1,526.9,632.28,159.66666666666666,22.17
1.286,1.194,0.651,2.842,0.714,4.918,0.4,0.4,0.1,0.1,1012.4,1214.8799999999999,306.7878787878788,10.71
0.344,0.11,0.612,4.924,0.467,2.154,0.4,0.4,0.1,0.1,433.0,519.6,131.21212121212122,24.84
0.101,0.691,1.173,4.276,0.025,4.153,0.4,0.4,0.1,0.1,369.6,443.52000000000004,112.00000000000001,28.485
1.109,1.345,0.79,4.461,3.455,4.221,0.4,0.4,0.1,0.1,939.0,1126.8,284.54545454545456,13.365000000000002
0.356,1.024,0.518,2.699,3.841,3.926,0.4,0.4,0.1,0.1,530.4,636.4799999999999,160.72727272727272,24.66
0.115,1.185,1.113,0.419,1.726,4.528,0.4,0.4,0.1,0.1,426.0,511.2,129.0909090909091,28.275
0.754,0.753,0.46,0.827,0.411,1.371,0.4,0.4,0.1,0.1,702.3,842.7599999999999,212.8181818181818,18.689999999999998
1.078,0.98,0.213,0.814,2.775,2.287,0.4,0.4,0.1,0.1,887.0,1064.3999999999999,268.7878787878788,13.829999999999998
1.212,1.266,1.246,1.469,0.032,3.431,0.4,0.4,0.1,0.1,982.6,1179.12,297.7575757575758,11.82
0.637,1.47,0.877,3.163,1.592,1.075,0.4,0.4,0.1,0.1,715.5,858.6,216.81818181818184,20.445
0.108,0.614,1.274,3.915,4.719,3.676,0.4,0.4,0.1,0.1,365.4,438.47999999999996,110.72727272727272,28.38
0.849,1.018,0.231,3.838,4.164,0.878,0.4,0.4,0.1,0.1,776.3,931.56,235.24242424242425,17.265
0.419,1.31,0.799,2.526,1.35,3.981,0.4,0.4,0.1,0.1,590.5,708.6,178.93939393939394,23.715
0.711,0.22,1.161,1.642,4.677,3.156,0.4,0.4,0.1,0.1,627.5,753.0,190.15151515151516,19.335
0.84,1.496,0.534,0.233,1.555,3.843,0.4,0.4,0.1,0.1,819.6,983.52,248.36363636363637,17.4
0.605,1.135,1.231,1.798,2.159,2.941,0.4,0.4,0.1,0.1,666.0,799.1999999999999,201.81818181818184,20.925
0.954,0.473,0.243,0.312,1.698,3.105,0.4,0.4,0.1,0.1,774.3,929.1599999999999,234.63636363636363,15.690000000000001
0.685,0.962,1.354,1.667,3.73,4.852,0.4,0.4,0.1,0.1,688.7,826.44,208.69696969696972,19.725
0.842,0.258,0.941,2.905,2.016,3.892,0.4,0.4,0.1,0.1,696.8,836.16,211.15151515151516,17.37
1.07,0.236,0.133,4.496,0.122,1.292,0.4,0.4,0.1,0.1,808.6,970.3199999999999,245.03030303030306,13.95
1.091,0.86,1.11,0.929,2.717,0.162,0.4,0.4,0.1,0.1,881.5,1057.8,267.1212121212121,13.635000000000002
0.499,1.257,0.17,4.485,3.831,3.626,0.4,0.4,0.1,0.1,625.2,750.24,189.45454545454547,22.515
0.483,0.352,1.433,1.389,2.849,1.133,0.4,0.4,0.1,0.1,526.7,632.0400000000001,159.60606060606062,22.755
1.164,0.492,0.995,4.719,1.302,0.262,0.4,0.4,0.1,0.1,881.2,1057.44,267.03030303030306,12.540000000000003
0.44,0.621,0.433,3.081,4.653,1.142,0.4,0.4,0.1,0.1,532.1,638.52,161.24242424242425,23.4
0.11,0.963,1.261,2.139,0.458,0.994,0.4,0.4,0.1,0.1,401.3,481.56,121.60606060606061,28.35
0.888,1.093,1.039,0.176,1.198,3.856,0.4,0.4,0.1,0.1,803.3,963.9599999999999,243.42424242424244,16.68
0.608,1.163,0.971,1.967,4.223,1.263,0.4,0.4,0.1,0.1,670.3,804.3599999999999,203.12121212121212,20.880000000000003
0.702,1.365,0.469,2.349,1.946,4.723,0.4,0.4,0.1,0.1,737.5,885.0,223.4848484848485,19.47
1.043,0.261,1.216,3.934,0.836,1.564,0.4,0.4,0.1,0.1,797.6,957.12,241.69696969696972,14.355
1.24,1.014,0.31,3.323,2.082,4.268,0.4,0.4,0.1,0.1,971.4,1165.6799999999998,294.3636363636364,11.399999999999999
0.258,1.001,0.107,1.381,4.612,0.06,0.4,0.4,0.1,0.1,479.1,574.92,145.1818181818182,26.13
1.066,1.308,1.018,0.59,0.475,0.369,0.4,0.4,0.1,0.1,913.8,1096.56,276.90909090909093,14.01
0.961,1.393,0.36,3.925,3.43,4.087,0.4,0.4,0.1,0.1,869.8,1043.76,263.57575757575756,15.585
0.862,1.157,1.211,1.771,2.62,3.061,0.4,0.4,0.1,0.1,796.7,956.04,241.42424242424246,17.07
1.128,1.18,1.271,1.26,2.903,0.076,0.4,0.4,0.1,0.1,932.0,1118.3999999999999,282.42424242424244,13.080000000000002
0.523,0.51,1.226,1.346,3.239,0.234,0.4,0.4,0.1,0.1,562.5,675.0,170.45454545454547,22.155
0.72,1.306,0.707,4.627,1.773,0.87,0.4,0.4,0.1,0.1,740.6,888.72,224.42424242424244,19.200000000000003
1.117,0.215,0.884,3.793,3.272,4.202,0.4,0.4,0.1,0.1,830.0,996.0,251.51515151515153,13.245000000000001
0.289,1.343,0.77,1.65,0.304,3.707,0.4,0.4,0.1,0.1,528.8,634.56,160.24242424242425,25.665
0.386,0.373,0.664,1.551,1.768,2.284,0.4,0.4,0.1,0.1,480.3,576.36,145.54545454545456,24.21
0.302,0.657,0.645,4.994,4.294,3.457,0.4,0.4,0.1,0.1,466.7,560.04,141.42424242424244,25.47
1.2,1.041,1.324,4.949,2.806,2.656,0.4,0.4,0.1,0.1,954.1,1144.92,289.1212121212121,12.0
1.084,0.986,0.561,3.301,0.928,2.635,0.4,0.4,0.1,0.1,890.6,1068.72,269.8787878787879,13.739999999999998
0.751,0.471,1.397,3.074,2.662,2.829,0.4,0.4,0.1,0.1,672.6,807.12,203.81818181818184,18.735
0.188,1.381,0.612,2.629,2.746,2.46,0.4,0.4,0.1,0.1,482.1,578.52,146.0909090909091,27.18
0.663,0.289,0.266,1.982,1.891,4.682,0.4,0.4,0.1,0.1,610.4,732.4799999999999,184.96969696969697,20.055
0.492,0.453,1.135,2.875,4.415,0.873,0.4,0.4,0.1,0.1,541.3,649.56,164.03030303030303,22.62
0.767,0.864,0.8,1.435,0.948,0.378,0.4,0.4,0.1,0.1,719.9,863.88,218.15151515151516,18.494999999999997
1.046,0.441,1.132,2.049,0.928,1.248,0.4,0.4,0.1,0.1,817.1,980.52,247.60606060606062,14.309999999999999
0.214,1.35,1.094,0.859,1.863,0.694,0.4,0.4,0.1,0.1,492.0,590.4,149.0909090909091,26.79
1.065,0.958,0.972,3.855,3.339,1.499,0.4,0.4,0.1,0.1,878.3,1053.9599999999998,266.1515151515151,14.025
1.456,1.083,0.392,2.669,3.212,2.722,0.4,0.4,0.1,0.1,1086.3,1303.56,329.1818181818182,8.16
1.289,0.195,0.441,1.462,2.831,2.663,0.4,0.4,0.1,0.1,914.0,1096.8,276.969696969697,10.665000000000003
0.79,0.204,0.273,1.715,4.747,2.161,0.4,0.4,0.1,0.1,665.4,798.4799999999999,201.63636363636365,18.15
1.312,0.967,1.179,4.027,3.358,3.553,0.4,0.4,0.1,0.1,1002.7,1203.24,303.8484848484849,10.32
0.506,1.163,0.464,0.383,3.04,4.658,0.4,0.4,0.1,0.1,619.3,743.16,187.66666666666666,22.41
1.468,1.21,1.257,3.148,4.881,3.258,0.4,0.4,0.1,0.1,1105.0,1326.0,334.8484848484849,7.98
0.258,1.445,1.42,1.111,2.298,2.685,0.4,0.4,0.1,0.1,523.5,628.1999999999999,158.63636363636365,26.13
0.887,0.71,0.896,2.563,3.157,0.677,0.4,0.4,0.1,0.1,764.5,917.4,231.66666666666669,16.695
0.409,0.22,0.596,4.415,0.101,3.326,0.4,0.4,0.1,0.1,476.5,571.8,144.3939393939394,23.865000000000002
0.765,0.387,0.332,4.381,2.529,1.331,0.4,0.4,0.1,0.1,671.2,805.44,203.3939393939394,18.525
1.122,0.278,0.961,1.029,0.168,3.946,0.4,0.4,0.1,0.1,838.8,1006.56,254.1818181818182,13.169999999999998
0.124,0.403,0.365,1.855,4.298,0.763,0.4,0.4,0.1,0.1,352.3,422.76,106.75757575757576,28.14
1.31,0.924,0.174,1.811,4.877,3.005,0.4,0.4,0.1,0.1,997.4,1196.8799999999999,302.24242424242425,10.349999999999998
1.29,0.899,0.866,1.819,2.88,2.635,0.4,0.4,0.1,0.1,984.9,1181.8799999999999,298.45454545454544,10.649999999999999
1.415,0.63,1.226,4.925,1.938,4.212,0.4,0.4,0.1,0.1,1020.5,1224.6,309.24242424242425,8.774999999999999
0.563,0.223,0.944,1.238,2.305,2.735,0.4,0.4,0.1,0.1,553.8,664.56,167.8181818181818,21.555
0.331,1.339,0.42,0.382,1.505,2.025,0.4,0.4,0.1,0.1,549.4,659.28,166.4848484848485,25.035
0.171,1.273,0.118,1.37,1.668,1.495,0.4,0.4,0.1,0.1,462.8,555.36,140.24242424242425,27.435
0.403,0.225,0.653,1.837,4.387,0.716,0.4,0.4,0.1,0.1,474.0,568.8,143.63636363636365,23.955
0.644,1.04,0.806,1.204,4.206,1.787,0.4,0.4,0.1,0.1,676.0,811.1999999999999,204.84848484848487,20.34
0.597,1.246,1.238,0.28,0.335,4.049,0.4,0.4,0.1,0.1,673.1,807.72,203.969696969697,21.045
0.241,0.371,1.433,0.8,4.871,0.315,0.4,0.4,0.1,0.1,407.6,489.12,123.51515151515153,26.385
0.295,0.631,0.298,2.973,2.585,1.545,0.4,0.4,0.1,0.1,460.6,552.72,139.5757575757576,25.575
1.095,0.675,0.554,1.689,2.279,2.039,0.4,0.4,0.1,0.1,865.0,1038.0,262.1212121212121,13.575
0.746,1.337,0.164,1.271,3.285,3.077,0.4,0.4,0.1,0.1,756.7,908.0400000000001,229.30303030303034,18.810000000000002
1.386,0.246,1.454,4.388,4.132,1.833,0.4,0.4,0.1,0.1,967.6,1161.12,293.21212121212125,9.21
1.053,1.064,0.816,4.918,1.304,4.592,0.4,0.4,0.1,0.1,882.9,1059.48,267.54545454545456,14.205000000000002
0.605,0.598,0.507,1.066,4.693,2.974,0.4,0.4,0.1,0.1,612.3,734.7599999999999,185.54545454545453,20.925
1.288,0.562,1.343,0.601,3.81,2.739,0.4,0.4,0.1,0.1,950.2,1140.24,287.939393939394,10.68
1.373,0.448,0.328,4.388,1.992,1.133,0.4,0.4,0.1,0.1,981.3,1177.56,297.3636363636364,9.405000000000001
0.965,0.464,0.801,0.31,2.614,3.419,0.4,0.4,0.1,0.1,778.9,934.68,236.03030303030303,15.525
1.257,0.72,1.316,0.434,1.836,1.181,0.4,0.4,0.1,0.1,950.5,1140.6,288.03030303030306,11.145000000000003
0.577,0.11,1.449,1.519,1.933,0.366,0.4,0.4,0.1,0.1,549.5,659.4,166.51515151515153,21.345
0.706,1.056,0.199,0.053,1.731,0.522,0.4,0.4,0.1,0.1,708.6,850.32,214.72727272727275,19.41
1.481,1.482,1.09,1.669,0.337,3.28,0.4,0.4,0.1,0.1,1138.7,1366.44,345.0606060606061,7.785
0.989,0.812,1.47,2.764,2.797,1.3,0.4,0.4,0.1,0.1,825.7,990.84,250.21212121212125,15.165000000000001
0.987,0.778,0.512,1.835,3.171,0.295,0.4,0.4,0.1,0.1,821.3,985.56,248.87878787878788,15.195
0.116,0.241,0.376,3.822,0.192,0.899,0.4,0.4,0.1,0.1,332.1,398.52000000000004,100.63636363636365,28.26
1.447,0.14,0.296,3.146,3.242,3.249,0.4,0.4,0.1,0.1,987.5,1185.0,299.24242424242425,8.294999999999998
1.408,1.29,0.553,1.406,3.208,4.599,0.4,0.4,0.1,0.1,1083.0,1299.6,328.1818181818182,8.880000000000003
1.028,0.495,0.694,3.911,2.961,0.214,0.4,0.4,0.1,0.1,813.5,976.1999999999999,246.51515151515153,14.58
0.269,1.487,0.265,2.985,2.761,2.243,0.4,0.4,0.1,0.1,533.2,639.84,161.5757575757576,25.965
1.209,0.422,1.314,0.804,4.397,0.708,0.4,0.4,0.1,0.1,896.7,1076.04,271.72727272727275,11.864999999999998
1.187,0.578,1.007,2.84,3.343,3.267,0.4,0.4,0.1,0.1,901.3,1081.56,273.1212121212121,12.195
1.38,0.383,1.185,0.182,3.884,3.143,0.4,0.4,0.1,0.1,978.3,1173.9599999999998,296.45454545454544,9.3
0.614,1.407,1.119,0.368,4.695,2.215,0.4,0.4,0.1,0.1,697.7,837.24,211.42424242424244,20.79
1.158,0.488,0.845,2.357,1.358,1.877,0.4,0.4,0.1,0.1,877.8,1053.36,266.0,12.630000000000003
0.767,0.595,0.267,1.647,1.584,3.585,0.4,0.4,0.1,0.1,693.0,831.6,210.0,18.494999999999997
0.216,1.421,0.232,3.488,4.967,4.46,0.4,0.4,0.1,0.1,500.1,600.12,151.54545454545456,26.76
1.183,0.819,0.852,0.108,3.885,2.022,0.4,0.4,0.1,0.1,923.4,1108.08,279.8181818181818,12.254999999999999
0.422,0.347,0.219,4.207,1.089,4.726,0.4,0.4,0.1,0.1,495.7,594.8399999999999,150.21212121212122,23.67
0.118,1.23,0.378,0.136,2.674,2.046,0.4,0.4,0.1,0.1,432.0,518.4,130.9090909090909,28.23
0.911,0.83,1.265,0.21,4.895,3.788,0.4,0.4,0.1,0.1,788.5,946.1999999999999,238.93939393939397,16.335
0.408,1.195,0.244,3.039,1.449,0.881,0.4,0.4,0.1,0.1,573.5,688.1999999999999,173.7878787878788,23.880000000000003
1.435,0.829,1.376,2.949,3.295,1.96,0.4,0.4,0.1,0.1,1050.4,1260.48,318.30303030303037,8.474999999999998
0.169,1.473,0.464,4.138,2.347,2.364,0.4,0.4,0.1,0.1,481.8,578.16,146.0,27.465
0.94,1.331,1.26,2.594,2.518,2.749,0.4,0.4,0.1,0.1,853.1,1023.72,258.51515151515156,15.9
0.535,0.985,1.238,3.101,3.488,0.052,0.4,0.4,0.1,0.1,616.0,739.1999999999999,186.66666666666669,21.975
0.129,1.084,0.989,2.717,4.521,4.636,0.4,0.4,0.1,0.1,422.9,507.47999999999996,128.15151515151516,28.065
1.324,0.579,1.19,2.62,3.589,0.769,0.4,0.4,0.1,0.1,969.9,1163.8799999999999,293.90909090909093,10.14
1.164,1.454,0.128,0.377,4.342,2.031,0.4,0.4,0.1,0.1,977.4,1172.8799999999999,296.1818181818182,12.540000000000003
1.156,0.243,1.004,2.706,4.41,1.078,0.4,0.4,0.1,0.1,852.3,1022.7599999999999,258.27272727272725,12.66
0.265,1.253,0.513,0.29,4.188,0.716,0.4,0.4,0.1,0.1,507.79999999999995,609.3599999999999,153.87878787878788,26.025
1.182,0.456,0.981,1.825,3.263,2.023,0.4,0.4,0.1,0.1,886.6,1063.92,268.6666666666667,12.27
1.274,1.426,0.339,2.136,1.9,1.201,0.4,0.4,0.1,0.1,1029.6,1235.5199999999998,312.0,10.89
0.774,1.259,0.185,4.797,2.342,4.886,0.4,0.4,0.1,0.1,762.9,915.4799999999999,231.1818181818182,18.39
0.424,1.328,1.146,4.978,1.322,1.019,0.4,0.4,0.1,0.1,594.8,713.7599999999999,180.24242424242425,23.64
0.687,0.352,0.261,3.241,1.664,1.92,0.4,0.4,0.1,0.1,628.7,754.44,190.51515151515153,19.695
0.609,0.825,0.23,4.382,1.434,4.747,0.4,0.4,0.1,0.1,637.0,764.4,193.03030303030303,20.865000000000002
0.578,1.03,0.791,4.418,2.922,2.957,0.4,0.4,0.1,0.1,642.0,770.4,194.54545454545456,21.33
0.167,0.248,1.478,4.054,1.801,3.687,0.4,0.4,0.1,0.1,358.3,429.96,108.57575757575759,27.495
0.273,0.161,0.387,3.845,4.926,1.325,0.4,0.4,0.1,0.1,402.6,483.12,122.00000000000001,25.905
0.745,1.12,0.252,0.731,3.755,4.335,0.4,0.4,0.1,0.1,734.5,881.4,222.5757575757576,18.825
0.193,1.12,0.125,3.487,3.129,3.435,0.4,0.4,0.1,0.1,458.5,550.1999999999999,138.93939393939394,27.105
0.97,0.327,1.098,3.454,1.701,4.656,0.4,0.4,0.1,0.1,767.7,921.24,232.63636363636365,15.450000000000001
0.336,0.564,0.488,0.248,3.864,1.22,0.4,0.4,0.1,0.1,474.4,569.28,143.75757575757575,24.96
0.108,0.359,0.931,4.611,4.267,3.235,0.4,0.4,0.1,0.1,339.9,407.87999999999994,103.0,28.38
0.449,0.798,1.298,2.341,1.576,1.092,0.4,0.4,0.1,0.1,554.3,665.16,167.96969696969697,23.265
0.317,0.784,0.972,3.797,3.701,1.392,0.4,0.4,0.1,0.1,486.9,584.28,147.54545454545453,25.245
0.206,0.661,0.577,0.229,0.075,1.742,0.4,0.4,0.1,0.1,419.1,502.92,127.00000000000001,26.91
0.967,1.268,0.473,0.719,4.488,3.675,0.4,0.4,0.1,0.1,860.3,1032.36,260.6969696969697,15.495000000000001
0.768,0.402,0.539,2.702,2.111,4.888,0.4,0.4,0.1,0.1,674.2,809.0400000000001,204.30303030303034,18.48
0.365,1.409,0.493,3.149,1.75,4.853,0.4,0.4,0.1,0.1,573.4,688.0799999999999,173.75757575757575,24.525
1.111,0.796,1.358,1.598,1.295,0.327,0.4,0.4,0.1,0.1,885.1,1062.12,268.21212121212125,13.335
1.127,0.384,1.01,4.432,1.398,3.501,0.4,0.4,0.1,0.1,851.9,1022.28,258.1515151515152,13.094999999999999
0.778,1.349,0.328,0.101,0.699,1.921,0.4,0.4,0.1,0.1,773.9,928.68,234.51515151515153,18.33
0.304,0.383,0.882,2.547,0.933,4.607,0.4,0.4,0.1,0.1,440.3,528.36,133.42424242424244,25.44
0.319,0.474,0.558,2.883,3.477,3.565,0.4,0.4,0.1,0.1,456.9,548.28,138.45454545454547,25.215
0.566,0.937,0.736,1.19,4.462,3.349,0.4,0.4,0.1,0.1,626.7,752.0400000000001,189.90909090909093,21.51
0.333,0.807,1.436,1.896,2.848,1.27,0.4,0.4,0.1,0.1,497.2,596.64,150.66666666666666,25.005
0.182,1.385,0.404,2.785,0.683,1.161,0.4,0.4,0.1,0.1,479.5,575.4,145.3030303030303,27.27
0.66,0.51,1.47,4.861,4.413,1.24,0.4,0.4,0.1,0.1,631.0,757.1999999999999,191.21212121212122,20.1
0.876,0.865,1.189,3.208,1.762,1.212,0.4,0.4,0.1,0.1,774.5,929.4,234.69696969696972,16.86
0.927,0.646,0.289,2.881,0.3,3.068,0.4,0.4,0.1,0.1,778.1,933.72,235.7878787878788,16.095
1.314,0.696,0.285,4.374,3.667,3.017,0.4,0.4,0.1,0.1,976.6,1171.92,295.93939393939394,10.29
0.281,1.375,0.544,3.965,4.978,4.893,0.4,0.4,0.1,0.1,528.0,633.6,160.0,25.785
1.225,1.46,1.173,3.296,0.592,0.713,0.4,0.4,0.1,0.1,1008.5,1210.2,305.6060606060606,11.625
0.433,1.164,1.064,0.159,1.143,4.219,0.4,0.4,0.1,0.1,582.9,699.4799999999999,176.63636363636363,23.505
0.467,1.4,1.435,0.045,1.7,1.874,0.4,0.4,0.1,0.1,623.5,748.1999999999999,188.93939393939394,22.994999999999997
0.912,0.118,0.583,1.858,3.578,2.602,0.4,0.4,0.1,0.1,717.8,861.3599999999999,217.5151515151515,16.32
0.199,0.734,0.394,3.457,2.886,4.454,0.4,0.4,0.1,0.1,422.9,507.47999999999996,128.15151515151516,27.015
1.168,0.428,1.242,2.448,0.294,3.416,0.4,0.4,0.1,0.1,876.8,1052.1599999999999,265.6969696969697,12.48
0.342,1.308,0.161,2.523,4.463,0.426,0.4,0.4,0.1,0.1,551.8,662.16,167.21212121212122,24.869999999999997
1.39,0.218,0.24,3.808,3.563,1.087,0.4,0.4,0.1,0.1,966.8,1160.1599999999999,292.969696969697,9.150000000000002
1.23,1.384,0.345,1.31,3.861,3.057,0.4,0.4,0.1,0.1,1003.4,1204.08,304.06060606060606,11.55
0.9,1.169,0.608,4.492,1.511,4.736,0.4,0.4,0.1,0.1,816.9,980.28,247.54545454545456,16.5
0.914,0.837,1.274,0.879,4.409,1.971,0.4,0.4,0.1,0.1,790.7,948.84,239.60606060606062,16.29
0.64,0.43,0.839,1.518,1.913,0.125,0.4,0.4,0.1,0.1,613.0,735.6,185.75757575757578,20.4
1.345,0.72,1.124,2.162,0.384,1.731,0.4,0.4,0.1,0.1,994.5,1193.3999999999999,301.3636363636364,9.825
0.496,1.204,1.274,4.495,0.217,4.981,0.4,0.4,0.1,0.1,618.4,742.0799999999999,187.3939393939394,22.560000000000002
1.443,0.306,0.249,4.065,2.733,2.515,0.4,0.4,0.1,0.1,1002.1,1202.52,303.6666666666667,8.355
1.188,0.657,0.467,1.385,1.718,2.815,0.4,0.4,0.1,0.1,909.7,1091.64,275.6666666666667,12.18
1.052,0.882,0.884,3.212,2.385,3.515,0.4,0.4,0.1,0.1,864.2,1037.04,261.87878787878793,14.219999999999999
1.092,0.385,0.224,2.294,0.173,0.4,0.4,0.4,0.1,0.1,834.5,1001.4,252.8787878787879,13.619999999999997
1.291,1.236,0.45,1.975,3.324,1.434,0.4,0.4,0.1,0.1,1019.1,1222.92,308.81818181818187,10.635000000000002
1.37,0.985,0.905,2.943,0.944,0.875,0.4,0.4,0.1,0.1,1033.5,1240.2,313.1818181818182,9.45
0.682,1.249,0.537,2.998,3.509,1.534,0.4,0.4,0.1,0.1,715.9,859.0799999999999,216.93939393939394,19.77
0.398,0.645,0.712,0.722,2.588,0.825,0.4,0.4,0.1,0.1,513.5,616.1999999999999,155.60606060606062,24.03
0.126,0.613,1.203,2.146,4.789,0.235,0.4,0.4,0.1,0.1,374.3,449.16,113.42424242424244,28.11
1.144,1.069,1.128,3.683,0.589,4.498,0.4,0.4,0.1,0.1,928.9,1114.6799999999998,281.4848484848485,12.84
1.283,0.725,1.177,1.622,2.159,2.544,0.4,0.4,0.1,0.1,964.0,1156.8,292.1212121212121,10.755000000000003
0.418,0.516,0.881,0.248,2.547,2.179,0.4,0.4,0.1,0.1,510.6,612.72,154.72727272727275,23.73
1.467,0.651,1.396,2.707,2.092,3.206,0.4,0.4,0.1,0.1,1048.6,1258.32,317.75757575757575,7.994999999999997
1.134,1.119,0.933,3.969,4.826,2.784,0.4,0.4,0.1,0.1,928.9,1114.6799999999998,281.4848484848485,12.990000000000002
1.069,0.353,1.084,4.518,2.528,1.352,0.4,0.4,0.1,0.1,819.8,983.7599999999999,248.42424242424244,13.965
0.346,1.301,1.448,3.188,2.317,0.965,0.4,0.4,0.1,0.1,553.1,663.72,167.60606060606062,24.810000000000002
0.43,0.148,0.275,3.736,0.349,0.539,0.4,0.4,0.1,0.1,479.8,575.76,145.3939393939394,23.55
0.128,1.272,0.173,4.384,4.283,3.29,0.4,0.4,0.1,0.1,441.2,529.4399999999999,133.6969696969697,28.08
0.358,0.76,0.151,4.698,3.377,0.881,0.4,0.4,0.1,0.1,505.0,606.0,153.03030303030303,24.63
0.494,0.359,1.354,0.855,4.691,4.182,0.4,0.4,0.1,0.1,532.9,639.4799999999999,161.4848484848485,22.59
0.443,0.962,1.494,2.665,4.169,4.335,0.4,0.4,0.1,0.1,567.7,681.24,172.03030303030306,23.355
0.337,1.484,0.656,4.115,3.26,3.636,0.4,0.4,0.1,0.1,566.9,680.28,171.78787878787878,24.945
1.297,0.143,0.577,1.006,1.046,3.874,0.4,0.4,0.1,0.1,912.8,1095.36,276.6060606060606,10.545000000000002
0.644,0.576,0.869,3.254,4.088,2.417,0.4,0.4,0.1,0.1,629.6,755.52,190.7878787878788,20.34
0.821,0.712,0.565,3.27,4.632,2.919,0.4,0.4,0.1,0.1,731.7,878.0400000000001,221.72727272727275,17.685000000000002
1.328,0.488,0.868,2.943,2.422,2.784,0.4,0.4,0.1,0.1,962.8,1155.36,291.75757575757575,10.079999999999998
1.335,0.43,0.689,3.928,1.279,3.411,0.4,0.4,0.1,0.1,960.5,1152.6,291.06060606060606,9.975000000000001
0.287,0.473,0.932,4.265,0.264,1.276,0.4,0.4,0.1,0.1,440.8,528.96,133.5757575757576,25.695
1.138,0.22,0.188,3.753,3.335,2.397,0.4,0.4,0.1,0.1,841.0,1009.1999999999999,254.84848484848487,12.93
0.324,1.382,0.543,1.011,1.779,4.254,0.4,0.4,0.1,0.1,550.2,660.24,166.72727272727275,25.14
0.886,0.658,0.58,3.721,2.955,0.192,0.4,0.4,0.1,0.1,758.8,910.56,229.93939393939394,16.71
0.774,0.466,1.108,1.086,2.844,0.45,0.4,0.4,0.1,0.1,683.6,820.32,207.15151515151516,18.39
0.917,0.419,1.171,1.916,0.396,0.263,0.4,0.4,0.1,0.1,750.4,900.4799999999999,227.3939393939394,16.244999999999997
1.261,1.159,1.039,2.775,2.448,0.535,0.4,0.4,0.1,0.1,996.4,1195.6799999999998,301.93939393939394,11.085
0.491,0.111,0.863,2.454,0.825,2.497,0.4,0.4,0.1,0.1,506.6,607.92,153.51515151515153,22.634999999999998
0.552,1.262,0.135,0.612,3.665,3.085,0.4,0.4,0.1,0.1,652.2,782.64,197.63636363636365,21.72
0.805,1.413,0.27,1.699,0.429,1.673,0.4,0.4,0.1,0.1,793.8,952.56,240.54545454545453,17.924999999999997
0.857,0.736,0.565,3.631,3.402,2.29,0.4,0.4,0.1,0.1,752.1,902.52,227.90909090909093,17.145
0.655,1.431,1.498,3.95,0.144,1.791,0.4,0.4,0.1,0.1,720.6,864.72,218.36363636363637,20.174999999999997
0.945,0.165,0.445,0.9,0.312,0.561,0.4,0.4,0.1,0.1,739.0,886.8,223.93939393939394,15.825000000000001
0.322,1.366,0.834,0.512,2.305,4.112,0.4,0.4,0.1,0.1,547.6,657.12,165.93939393939397,25.17
0.328,1.042,0.178,0.97,2.042,0.593,0.4,0.4,0.1,0.1,518.2,621.84,157.03030303030306,25.08
1.14,1.173,0.717,1.018,2.131,3.607,0.4,0.4,0.1,0.1,937.3,1124.76,284.03030303030306,12.900000000000002
1.245,1.426,1.256,3.493,2.168,3.003,0.4,0.4,0.1,0.1,1015.1,1218.12,307.6060606060606,11.325
0.982,0.455,0.192,1.882,2.101,4.392,0.4,0.4,0.1,0.1,786.5,943.8,238.33333333333334,15.27
0.716,0.826,0.101,4.412,2.279,3.781,0.4,0.4,0.1,0.1,690.6,828.72,209.27272727272728,19.259999999999998
0.484,1.087,1.174,0.805,3.806,1.143,0.4,0.4,0.1,0.1,600.7,720.84,182.03030303030306,22.740000000000002
0.491,1.101,0.341,2.041,1.553,0.989,0.4,0.4,0.1,0.1,605.6,726.72,183.51515151515153,22.634999999999998
1.424,1.262,0.251,1.101,0.932,3.419,0.4,0.4,0.1,0.1,1088.2,1305.84,329.7575757575758,8.64
0.118,0.873,0.164,3.338,0.29,3.028,0.4,0.4,0.1,0.1,396.3,475.56,120.09090909090911,28.23
0.931,0.813,0.902,4.656,4.862,0.761,0.4,0.4,0.1,0.1,796.8,956.1599999999999,241.45454545454547,16.035
1.251,1.1,1.452,0.137,1.184,3.523,0.4,0.4,0.1,0.1,985.5,1182.6,298.6363636363636,11.235000000000003
0.167,1.403,1.172,4.699,2.334,1.989,0.4,0.4,0.1,0.1,473.8,568.56,143.5757575757576,27.495
1.241,1.109,0.297,2.141,3.894,0.169,0.4,0.4,0.1,0.1,981.4,1177.6799999999998,297.3939393939394,11.384999999999998
1.174,0.224,0.68,1.944,2.452,0.112,0.4,0.4,0.1,0.1,859.4,1031.28,260.42424242424244,12.39
0.844,1.463,1.05,4.001,1.381,4.586,0.4,0.4,0.1,0.1,818.3,981.9599999999999,247.96969696969697,17.34
0.804,1.25,1.263,3.161,2.922,1.252,0.4,0.4,0.1,0.1,777.0,932.4,235.45454545454547,17.939999999999998
0.188,1.156,1.48,0.688,3.288,2.711,0.4,0.4,0.1,0.1,459.6,551.52,139.27272727272728,27.18
0.688,0.51,0.598,3.085,3.24,2.115,0.4,0.4,0.1,0.1,645.0,774.0,195.45454545454547,19.68
1.192,1.331,1.322,4.291,3.703,0.828,0.4,0.4,0.1,0.1,979.1,1174.92,296.69696969696975,12.120000000000001
0.339,0.196,1.125,2.397,4.81,3.602,0.4,0.4,0.1,0.1,439.1,526.92,133.06060606060606,24.915
0.218,0.367,0.419,1.068,2.867,1.269,0.4,0.4,0.1,0.1,395.7,474.84,119.9090909090909,26.73
1.256,1.432,1.13,2.87,1.577,3.126,0.4,0.4,0.1,0.1,1021.2,1225.44,309.4545454545455,11.16
0.579,1.46,0.328,3.669,1.414,4.005,0.4,0.4,0.1,0.1,685.5,822.6,207.72727272727275,21.315
0.683,0.816,1.448,1.329,0.464,3.095,0.4,0.4,0.1,0.1,673.1,807.72,203.969696969697,19.755
0.129,1.422,0.689,1.872,4.123,0.011,0.4,0.4,0.1,0.1,456.7,548.04,138.3939393939394,28.065
0.196,1.307,0.669,1.347,4.112,0.874,0.4,0.4,0.1,0.1,478.7,574.4399999999999,145.06060606060606,27.06
0.248,0.881,0.732,3.596,4.291,1.32,0.4,0.4,0.1,0.1,462.1,554.52,140.03030303030303,26.28
0.607,1.331,1.19,4.706,0.279,4.374,0.4,0.4,0.1,0.1,686.6,823.92,208.0606060606061,20.895
0.457,0.572,1.467,4.741,3.896,1.573,0.4,0.4,0.1,0.1,535.7,642.84,162.33333333333334,23.145
0.459,0.737,0.841,2.203,1.366,2.312,0.4,0.4,0.1,0.1,553.2,663.84,167.63636363636365,23.115
1.187,0.304,0.585,1.789,2.162,1.389,0.4,0.4,0.1,0.1,873.9,1048.6799999999998,264.8181818181818,12.195
0.504,0.269,1.426,2.256,2.591,0.044,0.4,0.4,0.1,0.1,528.9,634.68,160.27272727272728,22.439999999999998
1.214,0.104,0.165,3.114,3.996,4.09,0.4,0.4,0.1,0.1,867.4,1040.8799999999999,262.8484848484849,11.79
0.827,1.492,0.232,4.238,3.999,3.877,0.4,0.4,0.1,0.1,812.7,975.24,246.2727272727273,17.595
0.417,0.225,0.359,2.799,4.462,4.598,0.4,0.4,0.1,0.1,481.0,577.1999999999999,145.75757575757578,23.745
0.648,1.462,0.67,2.223,2.46,2.898,0.4,0.4,0.1,0.1,720.2,864.24,218.24242424242428,20.28
0.785,1.323,0.132,2.928,2.889,4.198,0.4,0.4,0.1,0.1,774.8,929.7599999999999,234.78787878787878,18.225
0.643,0.338,0.995,4.965,2.735,4.742,0.4,0.4,0.1,0.1,605.3,726.3599999999999,183.4242424242424,20.355
1.19,0.726,1.226,1.217,0.495,0.041,0.4,0.4,0.1,0.1,917.6,1101.12,278.06060606060606,12.150000000000002
0.666,1.214,1.419,4.539,4.858,2.799,0.4,0.4,0.1,0.1,704.4,845.28,213.45454545454547,20.009999999999998
0.973,0.96,1.202,3.551,0.395,4.972,0.4,0.4,0.1,0.1,832.5,999.0,252.27272727272728,15.405000000000001
0.404,0.852,1.089,2.852,1.985,0.898,0.4,0.4,0.1,0.1,537.2,644.64,162.7878787878788,23.939999999999998
0.239,0.258,0.288,4.288,3.119,1.867,0.4,0.4,0.1,0.1,395.3,474.36,119.7878787878788,26.415
0.304,1.498,1.015,3.279,0.68,2.484,0.4,0.4,0.1,0.1,551.8,662.16,167.21212121212122,25.44
0.954,0.886,0.775,0.212,1.534,1.976,0.4,0.4,0.1,0.1,815.6,978.72,247.15151515151518,15.690000000000001
1.481,0.246,1.348,1.39,0.687,2.062,0.4,0.4,0.1,0.1,1015.1,1218.12,307.6060606060606,7.785
0.104,1.472,0.478,4.543,2.192,4.787,0.4,0.4,0.1,0.1,449.2,539.04,136.12121212121212,28.44
0.562,0.884,0.763,1.381,4.236,3.788,0.4,0.4,0.1,0.1,619.4,743.28,187.6969696969697,21.57
1.391,0.586,0.737,1.695,0.105,3.826,0.4,0.4,0.1,0.1,1004.1,1204.92,304.2727272727273,9.134999999999998
0.711,1.323,0.731,0.994,2.475,1.137,0.4,0.4,0.1,0.1,737.8,885.3599999999999,223.57575757575756,19.335
0.416,1.285,1.022,1.582,2.944,4.698,0.4,0.4,0.1,0.1,586.5,703.8,177.72727272727275,23.76
1.412,0.878,1.379,2.253,0.157,2.429,0.4,0.4,0.1,0.1,1043.8,1252.56,316.3030303030303,8.82
0.542,1.5,0.602,3.366,3.93,0.847,0.4,0.4,0.1,0.1,671.0,805.1999999999999,203.33333333333334,21.869999999999997
1.049,0.139,0.371,3.266,2.195,4.455,0.4,0.4,0.1,0.1,788.4,946.0799999999999,238.9090909090909,14.265
0.972,0.549,0.142,0.775,1.294,3.946,0.4,0.4,0.1,0.1,790.9,949.0799999999999,239.66666666666669,15.42
0.959,0.136,0.796,2.749,4.026,2.045,0.4,0.4,0.1,0.1,743.1,891.72,225.1818181818182,15.615
1.21,0.264,0.553,0.171,1.594,0.472,0.4,0.4,0.1,0.1,881.4,1057.6799999999998,267.0909090909091,11.850000000000001
0.447,1.47,0.545,0.652,2.088,4.536,0.4,0.4,0.1,0.1,620.5,744.6,188.03030303030303,23.295
0.427,1.268,0.707,4.7,4.734,2.928,0.4,0.4,0.1,0.1,590.3,708.3599999999999,178.87878787878788,23.595
1.42,1.191,0.905,0.456,4.332,0.139,0.4,0.4,0.1,0.1,1079.1,1294.9199999999998,327.0,8.700000000000003
0.892,0.601,0.63,4.732,0.47,3.189,0.4,0.4,0.1,0.1,756.1,907.32,229.12121212121215,16.619999999999997
0.859,0.545,0.29,2.353,4.409,3.883,0.4,0.4,0.1,0.1,734.0,880.8,222.42424242424244,17.115000000000002
1.07,0.911,0.635,2.388,4.508,1.156,0.4,0.4,0.1,0.1,876.1,1051.32,265.4848484848485,13.95
1.02,1.28,0.366,4.96,1.097,3.612,0.4,0.4,0.1,0.1,888.0,1065.6,269.0909090909091,14.7
1.239,0.29,0.956,1.587,1.482,2.351,0.4,0.4,0.1,0.1,898.5,1078.2,272.2727272727273,11.415
1.295,0.645,1.111,2.37,0.389,0.424,0.4,0.4,0.1,0.1,962.0,1154.3999999999999,291.51515151515156,10.575000000000003
0.574,0.795,1.092,0.71,3.427,2.759,0.4,0.4,0.1,0.1,616.5,739.8,186.81818181818184,21.39
0.45,0.586,0.244,0.945,2.876,4.004,0.4,0.4,0.1,0.1,533.6,640.32,161.69696969696972,23.25
0.749,0.706,1.072,4.578,4.923,4.558,0.4,0.4,0.1,0.1,695.1,834.12,210.63636363636365,18.765
0.829,0.637,0.946,2.132,3.61,2.799,0.4,0.4,0.1,0.1,728.2,873.84,220.66666666666669,17.565
0.213,1.042,1.045,2.835,4.276,1.956,0.4,0.4,0.1,0.1,460.7,552.8399999999999,139.60606060606062,26.805
0.297,0.471,1.471,3.055,0.005,4.522,0.4,0.4,0.1,0.1,445.6,534.72,135.03030303030303,25.545
0.914,0.841,0.49,4.718,2.515,1.496,0.4,0.4,0.1,0.1,791.1,949.3199999999999,239.72727272727275,16.29
1.207,1.449,0.959,0.083,4.523,0.771,0.4,0.4,0.1,0.1,998.4,1198.08,302.54545454545456,11.895
0.376,0.44,1.401,0.999,2.705,2.036,0.4,0.4,0.1,0.1,482.0,578.4,146.06060606060606,24.36
0.473,0.19,1.057,2.492,2.9,3.431,0.4,0.4,0.1,0.1,505.5,606.6,153.1818181818182,22.905
0.232,0.241,0.115,4.588,0.496,2.961,0.4,0.4,0.1,0.1,390.1,468.12,118.21212121212123,26.52
0.317,0.292,1.203,1.757,0.483,3.548,0.4,0.4,0.1,0.1,437.7,525.24,132.63636363636363,25.245
1.128,1.428,0.86,4.546,0.03,3.939,0.4,0.4,0.1,0.1,956.8,1148.1599999999999,289.93939393939394,13.080000000000002
1.196,0.429,0.903,2.842,4.149,3.68,0.4,0.4,0.1,0.1,890.9,1069.08,269.969696969697,12.060000000000002
0.842,0.729,0.103,4.851,0.671,1.036,0.4,0.4,0.1,0.1,743.9,892.68,225.42424242424244,17.37
0.389,0.798,1.397,3.804,0.362,1.665,0.4,0.4,0.1,0.1,524.3,629.16,158.87878787878788,24.165
0.955,0.131,0.62,1.014,3.329,0.143,0.4,0.4,0.1,0.1,740.6,888.72,224.42424242424244,15.675
0.669,0.277,1.1,4.546,3.727,0.014,0.4,0.4,0.1,0.1,612.2,734.64,185.51515151515153,19.965
0.125,1.029,1.351,0.46,3.533,4.704,0.4,0.4,0.1,0.1,415.4,498.47999999999996,125.87878787878788,28.125
1.498,0.762,0.855,2.483,0.604,0.174,0.4,0.4,0.1,0.1,1075.2,1290.24,325.81818181818187,7.530000000000001
0.906,0.686,0.178,1.865,0.225,0.758,0.4,0.4,0.1,0.1,771.6,925.92,233.81818181818184,16.41
1.42,0.636,0.94,2.327,2.515,3.75,0.4,0.4,0.1,0.1,1023.6,1228.32,310.1818181818182,8.700000000000003
0.55,0.131,0.994,0.367,2.908,3.208,0.4,0.4,0.1,0.1,538.1,645.72,163.06060606060606,21.75
0.147,1.248,1.101,2.829,3.058,4.608,0.4,0.4,0.1,0.1,448.3,537.96,135.84848484848487,27.795
1.292,1.181,1.12,0.278,2.038,1.139,0.4,0.4,0.1,0.1,1014.1,1216.92,307.3030303030303,10.620000000000001
1.408,0.703,0.865,3.035,2.581,4.71,0.4,0.4,0.1,0.1,1024.3,1229.1599999999999,310.3939393939394,8.880000000000003
0.645,0.422,0.901,2.618,0.012,1.735,0.4,0.4,0.1,0.1,614.7,737.64,186.2727272727273,20.325
1.391,0.365,0.718,1.908,3.786,4.641,0.4,0.4,0.1,0.1,982.0,1178.3999999999999,297.57575757575756,9.134999999999998
0.602,0.15,0.948,4.273,3.062,3.755,0.4,0.4,0.1,0.1,566.0,679.1999999999999,171.51515151515153,20.97
0.371,1.475,1.023,4.666,1.295,0.642,0.4,0.4,0.1,0.1,583.0,699.6,176.66666666666669,24.435000000000002
1.153,0.788,1.408,3.345,3.632,4.883,0.4,0.4,0.1,0.1,905.3,1086.36,274.3333333333333,12.704999999999998
0.516,0.75,1.483,4.87,2.633,4.02,0.4,0.4,0.1,0.1,583.0,699.6,176.66666666666669,22.259999999999998
0.246,1.206,0.614,4.16,4.505,0.459,0.4,0.4,0.1,0.1,493.6,592.32,149.5757575757576,26.31
1.11,1.11,1.295,4.86,1.928,2.707,0.4,0.4,0.1,0.1,916.0,1099.2,277.57575757575756,13.349999999999998
1.307,0.849,0.182,1.702,0.613,0.666,0.4,0.4,0.1,0.1,988.4,1186.08,299.5151515151515,10.395
0.261,0.613,0.302,1.032,0.358,2.505,0.4,0.4,0.1,0.1,441.8,530.16,133.87878787878788,26.085
1.32,0.753,0.975,1.662,3.114,1.405,0.4,0.4,0.1,0.1,985.3,1182.36,298.57575757575756,10.2
0.858,1.299,1.134,2.925,0.378,3.483,0.4,0.4,0.1,0.1,808.9,970.68,245.12121212121212,17.130000000000003
1.345,1.138,1.046,4.741,1.186,0.429,0.4,0.4,0.1,0.1,1036.3,1243.56,314.03030303030306,9.825
0.636,0.119,0.478,2.637,0.877,2.62,0.4,0.4,0.1,0.1,579.9,695.88,175.72727272727272,20.46
0.14,0.542,1.347,0.138,3.42,0.216,0.4,0.4,0.1,0.1,374.2,449.03999999999996,113.39393939393939,27.9
0.166,1.069,1.016,1.015,3.036,2.837,0.4,0.4,0.1,0.1,439.9,527.88,133.3030303030303,27.509999999999998
1.371,0.722,0.384,1.068,4.74,0.431,0.4,0.4,0.1,0.1,1007.7,1209.24,305.3636363636364,9.434999999999999
1.281,0.991,0.216,4.69,3.616,0.079,0.4,0.4,0.1,0.1,989.6,1187.52,299.8787878787879,10.785
0.455,0.111,1.207,2.988,3.473,4.833,0.4,0.4,0.1,0.1,488.6,586.32,148.06060606060606,23.175
1.175,1.163,1.382,1.826,2.177,0.942,0.4,0.4,0.1,0.1,953.8,1144.56,289.03030303030306,12.375
0.946,0.229,1.381,3.592,1.593,0.849,0.4,0.4,0.1,0.1,745.9,895.0799999999999,226.03030303030303,15.81
1.154,0.789,1.349,3.172,4.122,3.389,0.4,0.4,0.1,0.1,905.9,1087.08,274.5151515151515,12.690000000000001
1.444,0.305,0.385,0.453,2.448,4.124,0.4,0.4,0.1,0.1,1002.5,1203.0,303.7878787878788,8.34
0.218,1.327,0.905,0.051,0.058,3.606,0.4,0.4,0.1,0.1,491.7,590.04,149.0,26.73
0.929,1.067,0.252,2.567,4.864,3.926,0.4,0.4,0.1,0.1,821.2,985.44,248.84848484848487,16.064999999999998
0.217,0.95,0.214,4.235,1.516,2.525,0.4,0.4,0.1,0.1,453.5,544.1999999999999,137.42424242424244,26.745
0.724,0.197,0.694,4.031,0.971,3.243,0.4,0.4,0.1,0.1,631.7,758.0400000000001,191.42424242424244,19.14
0.587,0.304,0.537,0.013,3.98,0.507,0.4,0.4,0.1,0.1,573.9,688.68,173.9090909090909,21.195
0.262,0.954,0.406,2.301,0.54,1.899,0.4,0.4,0.1,0.1,476.4,571.68,144.36363636363637,26.07
0.291,1.395,0.59,2.351,0.418,2.773,0.4,0.4,0.1,0.1,535.0,642.0,162.12121212121212,25.635
0.654,0.38,0.146,2.709,0.108,4.248,0.4,0.4,0.1,0.1,615.0,738.0,186.36363636363637,20.189999999999998
0.77,0.73,1.285,1.358,3.96,1.934,0.4,0.4,0.1,0.1,708.0,849.6,214.54545454545456,18.45
0.936,1.026,1.36,2.283,0.458,0.701,0.4,0.4,0.1,0.1,820.6,984.72,248.66666666666669,15.959999999999999
0.154,1.394,0.405,3.747,3.905,0.122,0.4,0.4,0.1,0.1,466.4,559.68,141.33333333333334,27.69
1.04,0.896,0.47,0.232,0.306,4.79,0.4,0.4,0.1,0.1,859.6,1031.52,260.4848484848485,14.399999999999999
1.295,0.849,0.215,3.594,0.255,1.456,0.4,0.4,0.1,0.1,982.4,1178.8799999999999,297.6969696969697,10.575000000000003
1.21,0.348,0.255,0.197,1.576,1.158,0.4,0.4,0.1,0.1,889.8,1067.76,269.6363636363636,11.850000000000001
1.154,1.166,0.255,4.458,3.357,4.525,0.4,0.4,0.1,0.1,943.6,1132.32,285.93939393939394,12.690000000000001
0.78,1.352,0.286,0.56,0.355,3.29,0.4,0.4,0.1,0.1,775.2,930.24,234.90909090909093,18.299999999999997
0.907,1.446,0.134,0.569,3.666,0.229,0.4,0.4,0.1,0.1,848.1,1017.72,257.0,16.395
1.102,1.291,0.585,3.874,3.942,0.51,0.4,0.4,0.1,0.1,930.1,1116.12,281.8484848484849,13.469999999999999
0.734,1.418,0.555,2.659,3.61,0.265,0.4,0.4,0.1,0.1,758.8,910.56,229.93939393939394,18.990000000000002
0.196,1.397,0.395,0.419,3.564,2.951,0.4,0.4,0.1,0.1,487.7,585.24,147.78787878787878,27.06
0.585,1.386,1.426,1.111,3.532,4.911,0.4,0.4,0.1,0.1,681.1,817.32,206.3939393939394,21.225
1.036,0.544,1.194,4.67,3.255,4.664,0.4,0.4,0.1,0.1,822.4,986.8799999999999,249.21212121212122,14.459999999999999
0.859,0.555,0.54,2.258,2.165,1.298,0.4,0.4,0.1,0.1,735.0,882.0,222.72727272727275,17.115000000000002
0.521,0.203,0.193,1.99,0.938,3.127,0.4,0.4,0.1,0.1,530.8,636.9599999999999,160.84848484848484,22.185
0.594,0.156,0.188,2.902,2.284,0.709,0.4,0.4,0.1,0.1,562.6,675.12,170.4848484848485,21.09
0.864,0.318,1.383,2.379,0.721,4.657,0.4,0.4,0.1,0.1,713.8,856.56,216.3030303030303,17.04
1.188,0.936,1.257,3.815,0.759,2.832,0.4,0.4,0.1,0.1,937.6,1125.12,284.1212121212121,12.18
0.475,1.308,1.382,2.145,4.431,4.443,0.4,0.4,0.1,0.1,618.3,741.9599999999999,187.36363636363637,22.875
1.128,1.255,0.699,4.476,2.554,3.041,0.4,0.4,0.1,0.1,939.5,1127.3999999999999,284.6969696969697,13.080000000000002
0.841,0.312,1.163,3.23,0.404,3.415,0.4,0.4,0.1,0.1,701.7,842.0400000000001,212.63636363636365,17.384999999999998
0.624,1.381,1.274,3.29,0.959,3.112,0.4,0.4,0.1,0.1,700.1,840.12,212.15151515151516,20.64
0.431,1.122,0.939,1.724,4.143,1.732,0.4,0.4,0.1,0.1,577.7,693.24,175.0606060606061,23.535
0.184,1.461,0.398,2.203,3.146,2.081,0.4,0.4,0.1,0.1,488.1,585.72,147.90909090909093,27.240000000000002
0.117,0.436,0.998,2.016,1.208,4.103,0.4,0.4,0.1,0.1,352.1,422.52000000000004,106.6969696969697,28.245
0.507,1.466,0.295,4.702,0.214,3.053,0.4,0.4,0.1,0.1,650.1,780.12,197.00000000000003,22.395
1.017,0.626,0.778,0.998,3.906,2.906,0.4,0.4,0.1,0.1,821.1,985.3199999999999,248.81818181818184,14.745000000000001
0.539,0.699,0.811,1.784,3.542,0.297,0.4,0.4,0.1,0.1,589.4,707.28,178.6060606060606,21.915
1.342,1.262,1.019,4.109,4.057,4.891,0.4,0.4,0.1,0.1,1047.2,1256.64,317.33333333333337,9.869999999999997
0.358,0.809,0.984,0.236,3.076,4.415,0.4,0.4,0.1,0.1,509.9,611.88,154.51515151515153,24.63
1.429,1.473,1.339,3.474,1.556,1.882,0.4,0.4,0.1,0.1,1111.8,1334.1599999999999,336.90909090909093,8.564999999999998
1.137,0.485,1.008,1.175,1.276,3.238,0.4,0.4,0.1,0.1,867.0,1040.3999999999999,262.72727272727275,12.945
0.988,0.293,0.992,0.296,4.927,0.257,0.4,0.4,0.1,0.1,773.3,927.9599999999999,234.33333333333334,15.18
0.306,1.077,0.39,0.691,2.007,1.738,0.4,0.4,0.1,0.1,510.7,612.8399999999999,154.75757575757575,25.41
0.749,0.673,0.345,2.534,3.542,2.303,0.4,0.4,0.1,0.1,691.8,830.16,209.63636363636363,18.765
0.4,0.23,1.101,1.961,4.944,1.577,0.4,0.4,0.1,0.1,473.0,567.6,143.33333333333334,24.0
0.341,0.604,1.26,2.632,0.837,1.298,0.4,0.4,0.1,0.1,480.9,577.0799999999999,145.72727272727272,24.884999999999998
0.675,1.261,0.28,4.028,1.572,3.511,0.4,0.4,0.1,0.1,713.6,856.32,216.24242424242425,19.875
0.861,0.244,0.332,2.455,4.245,3.516,0.4,0.4,0.1,0.1,704.9,845.88,213.60606060606062,17.085
0.106,0.496,0.718,3.108,4.12,0.49,0.4,0.4,0.1,0.1,352.6,423.12,106.84848484848486,28.41
0.477,0.664,0.814,4.021,2.001,4.869,0.4,0.4,0.1,0.1,554.9,665.88,168.15151515151516,22.845
1.176,1.408,0.148,1.168,4.661,2.101,0.4,0.4,0.1,0.1,978.8,1174.56,296.6060606060606,12.36
1.09,0.857,0.426,3.618,1.858,0.311,0.4,0.4,0.1,0.1,880.7,1056.84,266.87878787878793,13.649999999999999
0.939,0.958,0.361,2.761,4.29,2.303,0.4,0.4,0.1,0.1,815.3,978.3599999999999,247.06060606060606,15.915000000000001
0.999,0.504,0.896,4.71,1.148,3.946,0.4,0.4,0.1,0.1,799.9,959.8799999999999,242.3939393939394,15.015
1.272,1.128,0.971,0.587,4.803,2.52,0.4,0.4,0.1,0.1,998.8,1198.56,302.6666666666667,10.919999999999998
0.141,0.257,0.263,3.545,0.16,3.046,0.4,0.4,0.1,0.1,346.2,415.44,104.9090909090909,27.885
0.299,0.479,0.572,0.231,4.698,2.332,0.4,0.4,0.1,0.1,447.4,536.88,135.57575757575756,25.515
0.481,1.141,1.084,3.575,0.163,1.781,0.4,0.4,0.1,0.1,604.6,725.52,183.21212121212122,22.785
1.152,0.856,1.398,0.983,4.294,0.63,0.4,0.4,0.1,0.1,911.6,1093.92,276.24242424242425,12.720000000000002
0.452,1.011,0.836,0.689,0.743,0.56,0.4,0.4,0.1,0.1,577.1,692.52,174.8787878787879,23.22
0.572,0.918,0.391,1.44,0.976,2.173,0.4,0.4,0.1,0.1,627.8,753.3599999999999,190.24242424242425,21.42
0.184,0.607,1.006,3.932,2.486,3.764,0.4,0.4,0.1,0.1,402.7,483.23999999999995,122.03030303030303,27.240000000000002
0.543,1.385,0.621,3.977,2.611,0.3,0.4,0.4,0.1,0.1,660.0,792.0,200.0,21.854999999999997
1.236,1.03,0.549,0.888,4.342,3.41,0.4,0.4,0.1,0.1,971.0,1165.2,294.24242424242425,11.46
0.829,0.248,0.206,3.509,2.516,3.602,0.4,0.4,0.1,0.1,689.3,827.16,208.87878787878788,17.565
1.235,0.15,1.32,3.595,0.398,4.811,0.4,0.4,0.1,0.1,882.5,1059.0,267.42424242424244,11.474999999999998
1.32,1.35,1.424,3.575,1.139,3.801,0.4,0.4,0.1,0.1,1045.0,1254.0,316.6666666666667,10.2
0.965,0.178,1.237,4.81,1.843,4.564,0.4,0.4,0.1,0.1,750.3,900.3599999999999,227.36363636363637,15.525
1.197,0.499,0.134,4.468,0.957,0.2,0.4,0.4,0.1,0.1,898.4,1078.08,272.24242424242425,12.044999999999998
0.236,0.6,0.588,0.362,2.88,4.645,0.4,0.4,0.1,0.1,428.0,513.6,129.69696969696972,26.46
1.255,0.875,0.486,1.381,1.345,3.34,0.4,0.4,0.1,0.1,965.0,1158.0,292.42424242424244,11.175
0.611,0.868,1.278,1.35,3.814,0.48,0.4,0.4,0.1,0.1,642.3,770.7599999999999,194.63636363636363,20.835
0.982,0.744,0.123,0.951,2.373,0.497,0.4,0.4,0.1,0.1,815.4,978.4799999999999,247.0909090909091,15.27
0.424,0.458,1.322,0.229,2.477,1.893,0.4,0.4,0.1,0.1,507.8,609.36,153.8787878787879,23.64
0.486,0.268,0.292,3.286,3.575,1.594,0.4,0.4,0.1,0.1,519.8,623.7599999999999,157.5151515151515,22.71
0.636,1.062,0.36,1.859,2.512,4.932,0.4,0.4,0.1,0.1,674.2,809.0400000000001,204.30303030303034,20.46
0.628,1.154,0.33,0.521,3.968,4.254,0.4,0.4,0.1,0.1,679.4,815.28,205.87878787878788,20.58
1.167,0.525,0.71,1.298,0.693,2.656,0.4,0.4,0.1,0.1,886.0,1063.2,268.4848484848485,12.495000000000001
0.685,0.457,1.451,3.665,1.599,0.946,0.4,0.4,0.1,0.1,638.2,765.84,193.3939393939394,19.725
1.448,0.464,1.302,0.237,2.965,1.58,0.4,0.4,0.1,0.1,1020.4,1224.48,309.21212121212125,8.280000000000001
0.774,0.301,0.491,4.628,1.807,0.068,0.4,0.4,0.1,0.1,667.1,800.52,202.15151515151516,18.39
0.451,0.859,1.098,3.486,3.356,1.334,0.4,0.4,0.1,0.1,561.4,673.68,170.12121212121212,23.235
0.766,1.151,1.259,0.441,3.625,2.792,0.4,0.4,0.1,0.1,748.1,897.72,226.69696969696972,18.509999999999998
0.231,0.153,0.471,2.014,4.402,1.104,0.4,0.4,0.1,0.1,380.8,456.96,115.3939393939394,26.535
0.216,1.011,1.415,3.185,1.245,0.515,0.4,0.4,0.1,0.1,459.1,550.92,139.12121212121212,26.76
0.207,0.154,1.384,1.781,4.802,3.978,0.4,0.4,0.1,0.1,368.9,442.67999999999995,111.78787878787878,26.895
0.725,1.207,1.49,1.823,1.857,0.841,0.4,0.4,0.1,0.1,733.2,879.84,222.18181818181822,19.125
0.931,0.596,0.569,4.013,1.579,3.412,0.4,0.4,0.1,0.1,775.1,930.12,234.8787878787879,16.035
0.154,1.005,1.005,1.715,3.269,1.849,0.4,0.4,0.1,0.1,427.5,513.0,129.54545454545456,27.69
0.135,1.399,1.126,1.832,1.847,4.68,0.4,0.4,0.1,0.1,457.4,548.88,138.6060606060606,27.975
1.386,0.286,1.309,0.533,3.969,1.444,0.4,0.4,0.1,0.1,971.6,1165.92,294.42424242424244,9.21
0.989,1.204,0.988,0.346,3.774,1.359,0.4,0.4,0.1,0.1,864.9,1037.8799999999999,262.0909090909091,15.165000000000001
0.182,1.493,0.657,2.583,0.092,4.103,0.4,0.4,0.1,0.1,490.3,588.36,148.5757575757576,27.27
0.773,0.596,1.231,3.843,1.656,4.109,0.4,0.4,0.1,0.1,696.1,835.32,210.93939393939397,18.405
1.388,1.209,0.964,0.674,1.934,0.511,0.4,0.4,0.1,0.1,1064.9,1277.88,322.69696969696975,9.18
1.343,1.465,0.98,4.404,1.617,3.723,0.4,0.4,0.1,0.1,1068.0,1281.6,323.6363636363636,9.855
0.823,0.234,0.392,1.513,0.731,1.946,0.4,0.4,0.1,0.1,684.9,821.88,207.54545454545456,17.655
1.113,0.862,1.421,4.155,0.626,4.961,0.4,0.4,0.1,0.1,892.7,1071.24,270.51515151515156,13.305
0.925,1.463,0.386,3.165,2.659,2.049,0.4,0.4,0.1,0.1,858.8,1030.56,260.24242424242425,16.125
0.629,1.489,1.074,4.136,3.965,4.412,0.4,0.4,0.1,0.1,713.4,856.0799999999999,216.1818181818182,20.564999999999998
1.226,0.208,1.451,0.763,4.447,1.387,0.4,0.4,0.1,0.1,883.8,1060.56,267.8181818181818,11.61
1.289,1.444,0.866,3.709,4.302,2.943,0.4,0.4,0.1,0.1,1038.9,1246.68,314.81818181818187,10.665000000000003
1.067,0.531,1.439,2.942,0.14,1.317,0.4,0.4,0.1,0.1,836.6,1003.92,253.51515151515153,13.995000000000001
0.956,1.196,1.244,1.575,1.09,0.574,0.4,0.4,0.1,0.1,847.6,1017.12,256.8484848484849,15.66
0.391,1.129,0.246,1.707,3.613,3.556,0.4,0.4,0.1,0.1,558.4,670.0799999999999,169.21212121212122,24.134999999999998
1.235,0.483,0.212,3.207,1.349,4.315,0.4,0.4,0.1,0.1,915.8,1098.9599999999998,277.5151515151515,11.474999999999998
0.949,1.288,1.387,3.496,1.258,4.911,0.4,0.4,0.1,0.1,853.3,1023.9599999999999,258.57575757575756,15.765
1.433,1.058,0.923,3.856,3.229,1.613,0.4,0.4,0.1,0.1,1072.3,1286.76,324.93939393939394,8.504999999999999
0.974,1.298,0.213,1.481,3.042,1.035,0.4,0.4,0.1,0.1,866.8,1040.1599999999999,262.6666666666667,15.39
1.156,1.003,0.12,2.765,2.631,3.594,0.4,0.4,0.1,0.1,928.3,1113.9599999999998,281.3030303030303,12.66
1.302,1.016,0.585,3.119,3.884,2.958,0.4,0.4,0.1,0.1,1002.6,1203.12,303.8181818181818,10.469999999999999
0.51,1.121,0.717,4.777,3.123,4.515,0.4,0.4,0.1,0.1,617.1,740.52,187.00000000000003,22.35
0.335,0.561,1.166,0.544,2.411,3.498,0.4,0.4,0.1,0.1,473.6,568.32,143.51515151515153,24.975
1.079,0.617,1.116,4.794,1.2,2.551,0.4,0.4,0.1,0.1,851.2,1021.44,257.939393939394,13.815000000000001
1.305,0.582,1.263,3.539,3.373,2.657,0.4,0.4,0.1,0.1,960.7,1152.84,291.1212121212121,10.425
0.734,0.468,0.192,1.088,2.074,2.132,0.4,0.4,0.1,0.1,663.8,796.56,201.15151515151516,18.990000000000002
0.94,0.191,0.755,4.414,4.558,1.439,0.4,0.4,0.1,0.1,739.1,886.92,223.969696969697,15.9
1.352,0.773,1.088,3.603,1.933,3.979,0.4,0.4,0.1,0.1,1003.3,1203.9599999999998,304.03030303030306,9.719999999999999
0.103,1.395,1.092,0.162,2.234,3.248,0.4,0.4,0.1,0.1,441.0,529.1999999999999,133.63636363636365,28.455
0.399,0.939,0.638,1.605,0.768,4.247,0.4,0.4,0.1,0.1,543.4,652.0799999999999,164.66666666666666,24.015
0.348,0.359,1.124,1.475,2.717,0.818,0.4,0.4,0.1,0.1,459.9,551.88,139.36363636363637,24.78
0.917,0.967,1.135,2.028,2.437,0.139,0.4,0.4,0.1,0.1,805.2,966.24,244.00000000000003,16.244999999999997
1.372,0.948,1.447,1.898,0.15,2.243,0.4,0.4,0.1,0.1,1030.8,1236.9599999999998,312.3636363636364,9.419999999999998
1.454,0.137,0.461,2.295,1.683,4.582,0.4,0.4,0.1,0.1,990.7,1188.84,300.21212121212125,8.190000000000001
0.155,0.898,1.184,1.553,1.755,3.561,0.4,0.4,0.1,0.1,417.3,500.76,126.45454545454547,27.675
0.204,0.147,0.241,3.809,2.685,2.179,0.4,0.4,0.1,0.1,366.7,440.03999999999996,111.12121212121212,26.94
1.178,0.103,1.381,2.27,3.239,4.777,0.4,0.4,0.1,0.1,849.3,1019.1599999999999,257.3636363636364,12.330000000000002
0.666,1.18,0.31,0.958,1.475,0.483,0.4,0.4,0.1,0.1,701.0,841.1999999999999,212.42424242424244,20.009999999999998
0.244,0.567,1.472,2.132,2.448,3.4,0.4,0.4,0.1,0.1,428.7,514.4399999999999,129.9090909090909,26.34
0.446,0.982,0.221,2.53,1.388,1.184,0.4,0.4,0.1,0.1,571.2,685.44,173.09090909090912,23.31
0.69,1.481,1.053,2.417,0.908,3.453,0.4,0.4,0.1,0.1,743.1,891.72,225.1818181818182,19.65
0.169,0.98,0.869,3.385,0.414,3.292,0.4,0.4,0.1,0.1,432.5,519.0,131.06060606060606,27.465
0.679,1.015,0.428,3.443,1.264,4.378,0.4,0.4,0.1,0.1,691.0,829.1999999999999,209.3939393939394,19.814999999999998
1.267,0.639,0.143,1.804,4.774,4.565,0.4,0.4,0.1,0.1,947.4,1136.8799999999999,287.0909090909091,10.995000000000001
0.281,0.867,0.271,2.18,1.796,4.914,0.4,0.4,0.1,0.1,477.2,572.64,144.60606060606062,25.785
1.166,0.669,0.399,3.37,3.145,2.193,0.4,0.4,0.1,0.1,899.9,1079.8799999999999,272.6969696969697,12.510000000000002
0.67,0.846,0.433,0.619,4.868,1.92,0.4,0.4,0.1,0.1,669.6,803.52,202.90909090909093,19.95
1.252,1.09,0.329,4.532,2.581,3.015,0.4,0.4,0.1,0.1,985.0,1182.0,298.4848484848485,11.219999999999999
1.377,0.512,0.767,3.147,2.936,0.933,0.4,0.4,0.1,0.1,989.7,1187.64,299.90909090909093,9.344999999999999
1.042,1.068,1.095,3.279,0.397,3.075,0.4,0.4,0.1,0.1,877.8,1053.36,266.0,14.37
1.192,0.344,0.771,0.294,0.508,4.193,0.4,0.4,0.1,0.1,880.4,1056.48,266.7878787878788,12.120000000000001
0.945,1.083,0.118,2.316,1.828,3.787,0.4,0.4,0.1,0.1,830.8,996.9599999999999,251.75757575757575,15.825000000000001
0.182,0.52,0.946,2.305,4.422,4.079,0.4,0.4,0.1,0.1,393.0,471.59999999999997,119.0909090909091,27.27
1.16,1.351,0.112,1.996,2.506,1.593,0.4,0.4,0.1,0.1,965.1,1158.12,292.4545454545455,12.600000000000001
0.519,0.93,0.384,1.065,3.139,0.712,0.4,0.4,0.1,0.1,602.5,723.0,182.5757575757576,22.215
1.416,0.913,0.418,0.644,4.816,0.796,0.4,0.4,0.1,0.1,1049.3,1259.1599999999999,317.969696969697,8.760000000000002
0.841,0.248,1.434,4.695,4.266,2.29,0.4,0.4,0.1,0.1,695.3,834.3599999999999,210.6969696969697,17.384999999999998
1.476,0.558,1.173,0.803,3.048,0.684,0.4,0.4,0.1,0.1,1043.8,1252.56,316.3030303030303,7.859999999999999
0.933,0.798,1.107,4.292,2.455,4.398,0.4,0.4,0.1,0.1,796.3,955.56,241.3030303030303,16.005
0.47,1.156,0.933,2.731,1.939,2.79,0.4,0.4,0.1,0.1,600.6,720.72,182.00000000000003,22.95
0.718,0.779,0.939,4.183,2.647,2.791,0.4,0.4,0.1,0.1,686.9,824.28,208.15151515151516,19.23
0.154,1.457,0.396,2.613,0.101,0.356,0.4,0.4,0.1,0.1,472.70000000000005,567.24,143.24242424242428,27.69
0.921,0.826,1.125,4.517,4.854,4.324,0.4,0.4,0.1,0.1,793.1,951.72,240.33333333333334,16.185
1.252,0.437,0.667,1.246,1.258,1.193,0.4,0.4,0.1,0.1,919.7,1103.64,278.69696969696975,11.219999999999999
1.05,0.258,0.179,0.829,0.541,0.225,0.4,0.4,0.1,0.1,800.8,960.9599999999999,242.66666666666666,14.25
1.402,1.074,1.012,2.922,4.478,3.063,0.4,0.4,0.1,0.1,1058.4,1270.0800000000002,320.72727272727275,8.970000000000002
1.39,0.447,0.384,0.667,1.905,4.287,0.4,0.4,0.1,0.1,989.7,1187.64,299.90909090909093,9.150000000000002
0.649,0.79,0.357,1.076,2.452,3.915,0.4,0.4,0.1,0.1,653.5,784.1999999999999,198.03030303030303,20.265
0.631,0.463,0.774,2.068,1.923,3.367,0.4,0.4,0.1,0.1,611.8,734.16,185.39393939393938,20.535
0.883,0.325,0.474,3.166,2.607,3.61,0.4,0.4,0.1,0.1,724.0,868.8,219.3939393939394,16.755
0.589,0.165,0.807,2.023,1.079,4.081,0.4,0.4,0.1,0.1,561.0,673.1999999999999,170.0,21.165
0.783,0.297,0.208,0.876,4.323,3.219,0.4,0.4,0.1,0.1,671.2,805.44,203.3939393939394,18.255
1.01,1.322,0.486,1.697,2.78,1.901,0.4,0.4,0.1,0.1,887.2,1064.64,268.8484848484849,14.85
1.16,0.546,1.065,3.881,4.116,1.888,0.4,0.4,0.1,0.1,884.6,1061.52,268.06060606060606,12.600000000000001
1.035,0.838,0.503,1.087,4.018,1.824,0.4,0.4,0.1,0.1,851.3,1021.56,257.969696969697,14.475000000000001
1.446,1.298,0.6,4.275,1.27,1.929,0.4,0.4,0.1,0.1,1102.8,1323.36,334.1818181818182,8.310000000000002
0.51,0.552,0.809,2.727,0.738,3.441,0.4,0.4,0.1,0.1,560.2,672.24,169.75757575757578,22.35
0.114,0.426,1.141,1.723,3.913,2.769,0.4,0.4,0.1,0.1,349.6,419.52000000000004,105.93939393939395,28.29
0.991,0.227,1.348,0.08,1.87,3.621,0.4,0.4,0.1,0.1,768.2,921.84,232.7878787878788,15.135
0.403,0.835,1.113,2.221,1.277,2.999,0.4,0.4,0.1,0.1,535.0,642.0,162.12121212121212,23.955
1.291,0.189,0.982,1.221,2.608,1.759,0.4,0.4,0.1,0.1,914.4,1097.28,277.0909090909091,10.635000000000002
0.432,0.831,0.586,1.679,1.906,0.358,0.4,0.4,0.1,0.1,549.1,658.92,166.3939393939394,23.52
1.262,0.183,0.402,4.833,1.604,0.927,0.4,0.4,0.1,0.1,899.3,1079.1599999999999,272.5151515151515,11.07
0.507,1.471,1.075,4.577,0.287,1.503,0.4,0.4,0.1,0.1,650.6,780.72,197.15151515151516,22.395
1.466,0.495,1.197,0.316,2.357,3.254,0.4,0.4,0.1,0.1,1032.5,1239.0,312.8787878787879,8.010000000000002
1.372,0.391,0.607,0.534,3.57,3.253,0.4,0.4,0.1,0.1,975.1,1170.12,295.4848484848485,9.419999999999998
1.191,0.44,0.924,3.457,1.843,4.629,0.4,0.4,0.1,0.1,889.5,1067.3999999999999,269.54545454545456,12.134999999999998
1.33,0.119,1.228,2.21,4.583,3.954,0.4,0.4,0.1,0.1,926.9,1112.28,280.8787878787879,10.049999999999997
0.433,0.653,0.167,3.221,1.612,0.553,0.4,0.4,0.1,0.1,531.8,638.16,161.15151515151516,23.505
1.022,0.434,0.87,3.297,4.094,0.646,0.4,0.4,0.1,0.1,804.4,965.28,243.75757575757575,14.67
0.874,0.191,0.27,4.047,1.554,0.617,0.4,0.4,0.1,0.1,706.1,847.32,213.969696969697,16.89
0.84,0.775,1.07,3.291,4.183,3.059,0.4,0.4,0.1,0.1,747.5,897.0,226.51515151515153,17.4
1.436,0.497,1.161,0.799,0.106,4.429,0.4,0.4,0.1,0.1,1017.7,1221.24,308.39393939393943,8.46
0.755,0.237,0.629,4.733,1.874,2.253,0.4,0.4,0.1,0.1,651.2,781.44,197.33333333333337,18.675
0.301,0.367,0.273,2.691,0.321,4.565,0.4,0.4,0.1,0.1,437.2,524.64,132.4848484848485,25.485
1.292,1.095,1.499,1.906,0.95,4.072,0.4,0.4,0.1,0.1,1005.5,1206.6,304.6969696969697,10.620000000000001
0.928,0.391,1.09,1.2,1.704,2.811,0.4,0.4,0.1,0.1,753.1,903.72,228.21212121212122,16.08
0.376,1.438,0.395,1.494,2.103,0.159,0.4,0.4,0.1,0.1,581.8,698.16,176.3030303030303,24.36
0.672,1.147,0.824,4.635,2.235,1.184,0.4,0.4,0.1,0.1,700.7,840.84,212.33333333333337,19.92
1.215,0.637,1.0,0.58,1.911,4.351,0.4,0.4,0.1,0.1,921.2,1105.44,279.1515151515152,11.774999999999999
1.353,0.806,0.111,3.622,2.198,4.569,0.4,0.4,0.1,0.1,1007.1,1208.52,305.1818181818182,9.705000000000002
0.419,1.104,1.248,3.482,1.891,1.588,0.4,0.4,0.1,0.1,569.9,683.88,172.6969696969697,23.715
1.084,0.931,1.489,4.086,1.0,1.856,0.4,0.4,0.1,0.1,885.1,1062.12,268.21212121212125,13.739999999999998
0.252,0.483,1.076,2.22,1.53,1.505,0.4,0.4,0.1,0.1,424.3,509.15999999999997,128.5757575757576,26.22
0.124,0.605,0.865,1.73,1.953,2.607,0.4,0.4,0.1,0.1,372.5,447.0,112.87878787878789,28.14
0.445,1.147,0.508,2.352,4.852,2.828,0.4,0.4,0.1,0.1,587.2,704.64,177.93939393939397,23.325
0.281,0.679,0.29,4.991,4.162,4.547,0.4,0.4,0.1,0.1,458.4,550.0799999999999,138.9090909090909,25.785
0.89,1.104,0.229,3.097,3.664,0.71,0.4,0.4,0.1,0.1,805.4,966.4799999999999,244.06060606060606,16.65
0.965,0.398,0.93,1.49,3.26,0.356,0.4,0.4,0.1,0.1,772.3,926.7599999999999,234.03030303030303,15.525
0.462,1.0,1.255,0.416,1.129,3.264,0.4,0.4,0.1,0.1,581.0,697.1999999999999,176.06060606060606,23.07
0.498,0.145,0.473,1.498,4.99,1.463,0.4,0.4,0.1,0.1,513.5,616.1999999999999,155.60606060606062,22.53
0.882,1.039,1.12,3.433,2.626,2.047,0.4,0.4,0.1,0.1,794.9,953.8799999999999,240.87878787878788,16.77
1.367,1.373,1.27,3.935,2.134,3.199,0.4,0.4,0.1,0.1,1070.8,1284.9599999999998,324.4848484848485,9.495000000000001
0.49,0.24,0.679,4.231,4.224,3.102,0.4,0.4,0.1,0.1,519.0,622.8,157.27272727272728,22.65
0.344,0.185,0.991,3.662,4.262,2.025,0.4,0.4,0.1,0.1,440.5,528.6,133.4848484848485,24.84
0.304,0.946,0.148,0.578,0.816,3.646,0.4,0.4,0.1,0.1,496.6,595.92,150.4848484848485,25.44
0.937,0.421,0.785,1.504,1.657,4.789,0.4,0.4,0.1,0.1,760.6,912.72,230.4848484848485,15.944999999999999
0.524,0.893,0.436,3.158,3.544,1.613,0.4,0.4,0.1,0.1,601.3,721.56,182.21212121212122,22.14
1.156,0.778,1.308,1.357,3.168,2.557,0.4,0.4,0.1,0.1,905.8,1086.9599999999998,274.4848484848485,12.66
1.406,0.978,0.777,4.169,1.724,0.469,0.4,0.4,0.1,0.1,1050.8,1260.9599999999998,318.42424242424244,8.91
1.331,1.111,1.116,4.828,1.3,3.407,0.4,0.4,0.1,0.1,1026.6,1231.9199999999998,311.09090909090907,10.035
0.274,0.59,0.128,1.017,1.728,4.86,0.4,0.4,0.1,0.1,446.0,535.1999999999999,135.15151515151516,25.89
0.462,0.265,0.786,0.695,1.896,3.906,0.4,0.4,0.1,0.1,507.5,609.0,153.7878787878788,23.07
0.109,1.476,1.102,4.011,4.237,3.615,0.4,0.4,0.1,0.1,452.1,542.52,137.00000000000003,28.365
1.376,0.701,1.036,0.143,0.053,1.711,0.4,0.4,0.1,0.1,1008.1,1209.72,305.4848484848485,9.360000000000003
0.399,1.444,1.322,3.36,1.888,3.293,0.4,0.4,0.1,0.1,593.9,712.68,179.96969696969697,24.015
0.474,0.486,0.418,1.466,1.425,0.95,0.4,0.4,0.1,0.1,535.6,642.72,162.3030303030303,22.89
1.004,0.828,0.128,4.971,0.043,3.823,0.4,0.4,0.1,0.1,834.8,1001.7599999999999,252.96969696969697,14.94
0.703,0.154,1.485,0.355,2.637,1.789,0.4,0.4,0.1,0.1,616.9,740.28,186.93939393939394,19.455
1.102,0.437,1.021,0.422,1.445,2.436,0.4,0.4,0.1,0.1,844.7,1013.64,255.969696969697,13.469999999999999
1.3,0.591,0.572,1.942,1.075,0.832,0.4,0.4,0.1,0.1,959.1,1150.92,290.6363636363637,10.5
0.517,1.396,0.703,0.328,0.155,0.966,0.4,0.4,0.1,0.1,648.1,777.72,196.3939393939394,22.245
1.083,0.81,0.69,2.512,0.998,0.222,0.4,0.4,0.1,0.1,872.5,1047.0,264.39393939393943,13.754999999999999
0.174,0.685,0.805,2.915,4.506,1.918,0.4,0.4,0.1,0.1,405.5,486.59999999999997,122.87878787878789,27.39
1.452,0.665,0.201,3.603,4.035,3.115,0.4,0.4,0.1,0.1,1042.5,1251.0,315.90909090909093,8.219999999999999
1.389,1.445,0.395,4.57,0.671,4.144,0.4,0.4,0.1,0.1,1089.0,1306.8,330.0,9.165
0.476,1.43,1.272,0.926,4.306,2.405,0.4,0.4,0.1,0.1,631.0,757.1999999999999,191.21212121212122,22.86
1.36,1.102,0.75,4.838,4.446,2.511,0.4,0.4,0.1,0.1,1040.2,1248.24,315.21212121212125,9.599999999999998
0.646,0.931,0.799,2.599,3.035,4.746,0.4,0.4,0.1,0.1,666.1,799.32,201.84848484848487,20.310000000000002
0.103,0.823,0.274,1.951,4.351,0.868,0.4,0.4,0.1,0.1,383.8,460.56,116.30303030303031,28.455
0.652,1.397,0.576,0.857,2.93,4.707,0.4,0.4,0.1,0.1,715.7,858.84,216.8787878787879,20.22
0.167,0.748,0.294,0.018,1.372,0.959,0.4,0.4,0.1,0.1,408.3,489.96,123.72727272727273,27.495
0.174,0.154,1.236,0.562,0.748,2.18,0.4,0.4,0.1,0.1,352.4,422.87999999999994,106.78787878787878,27.39
0.86,1.233,0.997,3.079,0.087,4.792,0.4,0.4,0.1,0.1,803.3,963.9599999999999,243.42424242424244,17.1
0.387,1.461,0.392,1.678,0.59,3.008,0.4,0.4,0.1,0.1,589.6,707.52,178.66666666666669,24.195
0.809,1.113,1.061,0.575,0.137,3.582,0.4,0.4,0.1,0.1,765.8,918.9599999999999,232.06060606060606,17.865
0.332,0.367,0.24,0.72,3.223,1.342,0.4,0.4,0.1,0.1,452.7,543.24,137.1818181818182,25.02
0.36,1.008,0.464,3.06,4.265,3.481,0.4,0.4,0.1,0.1,530.8,636.9599999999999,160.84848484848484,24.6
1.053,0.623,0.823,4.59,4.609,1.696,0.4,0.4,0.1,0.1,838.8,1006.56,254.1818181818182,14.205000000000002
1.205,1.27,0.595,4.23,3.788,2.303,0.4,0.4,0.1,0.1,979.5,1175.3999999999999,296.8181818181818,11.924999999999997
1.244,0.528,0.721,3.091,4.203,4.674,0.4,0.4,0.1,0.1,924.8,1109.76,280.24242424242425,11.34
1.294,1.316,0.313,2.837,1.186,4.021,0.4,0.4,0.1,0.1,1028.6,1234.32,311.6969696969697,10.59
0.604,1.463,1.082,2.618,2.727,2.323,0.4,0.4,0.1,0.1,698.3,837.9599999999999,211.6060606060606,20.939999999999998
1.481,1.111,0.487,2.295,4.372,3.135,0.4,0.4,0.1,0.1,1101.6,1321.9199999999998,333.8181818181818,7.785
1.27,0.48,1.448,1.018,0.599,3.789,0.4,0.4,0.1,0.1,933.0,1119.6,282.72727272727275,10.95
1.204,0.218,1.223,0.589,3.544,2.756,0.4,0.4,0.1,0.1,873.8,1048.56,264.7878787878788,11.940000000000001
1.102,0.966,0.815,4.355,3.979,0.338,0.4,0.4,0.1,0.1,897.6,1077.12,272.0,13.469999999999999
0.321,1.404,1.277,3.072,1.711,1.248,0.4,0.4,0.1,0.1,550.9,661.0799999999999,166.93939393939394,25.185
0.502,0.36,0.296,2.212,0.804,1.035,0.4,0.4,0.1,0.1,537.0,644.4,162.72727272727275,22.47
0.566,0.266,1.471,0.904,0.576,2.011,0.4,0.4,0.1,0.1,559.6,671.52,169.5757575757576,21.51
1.17,1.192,1.176,1.189,0.061,1.984,0.4,0.4,0.1,0.1,954.2,1145.04,289.1515151515152,12.450000000000003
0.17,1.165,0.648,2.462,3.66,2.189,0.4,0.4,0.1,0.1,451.5,541.8,136.8181818181818,27.45
1.177,1.333,0.538,2.905,0.985,1.643,0.4,0.4,0.1,0.1,971.8,1166.1599999999999,294.4848484848485,12.344999999999999
0.414,1.212,0.264,1.275,3.153,4.857,0.4,0.4,0.1,0.1,578.2,693.84,175.21212121212125,23.79
1.21,1.092,0.247,1.956,3.578,2.457,0.4,0.4,0.1,0.1,964.2,1157.04,292.1818181818182,11.850000000000001
0.77,1.413,0.722,1.683,3.478,3.835,0.4,0.4,0.1,0.1,776.3,931.56,235.24242424242425,18.45
1.382,1.205,0.642,2.806,4.773,4.034,0.4,0.4,0.1,0.1,1061.5,1273.8,321.6666666666667,9.270000000000003
1.16,1.193,1.021,1.875,3.382,0.575,0.4,0.4,0.1,0.1,949.3,1139.1599999999999,287.6666666666667,12.600000000000001
0.943,1.254,1.005,4.468,3.578,2.928,0.4,0.4,0.1,0.1,846.9,1016.28,256.6363636363636,15.855
0.238,0.175,0.812,2.824,4.178,1.951,0.4,0.4,0.1,0.1,386.5,463.79999999999995,117.12121212121212,26.43
0.965,1.31,0.422,1.009,4.376,0.723,0.4,0.4,0.1,0.1,863.5,1036.2,261.6666666666667,15.525
1.264,0.442,0.254,3.424,0.875,1.259,0.4,0.4,0.1,0.1,926.2,1111.44,280.6666666666667,11.04
0.472,0.542,0.784,4.993,1.362,2.819,0.4,0.4,0.1,0.1,540.2,648.24,163.69696969696972,22.92
1.494,1.008,0.223,0.966,4.595,2.266,0.4,0.4,0.1,0.1,1097.8,1317.36,332.6666666666667,7.59
0.452,0.222,0.412,3.049,4.768,3.738,0.4,0.4,0.1,0.1,498.2,597.8399999999999,150.96969696969697,23.22
0.122,1.246,0.602,2.07,1.912,1.386,0.4,0.4,0.1,0.1,435.6,522.72,132.0,28.17
1.052,1.284,1.036,3.864,1.987,3.071,0.4,0.4,0.1,0.1,904.4,1085.28,274.06060606060606,14.219999999999999
1.07,1.018,0.618,0.589,1.985,4.651,0.4,0.4,0.1,0.1,886.8,1064.1599999999999,268.72727272727275,13.95
0.342,0.798,0.607,4.555,4.779,4.939,0.4,0.4,0.1,0.1,500.8,600.96,151.75757575757578,24.869999999999997
1.038,0.221,0.138,4.162,3.527,2.878,0.4,0.4,0.1,0.1,791.1,949.3199999999999,239.72727272727275,14.43
0.278,0.134,0.839,0.228,0.929,3.013,0.4,0.4,0.1,0.1,402.4,482.87999999999994,121.93939393939394,25.83
0.476,0.821,0.128,2.819,2.229,2.574,0.4,0.4,0.1,0.1,570.1,684.12,172.75757575757578,22.86
0.383,0.943,0.596,2.915,1.392,1.569,0.4,0.4,0.1,0.1,535.8,642.9599999999999,162.36363636363635,24.255
1.289,0.698,0.35,0.825,2.862,4.721,0.4,0.4,0.1,0.1,964.3,1157.1599999999999,292.2121212121212,10.665000000000003
1.387,0.841,1.189,4.132,4.004,2.8,0.4,0.4,0.1,0.1,1027.6,1233.12,311.3939393939394,9.195
0.223,0.885,0.721,0.051,0.899,0.303,0.4,0.4,0.1,0.1,450.0,540.0,136.36363636363637,26.655
0.299,1.322,0.659,3.085,2.564,0.461,0.4,0.4,0.1,0.1,531.7,638.0400000000001,161.12121212121215,25.515
0.155,1.172,0.146,3.804,4.887,1.266,0.4,0.4,0.1,0.1,444.7,533.64,134.75757575757575,27.675
0.689,1.118,0.803,0.44,4.963,0.492,0.4,0.4,0.1,0.1,706.3,847.56,214.03030303030303,19.665
0.662,0.684,0.656,2.132,2.86,1.117,0.4,0.4,0.1,0.1,649.4,779.28,196.78787878787878,20.07
0.439,0.574,1.424,4.428,0.092,0.562,0.4,0.4,0.1,0.1,526.9,632.28,159.66666666666666,23.415
0.607,0.772,0.622,4.689,4.063,3.245,0.4,0.4,0.1,0.1,630.7,756.84,191.12121212121215,20.895
0.22,0.475,0.813,1.918,2.519,2.574,0.4,0.4,0.1,0.1,407.5,489.0,123.48484848484848,26.7
0.367,0.68,0.259,2.413,4.952,3.004,0.4,0.4,0.1,0.1,501.5,601.8,151.96969696969697,24.495
0.942,0.878,0.575,2.863,1.2,3.025,0.4,0.4,0.1,0.1,808.8,970.56,245.0909090909091,15.870000000000001
1.01,0.471,0.37,1.207,3.917,4.827,0.4,0.4,0.1,0.1,802.1,962.52,243.0606060606061,14.85
0.707,0.691,1.151,2.134,1.934,0.522,0.4,0.4,0.1,0.1,672.6,807.12,203.81818181818184,19.395000000000003
1.307,0.513,0.282,1.003,0.677,0.519,0.4,0.4,0.1,0.1,954.8,1145.76,289.3333333333333,10.395
0.173,0.724,0.635,1.925,2.259,1.529,0.4,0.4,0.1,0.1,408.9,490.67999999999995,123.9090909090909,27.405
0.162,0.581,0.464,2.588,1.99,4.094,0.4,0.4,0.1,0.1,389.1,466.92,117.90909090909092,27.57
0.27,0.593,1.221,2.208,1.044,0.928,0.4,0.4,0.1,0.1,444.3,533.16,134.63636363636365,25.95
0.977,0.582,1.064,0.189,1.943,2.293,0.4,0.4,0.1,0.1,796.7,956.04,241.42424242424246,15.345
0.858,1.34,1.356,1.197,4.592,2.386,0.4,0.4,0.1,0.1,813.0,975.5999999999999,246.36363636363637,17.130000000000003
1.201,1.174,0.993,0.219,4.755,1.221,0.4,0.4,0.1,0.1,967.9,1161.48,293.3030303030303,11.985
1.034,0.72,0.868,0.939,3.0,4.884,0.4,0.4,0.1,0.1,839.0,1006.8,254.24242424242425,14.49
1.428,0.766,1.424,2.93,1.543,3.127,0.4,0.4,0.1,0.1,1040.6,1248.7199999999998,315.3333333333333,8.580000000000002
1.18,0.149,1.499,4.903,4.945,4.627,0.4,0.4,0.1,0.1,854.9,1025.8799999999999,259.06060606060606,12.3
0.208,0.414,0.177,2.898,3.202,4.337,0.4,0.4,0.1,0.1,395.4,474.47999999999996,119.81818181818181,26.88
0.505,0.723,0.352,4.588,4.271,3.944,0.4,0.4,0.1,0.1,574.8,689.7599999999999,174.1818181818182,22.425
1.303,1.034,1.159,2.173,1.569,2.557,0.4,0.4,0.1,0.1,1004.9,1205.8799999999999,304.5151515151515,10.455000000000002
0.815,1.009,0.542,2.221,0.847,3.606,0.4,0.4,0.1,0.1,758.4,910.0799999999999,229.8181818181818,17.775
0.739,1.078,0.913,2.2,0.694,3.974,0.4,0.4,0.1,0.1,727.3,872.7599999999999,220.3939393939394,18.915
1.163,0.777,1.267,1.082,0.517,4.096,0.4,0.4,0.1,0.1,909.2,1091.04,275.51515151515156,12.555
1.344,0.901,1.36,3.007,2.658,0.018,0.4,0.4,0.1,0.1,1012.1,1214.52,306.69696969696975,9.84
1.447,0.608,1.141,2.688,3.693,1.293,0.4,0.4,0.1,0.1,1034.3,1241.1599999999999,313.42424242424244,8.294999999999998
0.13,1.301,0.821,4.602,1.293,1.803,0.4,0.4,0.1,0.1,445.1,534.12,134.8787878787879,28.05
0.467,0.639,0.904,3.581,2.942,3.567,0.4,0.4,0.1,0.1,547.4,656.88,165.87878787878788,22.994999999999997
0.635,1.046,1.444,1.629,4.256,3.24,0.4,0.4,0.1,0.1,672.1,806.52,203.66666666666669,20.475
0.777,0.721,1.022,0.966,4.2,3.301,0.4,0.4,0.1,0.1,710.6,852.72,215.33333333333334,18.345
0.193,1.45,0.667,3.794,1.497,3.647,0.4,0.4,0.1,0.1,491.5,589.8,148.93939393939394,27.105
1.027,1.332,1.468,2.159,3.721,0.506,0.4,0.4,0.1,0.1,896.7,1076.04,271.72727272727275,14.595
0.174,1.224,0.51,4.79,4.559,2.413,0.4,0.4,0.1,0.1,459.4,551.28,139.21212121212122,27.39
0.947,0.83,0.801,3.519,1.842,3.349,0.4,0.4,0.1,0.1,806.5,967.8,244.3939393939394,15.795
1.237,0.441,1.094,0.149,2.999,2.498,0.4,0.4,0.1,0.1,912.6,1095.12,276.54545454545456,11.445
1.332,0.83,1.068,1.656,4.988,2.107,0.4,0.4,0.1,0.1,999.0,1198.8,302.72727272727275,10.02
1.264,1.436,1.079,3.155,2.729,3.826,0.4,0.4,0.1,0.1,1025.6,1230.7199999999998,310.78787878787875,11.04
1.359,0.994,1.117,4.007,0.75,3.135,0.4,0.4,0.1,0.1,1028.9,1234.68,311.7878787878788,9.615000000000002
0.184,0.261,1.028,0.975,1.759,4.258,0.4,0.4,0.1,0.1,368.1,441.72,111.54545454545456,27.240000000000002
1.296,1.076,0.367,3.788,4.898,3.486,0.4,0.4,0.1,0.1,1005.6,1206.72,304.72727272727275,10.559999999999999
0.251,0.915,1.033,1.763,1.576,0.328,0.4,0.4,0.1,0.1,467.0,560.4,141.51515151515153,26.235
0.502,0.475,1.145,3.724,3.864,0.293,0.4,0.4,0.1,0.1,548.5,658.1999999999999,166.21212121212122,22.47
1.436,0.785,0.115,2.416,0.956,4.382,0.4,0.4,0.1,0.1,1046.5,1255.8,317.1212121212121,8.46
0.113,0.618,0.763,1.501,0.866,3.989,0.4,0.4,0.1,0.1,368.3,441.96,111.60606060606061,28.305
1.352,1.483,1.41,2.772,4.421,1.541,0.4,0.4,0.1,0.1,1074.3,1289.1599999999999,325.54545454545456,9.719999999999999
1.229,1.197,0.736,2.749,2.794,4.002,0.4,0.4,0.1,0.1,984.2,1181.04,298.24242424242425,11.564999999999998
0.95,0.546,1.209,4.684,3.366,1.066,0.4,0.4,0.1,0.1,779.6,935.52,236.24242424242425,15.75
0.23,0.151,0.429,3.924,1.751,3.013,0.4,0.4,0.1,0.1,380.1,456.12,115.1818181818182,26.55
1.329,1.028,0.519,4.802,3.441,4.45,0.4,0.4,0.1,0.1,1017.3,1220.76,308.27272727272725,10.065000000000001
0.345,0.23,0.438,1.133,3.306,1.243,0.4,0.4,0.1,0.1,445.5,534.6,135.0,24.825
1.465,1.348,0.153,1.067,4.78,1.979,0.4,0.4,0.1,0.1,1117.3,1340.76,338.57575757575756,8.024999999999999
0.377,0.455,0.609,2.522,3.051,3.374,0.4,0.4,0.1,0.1,484.0,580.8,146.66666666666669,24.345
0.294,0.515,1.472,1.598,2.69,3.624,0.4,0.4,0.1,0.1,448.5,538.1999999999999,135.9090909090909,25.59
1.126,1.387,1.484,1.421,3.76,3.571,0.4,0.4,0.1,0.1,951.7,1142.04,288.39393939393943,13.110000000000003
1.172,0.812,0.759,1.384,1.503,0.075,0.4,0.4,0.1,0.1,917.2,1100.64,277.939393939394,12.420000000000002
0.883,0.922,0.618,1.68,0.165,0.891,0.4,0.4,0.1,0.1,783.7,940.44,237.4848484848485,16.755
1.354,1.335,1.242,4.734,4.58,2.938,0.4,0.4,0.1,0.1,1060.5,1272.6,321.3636363636364,9.689999999999998
1.399,1.301,1.102,2.09,4.52,1.756,0.4,0.4,0.1,0.1,1079.6,1295.5199999999998,327.1515151515151,9.015
0.564,1.442,1.026,4.871,3.774,0.673,0.4,0.4,0.1,0.1,676.2,811.44,204.90909090909093,21.54
0.292,0.611,0.492,4.402,0.682,0.743,0.4,0.4,0.1,0.1,457.1,548.52,138.51515151515153,25.62
0.487,0.592,0.283,1.744,4.58,3.102,0.4,0.4,0.1,0.1,552.7,663.24,167.4848484848485,22.695
1.451,1.14,1.357,1.889,4.969,1.617,0.4,0.4,0.1,0.1,1089.5,1307.3999999999999,330.1515151515152,8.235
0.147,0.404,1.005,4.83,2.268,1.699,0.4,0.4,0.1,0.1,363.9,436.67999999999995,110.27272727272727,27.795
0.843,1.056,1.025,3.709,3.241,3.883,0.4,0.4,0.1,0.1,777.1,932.52,235.4848484848485,17.355
1.348,0.656,0.146,3.033,1.057,0.395,0.4,0.4,0.1,0.1,989.6,1187.52,299.8787878787879,9.779999999999998
0.175,1.286,0.931,1.075,0.235,1.012,0.4,0.4,0.1,0.1,466.1,559.32,141.24242424242425,27.375
1.461,0.826,0.256,0.441,0.585,3.554,0.4,0.4,0.1,0.1,1063.1,1275.7199999999998,322.1515151515151,8.084999999999997
1.245,0.984,1.065,2.158,4.839,3.442,0.4,0.4,0.1,0.1,970.9,1165.08,294.21212121212125,11.325
1.367,0.419,0.973,0.322,4.506,2.835,0.4,0.4,0.1,0.1,975.4,1170.48,295.57575757575756,9.495000000000001
0.907,1.096,0.615,4.209,3.843,3.767,0.4,0.4,0.1,0.1,813.1,975.72,246.3939393939394,16.395
0.114,1.01,1.273,2.99,3.547,4.18,0.4,0.4,0.1,0.1,408.0,489.59999999999997,123.63636363636364,28.29
1.044,1.094,0.309,0.068,0.082,0.192,0.4,0.4,0.1,0.1,881.4,1057.6799999999998,267.0909090909091,14.34
0.995,0.627,0.188,4.266,1.991,2.926,0.4,0.4,0.1,0.1,810.2,972.24,245.51515151515153,15.075
1.002,0.611,0.493,3.534,2.69,2.732,0.4,0.4,0.1,0.1,812.1,974.52,246.09090909090912,14.97
1.144,0.406,1.178,2.815,4.53,1.426,0.4,0.4,0.1,0.1,862.6,1035.12,261.39393939393943,12.84
0.271,0.291,1.06,0.982,3.319,0.772,0.4,0.4,0.1,0.1,414.6,497.52,125.63636363636365,25.935
0.396,1.402,0.423,3.511,0.536,3.156,0.4,0.4,0.1,0.1,588.2,705.84,178.24242424242428,24.06
0.515,1.46,0.171,2.893,4.699,1.086,0.4,0.4,0.1,0.1,653.5,784.1999999999999,198.03030303030303,22.275
1.142,0.719,1.296,2.623,1.256,0.853,0.4,0.4,0.1,0.1,892.9,1071.48,270.57575757575756,12.870000000000001
0.409,0.48,0.383,3.465,4.405,1.337,0.4,0.4,0.1,0.1,502.5,603.0,152.27272727272728,23.865000000000002
1.008,1.022,0.578,1.893,0.196,1.551,0.4,0.4,0.1,0.1,856.2,1027.44,259.4545454545455,14.879999999999999
1.378,1.175,1.228,1.33,4.801,1.304,0.4,0.4,0.1,0.1,1056.5,1267.8,320.1515151515152,9.330000000000002
0.655,1.176,1.229,0.699,1.384,1.921,0.4,0.4,0.1,0.1,695.1,834.12,210.63636363636365,20.174999999999997
0.54,0.702,0.698,3.553,2.592,1.345,0.4,0.4,0.1,0.1,590.2,708.24,178.84848484848487,21.9
1.399,0.964,1.406,4.701,0.182,0.365,0.4,0.4,0.1,0.1,1045.9,1255.0800000000002,316.939393939394,9.015
0.764,0.52,0.298,1.781,4.759,2.878,0.4,0.4,0.1,0.1,684.0,820.8,207.27272727272728,18.54
0.471,1.304,0.954,0.954,2.786,2.088,0.4,0.4,0.1,0.1,615.9,739.0799999999999,186.63636363636363,22.935000000000002
1.119,0.308,1.235,0.865,2.221,4.082,0.4,0.4,0.1,0.1,840.3,1008.3599999999999,254.63636363636363,13.215
1.337,1.467,1.081,1.066,4.936,0.731,0.4,0.4,0.1,0.1,1065.2,1278.24,322.7878787878788,9.945
0.574,0.951,0.756,4.969,1.248,4.407,0.4,0.4,0.1,0.1,632.1,758.52,191.54545454545456,21.39
0.489,0.189,0.548,0.458,3.229,0.457,0.4,0.4,0.1,0.1,513.4,616.0799999999999,155.57575757575756,22.665
1.39,0.208,1.078,4.699,2.706,1.175,0.4,0.4,0.1,0.1,965.8,1158.9599999999998,292.6666666666667,9.150000000000002
0.174,1.48,1.23,0.288,3.832,3.811,0.4,0.4,0.1,0.1,485.0,582.0,146.96969696969697,27.39
1.139,0.883,1.252,4.283,3.853,1.105,0.4,0.4,0.1,0.1,907.8,1089.36,275.09090909090907,12.915
0.121,0.912,0.257,2.523,4.301,3.73,0.4,0.4,0.1,0.1,401.7,482.03999999999996,121.72727272727273,28.185
0.743,0.709,0.184,1.814,0.547,2.768,0.4,0.4,0.1,0.1,692.4,830.88,209.8181818181818,18.855
0.815,0.827,1.039,1.559,0.437,2.168,0.4,0.4,0.1,0.1,740.2,888.24,224.30303030303034,17.775
0.359,0.426,0.123,2.149,0.072,3.074,0.4,0.4,0.1,0.1,472.1,566.52,143.06060606060606,24.615000000000002
1.444,0.826,0.679,1.197,0.41,0.292,0.4,0.4,0.1,0.1,1054.6,1265.5199999999998,319.57575757575756,8.34
1.473,1.391,0.333,1.128,0.97,1.429,0.4,0.4,0.1,0.1,1125.6,1350.7199999999998,341.09090909090907,7.904999999999998
0.889,1.026,0.566,4.21,1.875,2.483,0.4,0.4,0.1,0.1,797.1,956.52,241.54545454545456,16.665
0.688,0.521,1.048,0.24,3.046,0.002,0.4,0.4,0.1,0.1,646.1,775.32,195.7878787878788,19.68
1.335,0.132,1.168,1.364,3.485,3.007,0.4,0.4,0.1,0.1,930.7,1116.84,282.03030303030306,9.975000000000001
0.194,1.356,1.047,4.778,2.639,4.601,0.4,0.4,0.1,0.1,482.6,579.12,146.24242424242425,27.09
1.081,0.677,1.015,3.956,2.041,1.554,0.4,0.4,0.1,0.1,858.2,1029.84,260.06060606060606,13.785
0.439,0.811,1.017,1.258,0.829,1.425,0.4,0.4,0.1,0.1,550.6,660.72,166.84848484848487,23.415
0.865,1.282,0.564,2.26,2.902,3.471,0.4,0.4,0.1,0.1,810.7,972.84,245.66666666666669,17.025
0.515,1.466,0.463,1.015,2.398,0.925,0.4,0.4,0.1,0.1,654.1,784.92,198.21212121212122,22.275
1.439,0.935,0.457,2.513,3.428,0.914,0.4,0.4,0.1,0.1,1063.0,1275.6,322.1212121212121,8.415
0.624,0.98,0.57,2.917,2.692,2.691,0.4,0.4,0.1,0.1,660.0,792.0,200.0,20.64
0.889,1.079,0.768,1.787,2.801,2.463,0.4,0.4,0.1,0.1,802.4,962.8799999999999,243.15151515151516,16.665
1.221,1.429,1.057,3.387,1.9,4.497,0.4,0.4,0.1,0.1,1003.4,1204.08,304.06060606060606,11.684999999999999
0.936,0.383,1.417,3.048,1.358,2.232,0.4,0.4,0.1,0.1,756.3,907.56,229.1818181818182,15.959999999999999
1.189,1.448,1.188,1.164,0.619,4.131,0.4,0.4,0.1,0.1,989.3,1187.1599999999999,299.7878787878788,12.165
0.25,0.526,1.488,3.391,1.161,2.398,0.4,0.4,0.1,0.1,427.6,513.12,129.5757575757576,26.25
0.805,1.185,0.479,4.05,0.359,3.692,0.4,0.4,0.1,0.1,771.0,925.1999999999999,233.63636363636365,17.924999999999997
0.45,0.568,1.161,0.843,1.598,4.83,0.4,0.4,0.1,0.1,531.8,638.16,161.15151515151516,23.25
1.089,0.865,1.291,4.828,3.356,3.04,0.4,0.4,0.1,0.1,881.0,1057.2,266.969696969697,13.665
0.326,0.786,1.401,0.049,0.711,1.712,0.4,0.4,0.1,0.1,491.6,589.92,148.969696969697,25.11
0.558,1.025,0.929,4.054,3.362,1.841,0.4,0.4,0.1,0.1,631.5,757.8,191.36363636363637,21.63
1.122,0.832,0.34,3.845,2.087,2.36,0.4,0.4,0.1,0.1,894.2,1073.04,270.969696969697,13.169999999999998
0.266,0.412,0.687,1.186,2.382,0.751,0.4,0.4,0.1,0.1,424.2,509.03999999999996,128.54545454545456,26.009999999999998
1.294,0.267,1.47,1.839,4.883,3.96,0.4,0.4,0.1,0.1,923.7,1108.44,279.90909090909093,10.59
1.312,0.382,0.393,0.044,2.723,2.783,0.4,0.4,0.1,0.1,944.2,1133.04,286.1212121212121,10.32
0.352,0.27,1.24,0.046,1.861,3.105,0.4,0.4,0.1,0.1,453.0,543.6,137.27272727272728,24.72
1.376,1.186,1.493,1.69,0.019,2.146,0.4,0.4,0.1,0.1,1056.6,1267.9199999999998,320.1818181818182,9.360000000000003
0.738,0.825,0.151,3.857,1.388,3.218,0.4,0.4,0.1,0.1,701.5,841.8,212.5757575757576,18.93
0.431,1.344,0.538,3.144,0.229,1.815,0.4,0.4,0.1,0.1,599.9,719.88,181.78787878787878,23.535
1.066,0.677,1.265,0.034,2.988,1.193,0.4,0.4,0.1,0.1,850.7,1020.84,257.7878787878788,14.01
0.499,0.785,1.035,3.844,2.908,1.968,0.4,0.4,0.1,0.1,578.0,693.6,175.15151515151516,22.515
0.285,1.125,1.398,1.55,1.091,0.978,0.4,0.4,0.1,0.1,505.0,606.0,153.03030303030303,25.725
1.476,0.193,0.603,0.602,1.52,2.572,0.4,0.4,0.1,0.1,1007.3,1208.76,305.24242424242425,7.859999999999999
0.735,0.193,1.189,3.177,4.438,0.924,0.4,0.4,0.1,0.1,636.8,764.16,192.96969696969697,18.975
1.257,1.001,0.422,2.888,3.808,1.606,0.4,0.4,0.1,0.1,978.6,1174.32,296.54545454545456,11.145000000000003
0.362,0.738,1.344,0.327,0.138,3.943,0.4,0.4,0.1,0.1,504.8,605.76,152.96969696969697,24.57
0.126,0.238,0.45,2.886,4.873,0.329,0.4,0.4,0.1,0.1,336.8,404.16,102.06060606060608,28.11
0.982,0.81,0.746,4.232,4.276,0.306,0.4,0.4,0.1,0.1,822.0,986.4,249.0909090909091,15.27
0.844,0.974,1.209,0.108,1.644,0.927,0.4,0.4,0.1,0.1,769.4,923.28,233.15151515151516,17.34
0.222,1.042,0.658,1.12,1.659,4.904,0.4,0.4,0.1,0.1,465.2,558.24,140.96969696969697,26.67
1.072,0.277,0.625,4.438,2.45,3.288,0.4,0.4,0.1,0.1,813.7,976.44,246.5757575757576,13.919999999999998
1.308,1.472,1.119,1.726,3.539,4.186,0.4,0.4,0.1,0.1,1051.2,1261.44,318.54545454545456,10.379999999999999
1.282,1.305,0.124,4.304,2.049,2.391,0.4,0.4,0.1,0.1,1021.5,1225.8,309.54545454545456,10.77
1.177,0.852,0.102,0.788,1.709,3.293,0.4,0.4,0.1,0.1,923.7,1108.44,279.90909090909093,12.344999999999999
1.024,1.083,0.978,1.428,4.509,0.655,0.4,0.4,0.1,0.1,870.3,1044.36,263.72727272727275,14.64
0.49,1.298,0.419,3.741,4.373,4.873,0.4,0.4,0.1,0.1,624.8,749.7599999999999,189.33333333333334,22.65
1.35,0.957,0.981,2.597,0.247,0.139,0.4,0.4,0.1,0.1,1020.7,1224.84,309.3030303030303,9.75
0.106,0.565,0.183,0.73,3.566,2.228,0.4,0.4,0.1,0.1,359.5,431.4,108.93939393939395,28.41
0.888,1.249,0.718,0.019,3.523,3.942,0.4,0.4,0.1,0.1,818.9,982.68,248.15151515151516,16.68
0.405,1.17,1.141,1.265,1.786,3.486,0.4,0.4,0.1,0.1,569.5,683.4,172.5757575757576,23.925
1.157,1.155,0.127,2.269,4.463,3.657,0.4,0.4,0.1,0.1,944.0,1132.8,286.06060606060606,12.645
0.543,0.194,1.362,0.649,1.606,1.299,0.4,0.4,0.1,0.1,540.9,649.0799999999999,163.9090909090909,21.854999999999997
0.125,0.37,1.312,0.406,0.35,3.345,0.4,0.4,0.1,0.1,349.5,419.4,105.90909090909092,28.125
0.199,0.347,0.921,1.619,4.715,1.941,0.4,0.4,0.1,0.1,384.2,461.03999999999996,116.42424242424242,27.015
1.243,0.567,1.048,0.961,0.009,0.802,0.4,0.4,0.1,0.1,928.2,1113.84,281.2727272727273,11.354999999999997
0.187,0.668,1.383,2.856,4.519,1.054,0.4,0.4,0.1,0.1,410.3,492.36,124.33333333333334,27.195
0.912,0.624,0.739,1.261,1.36,0.384,0.4,0.4,0.1,0.1,768.4,922.0799999999999,232.84848484848484,16.32
1.171,1.3,1.424,2.448,3.633,3.544,0.4,0.4,0.1,0.1,965.5,1158.6,292.57575757575756,12.434999999999999
0.729,0.674,0.209,2.062,0.136,0.962,0.4,0.4,0.1,0.1,681.9,818.28,206.63636363636365,19.064999999999998
0.797,0.563,0.406,4.222,1.152,0.55,0.4,0.4,0.1,0.1,704.8,845.7599999999999,213.57575757575756,18.045
0.914,0.924,1.399,2.308,4.917,1.507,0.4,0.4,0.1,0.1,799.4,959.28,242.24242424242425,16.29
0.155,1.096,0.649,1.424,4.814,1.071,0.4,0.4,0.1,0.1,437.1,524.52,132.45454545454547,27.675
0.256,1.166,0.127,2.889,0.197,4.615,0.4,0.4,0.1,0.1,494.6,593.52,149.8787878787879,26.16
1.123,0.525,0.116,2.28,1.328,0.162,0.4,0.4,0.1,0.1,864.0,1036.8,261.8181818181818,13.155000000000001
0.214,0.657,1.4,0.485,0.736,4.407,0.4,0.4,0.1,0.1,422.7,507.23999999999995,128.0909090909091,26.79
0.877,0.866,0.58,3.793,2.321,4.549,0.4,0.4,0.1,0.1,775.1,930.12,234.8787878787879,16.845
0.618,1.081,0.5,0.41,0.705,2.769,0.4,0.4,0.1,0.1,667.1,800.52,202.15151515151516,20.73
1.299,1.342,0.191,0.572,3.875,4.423,0.4,0.4,0.1,0.1,1033.7,1240.44,313.24242424242425,10.515
0.634,1.403,0.293,4.228,3.755,0.568,0.4,0.4,0.1,0.1,707.3,848.7599999999999,214.33333333333334,20.490000000000002
0.923,0.955,0.598,2.639,0.118,2.314,0.4,0.4,0.1,0.1,807.0,968.4,244.54545454545456,16.155
1.119,0.78,0.715,4.753,4.391,1.621,0.4,0.4,0.1,0.1,887.5,1065.0,268.93939393939394,13.215
1.25,0.549,1.164,2.34,4.461,3.197,0.4,0.4,0.1,0.1,929.9,1115.8799999999999,281.7878787878788,11.25
0.938,0.956,1.366,1.106,2.516,2.92,0.4,0.4,0.1,0.1,814.6,977.52,246.84848484848487,15.930000000000001
1.202,1.175,1.233,3.243,4.7,4.073,0.4,0.4,0.1,0.1,968.5,1162.2,293.4848484848485,11.969999999999999
1.09,1.201,0.7,3.838,1.572,1.199,0.4,0.4,0.1,0.1,915.1,1098.12,277.3030303030303,13.649999999999999
1.127,1.329,0.164,4.926,1.422,1.602,0.4,0.4,0.1,0.1,946.4,1135.6799999999998,286.7878787878788,13.094999999999999
0.943,1.264,0.461,0.995,0.64,1.638,0.4,0.4,0.1,0.1,847.9,1017.4799999999999,256.93939393939394,15.855
0.198,1.007,0.735,4.346,4.08,4.577,0.4,0.4,0.1,0.1,449.7,539.64,136.27272727272728,27.03
0.284,0.844,0.771,4.104,0.25,1.614,0.4,0.4,0.1,0.1,476.4,571.68,144.36363636363637,25.740000000000002
0.721,0.748,0.375,2.699,4.545,1.258,0.4,0.4,0.1,0.1,685.3,822.3599999999999,207.66666666666666,19.185000000000002
0.812,0.677,1.214,0.544,4.349,3.659,0.4,0.4,0.1,0.1,723.7,868.44,219.30303030303034,17.82
0.984,1.34,0.276,0.017,0.524,2.164,0.4,0.4,0.1,0.1,876.0,1051.2,265.4545454545455,15.24
0.89,0.431,0.935,3.684,2.037,4.014,0.4,0.4,0.1,0.1,738.1,885.72,223.66666666666669,16.65
1.321,0.614,0.95,0.233,0.043,1.379,0.4,0.4,0.1,0.1,971.9,1166.28,294.5151515151515,10.185000000000002
1.365,1.46,0.547,2.013,1.019,2.275,0.4,0.4,0.1,0.1,1078.5,1294.2,326.8181818181818,9.524999999999999
1.334,1.052,0.848,3.0,0.822,0.403,0.4,0.4,0.1,0.1,1022.2,1226.64,309.7575757575758,9.989999999999998
1.008,1.486,1.431,3.744,2.842,2.483,0.4,0.4,0.1,0.1,902.6,1083.12,273.51515151515156,14.879999999999999
1.132,0.132,0.988,3.862,4.717,1.306,0.4,0.4,0.1,0.1,829.2,995.04,251.2727272727273,13.020000000000003
0.504,0.802,1.23,3.544,1.951,1.824,0.4,0.4,0.1,0.1,582.2,698.64,176.42424242424244,22.439999999999998
0.199,0.353,0.16,4.552,3.704,2.963,0.4,0.4,0.1,0.1,384.8,461.76,116.60606060606061,27.015
0.212,0.803,0.857,4.201,4.39,1.207,0.4,0.4,0.1,0.1,436.3,523.56,132.21212121212122,26.82
0.73,0.905,0.991,3.867,3.709,4.617,0.4,0.4,0.1,0.1,705.5,846.6,213.7878787878788,19.05
1.072,0.486,1.033,2.524,3.536,1.469,0.4,0.4,0.1,0.1,834.6,1001.52,252.90909090909093,13.919999999999998
0.365,1.185,1.494,1.535,3.546,0.156,0.4,0.4,0.1,0.1,551.0,661.1999999999999,166.96969696969697,24.525
0.514,0.748,0.792,0.967,2.006,0.792,0.4,0.4,0.1,0.1,581.8,698.16,176.3030303030303,22.29
0.478,1.196,0.15,2.85,0.449,2.162,0.4,0.4,0.1,0.1,608.6,730.32,184.42424242424244,22.83
0.316,1.13,0.578,4.472,1.25,3.427,0.4,0.4,0.1,0.1,521.0,625.1999999999999,157.87878787878788,25.259999999999998
0.829,0.897,0.597,1.054,4.339,4.71,0.4,0.4,0.1,0.1,754.2,905.0400000000001,228.54545454545456,17.565
0.598,0.904,0.766,2.876,2.54,1.158,0.4,0.4,0.1,0.1,639.4,767.28,193.75757575757575,21.03
0.736,0.14,0.372,2.583,2.303,0.974,0.4,0.4,0.1,0.1,632.0,758.4,191.51515151515153,18.96
0.794,0.389,1.357,2.67,2.318,4.799,0.4,0.4,0.1,0.1,685.9,823.0799999999999,207.84848484848484,18.09
0.778,1.403,0.843,4.904,4.397,2.435,0.4,0.4,0.1,0.1,779.3,935.1599999999999,236.15151515151516,18.33
1.37,0.772,0.674,1.311,1.062,3.445,0.4,0.4,0.1,0.1,1012.2,1214.64,306.72727272727275,9.45
0.474,1.148,0.461,4.414,0.86,4.372,0.4,0.4,0.1,0.1,601.8,722.16,182.36363636363635,22.89
0.681,1.249,1.463,2.687,2.969,4.132,0.4,0.4,0.1,0.1,715.4,858.4799999999999,216.78787878787878,19.785
0.315,0.681,1.015,4.015,3.726,3.417,0.4,0.4,0.1,0.1,475.6,570.72,144.12121212121212,25.275
0.723,0.317,0.817,3.543,0.294,3.831,0.4,0.4,0.1,0.1,643.2,771.84,194.90909090909093,19.155
0.679,0.72,1.025,0.055,1.379,1.916,0.4,0.4,0.1,0.1,661.5,793.8,200.45454545454547,19.814999999999998
0.981,0.211,1.191,2.907,1.907,3.737,0.4,0.4,0.1,0.1,761.6,913.92,230.7878787878788,15.285
1.261,0.912,0.385,2.646,2.247,2.423,0.4,0.4,0.1,0.1,971.7,1166.04,294.4545454545455,11.085
0.195,0.477,0.766,4.629,0.339,1.403,0.4,0.4,0.1,0.1,395.2,474.23999999999995,119.75757575757576,27.075
1.459,1.044,1.1,4.662,4.318,2.86,0.4,0.4,0.1,0.1,1083.9,1300.68,328.4545454545455,8.114999999999998
0.532,0.176,1.199,4.003,0.817,1.282,0.4,0.4,0.1,0.1,533.6,640.32,161.69696969696972,22.02
0.451,0.538,0.907,4.682,1.601,4.52,0.4,0.4,0.1,0.1,529.3,635.16,160.39393939393938,23.235
0.642,0.998,1.312,3.863,3.36,4.992,0.4,0.4,0.1,0.1,670.8,804.9599999999999,203.27272727272728,20.369999999999997
0.526,1.278,0.101,2.627,1.221,0.893,0.4,0.4,0.1,0.1,640.8,768.9599999999999,194.1818181818182,22.11
0.982,1.364,0.248,3.766,4.794,1.802,0.4,0.4,0.1,0.1,877.4,1052.8799999999999,265.8787878787879,15.27
1.464,1.347,0.72,3.086,3.19,2.222,0.4,0.4,0.1,0.1,1116.7,1340.04,338.39393939393943,8.04
0.121,1.294,0.441,3.984,0.281,1.19,0.4,0.4,0.1,0.1,439.9,527.88,133.3030303030303,28.185
1.279,0.153,0.188,0.731,0.323,1.691,0.4,0.4,0.1,0.1,904.8,1085.76,274.1818181818182,10.815000000000001
0.543,0.128,0.262,1.569,1.446,1.559,0.4,0.4,0.1,0.1,534.3,641.16,161.9090909090909,21.854999999999997
1.117,0.645,0.501,2.453,1.341,2.36,0.4,0.4,0.1,0.1,873.0,1047.6,264.54545454545456,13.245000000000001
0.101,1.2,0.739,4.611,2.386,2.028,0.4,0.4,0.1,0.1,420.5,504.59999999999997,127.42424242424244,28.485
1.253,1.072,1.309,3.891,3.869,3.394,0.4,0.4,0.1,0.1,983.7,1180.44,298.0909090909091,11.205000000000002
0.982,0.588,0.729,1.419,3.965,3.943,0.4,0.4,0.1,0.1,799.8,959.7599999999999,242.36363636363637,15.27
0.631,0.427,1.177,1.539,0.806,2.528,0.4,0.4,0.1,0.1,608.2,729.84,184.30303030303034,20.535
0.304,0.648,0.818,3.33,2.182,4.617,0.4,0.4,0.1,0.1,466.8,560.16,141.45454545454547,25.44
0.533,0.632,0.812,2.009,0.488,0.802,0.4,0.4,0.1,0.1,579.7,695.64,175.66666666666669,22.005
1.303,0.492,1.038,4.467,0.156,2.186,0.4,0.4,0.1,0.1,950.7,1140.84,288.0909090909091,10.455000000000002
0.729,0.667,0.903,3.231,3.441,0.633,0.4,0.4,0.1,0.1,681.2,817.44,206.42424242424244,19.064999999999998
1.475,0.166,1.352,4.971,0.141,0.62,0.4,0.4,0.1,0.1,1004.1,1204.92,304.2727272727273,7.875
1.491,1.187,0.999,1.634,1.634,4.52,0.4,0.4,0.1,0.1,1114.2,1337.04,337.6363636363637,7.634999999999998
1.292,0.398,0.685,1.268,1.469,2.453,0.4,0.4,0.1,0.1,935.8,1122.9599999999998,283.57575757575756,10.620000000000001
1.358,0.24,1.39,2.774,3.268,0.41,0.4,0.4,0.1,0.1,953.0,1143.6,288.7878787878788,9.629999999999999
1.06,0.385,1.232,2.773,4.254,1.924,0.4,0.4,0.1,0.1,818.5,982.1999999999999,248.03030303030303,14.1
0.802,1.407,1.425,0.055,2.396,4.427,0.4,0.4,0.1,0.1,791.7,950.04,239.90909090909093,17.97
0.259,1.26,1.365,1.828,0.79,2.91,0.4,0.4,0.1,0.1,505.5,606.6,153.1818181818182,26.115
0.336,0.939,0.17,4.806,2.646,1.313,0.4,0.4,0.1,0.1,511.9,614.28,155.12121212121212,24.96
0.514,0.791,0.4,4.467,2.354,3.383,0.4,0.4,0.1,0.1,586.1,703.32,177.60606060606062,22.29
0.816,0.376,0.34,1.668,0.726,2.831,0.4,0.4,0.1,0.1,695.6,834.72,210.7878787878788,17.76
1.3,1.034,1.044,0.433,0.958,4.724,0.4,0.4,0.1,0.1,1003.4,1204.08,304.06060606060606,10.5
1.16,0.284,0.54,1.641,1.971,0.895,0.4,0.4,0.1,0.1,858.4,1030.08,260.1212121212121,12.600000000000001
0.522,1.182,0.509,2.824,0.295,4.599,0.4,0.4,0.1,0.1,629.2,755.0400000000001,190.66666666666669,22.17
0.174,0.909,0.392,4.445,0.003,2.882,0.4,0.4,0.1,0.1,427.9,513.4799999999999,129.66666666666666,27.39
0.862,1.375,0.649,0.205,1.062,0.56,0.4,0.4,0.1,0.1,818.5,982.1999999999999,248.03030303030303,17.07
0.449,0.682,1.479,0.394,3.486,2.363,0.4,0.4,0.1,0.1,542.7,651.24,164.45454545454547,23.265
1.29,0.426,0.831,4.363,2.794,1.961,0.4,0.4,0.1,0.1,937.6,1125.12,284.1212121212121,10.649999999999999
0.372,0.292,0.257,3.659,3.976,0.336,0.4,0.4,0.1,0.1,465.2,558.24,140.96969696969697,24.42
1.244,1.214,1.116,2.046,2.419,1.632,0.4,0.4,0.1,0.1,993.4,1192.08,301.03030303030306,11.34
0.421,0.444,1.038,2.1,2.614,1.707,0.4,0.4,0.1,0.1,504.9,605.88,153.0,23.685000000000002
0.975,1.217,0.933,3.46,4.159,0.074,0.4,0.4,0.1,0.1,859.2,1031.04,260.3636363636364,15.375
0.249,0.119,0.574,1.962,0.314,4.254,0.4,0.4,0.1,0.1,386.4,463.67999999999995,117.0909090909091,26.265
0.366,0.392,0.616,0.548,1.915,4.97,0.4,0.4,0.1,0.1,472.2,566.64,143.0909090909091,24.509999999999998
1.061,1.159,0.575,3.645,0.055,4.466,0.4,0.4,0.1,0.1,896.4,1075.6799999999998,271.6363636363636,14.085
0.686,1.115,0.906,0.177,1.781,4.292,0.4,0.4,0.1,0.1,704.5,845.4,213.4848484848485,19.71
1.49,0.948,1.052,1.335,0.943,2.451,0.4,0.4,0.1,0.1,1089.8,1307.76,330.24242424242425,7.649999999999999
0.389,0.351,1.101,4.185,1.053,4.41,0.4,0.4,0.1,0.1,479.6,575.52,145.33333333333334,24.165
0.636,0.249,0.572,3.755,2.945,4.885,0.4,0.4,0.1,0.1,592.9,711.4799999999999,179.66666666666666,20.46
1.469,0.97,1.18,3.435,4.312,3.178,0.4,0.4,0.1,0.1,1081.5,1297.8,327.72727272727275,7.965
0.564,1.442,0.234,0.516,3.856,2.713,0.4,0.4,0.1,0.1,676.2,811.44,204.90909090909093,21.54
0.256,0.757,0.226,3.469,3.621,1.36,0.4,0.4,0.1,0.1,453.7,544.4399999999999,137.4848484848485,26.16
1.087,0.273,1.292,2.933,4.328,4.913,0.4,0.4,0.1,0.1,820.8,984.9599999999999,248.72727272727272,13.695
1.303,0.499,1.374,0.22,1.334,4.007,0.4,0.4,0.1,0.1,951.4,1141.6799999999998,288.3030303030303,10.455000000000002
0.572,1.032,0.394,0.429,3.128,3.832,0.4,0.4,0.1,0.1,639.2,767.0400000000001,193.69696969696972,21.42
0.819,0.251,0.967,3.689,3.043,4.437,0.4,0.4,0.1,0.1,684.6,821.52,207.45454545454547,17.715
0.763,0.998,0.788,1.037,2.799,3.33,0.4,0.4,0.1,0.1,731.3,877.56,221.6060606060606,18.555
0.814,0.301,0.401,0.971,0.972,1.345,0.4,0.4,0.1,0.1,687.1,824.52,208.21212121212122,17.79
0.867,0.679,1.195,2.342,2.097,1.889,0.4,0.4,0.1,0.1,751.4,901.68,227.6969696969697,16.995
0.778,0.975,0.388,4.214,4.071,4.795,0.4,0.4,0.1,0.1,736.5,883.8,223.1818181818182,18.33
0.945,0.399,1.354,2.443,1.373,2.234,0.4,0.4,0.1,0.1,762.4,914.88,231.03030303030303,15.825000000000001
0.208,0.18,0.51,2.016,0.002,4.962,0.4,0.4,0.1,0.1,372.0,446.4,112.72727272727273,26.88
1.443,0.613,0.625,2.13,1.13,3.269,0.4,0.4,0.1,0.1,1032.8,1239.36,312.969696969697,8.355
0.362,0.8,0.655,0.082,1.109,3.735,0.4,0.4,0.1,0.1,511.0,613.1999999999999,154.84848484848484,24.57
0.937,0.29,0.773,0.419,1.192,4.125,0.4,0.4,0.1,0.1,747.5,897.0,226.51515151515153,15.944999999999999
1.091,0.686,0.215,3.981,4.312,2.303,0.4,0.4,0.1,0.1,864.1,1036.92,261.8484848484849,13.635000000000002
1.208,0.534,1.31,0.268,4.87,2.46,0.4,0.4,0.1,0.1,907.4,1088.8799999999999,274.969696969697,11.879999999999999
1.31,1.177,1.188,1.194,0.784,2.119,0.4,0.4,0.1,0.1,1022.7,1227.24,309.90909090909093,10.349999999999998
1.199,1.341,1.432,4.766,2.912,4.919,0.4,0.4,0.1,0.1,983.6,1180.32,298.06060606060606,12.015
1.449,1.128,0.572,3.986,0.106,2.292,0.4,0.4,0.1,0.1,1087.3,1304.76,329.4848484848485,8.265
0.433,0.64,0.897,1.297,1.278,2.624,0.4,0.4,0.1,0.1,530.5,636.6,160.75757575757578,23.505
0.866,0.506,1.342,4.487,1.194,3.714,0.4,0.4,0.1,0.1,733.6,880.32,222.3030303030303,17.009999999999998
1.476,0.431,1.409,1.479,3.041,0.158,0.4,0.4,0.1,0.1,1031.1,1237.32,312.45454545454544,7.859999999999999
1.416,1.45,0.16,4.957,2.32,4.119,0.4,0.4,0.1,0.1,1103.0,1323.6,334.24242424242425,8.760000000000002
0.542,0.445,1.034,1.678,3.731,2.487,0.4,0.4,0.1,0.1,565.5,678.6,171.36363636363637,21.869999999999997
1.262,0.671,0.237,2.781,0.629,1.885,0.4,0.4,0.1,0.1,948.1,1137.72,287.3030303030303,11.07
1.099,0.846,0.717,4.639,2.288,2.6,0.4,0.4,0.1,0.1,884.1,1060.92,267.90909090909093,13.515
0.878,1.371,0.63,1.235,3.063,4.881,0.4,0.4,0.1,0.1,826.1,991.3199999999999,250.33333333333334,16.83
1.009,0.328,0.556,1.764,0.028,4.164,0.4,0.4,0.1,0.1,787.3,944.7599999999999,238.57575757575756,14.865000000000002
1.113,1.384,1.235,1.892,2.343,1.913,0.4,0.4,0.1,0.1,944.9,1133.8799999999999,286.3333333333333,13.305
0.391,1.493,0.953,0.808,3.763,4.636,0.4,0.4,0.1,0.1,594.8,713.7599999999999,180.24242424242425,24.134999999999998
1.354,1.191,1.073,1.168,4.741,2.246,0.4,0.4,0.1,0.1,1046.1,1255.32,317.0,9.689999999999998
0.697,1.342,1.189,4.766,2.865,0.506,0.4,0.4,0.1,0.1,732.7,879.24,222.03030303030306,19.545
0.774,1.452,0.372,2.216,4.199,0.94,0.4,0.4,0.1,0.1,782.2,938.64,237.03030303030306,18.39
1.428,0.225,0.948,0.409,2.508,0.908,0.4,0.4,0.1,0.1,986.5,1183.8,298.93939393939394,8.580000000000002
1.494,1.448,0.114,0.979,3.847,2.224,0.4,0.4,0.1,0.1,1141.8,1370.1599999999999,346.0,7.59
0.782,1.179,0.11,1.775,2.356,0.78,0.4,0.4,0.1,0.1,758.9,910.68,229.96969696969697,18.27
1.195,1.053,0.642,4.425,0.388,4.807,0.4,0.4,0.1,0.1,952.8,1143.36,288.72727272727275,12.075
0.508,0.178,1.09,1.971,0.865,3.082,0.4,0.4,0.1,0.1,521.8,626.16,158.12121212121212,22.38
0.245,1.45,0.229,4.442,4.241,2.818,0.4,0.4,0.1,0.1,517.5,621.0,156.8181818181818,26.325
0.628,0.597,0.406,1.661,3.585,0.931,0.4,0.4,0.1,0.1,623.7,748.44,189.00000000000003,20.58
1.443,0.333,0.721,0.58,2.473,3.91,0.4,0.4,0.1,0.1,1004.8,1205.76,304.4848484848485,8.355
0.564,0.909,0.273,3.117,2.234,2.572,0.4,0.4,0.1,0.1,622.9,747.4799999999999,188.75757575757575,21.54
1.468,1.185,1.432,3.36,3.013,1.684,0.4,0.4,0.1,0.1,1102.5,1323.0,334.0909090909091,7.98
0.66,0.599,0.113,3.267,2.822,3.955,0.4,0.4,0.1,0.1,639.9,767.88,193.9090909090909,20.1
0.555,0.536,0.458,1.633,4.595,0.978,0.4,0.4,0.1,0.1,581.1,697.32,176.0909090909091,21.674999999999997
0.268,1.325,1.008,1.861,3.066,2.11,0.4,0.4,0.1,0.1,516.5,619.8,156.51515151515153,25.98
1.094,0.851,0.642,0.692,0.713,1.279,0.4,0.4,0.1,0.1,882.1,1058.52,267.3030303030303,13.59
1.309,1.484,0.128,1.418,3.726,2.745,0.4,0.4,0.1,0.1,1052.9,1263.48,319.0606060606061,10.365000000000002
0.224,1.277,0.566,0.081,0.271,0.539,0.4,0.4,0.1,0.1,489.7,587.64,148.3939393939394,26.64
0.608,0.512,1.077,2.765,1.144,4.31,0.4,0.4,0.1,0.1,605.2,726.24,183.3939393939394,20.880000000000003
0.27,1.136,0.11,2.297,0.573,3.904,0.4,0.4,0.1,0.1,498.6,598.32,151.0909090909091,25.95
1.42,0.343,0.522,0.763,2.802,0.457,0.4,0.4,0.1,0.1,994.3,1193.1599999999999,301.3030303030303,8.700000000000003
1.115,1.479,0.484,2.677,2.248,3.74,0.4,0.4,0.1,0.1,955.4,1146.48,289.5151515151515,13.274999999999999
0.643,0.189,0.773,0.063,3.583,1.706,0.4,0.4,0.1,0.1,590.4,708.4799999999999,178.9090909090909,20.355
0.129,1.167,0.181,3.097,4.713,0.885,0.4,0.4,0.1,0.1,431.2,517.4399999999999,130.66666666666666,28.065
0.837,1.433,1.371,2.447,3.962,0.255,0.4,0.4,0.1,0.1,811.8,974.1599999999999,246.0,17.445
1.295,1.47,1.292,1.482,1.551,4.55,0.4,0.4,0.1,0.1,1044.5,1253.3999999999999,316.51515151515156,10.575000000000003
0.655,1.059,1.158,0.261,0.699,3.6,0.4,0.4,0.1,0.1,683.4,820.0799999999999,207.0909090909091,20.174999999999997
0.423,1.138,0.563,0.954,4.66,3.057,0.4,0.4,0.1,0.1,575.3,690.3599999999999,174.33333333333334,23.655
1.237,1.14,0.702,4.193,1.345,0.159,0.4,0.4,0.1,0.1,982.5,1179.0,297.72727272727275,11.445
0.999,0.47,0.627,1.78,3.656,0.952,0.4,0.4,0.1,0.1,796.5,955.8,241.36363636363637,15.015
0.776,0.972,0.629,0.994,2.688,4.23,0.4,0.4,0.1,0.1,735.2,882.24,222.7878787878788,18.36
0.581,0.584,0.449,0.279,4.058,4.19,0.4,0.4,0.1,0.1,598.9,718.68,181.4848484848485,21.285
0.601,0.292,0.524,1.42,2.534,3.983,0.4,0.4,0.1,0.1,579.7,695.64,175.66666666666669,20.985
0.952,0.289,1.019,0.6,3.566,0.422,0.4,0.4,0.1,0.1,754.9,905.88,228.75757575757575,15.72
0.944,1.179,1.08,4.475,4.688,2.101,0.4,0.4,0.1,0.1,839.9,1007.8799999999999,254.51515151515153,15.84
0.11,0.379,0.25,1.673,0.978,4.37,0.4,0.4,0.1,0.1,342.9,411.47999999999996,103.9090909090909,28.35
0.61,1.186,0.188,0.229,2.465,3.173,0.4,0.4,0.1,0.1,673.6,808.32,204.12121212121215,20.85
1.114,0.233,0.472,0.153,1.626,0.121,0.4,0.4,0.1,0.1,830.3,996.3599999999999,251.6060606060606,13.29
0.673,0.436,0.694,1.18,3.746,0.211,0.4,0.4,0.1,0.1,630.1,756.12,190.93939393939397,19.905
0.999,0.867,0.309,3.45,4.893,3.946,0.4,0.4,0.1,0.1,836.2,1003.44,253.39393939393943,15.015
0.647,1.342,1.38,4.953,2.316,2.101,0.4,0.4,0.1,0.1,707.7,849.24,214.45454545454547,20.295
0.659,0.151,0.874,4.171,1.478,0.01,0.4,0.4,0.1,0.1,594.6,713.52,180.1818181818182,20.115000000000002
0.479,1.185,1.469,4.634,2.739,0.873,0.4,0.4,0.1,0.1,608.0,729.6,184.24242424242425,22.815
0.572,1.074,1.174,1.262,3.418,2.756,0.4,0.4,0.1,0.1,643.4,772.0799999999999,194.96969696969697,21.42
1.364,0.545,1.357,3.413,0.191,0.554,0.4,0.4,0.1,0.1,986.5,1183.8,298.93939393939394,9.54
0.754,0.215,0.996,3.444,2.634,3.673,0.4,0.4,0.1,0.1,648.5,778.1999999999999,196.51515151515153,18.689999999999998
1.167,0.4,0.863,3.535,3.917,1.014,0.4,0.4,0.1,0.1,873.5,1048.2,264.6969696969697,12.495000000000001
1.416,1.146,1.237,4.667,0.405,0.872,0.4,0.4,0.1,0.1,1072.6,1287.12,325.030303030303,8.760000000000002
0.571,0.265,1.205,0.276,1.544,2.629,0.4,0.4,0.1,0.1,562.0,674.4,170.3030303030303,21.435000000000002
0.479,1.311,0.598,2.395,2.134,3.525,0.4,0.4,0.1,0.1,620.6,744.72,188.0606060606061,22.815
0.895,0.245,1.192,0.803,2.993,0.19,0.4,0.4,0.1,0.1,722.0,866.4,218.7878787878788,16.575
1.335,0.489,1.384,1.869,0.218,1.766,0.4,0.4,0.1,0.1,966.4,1159.6799999999998,292.8484848484849,9.975000000000001
1.263,0.882,1.411,4.873,4.364,1.404,0.4,0.4,0.1,0.1,969.7,1163.64,293.8484848484849,11.055
0.783,0.752,1.361,1.504,3.139,0.252,0.4,0.4,0.1,0.1,716.7,860.0400000000001,217.18181818181822,18.255
0.119,0.11,0.739,2.138,3.833,4.479,0.4,0.4,0.1,0.1,320.5,384.59999999999997,97.12121212121212,28.215
0.504,0.816,1.059,4.964,4.506,0.013,0.4,0.4,0.1,0.1,583.6,700.32,176.84848484848487,22.439999999999998
1.408,1.344,1.326,0.861,4.475,3.788,0.4,0.4,0.1,0.1,1088.4,1306.0800000000002,329.81818181818187,8.880000000000003
1.018,1.172,0.184,2.624,2.587,4.699,0.4,0.4,0.1,0.1,876.2,1051.44,265.51515151515156,14.73
0.905,0.782,0.349,3.335,1.1,4.69,0.4,0.4,0.1,0.1,780.7,936.84,236.5757575757576,16.424999999999997
1.0,0.145,0.882,4.542,2.133,0.156,0.4,0.4,0.1,0.1,764.5,917.4,231.66666666666669,15.0
0.233,0.452,0.159,1.594,1.554,2.745,0.4,0.4,0.1,0.1,411.7,494.03999999999996,124.75757575757576,26.505
1.432,0.474,0.231,0.538,0.976,1.112,0.4,0.4,0.1,0.1,1013.4,1216.08,307.0909090909091,8.52
0.231,1.002,0.844,1.787,2.183,0.288,0.4,0.4,0.1,0.1,465.7,558.8399999999999,141.12121212121212,26.535
0.755,0.892,0.268,0.976,2.182,4.384,0.4,0.4,0.1,0.1,716.7,860.0400000000001,217.18181818181822,18.675
0.732,0.156,0.294,0.905,1.209,4.73,0.4,0.4,0.1,0.1,631.6,757.92,191.3939393939394,19.02
0.55,0.829,1.486,2.861,1.508,2.639,0.4,0.4,0.1,0.1,607.9,729.4799999999999,184.21212121212122,21.75
0.162,0.555,0.837,3.931,4.481,4.045,0.4,0.4,0.1,0.1,386.5,463.79999999999995,117.12121212121212,27.57
0.67,1.24,0.928,2.225,0.766,4.85,0.4,0.4,0.1,0.1,709.0,850.8,214.84848484848487,19.95
0.951,1.276,0.498,4.786,4.532,0.403,0.4,0.4,0.1,0.1,853.1,1023.72,258.51515151515156,15.735000000000001
0.737,1.091,0.102,4.503,4.631,1.155,0.4,0.4,0.1,0.1,727.6,873.12,220.4848484848485,18.945
0.174,0.448,0.542,4.115,1.459,0.673,0.4,0.4,0.1,0.1,381.8,458.16,115.6969696969697,27.39
1.477,0.375,0.996,2.602,3.553,4.316,0.4,0.4,0.1,0.1,1026.0,1231.2,310.90909090909093,7.844999999999999
0.971,0.115,1.073,1.74,0.407,1.814,0.4,0.4,0.1,0.1,747.0,896.4,226.36363636363637,15.435
0.785,0.816,1.192,4.498,1.572,4.113,0.4,0.4,0.1,0.1,724.1,868.92,219.42424242424244,18.225
0.906,0.305,1.131,4.27,2.652,4.607,0.4,0.4,0.1,0.1,733.5,880.1999999999999,222.27272727272728,16.41
1.071,0.31,0.541,3.501,4.201,2.136,0.4,0.4,0.1,0.1,816.5,979.8,247.42424242424244,13.935000000000002
0.43,0.938,0.406,4.882,1.497,2.326,0.4,0.4,0.1,0.1,558.8,670.56,169.33333333333334,23.55
0.563,0.515,1.383,2.842,1.876,2.244,0.4,0.4,0.1,0.1,583.0,699.6,176.66666666666669,21.555
0.487,1.229,0.687,0.344,3.049,2.012,0.4,0.4,0.1,0.1,616.4,739.68,186.78787878787878,22.695
1.111,1.429,1.242,4.47,1.385,3.574,0.4,0.4,0.1,0.1,948.4,1138.08,287.3939393939394,13.335
1.219,0.766,0.137,4.308,1.406,4.151,0.4,0.4,0.1,0.1,936.1,1123.32,283.6666666666667,11.715
1.303,0.154,1.362,4.172,3.447,0.193,0.4,0.4,0.1,0.1,916.9,1100.28,277.8484848484849,10.455000000000002
0.184,1.156,1.459,1.669,1.855,2.48,0.4,0.4,0.1,0.1,457.6,549.12,138.66666666666669,27.240000000000002
0.77,0.899,1.163,4.079,3.762,2.309,0.4,0.4,0.1,0.1,724.9,869.88,219.66666666666669,18.45
0.609,1.04,1.292,0.743,3.891,1.442,0.4,0.4,0.1,0.1,658.5,790.1999999999999,199.54545454545456,20.865000000000002
0.9,0.217,0.117,4.237,0.672,2.709,0.4,0.4,0.1,0.1,721.7,866.0400000000001,218.69696969696972,16.5
1.225,1.172,1.478,4.655,1.438,3.762,0.4,0.4,0.1,0.1,979.7,1175.64,296.87878787878793,11.625
0.788,0.228,0.42,4.544,1.964,3.92,0.4,0.4,0.1,0.1,666.8,800.16,202.06060606060606,18.18
1.461,0.269,1.37,3.842,0.766,3.685,0.4,0.4,0.1,0.1,1007.4,1208.8799999999999,305.2727272727273,8.084999999999997
0.615,1.034,0.247,2.362,3.794,0.754,0.4,0.4,0.1,0.1,660.9,793.0799999999999,200.27272727272728,20.775
0.23,1.138,1.428,2.946,2.732,2.404,0.4,0.4,0.1,0.1,478.79999999999995,574.56,145.0909090909091,26.55
0.471,0.773,1.449,1.468,2.995,3.708,0.4,0.4,0.1,0.1,562.8,675.3599999999999,170.54545454545453,22.935000000000002
0.408,0.126,0.189,4.466,1.399,0.115,0.4,0.4,0.1,0.1,466.6,559.92,141.3939393939394,23.880000000000003
0.969,0.763,1.167,4.393,0.566,0.766,0.4,0.4,0.1,0.1,810.8,972.9599999999999,245.6969696969697,15.465
0.528,0.801,0.561,4.964,0.444,4.204,0.4,0.4,0.1,0.1,594.1,712.92,180.03030303030306,22.08
1.063,1.077,0.207,0.894,1.067,3.417,0.4,0.4,0.1,0.1,889.2,1067.04,269.4545454545455,14.055000000000001
0.913,0.579,0.498,1.988,1.71,3.642,0.4,0.4,0.1,0.1,764.4,917.28,231.63636363636365,16.305
0.171,0.537,0.736,3.554,3.177,1.684,0.4,0.4,0.1,0.1,389.2,467.03999999999996,117.93939393939394,27.435
0.724,0.884,0.878,0.079,4.595,3.624,0.4,0.4,0.1,0.1,700.4,840.4799999999999,212.24242424242425,19.14
0.987,0.604,1.129,0.934,3.69,3.536,0.4,0.4,0.1,0.1,803.9,964.68,243.60606060606062,15.195
1.067,0.814,0.875,3.934,2.692,0.063,0.4,0.4,0.1,0.1,864.9,1037.8799999999999,262.0909090909091,13.995000000000001
1.096,0.242,1.157,4.995,4.095,3.628,0.4,0.4,0.1,0.1,822.2,986.64,249.15151515151518,13.559999999999999
1.132,1.05,0.898,2.102,3.452,3.531,0.4,0.4,0.1,0.1,921.0,1105.2,279.0909090909091,13.020000000000003
1.31,1.405,0.852,1.349,2.257,1.629,0.4,0.4,0.1,0.1,1045.5,1254.6,316.8181818181818,10.349999999999998
0.518,1.447,0.496,1.27,0.015,1.282,0.4,0.4,0.1,0.1,653.7,784.44,198.09090909090912,22.23
0.983,0.668,1.439,1.03,1.201,1.578,0.4,0.4,0.1,0.1,808.3,969.9599999999999,244.93939393939394,15.255
0.638,0.567,0.892,3.284,2.478,3.019,0.4,0.4,0.1,0.1,625.7,750.84,189.60606060606062,20.43
0.615,1.309,1.359,0.729,3.321,3.008,0.4,0.4,0.1,0.1,688.4,826.0799999999999,208.60606060606062,20.775
1.158,1.32,0.954,3.357,3.937,1.718,0.4,0.4,0.1,0.1,961.0,1153.2,291.21212121212125,12.630000000000003
0.583,1.217,1.139,2.041,1.909,3.425,0.4,0.4,0.1,0.1,663.2,795.84,200.969696969697,21.255000000000003
1.205,1.013,0.998,3.291,0.204,1.549,0.4,0.4,0.1,0.1,953.8,1144.56,289.03030303030306,11.924999999999997
1.142,0.991,0.77,2.645,0.526,3.502,0.4,0.4,0.1,0.1,920.1,1104.12,278.8181818181818,12.870000000000001
0.403,0.925,1.221,4.339,3.89,4.209,0.4,0.4,0.1,0.1,544.0,652.8,164.84848484848484,23.955
0.366,1.431,1.134,0.612,2.768,4.846,0.4,0.4,0.1,0.1,576.1,691.32,174.5757575757576,24.509999999999998
0.53,0.544,0.136,1.332,1.321,2.845,0.4,0.4,0.1,0.1,569.4,683.28,172.54545454545456,22.05
0.879,0.312,0.624,0.192,2.985,0.275,0.4,0.4,0.1,0.1,720.7,864.84,218.39393939393943,16.814999999999998
1.08,1.147,0.283,0.397,4.708,1.055,0.4,0.4,0.1,0.1,904.7,1085.64,274.1515151515152,13.799999999999997
1.003,1.414,0.553,2.749,0.97,3.334,0.4,0.4,0.1,0.1,892.9,1071.48,270.57575757575756,14.955000000000002
0.194,0.24,0.884,4.087,2.092,4.74,0.4,0.4,0.1,0.1,371.0,445.2,112.42424242424244,27.09
0.61,1.435,1.153,0.106,2.696,4.937,0.4,0.4,0.1,0.1,698.5,838.1999999999999,211.66666666666669,20.85
1.439,0.316,1.418,1.461,1.917,0.19,0.4,0.4,0.1,0.1,1001.1,1201.32,303.3636363636364,8.415
1.423,1.065,1.414,2.592,4.503,2.016,0.4,0.4,0.1,0.1,1068.0,1281.6,323.6363636363636,8.655000000000001
0.834,0.856,0.13,3.049,2.366,1.599,0.4,0.4,0.1,0.1,752.6,903.12,228.0606060606061,17.490000000000002
1.202,0.434,1.426,3.41,2.143,2.917,0.4,0.4,0.1,0.1,894.4,1073.28,271.03030303030306,11.969999999999999
0.306,1.096,0.746,3.269,3.025,4.343,0.4,0.4,0.1,0.1,512.6,615.12,155.33333333333334,25.41
0.807,0.406,0.171,1.591,4.186,1.582,0.4,0.4,0.1,0.1,694.1,832.92,210.33333333333334,17.895
0.287,0.22,0.342,3.17,0.439,1.622,0.4,0.4,0.1,0.1,415.5,498.59999999999997,125.90909090909092,25.695
0.273,1.208,0.109,0.014,1.033,4.206,0.4,0.4,0.1,0.1,507.3,608.76,153.72727272727275,25.905
0.157,0.775,1.259,0.522,2.632,1.78,0.4,0.4,0.1,0.1,406.0,487.2,123.03030303030303,27.645
0.845,1.464,0.973,0.079,3.903,4.412,0.4,0.4,0.1,0.1,818.9,982.68,248.15151515151516,17.325000000000003
1.0,1.167,1.179,2.205,2.565,4.497,0.4,0.4,0.1,0.1,866.7,1040.04,262.6363636363637,15.0
1.474,0.535,0.525,4.614,3.566,4.206,0.4,0.4,0.1,0.1,1040.5,1248.6,315.3030303030303,7.890000000000001
0.111,0.837,0.718,4.833,1.598,2.11,0.4,0.4,0.1,0.1,389.2,467.03999999999996,117.93939393939394,28.335
0.565,0.197,0.102,0.953,1.116,0.61,0.4,0.4,0.1,0.1,552.2,662.64,167.33333333333334,21.525
0.321,1.196,1.115,4.003,4.359,0.469,0.4,0.4,0.1,0.1,530.1,636.12,160.63636363636365,25.185
1.047,1.012,1.107,4.646,0.981,2.013,0.4,0.4,0.1,0.1,874.7,1049.64,265.06060606060606,14.295000000000002
1.262,0.351,0.748,3.616,0.501,1.373,0.4,0.4,0.1,0.1,916.1,1099.32,277.6060606060606,11.07
1.133,0.248,0.472,1.23,1.178,3.657,0.4,0.4,0.1,0.1,841.3,1009.56,254.93939393939394,13.004999999999999
0.247,0.671,0.639,0.514,4.151,1.701,0.4,0.4,0.1,0.1,440.6,528.72,133.51515151515153,26.295
0.436,0.811,1.086,3.464,1.111,0.902,0.4,0.4,0.1,0.1,549.1,658.92,166.3939393939394,23.46
1.318,0.673,1.324,1.755,4.716,0.738,0.4,0.4,0.1,0.1,976.3,1171.56,295.8484848484849,10.23
1.021,0.686,1.423,0.283,2.397,3.032,0.4,0.4,0.1,0.1,829.1,994.92,251.24242424242425,14.685000000000002
1.045,0.803,0.653,1.499,0.603,3.387,0.4,0.4,0.1,0.1,852.8,1023.3599999999999,258.42424242424244,14.325000000000001
0.14,0.672,0.1,4.581,2.973,4.626,0.4,0.4,0.1,0.1,387.2,464.64,117.33333333333334,27.9
0.484,0.793,1.285,1.277,3.394,2.033,0.4,0.4,0.1,0.1,571.3,685.56,173.12121212121212,22.740000000000002
1.12,0.911,1.467,0.684,2.871,4.463,0.4,0.4,0.1,0.1,901.1,1081.32,273.06060606060606,13.2
0.17,0.993,0.789,4.95,1.486,4.983,0.4,0.4,0.1,0.1,434.3,521.16,131.60606060606062,27.45
1.482,0.783,1.41,1.267,0.125,1.163,0.4,0.4,0.1,0.1,1069.3,1283.1599999999999,324.03030303030306,7.77
1.306,0.547,0.263,2.227,4.368,4.662,0.4,0.4,0.1,0.1,957.7,1149.24,290.21212121212125,10.41
0.346,1.006,1.151,2.326,2.587,1.586,0.4,0.4,0.1,0.1,523.6,628.32,158.66666666666669,24.810000000000002
0.292,0.397,0.142,3.935,2.584,0.741,0.4,0.4,0.1,0.1,435.7,522.8399999999999,132.03030303030303,25.62
0.154,0.117,1.482,2.606,2.984,3.394,0.4,0.4,0.1,0.1,338.7,406.44,102.63636363636364,27.69
1.226,0.48,0.836,2.258,1.757,2.223,0.4,0.4,0.1,0.1,911.0,1093.2,276.06060606060606,11.61
0.163,0.501,0.474,0.346,3.111,0.184,0.4,0.4,0.1,0.1,381.6,457.92,115.63636363636365,27.555
1.161,0.309,0.554,0.318,0.435,3.767,0.4,0.4,0.1,0.1,861.4,1033.6799999999998,261.03030303030306,12.585
1.331,1.184,0.485,0.295,4.845,4.656,0.4,0.4,0.1,0.1,1033.9,1240.68,313.30303030303037,10.035
0.528,1.388,1.361,3.891,2.892,2.914,0.4,0.4,0.1,0.1,652.8,783.3599999999999,197.8181818181818,22.08
0.974,0.27,0.859,4.301,2.398,3.996,0.4,0.4,0.1,0.1,764.0,916.8,231.51515151515153,15.39
1.154,0.307,0.927,1.449,0.51,2.327,0.4,0.4,0.1,0.1,857.7,1029.24,259.90909090909093,12.690000000000001
0.747,0.118,1.253,2.805,3.261,2.762,0.4,0.4,0.1,0.1,635.3,762.3599999999999,192.5151515151515,18.795
1.12,1.33,0.803,0.801,3.66,4.974,0.4,0.4,0.1,0.1,943.0,1131.6,285.75757575757575,13.2
0.625,0.892,0.503,4.912,4.99,0.747,0.4,0.4,0.1,0.1,651.7,782.0400000000001,197.4848484848485,20.625
1.458,0.412,0.264,0.582,1.761,4.424,0.4,0.4,0.1,0.1,1020.2,1224.24,309.1515151515152,8.129999999999999
0.748,0.384,0.498,3.762,3.664,0.464,0.4,0.4,0.1,0.1,662.4,794.88,200.72727272727272,18.78
1.062,0.417,0.161,1.964,3.32,3.169,0.4,0.4,0.1,0.1,822.7,987.24,249.30303030303034,14.069999999999999
1.294,0.138,1.281,4.221,3.272,0.737,0.4,0.4,0.1,0.1,910.8,1092.9599999999998,276.0,10.59
1.324,1.212,0.983,2.605,4.277,2.167,0.4,0.4,0.1,0.1,1033.2,1239.84,313.0909090909091,10.14
0.886,1.173,0.526,3.838,3.628,3.756,0.4,0.4,0.1,0.1,810.3,972.3599999999999,245.54545454545453,16.71
0.535,1.196,0.428,2.987,0.262,2.705,0.4,0.4,0.1,0.1,637.1,764.52,193.0606060606061,21.975
1.432,1.078,0.274,4.101,3.528,1.595,0.4,0.4,0.1,0.1,1073.8,1288.56,325.3939393939394,8.52
0.499,0.408,0.82,1.504,2.021,2.585,0.4,0.4,0.1,0.1,540.3,648.3599999999999,163.72727272727272,22.515
0.223,0.409,1.179,3.267,2.319,0.551,0.4,0.4,0.1,0.1,402.4,482.87999999999994,121.93939393939394,26.655
0.703,0.179,0.335,3.306,0.695,2.839,0.4,0.4,0.1,0.1,619.4,743.28,187.6969696969697,19.455
1.038,1.342,0.882,4.451,0.912,0.302,0.4,0.4,0.1,0.1,903.2,1083.84,273.69696969696975,14.43
0.818,1.105,1.105,2.229,1.739,2.695,0.4,0.4,0.1,0.1,769.5,923.4,233.1818181818182,17.73
0.269,0.748,0.776,1.5,2.587,3.747,0.4,0.4,0.1,0.1,459.3,551.16,139.1818181818182,25.965
0.766,0.129,0.367,4.635,4.46,0.422,0.4,0.4,0.1,0.1,645.9,775.0799999999999,195.72727272727272,18.509999999999998
0.542,1.169,1.47,4.104,4.919,1.989,0.4,0.4,0.1,0.1,637.9,765.4799999999999,193.3030303030303,21.869999999999997
0.951,0.633,0.473,1.727,1.276,0.523,0.4,0.4,0.1,0.1,788.8,946.56,239.03030303030303,15.735000000000001
1.126,1.472,0.824,4.882,4.452,3.566,0.4,0.4,0.1,0.1,960.2,1152.24,290.969696969697,13.110000000000003
0.629,1.125,1.057,0.23,1.405,0.312,0.4,0.4,0.1,0.1,677.0,812.4,205.15151515151516,20.564999999999998
0.473,0.899,0.257,4.598,2.817,0.862,0.4,0.4,0.1,0.1,576.4,691.68,174.66666666666666,22.905
0.825,0.539,0.226,0.425,0.216,4.395,0.4,0.4,0.1,0.1,716.4,859.68,217.0909090909091,17.625
1.239,1.249,1.496,2.908,4.666,2.828,0.4,0.4,0.1,0.1,994.4,1193.28,301.3333333333333,11.415
0.399,0.394,1.127,0.984,1.152,2.765,0.4,0.4,0.1,0.1,488.9,586.68,148.15151515151516,24.015
1.3,1.14,1.409,3.355,3.585,2.775,0.4,0.4,0.1,0.1,1014.0,1216.8,307.2727272727273,10.5
0.842,0.653,1.206,1.01,0.271,2.261,0.4,0.4,0.1,0.1,736.3,883.56,223.12121212121212,17.37
0.688,1.408,0.383,1.903,0.336,4.611,0.4,0.4,0.1,0.1,734.8,881.7599999999999,222.66666666666666,19.68
0.181,1.387,0.297,1.265,4.831,1.3,0.4,0.4,0.1,0.1,479.2,575.04,145.21212121212122,27.285
0.819,0.838,0.895,1.68,0.159,4.699,0.4,0.4,0.1,0.1,743.3,891.9599999999999,225.24242424242425,17.715
0.704,0.789,1.275,4.485,3.717,3.883,0.4,0.4,0.1,0.1,680.9,817.0799999999999,206.33333333333334,19.44
0.35,0.414,1.075,3.427,1.219,3.369,0.4,0.4,0.1,0.1,466.4,559.68,141.33333333333334,24.75
0.415,0.798,1.285,1.386,2.385,0.698,0.4,0.4,0.1,0.1,537.3,644.7599999999999,162.8181818181818,23.775
1.017,0.257,0.499,4.895,2.876,4.006,0.4,0.4,0.1,0.1,784.2,941.04,237.63636363636365,14.745000000000001
0.232,0.577,0.582,4.124,3.11,0.614,0.4,0.4,0.1,0.1,423.7,508.43999999999994,128.3939393939394,26.52
1.361,1.455,0.479,4.13,0.701,3.837,0.4,0.4,0.1,0.1,1076.0,1291.2,326.06060606060606,9.585
0.794,1.138,0.21,3.302,1.447,1.29,0.4,0.4,0.1,0.1,760.8,912.9599999999999,230.54545454545453,18.09
0.554,0.564,1.058,3.963,1.361,0.745,0.4,0.4,0.1,0.1,583.4,700.0799999999999,176.78787878787878,21.689999999999998
1.499,0.63,1.483,3.935,4.351,4.6,0.4,0.4,0.1,0.1,1062.5,1275.0,321.969696969697,7.514999999999997
1.161,0.42,0.542,1.495,2.006,3.905,0.4,0.4,0.1,0.1,872.5,1047.0,264.39393939393943,12.585
0.446,1.201,0.271,1.291,2.153,2.074,0.4,0.4,0.1,0.1,593.1,711.72,179.72727272727275,23.31
0.278,0.432,0.942,2.444,4.782,3.259,0.4,0.4,0.1,0.1,432.2,518.64,130.96969696969697,25.83
0.608,1.075,1.402,4.509,4.729,2.731,0.4,0.4,0.1,0.1,661.5,793.8,200.45454545454547,20.880000000000003
0.504,0.466,0.737,0.894,1.452,0.528,0.4,0.4,0.1,0.1,548.6,658.32,166.24242424242425,22.439999999999998
0.819,0.935,1.15,4.156,3.937,2.749,0.4,0.4,0.1,0.1,753.0,903.6,228.1818181818182,17.715
0.325,1.295,0.351,1.233,0.308,1.676,0.4,0.4,0.1,0.1,542.0,650.4,164.24242424242425,25.125
0.224,0.979,0.963,4.02,1.8,0.101,0.4,0.4,0.1,0.1,459.9,551.88,139.36363636363637,26.64
1.451,1.376,0.184,2.8,2.739,3.147,0.4,0.4,0.1,0.1,1113.1,1335.7199999999998,337.3030303030303,8.235
1.499,1.148,0.692,1.285,4.023,0.694,0.4,0.4,0.1,0.1,1114.3,1337.1599999999999,337.6666666666667,7.514999999999997
1.222,0.654,0.25,2.436,3.995,0.659,0.4,0.4,0.1,0.1,926.4,1111.6799999999998,280.72727272727275,11.670000000000002
1.366,0.914,0.295,4.878,3.118,2.803,0.4,0.4,0.1,0.1,1024.4,1229.28,310.4242424242425,9.509999999999998
1.475,0.301,1.475,1.176,2.329,2.85,0.4,0.4,0.1,0.1,1017.6,1221.12,308.3636363636364,7.875
0.929,1.298,0.775,3.338,3.465,4.067,0.4,0.4,0.1,0.1,844.3,1013.1599999999999,255.84848484848484,16.064999999999998
0.123,0.325,0.458,0.308,2.76,0.279,0.4,0.4,0.1,0.1,344.0,412.8,104.24242424242425,28.155
1.43,0.358,0.508,0.874,1.383,0.797,0.4,0.4,0.1,0.1,1000.8,1200.9599999999998,303.27272727272725,8.55
0.67,0.308,0.678,3.726,0.757,0.279,0.4,0.4,0.1,0.1,615.8,738.9599999999999,186.6060606060606,19.95
1.366,0.652,0.526,4.981,4.491,3.053,0.4,0.4,0.1,0.1,998.2,1197.84,302.4848484848485,9.509999999999998
1.296,0.132,0.757,3.576,0.865,2.65,0.4,0.4,0.1,0.1,911.2,1093.44,276.1212121212121,10.559999999999999
0.523,1.147,0.443,4.262,3.913,3.713,0.4,0.4,0.1,0.1,626.2,751.44,189.75757575757578,22.155
0.583,0.773,0.633,1.97,0.79,2.109,0.4,0.4,0.1,0.1,618.8,742.56,187.5151515151515,21.255000000000003
0.422,1.238,0.297,2.409,4.799,4.171,0.4,0.4,0.1,0.1,584.8,701.7599999999999,177.21212121212122,23.67
1.492,0.797,0.512,2.864,0.22,2.985,0.4,0.4,0.1,0.1,1075.7,1290.84,325.969696969697,7.620000000000001
0.291,0.828,1.123,3.84,1.412,0.505,0.4,0.4,0.1,0.1,478.3,573.96,144.93939393939394,25.635
0.177,1.302,0.702,2.504,0.585,0.002,0.4,0.4,0.1,0.1,468.70000000000005,562.44,142.03030303030306,27.345
1.125,1.456,1.22,0.393,2.36,2.879,0.4,0.4,0.1,0.1,958.1,1149.72,290.33333333333337,13.125
1.194,0.116,1.025,0.465,1.371,3.604,0.4,0.4,0.1,0.1,858.6,1030.32,260.1818181818182,12.09
0.524,0.565,0.235,4.193,3.127,4.768,0.4,0.4,0.1,0.1,568.5,682.1999999999999,172.27272727272728,22.14
1.485,0.563,0.26,2.736,1.567,0.799,0.4,0.4,0.1,0.1,1048.8,1258.56,317.8181818181818,7.724999999999998
0.321,0.332,0.391,2.232,4.37,4.003,0.4,0.4,0.1,0.1,443.7,532.4399999999999,134.45454545454547,25.185
0.375,1.284,0.842,1.599,0.777,2.614,0.4,0.4,0.1,0.1,565.9,679.0799999999999,171.4848484848485,24.375
0.704,0.845,0.635,1.975,3.844,3.63,0.4,0.4,0.1,0.1,686.5,823.8,208.03030303030303,19.44
1.477,0.34,0.148,3.524,1.565,0.584,0.4,0.4,0.1,0.1,1022.5,1227.0,309.8484848484849,7.844999999999999
1.408,0.786,1.402,3.529,2.883,4.506,0.4,0.4,0.1,0.1,1032.6,1239.12,312.9090909090909,8.880000000000003
0.822,0.903,1.254,3.44,3.918,1.16,0.4,0.4,0.1,0.1,751.3,901.56,227.66666666666666,17.67
0.901,1.147,0.45,4.335,1.933,3.511,0.4,0.4,0.1,0.1,815.2,978.24,247.03030303030306,16.485
1.48,1.284,0.939,0.022,1.184,4.244,0.4,0.4,0.1,0.1,1118.4,1342.0800000000002,338.90909090909093,7.800000000000001
1.282,0.57,1.309,1.151,4.259,1.447,0.4,0.4,0.1,0.1,948.0,1137.6,287.2727272727273,10.77
1.002,0.337,0.663,4.154,1.709,2.326,0.4,0.4,0.1,0.1,784.7,941.64,237.7878787878788,14.97
0.986,0.808,0.301,0.033,4.841,3.672,0.4,0.4,0.1,0.1,823.8,988.56,249.63636363636363,15.21
0.529,1.41,1.051,2.448,0.66,4.886,0.4,0.4,0.1,0.1,655.5,786.6,198.63636363636365,22.064999999999998
1.093,0.294,0.236,3.97,0.276,1.2,0.4,0.4,0.1,0.1,825.9,991.0799999999999,250.27272727272728,13.605
0.254,0.621,1.021,1.059,2.777,3.051,0.4,0.4,0.1,0.1,439.1,526.92,133.06060606060606,26.19
0.129,0.973,1.348,4.519,4.193,0.862,0.4,0.4,0.1,0.1,411.8,494.15999999999997,124.7878787878788,28.065
0.872,0.301,0.287,1.287,3.313,0.517,0.4,0.4,0.1,0.1,716.1,859.32,217.00000000000003,16.92
0.978,1.033,0.821,3.088,1.979,1.414,0.4,0.4,0.1,0.1,842.3,1010.7599999999999,255.24242424242425,15.33
0.887,0.549,0.724,0.592,3.114,0.378,0.4,0.4,0.1,0.1,748.4,898.0799999999999,226.78787878787878,16.695
0.662,0.815,0.747,2.807,3.536,2.406,0.4,0.4,0.1,0.1,662.5,795.0,200.75757575757578,20.07
0.592,0.729,0.893,0.413,3.744,3.99,0.4,0.4,0.1,0.1,618.9,742.68,187.54545454545456,21.12
0.26,1.278,1.209,1.356,3.848,3.831,0.4,0.4,0.1,0.1,507.8,609.36,153.8787878787879,26.1
0.598,0.175,0.627,4.672,4.751,3.185,0.4,0.4,0.1,0.1,566.5,679.8,171.66666666666669,21.03
0.274,0.337,1.184,1.638,0.792,1.067,0.4,0.4,0.1,0.1,420.7,504.84,127.48484848484848,25.89
0.114,0.935,1.092,3.74,0.547,1.355,0.4,0.4,0.1,0.1,400.5,480.59999999999997,121.36363636363637,28.29
0.115,1.269,1.478,1.756,0.359,4.159,0.4,0.4,0.1,0.1,434.4,521.28,131.63636363636363,28.275
0.108,0.637,0.394,4.822,4.601,2.897,0.4,0.4,0.1,0.1,367.7,441.23999999999995,111.42424242424242,28.38
1.305,1.491,0.697,1.643,3.951,4.754,0.4,0.4,0.1,0.1,1051.6,1261.9199999999998,318.66666666666663,10.425
0.617,0.125,1.248,2.646,1.29,0.236,0.4,0.4,0.1,0.1,571.0,685.1999999999999,173.03030303030303,20.745
0.74,1.435,0.202,4.449,1.645,1.74,0.4,0.4,0.1,0.1,763.5,916.1999999999999,231.36363636363637,18.9
1.348,0.305,0.158,1.994,0.224,0.963,0.4,0.4,0.1,0.1,954.5,1145.3999999999999,289.24242424242425,9.779999999999998
1.062,0.748,1.351,4.733,2.028,1.572,0.4,0.4,0.1,0.1,855.8,1026.9599999999998,259.3333333333333,14.069999999999999
1.434,0.915,1.165,1.203,0.675,4.64,0.4,0.4,0.1,0.1,1058.5,1270.2,320.75757575757575,8.490000000000002
0.476,0.83,0.272,2.547,2.196,1.915,0.4,0.4,0.1,0.1,571.0,685.1999999999999,173.03030303030303,22.86
0.506,0.98,0.774,2.446,3.743,1.195,0.4,0.4,0.1,0.1,601.0,721.1999999999999,182.12121212121212,22.41
0.565,1.308,0.307,4.851,1.248,3.4,0.4,0.4,0.1,0.1,663.3,795.9599999999999,201.0,21.525
1.488,0.12,1.469,2.356,2.988,0.778,0.4,0.4,0.1,0.1,1006.0,1207.2,304.8484848484849,7.68
1.093,0.174,0.18,2.724,4.704,1.088,0.4,0.4,0.1,0.1,813.9,976.68,246.63636363636365,13.605
1.215,0.987,1.446,2.332,0.187,4.793,0.4,0.4,0.1,0.1,956.2,1147.44,289.7575757575758,11.774999999999999
0.426,0.804,0.883,3.513,1.104,3.19,0.4,0.4,0.1,0.1,543.4,652.0799999999999,164.66666666666666,23.61
0.841,0.847,0.974,3.67,3.924,3.341,0.4,0.4,0.1,0.1,755.2,906.24,228.84848484848487,17.384999999999998
0.978,1.114,1.486,4.984,3.768,1.921,0.4,0.4,0.1,0.1,850.4,1020.4799999999999,257.6969696969697,15.33
0.729,0.217,0.54,3.123,4.449,4.056,0.4,0.4,0.1,0.1,636.2,763.44,192.7878787878788,19.064999999999998
0.595,0.303,1.167,2.243,0.559,2.773,0.4,0.4,0.1,0.1,577.8,693.3599999999999,175.0909090909091,21.075000000000003
0.545,0.18,0.23,1.116,0.914,2.751,0.4,0.4,0.1,0.1,540.5,648.6,163.7878787878788,21.825
1.22,1.434,0.165,1.744,3.49,2.088,0.4,0.4,0.1,0.1,1003.4,1204.08,304.06060606060606,11.7
1.295,1.119,0.309,3.251,2.881,1.725,0.4,0.4,0.1,0.1,1009.4,1211.28,305.8787878787879,10.575000000000003
1.406,0.602,1.469,1.088,4.982,2.099,0.4,0.4,0.1,0.1,1013.2,1215.84,307.03030303030306,8.91
0.551,0.88,0.112,4.731,2.316,4.835,0.4,0.4,0.1,0.1,613.5,736.1999999999999,185.9090909090909,21.735
1.161,0.53,0.716,4.288,3.54,3.54,0.4,0.4,0.1,0.1,883.5,1060.2,267.72727272727275,12.585
1.082,0.431,0.983,1.653,1.531,1.046,0.4,0.4,0.1,0.1,834.1,1000.92,252.75757575757578,13.77
0.107,0.307,0.515,1.193,4.034,3.768,0.4,0.4,0.1,0.1,334.2,401.03999999999996,101.27272727272728,28.395
1.492,0.737,1.338,3.543,3.498,2.455,0.4,0.4,0.1,0.1,1069.7,1283.64,324.1515151515152,7.620000000000001
0.646,0.12,0.556,2.543,1.096,4.711,0.4,0.4,0.1,0.1,585.0,702.0,177.27272727272728,20.310000000000002
0.286,0.945,0.777,4.249,2.914,1.556,0.4,0.4,0.1,0.1,487.5,585.0,147.72727272727275,25.71
0.785,1.056,1.479,3.031,0.526,2.88,0.4,0.4,0.1,0.1,748.1,897.72,226.69696969696972,18.225
0.725,0.5,0.374,2.901,2.256,0.31,0.4,0.4,0.1,0.1,662.5,795.0,200.75757575757578,19.125
0.526,0.876,1.352,3.149,2.346,0.646,0.4,0.4,0.1,0.1,600.6,720.72,182.00000000000003,22.11
0.732,0.488,1.307,2.411,3.541,1.562,0.4,0.4,0.1,0.1,664.8,797.7599999999999,201.45454545454544,19.02
0.412,1.35,1.114,3.11,0.477,4.053,0.4,0.4,0.1,0.1,591.0,709.1999999999999,179.0909090909091,23.82
0.51,0.768,0.121,3.372,1.593,4.051,0.4,0.4,0.1,0.1,581.8,698.16,176.3030303030303,22.35
0.989,1.439,1.317,1.151,1.72,1.07,0.4,0.4,0.1,0.1,888.4,1066.08,269.21212121212125,15.165000000000001
0.241,0.636,0.746,0.701,4.447,2.638,0.4,0.4,0.1,0.1,434.1,520.92,131.54545454545456,26.385
0.523,1.428,0.747,2.655,3.254,3.232,0.4,0.4,0.1,0.1,654.3,785.16,198.27272727272728,22.155
0.335,0.452,0.152,1.945,4.579,0.075,0.4,0.4,0.1,0.1,462.7,555.24,140.21212121212122,24.975
0.346,1.087,0.619,3.336,2.945,3.238,0.4,0.4,0.1,0.1,531.7,638.0400000000001,161.12121212121215,24.810000000000002
1.284,0.369,1.109,4.552,4.263,0.884,0.4,0.4,0.1,0.1,928.9,1114.6799999999998,281.4848484848485,10.739999999999998
0.317,1.31,1.438,4.378,4.238,4.159,0.4,0.4,0.1,0.1,539.5,647.4,163.4848484848485,25.245
0.618,0.247,0.484,2.398,2.251,2.366,0.4,0.4,0.1,0.1,583.7,700.44,176.8787878787879,20.73
0.934,1.295,0.481,2.644,0.015,2.984,0.4,0.4,0.1,0.1,846.5,1015.8,256.5151515151515,15.989999999999998
1.497,1.304,0.976,3.426,1.028,2.009,0.4,0.4,0.1,0.1,1128.9,1354.68,342.0909090909091,7.544999999999998
0.169,0.929,1.487,3.814,1.265,4.248,0.4,0.4,0.1,0.1,427.4,512.88,129.5151515151515,27.465
0.24,1.482,1.474,3.462,1.67,4.189,0.4,0.4,0.1,0.1,518.2,621.84,157.03030303030306,26.4
1.256,1.118,0.622,3.149,3.63,3.424,0.4,0.4,0.1,0.1,989.8,1187.76,299.93939393939394,11.16
0.36,0.471,0.705,0.736,3.944,3.579,0.4,0.4,0.1,0.1,477.1,572.52,144.5757575757576,24.6
0.611,0.107,0.797,1.17,0.12,0.211,0.4,0.4,0.1,0.1,566.2,679.44,171.5757575757576,20.835
0.452,0.985,0.823,4.391,3.747,1.923,0.4,0.4,0.1,0.1,574.5,689.4,174.0909090909091,23.22
1.256,1.361,0.785,4.646,2.754,1.056,0.4,0.4,0.1,0.1,1014.1,1216.92,307.3030303030303,11.16
0.961,0.346,1.155,3.674,4.075,2.559,0.4,0.4,0.1,0.1,765.1,918.12,231.84848484848487,15.585
1.473,0.877,0.677,0.667,4.649,2.73,0.4,0.4,0.1,0.1,1074.2,1289.04,325.51515151515156,7.904999999999998
0.684,0.975,0.884,4.643,3.885,0.181,0.4,0.4,0.1,0.1,689.5,827.4,208.93939393939394,19.74
0.183,0.977,1.238,0.214,4.252,1.18,0.4,0.4,0.1,0.1,439.2,527.04,133.0909090909091,27.255
1.181,1.346,1.235,4.738,2.143,1.626,0.4,0.4,0.1,0.1,975.1,1170.12,295.4848484848485,12.285
1.044,0.658,0.599,4.01,1.006,3.144,0.4,0.4,0.1,0.1,837.8,1005.3599999999999,253.87878787878788,14.34
0.926,1.092,1.348,1.069,0.109,2.87,0.4,0.4,0.1,0.1,822.2,986.64,249.15151515151518,16.11
1.42,0.92,1.367,1.006,1.175,1.244,0.4,0.4,0.1,0.1,1052.0,1262.3999999999999,318.7878787878788,8.700000000000003
0.694,0.667,0.39,3.365,1.35,3.848,0.4,0.4,0.1,0.1,663.7,796.44,201.12121212121215,19.59
1.388,1.24,0.362,2.446,0.257,3.686,0.4,0.4,0.1,0.1,1068.0,1281.6,323.6363636363636,9.18
0.856,0.972,0.659,2.281,4.645,1.721,0.4,0.4,0.1,0.1,775.2,930.24,234.90909090909093,17.16
1.394,1.273,0.166,0.638,3.492,4.071,0.4,0.4,0.1,0.1,1074.3,1289.1599999999999,325.54545454545456,9.09
0.534,0.346,0.23,0.631,1.011,1.766,0.4,0.4,0.1,0.1,551.6,661.92,167.15151515151516,21.990000000000002
1.435,1.367,0.952,4.217,2.751,2.549,0.4,0.4,0.1,0.1,1104.2,1325.04,334.6060606060606,8.474999999999998
1.127,0.364,1.479,0.202,1.746,4.733,0.4,0.4,0.1,0.1,849.9,1019.8799999999999,257.54545454545456,13.094999999999999
0.542,0.824,1.196,0.47,0.425,4.14,0.4,0.4,0.1,0.1,603.4,724.0799999999999,182.84848484848484,21.869999999999997
0.786,0.351,1.112,2.637,1.107,2.641,0.4,0.4,0.1,0.1,678.1,813.72,205.4848484848485,18.21
0.273,1.337,1.263,3.092,0.054,1.403,0.4,0.4,0.1,0.1,520.2,624.24,157.63636363636365,25.905
1.183,0.91,1.322,1.035,4.889,0.931,0.4,0.4,0.1,0.1,932.5,1119.0,282.57575757575756,12.254999999999999
0.328,0.358,0.983,0.807,3.335,3.914,0.4,0.4,0.1,0.1,449.8,539.76,136.3030303030303,25.08
0.483,0.649,0.68,0.61,0.058,0.821,0.4,0.4,0.1,0.1,556.4,667.68,168.6060606060606,22.755
0.554,0.991,0.323,2.873,1.193,0.57,0.4,0.4,0.1,0.1,626.1,751.32,189.72727272727275,21.689999999999998
1.395,1.096,1.177,2.625,0.398,0.166,0.4,0.4,0.1,0.1,1057.1,1268.5199999999998,320.3333333333333,9.075
1.349,0.3,1.235,4.615,1.325,0.52,0.4,0.4,0.1,0.1,954.5,1145.3999999999999,289.24242424242425,9.765
1.279,1.052,0.927,1.404,0.593,4.102,0.4,0.4,0.1,0.1,994.7,1193.64,301.42424242424244,10.815000000000001
0.425,1.405,1.424,4.27,2.173,0.215,0.4,0.4,0.1,0.1,603.0,723.6,182.72727272727275,23.625
0.844,0.64,0.889,0.107,3.499,4.097,0.4,0.4,0.1,0.1,736.0,883.1999999999999,223.03030303030303,17.34
1.365,1.117,0.164,4.36,0.076,4.369,0.4,0.4,0.1,0.1,1044.2,1253.04,316.42424242424244,9.524999999999999
0.627,0.592,0.92,4.698,3.884,4.413,0.4,0.4,0.1,0.1,622.7,747.24,188.69696969696972,20.595
0.192,0.8,0.958,2.578,0.055,1.449,0.4,0.4,0.1,0.1,426.0,511.2,129.0909090909091,27.12
0.122,0.472,0.238,0.736,2.609,3.153,0.4,0.4,0.1,0.1,358.2,429.84,108.54545454545455,28.17
0.679,0.319,0.357,1.237,1.811,3.56,0.4,0.4,0.1,0.1,621.4,745.68,188.3030303030303,19.814999999999998
0.415,1.459,0.335,4.826,3.635,0.268,0.4,0.4,0.1,0.1,603.4,724.0799999999999,182.84848484848484,23.775
1.248,0.617,0.555,2.856,1.734,0.52,0.4,0.4,0.1,0.1,935.7,1122.84,283.54545454545456,11.280000000000001
0.371,1.18,0.678,0.002,1.093,3.183,0.4,0.4,0.1,0.1,553.5,664.1999999999999,167.72727272727275,24.435000000000002
0.85,0.627,0.765,3.358,4.43,1.621,0.4,0.4,0.1,0.1,737.7,885.24,223.54545454545456,17.25
1.162,1.182,0.941,1.66,0.92,4.946,0.4,0.4,0.1,0.1,949.2,1139.04,287.6363636363637,12.57
1.032,0.855,0.832,2.638,4.286,0.84,0.4,0.4,0.1,0.1,851.5,1021.8,258.03030303030306,14.52
0.309,0.853,1.272,1.288,1.952,3.834,0.4,0.4,0.1,0.1,489.8,587.76,148.42424242424244,25.365000000000002
0.464,0.25,0.801,4.593,4.115,1.173,0.4,0.4,0.1,0.1,507.0,608.4,153.63636363636365,23.04
1.134,0.359,1.437,0.003,4.224,0.094,0.4,0.4,0.1,0.1,852.9,1023.4799999999999,258.45454545454544,12.990000000000002
1.356,0.543,0.576,2.94,3.029,1.613,0.4,0.4,0.1,0.1,982.3,1178.76,297.6666666666667,9.66
0.951,1.338,1.404,4.501,2.26,0.067,0.4,0.4,0.1,0.1,859.3,1031.1599999999999,260.3939393939394,15.735000000000001
1.272,0.743,0.179,4.68,0.099,3.03,0.4,0.4,0.1,0.1,960.3,1152.36,291.0,10.919999999999998
0.306,0.345,0.479,1.614,1.426,0.947,0.4,0.4,0.1,0.1,437.5,525.0,132.5757575757576,25.41
0.161,1.239,0.369,2.077,0.88,4.908,0.4,0.4,0.1,0.1,454.4,545.28,137.6969696969697,27.585
0.1,0.275,1.459,2.968,0.018,0.125,0.4,0.4,0.1,0.1,327.5,393.0,99.24242424242425,28.5
0.686,1.325,1.295,3.213,3.208,3.515,0.4,0.4,0.1,0.1,725.5,870.6,219.84848484848487,19.71
0.504,0.589,0.362,0.846,1.902,2.673,0.4,0.4,0.1,0.1,560.9,673.0799999999999,169.96969696969697,22.439999999999998
1.0,1.306,1.137,0.468,3.878,4.228,0.4,0.4,0.1,0.1,880.6,1056.72,266.8484848484849,15.0
0.177,0.519,0.652,2.552,3.249,1.366,0.4,0.4,0.1,0.1,390.4,468.47999999999996,118.3030303030303,27.345
0.675,1.397,1.201,3.536,3.52,3.199,0.4,0.4,0.1,0.1,727.2,872.64,220.3636363636364,19.875
1.234,0.842,0.514,4.757,4.723,3.262,0.4,0.4,0.1,0.1,951.2,1141.44,288.24242424242425,11.490000000000002
0.822,0.535,0.364,4.413,2.02,2.075,0.4,0.4,0.1,0.1,714.5,857.4,216.51515151515153,17.67
1.462,0.795,0.545,1.117,3.266,4.017,0.4,0.4,0.1,0.1,1060.5,1272.6,321.3636363636364,8.07
0.628,0.491,0.83,1.28,1.571,0.218,0.4,0.4,0.1,0.1,613.1,735.72,185.7878787878788,20.58
0.879,0.656,0.566,3.525,1.483,3.944,0.4,0.4,0.1,0.1,755.1,906.12,228.81818181818184,16.814999999999998
1.328,1.231,1.221,0.732,0.632,1.405,0.4,0.4,0.1,0.1,1037.1,1244.5199999999998,314.27272727272725,10.079999999999998
0.797,1.455,1.128,0.283,4.132,1.369,0.4,0.4,0.1,0.1,794.0,952.8,240.60606060606062,18.045
0.409,1.366,0.135,1.404,2.629,1.837,0.4,0.4,0.1,0.1,591.1,709.32,179.12121212121212,23.865000000000002
1.201,1.214,1.377,4.738,2.814,0.403,0.4,0.4,0.1,0.1,971.9,1166.28,294.5151515151515,11.985
0.307,0.149,0.329,4.405,2.171,1.089,0.4,0.4,0.1,0.1,418.4,502.0799999999999,126.78787878787878,25.395
0.767,0.554,0.592,3.43,4.856,2.977,0.4,0.4,0.1,0.1,688.9,826.68,208.75757575757575,18.494999999999997
1.001,0.531,0.649,1.27,4.768,0.899,0.4,0.4,0.1,0.1,803.6,964.3199999999999,243.51515151515153,14.985000000000001
0.374,0.494,0.981,0.122,0.769,3.699,0.4,0.4,0.1,0.1,486.4,583.68,147.3939393939394,24.39
1.146,0.414,0.997,0.129,2.886,0.163,0.4,0.4,0.1,0.1,864.4,1037.28,261.93939393939394,12.810000000000002
0.869,0.629,0.778,3.561,0.088,4.167,0.4,0.4,0.1,0.1,747.4,896.88,226.4848484848485,16.965
0.563,0.15,0.569,4.801,3.561,2.281,0.4,0.4,0.1,0.1,546.5,655.8,165.60606060606062,21.555
1.477,1.181,0.466,1.188,2.402,3.027,0.4,0.4,0.1,0.1,1106.6,1327.9199999999998,335.3333333333333,7.844999999999999
1.024,0.552,1.37,2.69,2.184,0.824,0.4,0.4,0.1,0.1,817.2,980.64,247.63636363636365,14.64
0.931,0.594,0.985,4.091,0.128,0.493,0.4,0.4,0.1,0.1,774.9,929.8799999999999,234.8181818181818,16.035
1.418,1.249,1.325,1.992,0.878,4.14,0.4,0.4,0.1,0.1,1083.9,1300.68,328.4545454545455,8.73
0.19,1.281,1.426,3.658,2.961,0.736,0.4,0.4,0.1,0.1,473.1,567.72,143.36363636363637,27.15
1.077,1.314,1.262,4.376,3.223,4.856,0.4,0.4,0.1,0.1,919.9,1103.8799999999999,278.75757575757575,13.844999999999999
0.335,0.977,0.867,2.519,3.502,2.852,0.4,0.4,0.1,0.1,515.2,618.24,156.12121212121215,24.975
1.114,1.146,0.46,4.235,2.761,0.976,0.4,0.4,0.1,0.1,921.6,1105.92,279.2727272727273,13.29
0.392,1.07,0.465,2.085,0.153,0.396,0.4,0.4,0.1,0.1,553.0,663.6,167.5757575757576,24.12
1.418,0.683,1.156,3.443,4.778,1.645,0.4,0.4,0.1,0.1,1027.3,1232.76,311.3030303030303,8.73
0.973,0.168,0.609,0.457,4.754,3.596,0.4,0.4,0.1,0.1,753.3,903.9599999999999,228.27272727272728,15.405000000000001
1.077,0.157,0.653,2.403,0.152,3.241,0.4,0.4,0.1,0.1,804.2,965.04,243.69696969696972,13.844999999999999
1.082,1.028,1.383,2.873,4.07,0.536,0.4,0.4,0.1,0.1,893.8,1072.56,270.8484848484849,13.77
0.142,0.479,0.191,0.618,3.738,4.512,0.4,0.4,0.1,0.1,368.9,442.67999999999995,111.78787878787878,27.87
0.391,0.925,1.402,0.266,1.51,3.432,0.4,0.4,0.1,0.1,538.0,645.6,163.03030303030303,24.134999999999998
0.282,0.834,0.274,2.123,2.193,0.666,0.4,0.4,0.1,0.1,474.4,569.28,143.75757575757575,25.77
0.614,0.981,0.853,3.058,0.757,4.273,0.4,0.4,0.1,0.1,655.1,786.12,198.51515151515153,20.79
0.382,0.526,0.933,2.461,1.507,1.846,0.4,0.4,0.1,0.1,493.6,592.32,149.5757575757576,24.27
0.692,0.22,1.47,3.283,3.109,1.699,0.4,0.4,0.1,0.1,618.0,741.6,187.27272727272728,19.62
0.683,0.446,1.283,4.388,4.613,4.322,0.4,0.4,0.1,0.1,636.1,763.32,192.75757575757578,19.755
0.682,0.105,0.263,2.864,3.147,4.535,0.4,0.4,0.1,0.1,601.5,721.8,182.27272727272728,19.77
0.834,0.603,0.223,0.355,3.764,4.585,0.4,0.4,0.1,0.1,727.3,872.7599999999999,220.3939393939394,17.490000000000002
0.103,0.804,0.495,1.867,0.744,2.091,0.4,0.4,0.1,0.1,381.9,458.28,115.72727272727272,28.455
0.191,0.336,0.591,4.553,4.458,2.366,0.4,0.4,0.1,0.1,379.1,454.92,114.87878787878789,27.134999999999998
1.179,1.309,0.142,2.602,1.202,3.968,0.4,0.4,0.1,0.1,970.4,1164.48,294.06060606060606,12.314999999999998
1.298,1.349,0.723,0.019,0.319,2.774,0.4,0.4,0.1,0.1,1033.9,1240.68,313.30303030303037,10.530000000000001
0.933,0.909,0.734,0.097,0.238,2.448,0.4,0.4,0.1,0.1,807.4,968.8799999999999,244.66666666666669,16.005
1.307,0.716,0.869,1.36,3.351,2.977,0.4,0.4,0.1,0.1,975.1,1170.12,295.4848484848485,10.395
0.407,1.31,0.227,2.575,2.417,4.207,0.4,0.4,0.1,0.1,584.5,701.4,177.12121212121212,23.895
1.072,0.659,0.762,4.339,3.486,0.231,0.4,0.4,0.1,0.1,851.9,1022.28,258.1515151515152,13.919999999999998
0.118,0.679,1.28,2.687,1.704,4.267,0.4,0.4,0.1,0.1,376.9,452.28,114.21212121212122,28.23
0.72,1.063,0.493,1.782,0.04,1.756,0.4,0.4,0.1,0.1,716.3,859.56,217.06060606060606,19.200000000000003
0.275,0.384,0.581,0.944,4.445,0.484,0.4,0.4,0.1,0.1,425.9,511.0799999999999,129.06060606060606,25.875
0.517,1.213,0.133,1.741,3.471,0.173,0.4,0.4,0.1,0.1,629.8,755.7599999999999,190.84848484848484,22.245
1.405,0.225,0.89,0.167,4.143,2.55,0.4,0.4,0.1,0.1,975.0,1170.0,295.4545454545455,8.925
0.26,0.473,1.108,3.625,1.741,0.796,0.4,0.4,0.1,0.1,427.3,512.76,129.4848484848485,26.1
0.721,1.336,0.721,1.774,4.234,3.016,0.4,0.4,0.1,0.1,744.1,892.92,225.4848484848485,19.185000000000002
0.931,1.097,0.649,1.664,3.86,2.404,0.4,0.4,0.1,0.1,825.2,990.24,250.0606060606061,16.035
0.309,0.885,1.394,0.84,0.268,3.686,0.4,0.4,0.1,0.1,493.0,591.6,149.3939393939394,25.365000000000002
0.272,1.168,0.819,3.637,0.924,2.151,0.4,0.4,0.1,0.1,502.8,603.36,152.36363636363637,25.92
1.329,0.912,0.227,4.036,0.328,4.614,0.4,0.4,0.1,0.1,1005.7,1206.84,304.7575757575758,10.065000000000001
1.107,0.543,0.122,4.147,0.126,3.219,0.4,0.4,0.1,0.1,857.8,1029.36,259.93939393939394,13.395
1.042,1.083,0.167,3.441,3.672,1.752,0.4,0.4,0.1,0.1,879.3,1055.1599999999999,266.45454545454544,14.37
0.206,1.062,0.231,4.896,0.944,4.916,0.4,0.4,0.1,0.1,459.2,551.04,139.15151515151516,26.91
1.219,0.418,0.527,3.549,1.082,1.963,0.4,0.4,0.1,0.1,901.3,1081.56,273.1212121212121,11.715
1.091,1.005,1.345,0.724,2.467,2.522,0.4,0.4,0.1,0.1,896.0,1075.2,271.5151515151515,13.635000000000002
0.332,0.167,0.783,2.665,0.885,3.199,0.4,0.4,0.1,0.1,432.7,519.24,131.12121212121212,25.02
1.479,0.282,0.933,0.022,4.298,2.909,0.4,0.4,0.1,0.1,1017.7,1221.24,308.39393939393943,7.814999999999998
1.34,0.791,0.55,4.401,3.571,4.192,0.4,0.4,0.1,0.1,999.1,1198.92,302.7575757575758,9.899999999999999
0.469,0.209,0.942,2.012,3.899,4.598,0.4,0.4,0.1,0.1,505.4,606.4799999999999,153.15151515151516,22.965
0.972,1.172,0.969,2.655,0.439,0.03,0.4,0.4,0.1,0.1,853.2,1023.84,258.54545454545456,15.42
0.538,1.112,1.476,1.904,0.854,2.356,0.4,0.4,0.1,0.1,630.2,756.24,190.969696969697,21.93
0.293,1.168,0.564,2.775,2.17,3.718,0.4,0.4,0.1,0.1,513.3,615.9599999999999,155.54545454545453,25.605
0.602,0.601,1.122,1.885,1.32,3.253,0.4,0.4,0.1,0.1,611.1,733.32,185.1818181818182,20.97
0.369,0.789,1.097,4.894,2.182,1.096,0.4,0.4,0.1,0.1,513.4,616.0799999999999,155.57575757575756,24.465
0.862,0.343,0.936,3.157,2.001,1.363,0.4,0.4,0.1,0.1,715.3,858.3599999999999,216.75757575757575,17.07
0.473,1.475,1.264,4.564,4.295,4.159,0.4,0.4,0.1,0.1,634.0,760.8,192.12121212121212,22.905
0.432,0.879,0.294,4.575,2.037,2.638,0.4,0.4,0.1,0.1,553.9,664.68,167.84848484848484,23.52
1.177,1.308,0.958,4.407,4.494,2.568,0.4,0.4,0.1,0.1,969.3,1163.1599999999999,293.72727272727275,12.344999999999999
0.4,1.024,0.67,0.649,2.321,4.281,0.4,0.4,0.1,0.1,552.4,662.88,167.3939393939394,24.0
1.213,1.1,0.621,0.786,2.047,4.266,0.4,0.4,0.1,0.1,966.5,1159.8,292.8787878787879,11.805
1.177,1.329,0.768,1.621,2.423,4.112,0.4,0.4,0.1,0.1,971.4,1165.6799999999998,294.3636363636364,12.344999999999999
0.349,0.323,0.646,0.657,3.881,0.847,0.4,0.4,0.1,0.1,456.8,548.16,138.42424242424244,24.765
1.364,0.124,0.143,1.572,3.461,2.768,0.4,0.4,0.1,0.1,944.4,1133.28,286.1818181818182,9.54
0.358,0.595,0.147,4.88,0.159,1.433,0.4,0.4,0.1,0.1,488.5,586.1999999999999,148.03030303030303,24.63
1.155,0.267,1.022,3.419,3.756,0.144,0.4,0.4,0.1,0.1,854.2,1025.04,258.8484848484849,12.675
0.202,0.756,0.148,1.693,1.903,2.235,0.4,0.4,0.1,0.1,426.6,511.92,129.27272727272728,26.97
0.86,0.348,1.487,3.449,3.653,0.625,0.4,0.4,0.1,0.1,714.8,857.7599999999999,216.6060606060606,17.1
0.508,0.558,1.155,4.381,0.335,4.58,0.4,0.4,0.1,0.1,559.8,671.7599999999999,169.63636363636363,22.38
0.783,0.995,1.365,3.513,0.618,4.307,0.4,0.4,0.1,0.1,741.0,889.1999999999999,224.54545454545456,18.255
0.38,1.152,1.143,3.921,3.849,4.604,0.4,0.4,0.1,0.1,555.2,666.24,168.24242424242428,24.3
0.992,0.741,0.349,1.075,0.353,4.798,0.4,0.4,0.1,0.1,820.1,984.12,248.51515151515153,15.120000000000001
0.104,0.408,1.486,3.001,0.9,1.865,0.4,0.4,0.1,0.1,342.8,411.36,103.87878787878789,28.44
1.18,0.118,0.448,2.636,1.345,0.063,0.4,0.4,0.1,0.1,851.8,1022.1599999999999,258.1212121212121,12.3
0.614,1.487,0.616,3.473,2.165,3.55,0.4,0.4,0.1,0.1,705.7,846.84,213.84848484848487,20.79
1.196,0.154,1.078,3.058,4.473,1.791,0.4,0.4,0.1,0.1,863.4,1036.08,261.6363636363636,12.060000000000002
0.869,0.106,0.648,2.446,3.768,1.41,0.4,0.4,0.1,0.1,695.1,834.12,210.63636363636365,16.965
1.301,0.356,1.434,4.75,2.949,2.894,0.4,0.4,0.1,0.1,936.1,1123.32,283.6666666666667,10.485
1.242,1.281,0.862,2.326,4.565,0.154,0.4,0.4,0.1,0.1,999.1,1198.92,302.7575757575758,11.370000000000001
0.876,1.085,0.912,1.893,1.716,3.017,0.4,0.4,0.1,0.1,796.5,955.8,241.36363636363637,16.86
1.275,0.586,0.716,1.812,0.524,3.997,0.4,0.4,0.1,0.1,946.1,1135.32,286.69696969696975,10.875
1.248,0.647,0.604,2.913,2.747,0.972,0.4,0.4,0.1,0.1,938.7,1126.44,284.4545454545455,11.280000000000001
1.212,1.446,0.66,4.657,3.682,2.33,0.4,0.4,0.1,0.1,1000.6,1200.72,303.21212121212125,11.82
0.124,0.723,0.14,0.901,4.379,4.304,0.4,0.4,0.1,0.1,384.3,461.15999999999997,116.45454545454547,28.14
0.423,1.171,0.336,3.399,0.759,4.856,0.4,0.4,0.1,0.1,578.6,694.32,175.33333333333334,23.655
0.852,0.336,0.959,3.917,2.003,0.123,0.4,0.4,0.1,0.1,709.6,851.52,215.03030303030306,17.22
0.764,1.056,0.371,3.322,1.207,2.698,0.4,0.4,0.1,0.1,737.6,885.12,223.51515151515153,18.54
1.095,1.486,1.416,4.539,0.073,0.685,0.4,0.4,0.1,0.1,946.1,1135.32,286.69696969696975,13.575
1.32,0.815,1.033,0.609,0.225,0.492,0.4,0.4,0.1,0.1,991.5,1189.8,300.4545454545455,10.2
1.333,0.398,1.178,4.556,1.604,3.257,0.4,0.4,0.1,0.1,956.3,1147.56,289.7878787878788,10.004999999999999
1.412,0.422,0.155,2.917,3.019,3.803,0.4,0.4,0.1,0.1,998.2,1197.84,302.4848484848485,8.82
0.828,1.289,0.783,2.804,3.57,3.928,0.4,0.4,0.1,0.1,792.9,951.4799999999999,240.27272727272728,17.58
1.115,1.475,0.432,3.012,0.419,1.059,0.4,0.4,0.1,0.1,955.0,1146.0,289.39393939393943,13.274999999999999
1.144,1.107,1.129,3.127,3.26,0.742,0.4,0.4,0.1,0.1,932.7,1119.24,282.6363636363637,12.84
1.223,0.157,1.316,3.135,3.925,1.353,0.4,0.4,0.1,0.1,877.2,1052.64,265.81818181818187,11.654999999999998
0.625,0.403,1.494,2.139,3.148,4.409,0.4,0.4,0.1,0.1,602.8,723.3599999999999,182.66666666666666,20.625
0.252,1.028,1.409,3.38,4.28,4.445,0.4,0.4,0.1,0.1,478.8,574.56,145.0909090909091,26.22
0.502,0.309,1.345,4.268,4.102,0.838,0.4,0.4,0.1,0.1,531.9,638.28,161.1818181818182,22.47
1.013,0.823,0.455,2.541,0.451,4.426,0.4,0.4,0.1,0.1,838.8,1006.56,254.1818181818182,14.805000000000001
0.312,0.453,0.207,4.413,1.157,3.447,0.4,0.4,0.1,0.1,451.3,541.56,136.75757575757578,25.32
0.859,1.041,0.367,4.857,3.115,1.105,0.4,0.4,0.1,0.1,783.6,940.3199999999999,237.45454545454547,17.115000000000002
0.746,1.223,1.042,3.53,1.3,1.285,0.4,0.4,0.1,0.1,745.3,894.3599999999999,225.84848484848484,18.810000000000002
0.445,1.365,1.196,2.427,0.905,2.53,0.4,0.4,0.1,0.1,609.0,730.8,184.54545454545456,23.325
0.333,0.377,0.82,0.664,1.083,4.962,0.4,0.4,0.1,0.1,454.2,545.04,137.63636363636365,25.005
0.739,0.884,0.226,0.377,2.149,1.67,0.4,0.4,0.1,0.1,707.9,849.4799999999999,214.51515151515153,18.915
0.91,1.022,0.467,1.087,0.422,1.156,0.4,0.4,0.1,0.1,807.2,968.64,244.60606060606062,16.35
0.45,0.443,0.302,2.013,3.673,3.668,0.4,0.4,0.1,0.1,519.3,623.16,157.36363636363635,23.25
0.306,0.238,1.235,3.667,4.181,2.978,0.4,0.4,0.1,0.1,426.8,512.16,129.33333333333334,25.41
0.563,1.251,0.994,0.49,0.734,4.38,0.4,0.4,0.1,0.1,656.6,787.92,198.969696969697,21.555
0.876,0.68,1.312,1.948,3.079,1.756,0.4,0.4,0.1,0.1,756.0,907.1999999999999,229.0909090909091,16.86
1.152,0.525,0.421,1.566,4.506,1.214,0.4,0.4,0.1,0.1,878.5,1054.2,266.21212121212125,12.720000000000002
1.438,0.736,0.254,4.989,4.075,0.544,0.4,0.4,0.1,0.1,1042.6,1251.12,315.93939393939394,8.43
1.035,0.732,0.316,0.746,4.304,3.815,0.4,0.4,0.1,0.1,840.7,1008.84,254.75757575757578,14.475000000000001
1.057,0.186,0.16,1.745,4.846,4.456,0.4,0.4,0.1,0.1,797.1,956.52,241.54545454545456,14.145000000000001
1.19,1.029,0.841,0.596,0.667,0.839,0.4,0.4,0.1,0.1,947.9,1137.48,287.24242424242425,12.150000000000002
1.43,0.991,0.322,4.92,1.018,2.165,0.4,0.4,0.1,0.1,1064.1,1276.9199999999998,322.45454545454544,8.55
1.037,1.215,0.598,4.39,4.894,3.191,0.4,0.4,0.1,0.1,890.0,1068.0,269.6969696969697,14.445
1.001,0.811,0.478,2.583,1.139,4.581,0.4,0.4,0.1,0.1,831.6,997.92,252.00000000000003,14.985000000000001
0.557,1.176,1.418,4.198,4.905,3.445,0.4,0.4,0.1,0.1,646.1,775.32,195.7878787878788,21.645
0.303,0.222,1.197,2.755,2.75,1.934,0.4,0.4,0.1,0.1,423.7,508.43999999999994,128.3939393939394,25.455
0.427,0.739,1.228,4.498,4.857,1.645,0.4,0.4,0.1,0.1,537.4,644.88,162.84848484848484,23.595
0.975,0.63,1.33,4.165,0.903,1.608,0.4,0.4,0.1,0.1,800.5,960.5999999999999,242.5757575757576,15.375
0.202,1.216,0.511,1.026,2.359,2.083,0.4,0.4,0.1,0.1,472.6,567.12,143.21212121212122,26.97
0.84,1.102,1.114,2.959,3.009,4.187,0.4,0.4,0.1,0.1,780.2,936.24,236.42424242424246,17.4
0.106,0.67,0.901,4.979,4.067,1.017,0.4,0.4,0.1,0.1,370.0,444.0,112.12121212121212,28.41
1.21,1.156,1.209,3.129,2.227,3.587,0.4,0.4,0.1,0.1,970.6,1164.72,294.1212121212121,11.850000000000001
1.213,0.937,0.976,1.995,2.279,0.089,0.4,0.4,0.1,0.1,950.2,1140.24,287.939393939394,11.805
0.972,0.301,0.677,3.508,4.0,4.071,0.4,0.4,0.1,0.1,766.1,919.32,232.15151515151518,15.42
1.474,1.112,0.507,4.118,4.199,1.241,0.4,0.4,0.1,0.1,1098.2,1317.84,332.7878787878788,7.890000000000001
1.488,0.681,1.065,1.164,2.312,1.925,0.4,0.4,0.1,0.1,1062.1,1274.5199999999998,321.8484848484848,7.68
0.959,0.306,0.395,4.973,0.237,0.526,0.4,0.4,0.1,0.1,760.1,912.12,230.33333333333334,15.615
1.03,0.882,1.407,3.429,1.441,3.313,0.4,0.4,0.1,0.1,853.2,1023.84,258.54545454545456,14.549999999999999
1.254,0.408,0.419,1.218,4.909,3.759,0.4,0.4,0.1,0.1,917.8,1101.36,278.1212121212121,11.190000000000001
1.354,1.02,1.233,3.243,1.09,0.248,0.4,0.4,0.1,0.1,1029.0,1234.8,311.8181818181818,9.689999999999998
0.793,0.877,0.393,3.569,1.094,3.469,0.4,0.4,0.1,0.1,734.2,881.0400000000001,222.4848484848485,18.104999999999997
0.233,0.876,1.498,3.107,3.612,4.051,0.4,0.4,0.1,0.1,454.1,544.92,137.60606060606062,26.505
0.787,0.244,1.235,4.72,1.839,1.403,0.4,0.4,0.1,0.1,667.9,801.4799999999999,202.3939393939394,18.195
0.738,1.26,0.771,2.82,1.708,2.702,0.4,0.4,0.1,0.1,745.0,894.0,225.75757575757578,18.93
1.082,1.064,0.12,1.364,1.946,1.24,0.4,0.4,0.1,0.1,897.4,1076.8799999999999,271.93939393939394,13.77
1.016,1.452,0.956,0.677,2.834,3.749,0.4,0.4,0.1,0.1,903.2,1083.84,273.69696969696975,14.76
0.128,0.712,0.987,2.587,2.658,1.684,0.4,0.4,0.1,0.1,385.2,462.23999999999995,116.72727272727273,28.08
1.291,0.529,1.238,3.79,1.459,3.521,0.4,0.4,0.1,0.1,948.4,1138.08,287.3939393939394,10.635000000000002
0.54,1.03,0.907,2.026,2.343,0.885,0.4,0.4,0.1,0.1,623.0,747.6,188.7878787878788,21.9
0.768,1.241,1.117,2.5,1.568,3.632,0.4,0.4,0.1,0.1,758.1,909.72,229.72727272727275,18.48
0.334,0.222,0.249,0.763,4.114,1.505,0.4,0.4,0.1,0.1,439.2,527.04,133.0909090909091,24.99
0.241,1.382,0.741,4.894,4.981,4.713,0.4,0.4,0.1,0.1,508.7,610.4399999999999,154.15151515151516,26.385
0.393,0.842,0.537,0.68,3.33,2.613,0.4,0.4,0.1,0.1,530.7,636.84,160.81818181818184,24.105
0.297,0.974,1.499,1.087,2.315,2.583,0.4,0.4,0.1,0.1,495.9,595.0799999999999,150.27272727272728,25.545
1.047,1.377,0.655,0.612,0.132,4.97,0.4,0.4,0.1,0.1,911.2,1093.44,276.1212121212121,14.295000000000002
0.281,0.269,0.204,2.713,4.575,1.828,0.4,0.4,0.1,0.1,417.4,500.87999999999994,126.48484848484848,25.785
1.016,1.015,1.121,4.29,3.01,2.667,0.4,0.4,0.1,0.1,859.5,1031.3999999999999,260.4545454545455,14.76
0.36,0.82,0.977,2.479,3.81,3.355,0.4,0.4,0.1,0.1,512.0,614.4,155.15151515151516,24.6
1.219,0.117,0.992,4.433,0.912,1.809,0.4,0.4,0.1,0.1,871.2,1045.44,264.0,11.715
1.394,0.688,0.843,1.754,4.468,2.697,0.4,0.4,0.1,0.1,1015.8,1218.9599999999998,307.8181818181818,9.09
0.639,0.123,1.27,1.115,4.917,4.934,0.4,0.4,0.1,0.1,581.8,698.16,176.3030303030303,20.415
1.486,1.214,0.61,4.473,0.745,4.792,0.4,0.4,0.1,0.1,1114.4,1337.28,337.69696969696975,7.710000000000001
0.491,0.109,0.734,3.692,3.177,2.195,0.4,0.4,0.1,0.1,506.4,607.68,153.45454545454547,22.634999999999998
0.443,1.337,0.91,4.172,3.799,1.853,0.4,0.4,0.1,0.1,605.2,726.24,183.3939393939394,23.355
0.351,1.351,1.193,3.905,4.124,0.388,0.4,0.4,0.1,0.1,560.6,672.72,169.8787878787879,24.735
1.292,0.744,0.375,4.249,1.955,3.978,0.4,0.4,0.1,0.1,970.4,1164.48,294.06060606060606,10.620000000000001
0.172,0.248,1.208,4.679,3.712,1.98,0.4,0.4,0.1,0.1,360.8,432.96,109.33333333333334,27.42
1.348,0.781,0.928,1.287,3.577,4.171,0.4,0.4,0.1,0.1,1002.1,1202.52,303.6666666666667,9.779999999999998
1.039,0.653,0.755,4.719,3.692,4.422,0.4,0.4,0.1,0.1,834.8,1001.7599999999999,252.96969696969697,14.415000000000001
1.081,0.125,0.491,1.376,2.241,3.657,0.4,0.4,0.1,0.1,803.0,963.5999999999999,243.33333333333334,13.785
1.016,0.975,0.575,3.301,2.058,1.409,0.4,0.4,0.1,0.1,855.5,1026.6,259.24242424242425,14.76
0.844,0.292,0.89,2.145,3.642,1.3,0.4,0.4,0.1,0.1,701.2,841.44,212.4848484848485,17.34
0.608,0.907,0.218,0.916,0.559,4.323,0.4,0.4,0.1,0.1,644.7,773.64,195.36363636363637,20.880000000000003
0.641,0.198,0.328,1.927,3.025,3.731,0.4,0.4,0.1,0.1,590.3,708.3599999999999,178.87878787878788,20.384999999999998
0.894,1.087,1.151,3.998,1.272,4.818,0.4,0.4,0.1,0.1,805.7,966.84,244.15151515151518,16.59
1.068,0.197,0.123,2.083,3.26,0.494,0.4,0.4,0.1,0.1,803.7,964.44,243.54545454545456,13.98
0.851,1.16,0.676,2.224,0.464,1.896,0.4,0.4,0.1,0.1,791.5,949.8,239.84848484848487,17.235
0.996,0.52,0.383,3.106,3.026,4.126,0.4,0.4,0.1,0.1,800.0,960.0,242.42424242424244,15.06
1.325,1.238,1.477,2.91,1.091,1.576,0.4,0.4,0.1,0.1,1036.3,1243.56,314.03030303030306,10.125
0.544,0.12,0.916,3.067,4.187,3.484,0.4,0.4,0.1,0.1,534.0,640.8,161.8181818181818,21.84
0.761,0.889,1.059,4.84,4.734,1.329,0.4,0.4,0.1,0.1,719.4,863.28,218.0,18.585
0.892,1.435,1.383,0.132,4.22,0.645,0.4,0.4,0.1,0.1,839.5,1007.4,254.3939393939394,16.619999999999997
1.416,0.977,1.032,2.693,1.019,4.471,0.4,0.4,0.1,0.1,1055.7,1266.84,319.90909090909093,8.760000000000002
0.512,0.805,0.784,1.616,0.094,0.037,0.4,0.4,0.1,0.1,586.5,703.8,177.72727272727275,22.32
1.322,0.106,0.758,2.575,4.848,4.917,0.4,0.4,0.1,0.1,921.6,1105.92,279.2727272727273,10.169999999999998
0.612,0.849,0.17,2.031,1.338,2.323,0.4,0.4,0.1,0.1,640.9,769.0799999999999,194.21212121212122,20.82
0.112,0.766,0.622,0.816,3.201,3.673,0.4,0.4,0.1,0.1,382.6,459.12,115.93939393939395,28.32
0.195,0.413,0.246,2.404,1.604,3.308,0.4,0.4,0.1,0.1,388.8,466.56,117.81818181818183,27.075
0.237,0.486,0.228,1.458,3.632,0.778,0.4,0.4,0.1,0.1,417.1,500.52,126.3939393939394,26.445
1.089,1.485,0.916,0.806,0.382,4.423,0.4,0.4,0.1,0.1,943.0,1131.6,285.75757575757575,13.665
1.147,0.514,1.416,2.593,4.212,1.992,0.4,0.4,0.1,0.1,874.9,1049.8799999999999,265.1212121212121,12.794999999999998
0.323,0.607,0.564,3.92,0.845,1.322,0.4,0.4,0.1,0.1,472.2,566.64,143.0909090909091,25.155
1.135,1.107,1.334,2.631,0.708,2.592,0.4,0.4,0.1,0.1,928.2,1113.84,281.2727272727273,12.975000000000001
1.385,0.93,0.305,3.231,3.25,3.294,0.4,0.4,0.1,0.1,1035.5,1242.6,313.7878787878788,9.225000000000001
0.88,0.883,0.482,3.578,4.643,4.562,0.4,0.4,0.1,0.1,778.3,933.9599999999999,235.84848484848484,16.8
0.368,0.734,0.799,2.229,4.402,3.223,0.4,0.4,0.1,0.1,507.4,608.88,153.75757575757575,24.48
0.118,0.259,0.183,2.748,4.093,3.034,0.4,0.4,0.1,0.1,334.9,401.87999999999994,101.48484848484848,28.23
0.958,1.316,1.434,1.633,0.909,3.373,0.4,0.4,0.1,0.1,860.6,1032.72,260.7878787878788,15.63
0.255,1.092,0.642,2.402,3.468,4.885,0.4,0.4,0.1,0.1,486.7,584.04,147.4848484848485,26.175
1.493,0.875,0.396,3.57,4.877,4.671,0.4,0.4,0.1,0.1,1084.0,1300.8,328.4848484848485,7.604999999999997
0.844,0.727,0.991,1.311,0.285,4.913,0.4,0.4,0.1,0.1,744.7,893.64,225.66666666666669,17.34
1.267,0.463,1.348,2.617,2.479,2.597,0.4,0.4,0.1,0.1,929.8,1115.76,281.75757575757575,10.995000000000001
0.502,1.327,1.269,1.908,3.319,3.667,0.4,0.4,0.1,0.1,633.7,760.44,192.03030303030306,22.47
0.329,0.305,1.468,1.242,4.687,3.574,0.4,0.4,0.1,0.1,445.0,534.0,134.84848484848484,25.064999999999998
0.821,0.212,1.326,0.046,4.841,1.984,0.4,0.4,0.1,0.1,681.7,818.0400000000001,206.5757575757576,17.685000000000002
0.916,1.003,0.379,0.875,3.149,3.296,0.4,0.4,0.1,0.1,808.3,969.9599999999999,244.93939393939394,16.259999999999998
0.53,0.373,0.652,3.767,1.116,3.908,0.4,0.4,0.1,0.1,552.3,662.7599999999999,167.36363636363635,22.05
1.217,1.006,1.105,2.21,1.437,0.53,0.4,0.4,0.1,0.1,959.1,1150.92,290.6363636363637,11.744999999999997
0.653,0.861,1.455,0.272,2.448,4.459,0.4,0.4,0.1,0.1,662.6,795.12,200.7878787878788,20.205
0.546,0.889,1.486,3.825,0.549,2.714,0.4,0.4,0.1,0.1,611.9,734.28,185.42424242424244,21.81
0.512,0.258,0.821,1.067,2.558,1.634,0.4,0.4,0.1,0.1,531.8,638.16,161.15151515151516,22.32
0.432,0.52,0.658,1.821,1.863,2.317,0.4,0.4,0.1,0.1,518.0,621.6,156.96969696969697,23.52
1.204,0.374,0.641,0.673,0.029,1.991,0.4,0.4,0.1,0.1,889.4,1067.28,269.5151515151515,11.940000000000001
0.928,0.36,0.574,4.964,1.774,3.015,0.4,0.4,0.1,0.1,750.0,900.0,227.27272727272728,16.08
1.259,1.019,1.055,2.651,4.166,2.925,0.4,0.4,0.1,0.1,981.4,1177.6799999999998,297.3939393939394,11.115000000000002
0.425,1.019,0.645,0.537,0.756,3.221,0.4,0.4,0.1,0.1,564.4,677.28,171.03030303030303,23.625
0.581,0.749,0.535,0.361,0.845,4.72,0.4,0.4,0.1,0.1,615.4,738.4799999999999,186.4848484848485,21.285
0.885,0.43,1.303,0.046,2.76,2.913,0.4,0.4,0.1,0.1,735.5,882.6,222.8787878787879,16.725
0.491,0.133,0.367,1.226,4.983,2.278,0.4,0.4,0.1,0.1,508.8,610.56,154.1818181818182,22.634999999999998
0.872,0.761,0.561,4.108,1.365,0.727,0.4,0.4,0.1,0.1,762.1,914.52,230.93939393939397,16.92
0.368,0.668,0.283,1.066,1.207,0.708,0.4,0.4,0.1,0.1,500.8,600.96,151.75757575757578,24.48
0.991,0.837,1.395,2.722,4.247,3.885,0.4,0.4,0.1,0.1,829.2,995.04,251.2727272727273,15.135
1.48,0.166,0.511,1.818,0.259,3.9,0.4,0.4,0.1,0.1,1006.6,1207.92,305.03030303030306,7.800000000000001
1.031,0.965,0.782,0.516,3.418,0.437,0.4,0.4,0.1,0.1,862.0,1034.3999999999999,261.21212121212125,14.535000000000002
1.128,0.158,1.259,0.208,0.113,3.355,0.4,0.4,0.1,0.1,829.8,995.7599999999999,251.45454545454547,13.080000000000002
1.349,1.45,1.461,1.426,0.868,1.411,0.4,0.4,0.1,0.1,1069.5,1283.3999999999999,324.0909090909091,9.765
0.804,0.262,0.695,2.931,1.726,4.844,0.4,0.4,0.1,0.1,678.2,813.84,205.51515151515153,17.939999999999998
0.259,0.906,1.385,3.623,4.631,0.025,0.4,0.4,0.1,0.1,470.1,564.12,142.45454545454547,26.115
0.649,0.858,0.852,1.581,4.012,0.331,0.4,0.4,0.1,0.1,660.3,792.3599999999999,200.0909090909091,20.265
1.309,1.361,1.369,4.612,0.763,2.016,0.4,0.4,0.1,0.1,1040.6,1248.7199999999998,315.3333333333333,10.365000000000002
0.351,0.76,1.192,2.944,2.393,1.792,0.4,0.4,0.1,0.1,501.5,601.8,151.96969696969697,24.735
0.508,1.145,0.881,3.279,0.773,2.773,0.4,0.4,0.1,0.1,618.5,742.1999999999999,187.42424242424244,22.38
1.099,1.313,0.645,4.597,3.912,3.888,0.4,0.4,0.1,0.1,930.8,1116.9599999999998,282.06060606060606,13.515
0.859,1.321,0.696,2.979,3.863,1.051,0.4,0.4,0.1,0.1,811.6,973.92,245.93939393939397,17.115000000000002
0.364,1.465,0.645,0.647,2.999,2.003,0.4,0.4,0.1,0.1,578.5,694.1999999999999,175.3030303030303,24.54
0.588,1.322,1.135,0.83,4.075,1.868,0.4,0.4,0.1,0.1,676.2,811.44,204.90909090909093,21.18
0.656,1.25,1.114,4.986,2.068,2.596,0.4,0.4,0.1,0.1,703.0,843.6,213.03030303030303,20.16
0.496,0.279,0.252,4.458,3.4,1.357,0.4,0.4,0.1,0.1,525.9,631.0799999999999,159.36363636363637,22.560000000000002
0.691,1.192,1.441,4.102,2.092,2.354,0.4,0.4,0.1,0.1,714.7,857.64,216.5757575757576,19.635
0.474,1.304,1.0,3.496,3.768,3.229,0.4,0.4,0.1,0.1,617.4,740.88,187.0909090909091,22.89
1.432,0.711,0.997,4.623,3.064,1.397,0.4,0.4,0.1,0.1,1037.1,1244.5199999999998,314.27272727272725,8.52
1.042,0.364,0.912,3.105,0.254,4.917,0.4,0.4,0.1,0.1,807.4,968.8799999999999,244.66666666666669,14.37
0.549,1.109,0.989,4.459,2.057,1.313,0.4,0.4,0.1,0.1,635.4,762.4799999999999,192.54545454545456,21.765
0.743,1.076,1.454,0.798,3.237,0.902,0.4,0.4,0.1,0.1,729.1,874.92,220.93939393939397,18.855
0.9,0.68,0.69,1.324,1.89,1.972,0.4,0.4,0.1,0.1,768.0,921.5999999999999,232.72727272727275,16.5
1.278,1.424,0.378,1.421,3.585,0.577,0.4,0.4,0.1,0.1,1031.4,1237.68,312.5454545454546,10.829999999999998
0.859,0.36,0.999,0.87,2.421,0.941,0.4,0.4,0.1,0.1,715.5,858.6,216.81818181818184,17.115000000000002
0.137,1.45,0.166,4.764,0.236,2.198,0.4,0.4,0.1,0.1,463.5,556.1999999999999,140.45454545454547,27.945
0.365,0.22,1.029,4.873,0.896,1.52,0.4,0.4,0.1,0.1,454.5,545.4,137.72727272727275,24.525
0.838,0.47,1.114,4.501,2.718,1.632,0.4,0.4,0.1,0.1,716.0,859.1999999999999,216.96969696969697,17.43
1.464,1.211,0.561,3.329,2.14,2.601,0.4,0.4,0.1,0.1,1103.1,1323.7199999999998,334.27272727272725,8.04
0.205,1.401,1.126,3.31,2.66,2.562,0.4,0.4,0.1,0.1,492.6,591.12,149.27272727272728,26.925
1.315,0.487,0.47,4.21,1.581,4.64,0.4,0.4,0.1,0.1,956.2,1147.44,289.7575757575758,10.275000000000002
1.163,1.171,0.452,3.244,4.827,1.326,0.4,0.4,0.1,0.1,948.6,1138.32,287.4545454545455,12.555
0.965,0.551,0.9,3.302,0.791,2.418,0.4,0.4,0.1,0.1,787.6,945.12,238.66666666666669,15.525
0.144,0.305,0.207,0.129,0.497,4.275,0.4,0.4,0.1,0.1,352.5,423.0,106.81818181818183,27.84
0.507,0.49,0.564,1.678,1.357,2.204,0.4,0.4,0.1,0.1,552.5,663.0,167.42424242424244,22.395
0.946,0.591,0.23,1.025,3.608,0.261,0.4,0.4,0.1,0.1,782.1,938.52,237.00000000000003,15.81
0.258,1.439,0.369,3.261,2.644,3.372,0.4,0.4,0.1,0.1,522.9,627.4799999999999,158.45454545454547,26.13
0.31,1.006,0.367,4.231,4.427,2.418,0.4,0.4,0.1,0.1,505.6,606.72,153.21212121212122,25.35
0.756,1.25,0.441,3.378,4.52,4.928,0.4,0.4,0.1,0.1,753.0,903.6,228.1818181818182,18.66
1.464,1.11,0.777,2.459,1.03,2.319,0.4,0.4,0.1,0.1,1093.0,1311.6,331.21212121212125,8.04
0.303,1.336,1.136,1.516,4.972,2.755,0.4,0.4,0.1,0.1,535.1,642.12,162.15151515151516,25.455
0.838,0.436,0.474,3.671,4.364,4.816,0.4,0.4,0.1,0.1,712.6,855.12,215.93939393939397,17.43
1.385,1.061,0.357,3.111,1.106,1.582,0.4,0.4,0.1,0.1,1048.6,1258.32,317.75757575757575,9.225000000000001
1.175,0.539,0.465,2.488,0.651,2.832,0.4,0.4,0.1,0.1,891.4,1069.6799999999998,270.1212121212121,12.375
0.1,1.325,0.292,1.153,4.405,2.545,0.4,0.4,0.1,0.1,432.5,519.0,131.06060606060606,28.5
0.602,0.751,1.432,3.633,0.361,4.95,0.4,0.4,0.1,0.1,626.1,751.32,189.72727272727275,20.97
0.799,0.211,0.887,2.769,3.95,0.923,0.4,0.4,0.1,0.1,670.6,804.72,203.21212121212122,18.015
0.978,1.361,0.589,4.167,0.738,4.942,0.4,0.4,0.1,0.1,875.1,1050.12,265.1818181818182,15.33
0.309,0.751,1.462,3.885,3.554,4.798,0.4,0.4,0.1,0.1,479.6,575.52,145.33333333333334,25.365000000000002
0.912,0.17,1.401,4.43,2.324,0.42,0.4,0.4,0.1,0.1,723.0,867.6,219.0909090909091,16.32
0.128,0.121,0.712,4.364,3.011,2.884,0.4,0.4,0.1,0.1,326.1,391.32,98.81818181818183,28.08
0.227,1.216,1.159,3.062,3.979,3.235,0.4,0.4,0.1,0.1,485.1,582.12,147.00000000000003,26.595
1.321,1.296,0.925,0.277,4.948,3.673,0.4,0.4,0.1,0.1,1040.1,1248.12,315.1818181818182,10.185000000000002
0.123,1.132,0.315,0.416,1.119,1.035,0.4,0.4,0.1,0.1,424.7,509.64,128.6969696969697,28.155
0.473,0.968,0.101,2.447,2.389,1.319,0.4,0.4,0.1,0.1,583.3,699.9599999999999,176.75757575757575,22.905
0.172,1.226,0.438,0.344,0.23,1.636,0.4,0.4,0.1,0.1,458.6,550.32,138.969696969697,27.42
0.529,1.392,0.907,0.05,4.971,4.695,0.4,0.4,0.1,0.1,653.7,784.44,198.09090909090912,22.064999999999998
1.208,0.651,0.909,4.965,1.774,0.711,0.4,0.4,0.1,0.1,919.1,1102.92,278.51515151515156,11.879999999999999
1.031,0.785,1.429,0.107,2.111,4.964,0.4,0.4,0.1,0.1,844.0,1012.8,255.75757575757578,14.535000000000002
0.281,0.892,1.047,1.286,1.622,3.283,0.4,0.4,0.1,0.1,479.7,575.64,145.36363636363637,25.785
1.033,0.842,1.137,1.533,4.925,1.727,0.4,0.4,0.1,0.1,850.7,1020.84,257.7878787878788,14.505
0.629,0.425,1.264,1.846,3.065,1.474,0.4,0.4,0.1,0.1,607.0,728.4,183.93939393939394,20.564999999999998
0.51,1.148,0.468,3.021,1.241,4.9,0.4,0.4,0.1,0.1,619.8,743.7599999999999,187.8181818181818,22.35
0.373,0.22,1.178,0.433,3.293,4.101,0.4,0.4,0.1,0.1,458.5,550.1999999999999,138.93939393939394,24.405
0.184,0.696,0.376,4.402,2.956,1.978,0.4,0.4,0.1,0.1,411.6,493.92,124.72727272727275,27.240000000000002
0.706,0.73,1.474,3.702,3.968,0.16,0.4,0.4,0.1,0.1,676.0,811.1999999999999,204.84848484848487,19.41
0.35,1.116,0.102,1.938,2.99,1.363,0.4,0.4,0.1,0.1,536.6,643.92,162.60606060606062,24.75
0.604,0.925,1.347,3.538,1.888,3.088,0.4,0.4,0.1,0.1,644.5,773.4,195.3030303030303,20.939999999999998
0.199,0.628,1.177,1.368,1.005,1.703,0.4,0.4,0.1,0.1,412.3,494.76,124.93939393939395,27.015
1.392,0.787,1.475,1.037,4.181,4.106,0.4,0.4,0.1,0.1,1024.7,1229.64,310.51515151515156,9.120000000000001
0.519,1.299,0.745,4.583,1.365,4.418,0.4,0.4,0.1,0.1,639.4,767.28,193.75757575757575,22.215
0.447,0.301,1.306,1.042,1.897,0.46,0.4,0.4,0.1,0.1,503.6,604.32,152.60606060606062,23.295
1.355,1.446,0.989,2.817,4.257,1.299,0.4,0.4,0.1,0.1,1072.1,1286.5199999999998,324.8787878787879,9.675
1.278,0.689,1.079,0.8,4.868,1.235,0.4,0.4,0.1,0.1,957.9,1149.48,290.2727272727273,10.829999999999998
0.208,0.665,1.156,1.597,1.264,3.571,0.4,0.4,0.1,0.1,420.5,504.59999999999997,127.42424242424244,26.88
1.225,0.68,0.936,1.749,4.658,4.694,0.4,0.4,0.1,0.1,930.5,1116.6,281.969696969697,11.625
1.256,0.853,0.308,3.775,2.262,2.806,0.4,0.4,0.1,0.1,963.3,1155.9599999999998,291.90909090909093,11.16
0.393,1.49,1.227,2.008,2.412,2.539,0.4,0.4,0.1,0.1,595.5,714.6,180.45454545454547,24.105
0.478,0.446,0.228,1.632,3.892,3.144,0.4,0.4,0.1,0.1,533.6,640.32,161.69696969696972,22.83
0.615,1.191,1.097,0.75,1.377,1.434,0.4,0.4,0.1,0.1,676.6,811.92,205.03030303030306,20.775
0.41,0.317,0.904,3.545,0.055,0.557,0.4,0.4,0.1,0.1,486.7,584.04,147.4848484848485,23.85
0.893,1.419,1.36,2.746,4.709,0.368,0.4,0.4,0.1,0.1,838.4,1006.0799999999999,254.06060606060606,16.605
0.58,0.775,0.787,5.0,0.459,4.779,0.4,0.4,0.1,0.1,617.5,741.0,187.12121212121212,21.3
0.34,1.093,0.168,1.997,4.527,4.865,0.4,0.4,0.1,0.1,529.3,635.16,160.39393939393938,24.9
0.746,0.744,1.349,2.691,2.252,1.857,0.4,0.4,0.1,0.1,697.4,836.88,211.33333333333334,18.810000000000002
0.645,1.171,1.34,0.172,2.653,4.555,0.4,0.4,0.1,0.1,689.6,827.52,208.969696969697,20.325
0.421,1.406,0.919,3.485,1.381,1.281,0.4,0.4,0.1,0.1,601.1,721.32,182.15151515151516,23.685000000000002
1.096,0.398,1.37,0.538,0.364,4.43,0.4,0.4,0.1,0.1,837.8,1005.3599999999999,253.87878787878788,13.559999999999999
0.326,0.766,0.996,2.985,2.748,0.849,0.4,0.4,0.1,0.1,489.6,587.52,148.36363636363637,25.11
0.401,1.051,0.394,1.479,2.653,3.024,0.4,0.4,0.1,0.1,555.6,666.72,168.36363636363637,23.985
1.017,0.195,1.497,4.283,4.012,1.758,0.4,0.4,0.1,0.1,778.0,933.5999999999999,235.75757575757578,14.745000000000001
0.886,0.202,0.564,2.777,1.992,0.787,0.4,0.4,0.1,0.1,713.2,855.84,216.12121212121215,16.71
0.505,0.807,0.146,0.228,4.853,1.291,0.4,0.4,0.1,0.1,583.2,699.84,176.72727272727275,22.425
0.312,0.379,1.468,2.434,1.22,3.604,0.4,0.4,0.1,0.1,443.9,532.68,134.5151515151515,25.32
1.095,1.133,1.252,2.737,3.126,4.314,0.4,0.4,0.1,0.1,910.8,1092.9599999999998,276.0,13.575
1.326,0.142,1.043,1.774,4.948,3.527,0.4,0.4,0.1,0.1,927.2,1112.64,280.969696969697,10.11
1.468,1.19,1.327,1.875,4.664,0.495,0.4,0.4,0.1,0.1,1103.0,1323.6,334.24242424242425,7.98
0.554,0.82,0.174,1.109,2.616,3.947,0.4,0.4,0.1,0.1,609.0,730.8,184.54545454545456,21.689999999999998
1.322,1.433,0.706,2.409,3.429,4.651,0.4,0.4,0.1,0.1,1054.3,1265.1599999999999,319.4848484848485,10.169999999999998
1.064,1.167,0.624,2.995,0.396,3.419,0.4,0.4,0.1,0.1,898.7,1078.44,272.33333333333337,14.04
1.244,0.488,1.242,3.229,0.226,0.531,0.4,0.4,0.1,0.1,920.8,1104.9599999999998,279.03030303030306,11.34
0.76,1.134,0.475,4.748,3.824,1.823,0.4,0.4,0.1,0.1,743.4,892.0799999999999,225.27272727272728,18.6
0.871,1.034,0.689,1.71,0.644,3.925,0.4,0.4,0.1,0.1,788.9,946.68,239.06060606060606,16.935000000000002
0.399,0.463,0.209,4.583,4.119,2.932,0.4,0.4,0.1,0.1,495.8,594.96,150.24242424242425,24.015
0.404,0.278,0.657,0.217,4.672,2.425,0.4,0.4,0.1,0.1,479.8,575.76,145.3939393939394,23.939999999999998
1.145,0.658,1.431,0.62,4.958,2.216,0.4,0.4,0.1,0.1,888.3,1065.9599999999998,269.1818181818182,12.825
1.23,1.148,0.456,1.999,4.807,4.377,0.4,0.4,0.1,0.1,979.8,1175.76,296.90909090909093,11.55
0.723,0.541,0.156,1.623,0.532,0.539,0.4,0.4,0.1,0.1,665.6,798.72,201.69696969696972,19.155
0.323,1.266,0.105,4.488,4.489,0.352,0.4,0.4,0.1,0.1,538.1,645.72,163.06060606060606,25.155
0.957,0.144,0.341,4.672,3.512,0.719,0.4,0.4,0.1,0.1,742.9,891.4799999999999,225.12121212121212,15.645000000000001
0.499,0.232,1.09,0.34,3.986,3.601,0.4,0.4,0.1,0.1,522.7,627.24,158.3939393939394,22.515
0.413,0.334,0.138,1.093,4.359,0.982,0.4,0.4,0.1,0.1,489.9,587.88,148.45454545454547,23.805
0.288,0.553,1.307,1.218,3.02,3.787,0.4,0.4,0.1,0.1,449.3,539.16,136.15151515151516,25.68
0.978,0.914,0.53,1.848,2.028,3.885,0.4,0.4,0.1,0.1,830.4,996.4799999999999,251.63636363636365,15.33
1.433,0.268,0.948,2.43,2.428,3.038,0.4,0.4,0.1,0.1,993.3,1191.9599999999998,301.0,8.504999999999999
0.235,0.777,1.102,4.523,0.863,1.443,0.4,0.4,0.1,0.1,445.2,534.24,134.9090909090909,26.475
0.39,0.121,0.766,4.21,1.229,0.862,0.4,0.4,0.1,0.1,457.1,548.52,138.51515151515153,24.15
0.616,1.476,0.409,0.97,1.657,0.932,0.4,0.4,0.1,0.1,705.6,846.72,213.81818181818184,20.759999999999998
1.324,0.18,1.495,3.748,1.252,0.351,0.4,0.4,0.1,0.1,930.0,1116.0,281.8181818181818,10.14
0.103,0.526,1.106,0.268,2.125,0.098,0.4,0.4,0.1,0.1,354.1,424.92,107.30303030303031,28.455
1.103,0.533,0.844,0.067,4.756,3.598,0.4,0.4,0.1,0.1,854.8,1025.76,259.030303030303,13.455000000000002
0.351,0.863,1.192,3.622,1.238,3.056,0.4,0.4,0.1,0.1,511.8,614.16,155.0909090909091,24.735
1.443,1.026,0.58,1.339,0.053,3.134,0.4,0.4,0.1,0.1,1074.1,1288.9199999999998,325.4848484848485,8.355
1.302,1.317,1.475,1.127,4.234,0.754,0.4,0.4,0.1,0.1,1032.7,1239.24,312.939393939394,10.469999999999999
1.381,1.147,0.51,4.86,2.176,3.389,0.4,0.4,0.1,0.1,1055.2,1266.24,319.7575757575758,9.285
1.148,0.609,0.857,4.187,2.919,1.858,0.4,0.4,0.1,0.1,884.9,1061.8799999999999,268.1515151515152,12.780000000000001
0.551,0.424,0.968,0.311,2.103,4.418,0.4,0.4,0.1,0.1,567.9,681.4799999999999,172.0909090909091,21.735
0.737,0.219,0.136,4.231,1.145,0.789,0.4,0.4,0.1,0.1,640.4,768.4799999999999,194.06060606060606,18.945
0.227,0.378,1.387,1.849,0.386,4.6,0.4,0.4,0.1,0.1,401.3,481.56,121.60606060606061,26.595
0.209,1.371,0.58,2.277,3.15,4.082,0.4,0.4,0.1,0.1,491.6,589.92,148.969696969697,26.865000000000002
1.032,1.233,0.979,0.303,3.621,4.312,0.4,0.4,0.1,0.1,889.3,1067.1599999999999,269.4848484848485,14.52
0.46,0.922,1.38,4.827,4.544,1.81,0.4,0.4,0.1,0.1,572.2,686.64,173.3939393939394,23.1
0.247,0.924,0.961,3.766,3.682,4.456,0.4,0.4,0.1,0.1,465.9,559.0799999999999,141.1818181818182,26.295
0.78,1.392,0.159,4.194,2.72,3.214,0.4,0.4,0.1,0.1,779.2,935.04,236.12121212121215,18.299999999999997
0.713,1.3,1.164,3.045,3.271,3.519,0.4,0.4,0.1,0.1,736.5,883.8,223.1818181818182,19.305
0.529,1.447,0.126,4.723,0.975,1.907,0.4,0.4,0.1,0.1,659.2,791.0400000000001,199.75757575757578,22.064999999999998
0.448,0.601,1.285,3.818,2.275,4.041,0.4,0.4,0.1,0.1,534.1,640.92,161.84848484848487,23.28
0.537,1.011,0.348,1.285,4.896,1.336,0.4,0.4,0.1,0.1,619.6,743.52,187.75757575757578,21.945
1.359,1.363,0.911,3.47,1.83,1.163,0.4,0.4,0.1,0.1,1065.8,1278.9599999999998,322.969696969697,9.615000000000002
0.399,0.83,1.213,1.96,0.674,2.837,0.4,0.4,0.1,0.1,532.5,639.0,161.36363636363637,24.015
0.865,0.364,0.549,0.55,1.564,3.233,0.4,0.4,0.1,0.1,718.9,862.68,217.84848484848484,17.025
0.285,0.578,0.57,0.407,3.991,0.226,0.4,0.4,0.1,0.1,450.3,540.36,136.45454545454547,25.725
0.569,0.122,0.993,1.01,0.848,4.906,0.4,0.4,0.1,0.1,546.7,656.0400000000001,165.66666666666669,21.465
0.709,0.635,1.266,2.74,0.994,4.007,0.4,0.4,0.1,0.1,668.0,801.6,202.42424242424244,19.365000000000002
1.468,1.423,1.283,1.075,2.216,2.231,0.4,0.4,0.1,0.1,1126.3,1351.56,341.3030303030303,7.98
1.099,1.07,0.575,2.674,2.832,0.078,0.4,0.4,0.1,0.1,906.5,1087.8,274.6969696969697,13.515
1.208,1.221,0.337,4.404,4.655,0.815,0.4,0.4,0.1,0.1,976.1,1171.32,295.7878787878788,11.879999999999999
1.041,1.235,1.353,2.733,1.247,0.725,0.4,0.4,0.1,0.1,894.0,1072.8,270.90909090909093,14.385000000000002
0.345,0.693,1.431,4.635,0.943,1.507,0.4,0.4,0.1,0.1,491.8,590.16,149.03030303030303,24.825
1.443,0.241,1.069,1.574,3.506,0.965,0.4,0.4,0.1,0.1,995.6,1194.72,301.69696969696975,8.355
0.113,1.373,0.449,2.065,4.424,3.323,0.4,0.4,0.1,0.1,443.8,532.56,134.4848484848485,28.305
0.787,1.173,0.71,0.297,0.121,2.907,0.4,0.4,0.1,0.1,760.8,912.9599999999999,230.54545454545453,18.195
0.62,1.179,0.581,0.886,4.756,3.23,0.4,0.4,0.1,0.1,677.9,813.4799999999999,205.42424242424244,20.7
0.264,0.989,1.464,2.188,4.135,1.195,0.4,0.4,0.1,0.1,480.9,577.0799999999999,145.72727272727272,26.04
1.461,0.592,1.355,3.73,0.626,1.246,0.4,0.4,0.1,0.1,1039.7,1247.64,315.0606060606061,8.084999999999997
1.286,0.746,1.265,1.21,0.914,4.62,0.4,0.4,0.1,0.1,967.6,1161.12,293.21212121212125,10.71
0.796,0.496,0.356,2.755,1.76,4.513,0.4,0.4,0.1,0.1,697.6,837.12,211.3939393939394,18.06
1.126,1.39,0.362,3.981,0.435,3.611,0.4,0.4,0.1,0.1,952.0,1142.3999999999999,288.4848484848485,13.110000000000003
0.195,0.805,1.119,0.959,1.251,0.807,0.4,0.4,0.1,0.1,428.0,513.6,129.69696969696972,27.075
0.637,0.331,1.111,0.048,1.464,3.781,0.4,0.4,0.1,0.1,601.6,721.92,182.3030303030303,20.445
0.95,0.813,0.707,2.812,4.489,1.741,0.4,0.4,0.1,0.1,806.3,967.56,244.33333333333334,15.75
0.934,0.575,1.02,2.607,4.709,1.859,0.4,0.4,0.1,0.1,774.5,929.4,234.69696969696972,15.989999999999998
1.149,1.367,1.178,1.057,4.813,2.658,0.4,0.4,0.1,0.1,961.2,1153.44,291.2727272727273,12.765
0.192,0.446,1.012,3.037,2.951,1.304,0.4,0.4,0.1,0.1,390.6,468.72,118.36363636363637,27.12
1.407,0.285,0.413,2.078,1.057,4.084,0.4,0.4,0.1,0.1,982.0,1178.3999999999999,297.57575757575756,8.895
1.476,0.433,1.347,1.287,0.167,2.967,0.4,0.4,0.1,0.1,1031.3,1237.56,312.5151515151515,7.859999999999999
0.549,1.201,1.106,4.58,4.662,0.755,0.4,0.4,0.1,0.1,644.6,773.52,195.33333333333334,21.765
0.5,0.253,1.029,4.714,1.603,2.001,0.4,0.4,0.1,0.1,525.3,630.3599999999999,159.1818181818182,22.5
1.378,0.223,1.398,4.664,1.992,0.749,0.4,0.4,0.1,0.1,961.3,1153.56,291.3030303030303,9.330000000000002
0.822,0.862,0.286,0.469,0.826,0.047,0.4,0.4,0.1,0.1,747.2,896.64,226.42424242424244,17.67
0.933,0.604,1.045,4.77,2.397,4.122,0.4,0.4,0.1,0.1,776.9,932.28,235.42424242424244,16.005
0.124,0.42,1.082,0.219,2.913,0.806,0.4,0.4,0.1,0.1,354.0,424.8,107.27272727272728,28.14
0.973,0.588,0.576,0.658,3.238,3.93,0.4,0.4,0.1,0.1,795.3,954.3599999999999,241.0,15.405000000000001
1.319,0.434,0.305,1.418,2.489,2.618,0.4,0.4,0.1,0.1,952.9,1143.48,288.75757575757575,10.215
0.442,0.617,1.241,1.189,1.942,3.45,0.4,0.4,0.1,0.1,532.7,639.24,161.42424242424244,23.37
0.987,0.181,0.472,2.217,3.927,2.343,0.4,0.4,0.1,0.1,761.6,913.92,230.7878787878788,15.195
0.912,0.61,0.239,3.032,3.849,2.313,0.4,0.4,0.1,0.1,767.0,920.4,232.42424242424244,16.32
0.918,1.137,1.338,3.929,0.978,0.299,0.4,0.4,0.1,0.1,822.7,987.24,249.30303030303034,16.229999999999997
0.649,1.086,1.402,1.18,4.377,3.496,0.4,0.4,0.1,0.1,683.1,819.72,207.00000000000003,20.265
1.049,1.262,0.984,4.392,0.212,2.158,0.4,0.4,0.1,0.1,900.7,1080.84,272.939393939394,14.265
0.345,1.336,0.632,3.784,3.629,1.779,0.4,0.4,0.1,0.1,556.1,667.32,168.51515151515153,24.825
1.054,0.831,0.494,2.523,3.488,0.93,0.4,0.4,0.1,0.1,860.1,1032.12,260.6363636363637,14.19
0.532,0.49,0.643,1.347,4.062,3.051,0.4,0.4,0.1,0.1,565.0,678.0,171.21212121212122,22.02
0.18,0.473,0.437,4.521,1.937,3.925,0.4,0.4,0.1,0.1,387.3,464.76,117.36363636363637,27.3
1.225,0.895,0.657,0.19,1.107,3.769,0.4,0.4,0.1,0.1,952.0,1142.3999999999999,288.4848484848485,11.625
0.709,1.41,0.102,3.488,1.071,2.77,0.4,0.4,0.1,0.1,745.5,894.6,225.90909090909093,19.365000000000002
0.866,0.145,0.104,1.743,1.189,0.459,0.4,0.4,0.1,0.1,697.5,837.0,211.36363636363637,17.009999999999998
0.605,0.463,0.115,0.571,4.562,2.247,0.4,0.4,0.1,0.1,598.8,718.56,181.45454545454544,20.925
1.327,0.152,0.373,0.278,4.128,4.33,0.4,0.4,0.1,0.1,928.7,1114.44,281.42424242424244,10.094999999999999
1.292,0.78,1.202,3.988,4.663,2.1,0.4,0.4,0.1,0.1,974.0,1168.8,295.1515151515152,10.620000000000001
1.458,0.986,1.396,1.917,1.515,1.86,0.4,0.4,0.1,0.1,1077.6,1293.12,326.54545454545456,8.129999999999999
0.694,1.232,1.084,1.776,0.849,2.385,0.4,0.4,0.1,0.1,720.2,864.24,218.24242424242428,19.59
0.389,0.889,0.925,0.904,0.336,3.833,0.4,0.4,0.1,0.1,533.4,640.0799999999999,161.63636363636363,24.165
0.153,0.204,0.668,2.272,4.298,2.802,0.4,0.4,0.1,0.1,346.9,416.28,105.12121212121212,27.705
1.078,0.871,1.131,0.492,1.187,3.084,0.4,0.4,0.1,0.1,876.1,1051.32,265.4848484848485,13.829999999999998
0.929,0.177,0.806,0.365,0.068,4.297,0.4,0.4,0.1,0.1,732.2,878.64,221.8787878787879,16.064999999999998
0.336,1.395,1.277,3.574,4.124,2.178,0.4,0.4,0.1,0.1,557.5,669.0,168.93939393939394,24.96
0.494,0.703,0.57,4.411,3.325,0.225,0.4,0.4,0.1,0.1,567.3,680.7599999999999,171.9090909090909,22.59
0.555,1.412,0.991,3.92,4.607,4.271,0.4,0.4,0.1,0.1,668.7,802.44,202.63636363636365,21.674999999999997
0.741,0.301,0.479,0.204,1.343,4.724,0.4,0.4,0.1,0.1,650.6,780.72,197.15151515151516,18.884999999999998
0.284,0.434,1.346,0.005,3.814,4.28,0.4,0.4,0.1,0.1,435.4,522.4799999999999,131.93939393939394,25.740000000000002
0.55,1.2,0.968,1.852,3.064,1.529,0.4,0.4,0.1,0.1,645.0,774.0,195.45454545454547,21.75
0.641,1.408,0.275,3.155,4.648,1.577,0.4,0.4,0.1,0.1,711.3,853.56,215.54545454545453,20.384999999999998
0.53,1.467,0.217,1.967,1.957,1.906,0.4,0.4,0.1,0.1,661.7,794.0400000000001,200.51515151515153,22.05
0.775,0.223,0.357,0.343,0.938,1.648,0.4,0.4,0.1,0.1,659.8,791.7599999999999,199.93939393939394,18.375
0.316,0.69,1.095,3.018,2.196,2.443,0.4,0.4,0.1,0.1,477.0,572.4,144.54545454545456,25.259999999999998
1.431,0.234,0.233,1.64,1.059,2.824,0.4,0.4,0.1,0.1,988.9,1186.6799999999998,299.6666666666667,8.535
1.357,1.083,0.216,1.313,4.413,1.479,0.4,0.4,0.1,0.1,1036.8,1244.1599999999999,314.1818181818182,9.645
1.446,0.513,0.616,4.249,1.163,1.503,0.4,0.4,0.1,0.1,1024.3,1229.1599999999999,310.3939393939394,8.310000000000002
1.452,1.473,0.671,3.707,0.919,1.433,0.4,0.4,0.1,0.1,1123.3,1347.9599999999998,340.3939393939394,8.219999999999999
1.029,0.555,0.854,4.583,2.851,3.605,0.4,0.4,0.1,0.1,820.0,984.0,248.4848484848485,14.565000000000001
0.783,0.232,0.986,1.939,0.558,4.641,0.4,0.4,0.1,0.1,664.7,797.64,201.42424242424244,18.255
0.603,0.975,0.646,2.972,4.416,2.952,0.4,0.4,0.1,0.1,649.0,778.8,196.66666666666669,20.955
0.892,0.282,1.41,3.891,0.261,1.943,0.4,0.4,0.1,0.1,724.2,869.0400000000001,219.45454545454547,16.619999999999997
0.364,1.467,0.975,4.056,3.617,3.684,0.4,0.4,0.1,0.1,578.7,694.44,175.36363636363637,24.54
0.293,1.447,0.307,2.672,0.498,3.479,0.4,0.4,0.1,0.1,541.2,649.44,164.00000000000003,25.605
1.43,1.353,0.684,4.554,3.137,0.633,0.4,0.4,0.1,0.1,1100.3,1320.36,333.42424242424244,8.55
0.285,1.1,1.111,1.984,2.571,1.293,0.4,0.4,0.1,0.1,502.5,603.0,152.27272727272728,25.725
1.117,1.346,0.667,4.797,3.061,3.642,0.4,0.4,0.1,0.1,943.1,1131.72,285.7878787878788,13.245000000000001
1.393,0.765,1.458,4.98,4.045,2.481,0.4,0.4,0.1,0.1,1023.0,1227.6,310.0,9.105
1.196,0.892,1.146,1.719,0.754,3.245,0.4,0.4,0.1,0.1,937.2,1124.64,284.00000000000006,12.060000000000002
0.316,0.611,1.009,2.069,0.623,1.657,0.4,0.4,0.1,0.1,469.1,562.92,142.15151515151516,25.259999999999998
0.376,1.336,0.99,4.188,3.282,4.583,0.4,0.4,0.1,0.1,571.6,685.92,173.21212121212122,24.36
0.498,1.233,0.977,4.372,1.681,3.521,0.4,0.4,0.1,0.1,622.3,746.7599999999999,188.57575757575756,22.53
0.376,0.365,1.394,0.555,4.91,3.007,0.4,0.4,0.1,0.1,474.5,569.4,143.78787878787878,24.36
0.185,0.458,0.989,4.23,1.193,4.852,0.4,0.4,0.1,0.1,388.3,465.96,117.66666666666667,27.225
0.418,1.464,0.624,4.757,3.91,2.995,0.4,0.4,0.1,0.1,605.4,726.4799999999999,183.45454545454547,23.73
0.236,0.355,0.679,4.073,3.304,4.553,0.4,0.4,0.1,0.1,403.5,484.2,122.27272727272728,26.46
0.223,1.345,0.84,3.277,2.825,4.206,0.4,0.4,0.1,0.1,496.0,595.1999999999999,150.3030303030303,26.655
0.384,0.256,0.43,4.429,0.616,2.666,0.4,0.4,0.1,0.1,467.6,561.12,141.69696969696972,24.240000000000002
0.221,1.405,0.44,1.031,3.545,3.784,0.4,0.4,0.1,0.1,501.0,601.1999999999999,151.8181818181818,26.685
1.45,1.28,0.579,1.89,2.863,3.406,0.4,0.4,0.1,0.1,1103.0,1323.6,334.24242424242425,8.25
0.208,0.948,0.412,2.209,1.255,1.669,0.4,0.4,0.1,0.1,448.8,538.56,136.0,26.88
0.74,0.958,1.42,1.78,1.038,1.149,0.4,0.4,0.1,0.1,715.8,858.9599999999999,216.9090909090909,18.9
0.708,1.34,0.302,2.529,0.141,2.836,0.4,0.4,0.1,0.1,738.0,885.6,223.63636363636365,19.380000000000003
1.138,1.318,0.274,2.659,2.514,0.104,0.4,0.4,0.1,0.1,950.8,1140.9599999999998,288.1212121212121,12.93
0.398,0.333,0.427,0.598,0.765,0.685,0.4,0.4,0.1,0.1,482.3,578.76,146.15151515151516,24.03
1.06,0.563,0.117,1.168,0.975,3.999,0.4,0.4,0.1,0.1,836.3,1003.56,253.42424242424244,14.1
1.112,1.291,1.397,3.23,1.184,4.078,0.4,0.4,0.1,0.1,935.1,1122.12,283.3636363636364,13.32
0.902,0.46,0.543,4.671,2.736,0.601,0.4,0.4,0.1,0.1,747.0,896.4,226.36363636363637,16.47
0.407,0.8,0.181,3.419,3.752,1.171,0.4,0.4,0.1,0.1,533.5,640.1999999999999,161.66666666666669,23.895
1.023,1.341,0.426,1.515,3.903,3.142,0.4,0.4,0.1,0.1,895.6,1074.72,271.39393939393943,14.655000000000001
0.731,1.234,0.594,2.513,1.772,0.72,0.4,0.4,0.1,0.1,738.9,886.68,223.9090909090909,19.035
0.26,0.181,1.346,0.802,3.468,4.853,0.4,0.4,0.1,0.1,398.1,477.72,120.63636363636365,26.1
0.163,1.185,1.369,2.907,2.327,2.805,0.4,0.4,0.1,0.1,450.0,540.0,136.36363636363637,27.555
0.69,0.326,0.724,1.048,2.85,1.908,0.4,0.4,0.1,0.1,627.6,753.12,190.1818181818182,19.65
0.537,1.028,0.206,4.255,3.971,4.383,0.4,0.4,0.1,0.1,621.3,745.56,188.27272727272728,21.945
1.055,0.54,0.652,2.672,2.422,0.049,0.4,0.4,0.1,0.1,831.5,997.8,251.969696969697,14.175
0.575,0.529,1.151,3.918,0.372,3.698,0.4,0.4,0.1,0.1,590.4,708.4799999999999,178.9090909090909,21.375
0.575,1.045,1.315,3.989,0.967,3.097,0.4,0.4,0.1,0.1,642.0,770.4,194.54545454545456,21.375
0.229,1.183,0.632,3.527,1.211,1.836,0.4,0.4,0.1,0.1,482.8,579.36,146.3030303030303,26.565
1.078,0.796,0.167,4.321,2.307,4.739,0.4,0.4,0.1,0.1,868.6,1042.32,263.21212121212125,13.829999999999998
0.875,0.111,1.304,4.194,4.87,1.056,0.4,0.4,0.1,0.1,698.6,838.32,211.69696969696972,16.875
1.427,0.151,0.506,3.961,2.422,0.166,0.4,0.4,0.1,0.1,978.6,1174.32,296.54545454545456,8.594999999999999
1.319,0.295,1.483,0.716,1.02,0.645,0.4,0.4,0.1,0.1,939.0,1126.8,284.54545454545456,10.215
0.131,1.092,0.621,3.408,4.777,2.348,0.4,0.4,0.1,0.1,424.7,509.64,128.6969696969697,28.035
0.27,1.051,0.825,1.807,1.122,2.479,0.4,0.4,0.1,0.1,490.1,588.12,148.51515151515153,25.95
0.73,0.528,0.6,2.566,3.287,1.107,0.4,0.4,0.1,0.1,667.8,801.3599999999999,202.36363636363637,19.05
1.002,1.313,0.181,1.433,3.935,4.851,0.4,0.4,0.1,0.1,882.3,1058.76,267.3636363636364,14.97
1.041,1.052,0.378,4.323,3.812,0.693,0.4,0.4,0.1,0.1,875.7,1050.84,265.3636363636364,14.385000000000002
0.267,1.077,0.29,3.731,2.874,2.306,0.4,0.4,0.1,0.1,491.2,589.4399999999999,148.84848484848484,25.995
0.674,0.656,1.067,1.122,3.316,3.55,0.4,0.4,0.1,0.1,652.6,783.12,197.75757575757578,19.89
0.887,0.681,0.778,1.959,4.738,2.068,0.4,0.4,0.1,0.1,761.6,913.92,230.7878787878788,16.695
1.32,0.533,1.054,4.242,3.452,2.967,0.4,0.4,0.1,0.1,963.3,1155.9599999999998,291.90909090909093,10.2
0.451,1.179,0.772,2.47,3.851,1.823,0.4,0.4,0.1,0.1,593.4,712.0799999999999,179.8181818181818,23.235
0.656,1.163,1.335,4.393,4.195,0.402,0.4,0.4,0.1,0.1,694.3,833.16,210.3939393939394,20.16
1.043,0.156,0.866,3.681,2.514,0.06,0.4,0.4,0.1,0.1,787.1,944.52,238.51515151515153,14.355
0.39,0.446,1.326,4.498,4.25,4.755,0.4,0.4,0.1,0.1,489.6,587.52,148.36363636363637,24.15
1.316,1.052,0.731,1.244,3.382,1.535,0.4,0.4,0.1,0.1,1013.2,1215.84,307.03030303030306,10.259999999999998
0.658,1.226,0.947,2.584,3.24,4.826,0.4,0.4,0.1,0.1,701.6,841.92,212.60606060606062,20.13
0.274,0.223,1.184,0.659,2.684,3.52,0.4,0.4,0.1,0.1,409.3,491.15999999999997,124.03030303030305,25.89
0.899,0.83,0.37,1.256,3.374,1.118,0.4,0.4,0.1,0.1,782.5,939.0,237.12121212121212,16.515
0.341,0.561,0.325,0.453,0.199,4.32,0.4,0.4,0.1,0.1,476.6,571.92,144.42424242424244,24.884999999999998
0.381,1.479,1.369,0.783,3.011,0.18,0.4,0.4,0.1,0.1,588.4,706.0799999999999,178.3030303030303,24.285
1.497,0.358,0.491,4.881,0.323,2.056,0.4,0.4,0.1,0.1,1034.3,1241.1599999999999,313.42424242424244,7.544999999999998
0.393,0.917,1.317,2.173,4.783,1.194,0.4,0.4,0.1,0.1,538.2,645.84,163.09090909090912,24.105
0.573,1.133,1.298,1.736,4.697,2.482,0.4,0.4,0.1,0.1,649.8,779.7599999999999,196.9090909090909,21.405
0.849,0.147,0.137,3.911,1.254,4.689,0.4,0.4,0.1,0.1,689.2,827.0400000000001,208.84848484848487,17.265
0.847,1.274,1.41,0.924,2.902,4.218,0.4,0.4,0.1,0.1,800.9,961.0799999999999,242.69696969696972,17.295
0.271,0.669,0.735,1.994,2.561,1.81,0.4,0.4,0.1,0.1,452.4,542.88,137.0909090909091,25.935
0.538,0.848,1.302,0.95,1.35,4.285,0.4,0.4,0.1,0.1,603.8,724.56,182.96969696969697,21.93
0.651,0.966,1.405,4.702,3.605,1.977,0.4,0.4,0.1,0.1,672.1,806.52,203.66666666666669,20.235
1.439,1.482,1.288,2.006,2.674,1.929,0.4,0.4,0.1,0.1,1117.7,1341.24,338.69696969696975,8.415
0.634,0.656,0.697,0.815,0.347,0.641,0.4,0.4,0.1,0.1,632.6,759.12,191.69696969696972,20.490000000000002
0.312,1.278,1.156,3.612,4.483,3.143,0.4,0.4,0.1,0.1,533.8,640.56,161.75757575757575,25.32
0.108,0.55,1.105,3.558,0.043,0.987,0.4,0.4,0.1,0.1,359.0,430.8,108.7878787878788,28.38
1.1,0.669,0.96,4.134,2.348,1.715,0.4,0.4,0.1,0.1,866.9,1040.28,262.6969696969697,13.5
0.821,1.033,0.472,1.578,0.866,3.673,0.4,0.4,0.1,0.1,763.8,916.56,231.45454545454544,17.685000000000002
0.497,0.435,0.97,1.474,4.089,4.249,0.4,0.4,0.1,0.1,542.0,650.4,164.24242424242425,22.545
0.767,0.295,1.081,1.403,1.495,3.723,0.4,0.4,0.1,0.1,663.0,795.6,200.9090909090909,18.494999999999997
1.354,1.089,1.09,2.883,2.789,3.132,0.4,0.4,0.1,0.1,1035.9,1243.0800000000002,313.90909090909093,9.689999999999998
1.283,0.508,0.229,3.694,4.785,4.02,0.4,0.4,0.1,0.1,942.3,1130.76,285.54545454545456,10.755000000000003
0.229,1.114,0.642,2.204,2.966,1.299,0.4,0.4,0.1,0.1,475.9,571.0799999999999,144.21212121212122,26.565
0.421,0.703,0.603,2.027,1.536,2.805,0.4,0.4,0.1,0.1,530.8,636.9599999999999,160.84848484848484,23.685000000000002
0.331,0.855,1.008,0.806,3.409,4.087,0.4,0.4,0.1,0.1,501.0,601.1999999999999,151.8181818181818,25.035
0.601,1.24,0.237,3.886,3.552,3.953,0.4,0.4,0.1,0.1,674.5,809.4,204.3939393939394,20.985
0.629,1.012,1.416,1.709,4.437,1.774,0.4,0.4,0.1,0.1,665.7,798.84,201.72727272727275,20.564999999999998
0.801,0.256,1.236,0.096,4.934,1.813,0.4,0.4,0.1,0.1,676.1,811.32,204.8787878787879,17.985
0.887,1.166,0.115,0.375,1.173,3.193,0.4,0.4,0.1,0.1,810.1,972.12,245.4848484848485,16.695
0.749,1.034,1.023,0.834,4.4,2.963,0.4,0.4,0.1,0.1,727.9,873.4799999999999,220.5757575757576,18.765
0.689,0.54,1.193,3.136,3.601,3.442,0.4,0.4,0.1,0.1,648.5,778.1999999999999,196.51515151515153,19.665
0.464,0.649,0.571,0.096,3.143,4.258,0.4,0.4,0.1,0.1,546.9,656.28,165.72727272727272,23.04
0.334,0.236,1.382,1.494,2.896,3.679,0.4,0.4,0.1,0.1,440.6,528.72,133.51515151515153,24.99
0.408,0.378,0.365,3.904,1.954,4.344,0.4,0.4,0.1,0.1,491.8,590.16,149.03030303030303,23.880000000000003
0.346,1.167,1.203,2.164,1.002,4.666,0.4,0.4,0.1,0.1,539.7,647.64,163.54545454545456,24.810000000000002
0.863,0.383,0.578,1.52,4.263,1.786,0.4,0.4,0.1,0.1,719.8,863.7599999999999,218.12121212121212,17.055
0.881,0.448,0.184,1.96,0.258,0.195,0.4,0.4,0.1,0.1,735.3,882.3599999999999,222.8181818181818,16.785
1.031,0.535,1.271,2.536,2.919,4.788,0.4,0.4,0.1,0.1,819.0,982.8,248.1818181818182,14.535000000000002
0.324,0.968,0.476,0.753,4.014,4.817,0.4,0.4,0.1,0.1,508.8,610.56,154.1818181818182,25.14
0.129,0.227,0.374,2.631,4.375,1.265,0.4,0.4,0.1,0.1,337.2,404.64,102.18181818181819,28.065
1.489,0.201,0.586,2.371,4.928,0.455,0.4,0.4,0.1,0.1,1014.6,1217.52,307.4545454545455,7.664999999999999
1.482,1.385,0.243,1.745,0.638,4.291,0.4,0.4,0.1,0.1,1129.5,1355.3999999999999,342.2727272727273,7.77
0.884,1.215,0.173,3.271,4.099,0.293,0.4,0.4,0.1,0.1,813.5,976.1999999999999,246.51515151515153,16.740000000000002
1.238,1.01,0.543,1.323,0.865,0.133,0.4,0.4,0.1,0.1,970.0,1164.0,293.93939393939394,11.43
0.817,1.2,0.35,3.733,1.219,2.265,0.4,0.4,0.1,0.1,778.5,934.1999999999999,235.90909090909093,17.745
0.833,0.875,0.313,4.573,0.495,0.72,0.4,0.4,0.1,0.1,754.0,904.8,228.4848484848485,17.505000000000003
0.778,0.467,1.341,1.723,1.548,2.803,0.4,0.4,0.1,0.1,685.7,822.84,207.7878787878788,18.33
0.3,1.371,0.76,3.396,3.23,0.114,0.4,0.4,0.1,0.1,537.1,644.52,162.75757575757578,25.5
0.247,1.353,0.537,2.87,0.937,4.412,0.4,0.4,0.1,0.1,508.8,610.56,154.1818181818182,26.295
1.404,0.253,0.621,0.025,1.707,2.334,0.4,0.4,0.1,0.1,977.3,1172.76,296.1515151515151,8.940000000000001
1.261,0.441,0.447,1.799,4.182,4.869,0.4,0.4,0.1,0.1,924.6,1109.52,280.1818181818182,11.085
0.616,0.625,0.907,1.821,2.871,2.577,0.4,0.4,0.1,0.1,620.5,744.6,188.03030303030303,20.759999999999998
0.691,1.073,0.562,4.872,4.674,2.1,0.4,0.4,0.1,0.1,702.8,843.3599999999999,212.96969696969697,19.635
0.839,1.42,0.893,0.679,4.418,0.637,0.4,0.4,0.1,0.1,811.5,973.8,245.90909090909093,17.415
0.27,0.736,0.208,4.201,0.564,0.131,0.4,0.4,0.1,0.1,458.6,550.32,138.969696969697,25.95
0.976,0.273,0.908,2.586,1.946,1.007,0.4,0.4,0.1,0.1,765.3,918.3599999999999,231.9090909090909,15.36
0.865,0.827,1.192,0.507,0.67,1.51,0.4,0.4,0.1,0.1,765.2,918.24,231.8787878787879,17.025
0.796,0.467,0.918,2.794,2.207,2.943,0.4,0.4,0.1,0.1,694.7,833.64,210.51515151515153,18.06
1.172,1.307,0.113,1.814,2.945,1.722,0.4,0.4,0.1,0.1,966.7,1160.04,292.939393939394,12.420000000000002
1.187,0.498,1.483,2.321,3.018,0.592,0.4,0.4,0.1,0.1,893.3,1071.9599999999998,270.6969696969697,12.195
0.252,1.243,0.122,4.691,4.004,3.759,0.4,0.4,0.1,0.1,500.3,600.36,151.60606060606062,26.22
1.051,1.137,0.315,0.109,4.511,1.746,0.4,0.4,0.1,0.1,889.2,1067.04,269.4545454545455,14.235000000000001
0.117,0.296,0.659,4.357,2.551,4.197,0.4,0.4,0.1,0.1,338.1,405.72,102.45454545454547,28.245
1.357,1.458,0.337,1.565,2.861,4.016,0.4,0.4,0.1,0.1,1074.3,1289.1599999999999,325.54545454545456,9.645
0.464,1.464,1.315,1.967,2.791,0.039,0.4,0.4,0.1,0.1,628.4,754.0799999999999,190.42424242424244,23.04
1.355,1.306,1.032,2.626,1.704,4.102,0.4,0.4,0.1,0.1,1058.1,1269.7199999999998,320.6363636363636,9.675
0.327,0.502,1.424,0.39,0.71,2.924,0.4,0.4,0.1,0.1,463.7,556.4399999999999,140.51515151515153,25.095
0.417,0.921,0.168,0.784,0.554,2.317,0.4,0.4,0.1,0.1,550.6,660.72,166.84848484848487,23.745
0.484,0.846,1.282,4.708,0.735,1.914,0.4,0.4,0.1,0.1,576.6,691.92,174.72727272727275,22.740000000000002
0.572,0.517,1.238,3.362,2.415,3.225,0.4,0.4,0.1,0.1,587.7,705.24,178.09090909090912,21.42
0.682,0.946,1.073,4.913,4.595,1.175,0.4,0.4,0.1,0.1,685.6,822.72,207.75757575757578,19.77
0.848,0.17,1.496,3.495,0.794,4.93,0.4,0.4,0.1,0.1,691.0,829.1999999999999,209.3939393939394,17.28
1.119,0.571,0.497,4.769,1.684,4.96,0.4,0.4,0.1,0.1,866.6,1039.92,262.6060606060606,13.215
0.326,1.337,1.002,2.941,2.962,0.682,0.4,0.4,0.1,0.1,546.7,656.0400000000001,165.66666666666669,25.11
0.328,1.395,0.697,3.16,2.309,4.028,0.4,0.4,0.1,0.1,553.5,664.1999999999999,167.72727272727275,25.08
1.103,1.022,1.196,1.375,1.778,3.396,0.4,0.4,0.1,0.1,903.7,1084.44,273.8484848484849,13.455000000000002
0.535,1.041,0.206,4.77,2.222,3.158,0.4,0.4,0.1,0.1,621.6,745.92,188.36363636363637,21.975
0.295,0.531,0.929,2.253,3.115,3.189,0.4,0.4,0.1,0.1,450.6,540.72,136.54545454545456,25.575
1.371,1.427,0.993,0.834,4.466,2.711,0.4,0.4,0.1,0.1,1078.2,1293.84,326.72727272727275,9.434999999999999
1.328,0.307,0.92,2.618,2.034,0.586,0.4,0.4,0.1,0.1,944.7,1133.64,286.2727272727273,10.079999999999998
0.279,0.687,0.353,3.966,4.788,1.679,0.4,0.4,0.1,0.1,458.2,549.8399999999999,138.84848484848484,25.814999999999998
1.25,1.311,0.527,1.132,4.345,3.013,0.4,0.4,0.1,0.1,1006.1,1207.32,304.8787878787879,11.25
1.277,0.646,0.148,0.071,2.967,2.815,0.4,0.4,0.1,0.1,953.1,1143.72,288.8181818181818,10.845000000000002
0.727,0.432,0.361,1.478,3.032,3.652,0.4,0.4,0.1,0.1,656.7,788.0400000000001,199.00000000000003,19.095
0.744,0.384,0.613,1.946,1.803,3.232,0.4,0.4,0.1,0.1,660.4,792.4799999999999,200.12121212121212,18.84
0.303,0.497,0.561,2.088,2.281,4.655,0.4,0.4,0.1,0.1,451.2,541.4399999999999,136.72727272727272,25.455
0.627,0.475,0.318,3.854,0.587,2.946,0.4,0.4,0.1,0.1,611.0,733.1999999999999,185.15151515151516,20.595
1.189,0.776,0.35,4.401,4.12,2.509,0.4,0.4,0.1,0.1,922.1,1106.52,279.42424242424244,12.165
1.311,0.581,0.838,4.488,1.047,0.739,0.4,0.4,0.1,0.1,963.6,1156.32,292.0,10.335
1.096,0.321,1.191,0.401,2.125,0.202,0.4,0.4,0.1,0.1,830.1,996.12,251.54545454545456,13.559999999999999
0.869,0.83,1.172,3.066,1.987,2.959,0.4,0.4,0.1,0.1,767.5,921.0,232.5757575757576,16.965
0.96,0.296,1.26,1.944,2.78,4.328,0.4,0.4,0.1,0.1,759.6,911.52,230.1818181818182,15.600000000000001
1.107,0.757,1.147,0.325,3.113,0.748,0.4,0.4,0.1,0.1,879.2,1055.04,266.42424242424244,13.395
0.125,1.035,0.675,4.001,2.323,3.095,0.4,0.4,0.1,0.1,416.0,499.2,126.06060606060606,28.125
0.189,0.831,1.281,4.458,1.614,3.743,0.4,0.4,0.1,0.1,427.6,513.12,129.5757575757576,27.165
1.294,0.511,0.35,0.864,4.206,2.592,0.4,0.4,0.1,0.1,948.1,1137.72,287.3030303030303,10.59
0.187,0.48,0.61,0.724,4.348,0.415,0.4,0.4,0.1,0.1,391.5,469.79999999999995,118.63636363636364,27.195
1.354,1.236,0.132,0.615,1.38,4.193,0.4,0.4,0.1,0.1,1050.6,1260.7199999999998,318.3636363636364,9.689999999999998
1.094,0.692,1.25,4.501,1.866,3.426,0.4,0.4,0.1,0.1,866.2,1039.44,262.4848484848485,13.59
0.207,1.198,0.984,0.855,2.974,1.611,0.4,0.4,0.1,0.1,473.3,567.96,143.42424242424244,26.895
1.102,0.67,0.439,0.867,3.935,3.54,0.4,0.4,0.1,0.1,868.0,1041.6,263.03030303030306,13.469999999999999
0.214,1.141,0.196,2.676,1.273,3.36,0.4,0.4,0.1,0.1,471.1,565.32,142.75757575757578,26.79
1.353,0.72,1.34,4.568,0.632,2.911,0.4,0.4,0.1,0.1,998.5,1198.2,302.57575757575756,9.705000000000002
0.584,0.734,0.194,4.082,1.614,0.097,0.4,0.4,0.1,0.1,615.4,738.4799999999999,186.4848484848485,21.240000000000002
0.184,0.339,1.171,4.443,3.645,2.78,0.4,0.4,0.1,0.1,375.9,451.08,113.9090909090909,27.240000000000002
0.776,1.366,0.611,0.53,0.78,0.777,0.4,0.4,0.1,0.1,774.6,929.52,234.72727272727275,18.36
0.913,1.39,0.6,3.192,3.642,1.165,0.4,0.4,0.1,0.1,845.5,1014.5999999999999,256.21212121212125,16.305
1.286,0.35,0.582,3.454,2.54,2.195,0.4,0.4,0.1,0.1,928.0,1113.6,281.21212121212125,10.71
1.084,0.292,0.912,2.323,4.004,0.703,0.4,0.4,0.1,0.1,821.2,985.44,248.84848484848487,13.739999999999998
0.684,1.419,0.21,3.148,2.271,1.665,0.4,0.4,0.1,0.1,733.9,880.68,222.3939393939394,19.74
0.393,0.891,0.368,4.457,1.896,1.019,0.4,0.4,0.1,0.1,535.6,642.72,162.3030303030303,24.105
0.732,0.94,0.884,3.664,4.409,3.349,0.4,0.4,0.1,0.1,710.0,852.0,215.15151515151516,19.02
0.197,0.698,1.098,1.468,3.148,2.74,0.4,0.4,0.1,0.1,418.3,501.96,126.75757575757576,27.045
1.031,0.753,1.469,0.346,2.973,1.68,0.4,0.4,0.1,0.1,840.8,1008.9599999999999,254.78787878787878,14.535000000000002
1.141,1.077,0.612,1.268,2.315,0.389,0.4,0.4,0.1,0.1,928.2,1113.84,281.2727272727273,12.884999999999998
0.818,0.141,0.225,1.626,3.212,0.198,0.4,0.4,0.1,0.1,673.1,807.72,203.969696969697,17.73
0.624,0.641,0.788,1.082,0.448,1.502,0.4,0.4,0.1,0.1,626.1,751.32,189.72727272727275,20.64
0.901,0.316,0.16,0.152,2.603,2.782,0.4,0.4,0.1,0.1,732.1,878.52,221.84848484848487,16.485
0.909,0.748,0.661,0.146,0.302,1.965,0.4,0.4,0.1,0.1,779.3,935.1599999999999,236.15151515151516,16.365000000000002
0.856,0.421,1.322,4.465,0.278,3.571,0.4,0.4,0.1,0.1,720.1,864.12,218.21212121212122,17.16
1.257,0.925,1.055,1.03,2.662,0.816,0.4,0.4,0.1,0.1,971.0,1165.2,294.24242424242425,11.145000000000003
0.668,0.337,0.651,4.868,1.773,0.075,0.4,0.4,0.1,0.1,617.7,741.24,187.18181818181822,19.979999999999997
0.394,1.444,0.555,3.956,1.371,3.429,0.4,0.4,0.1,0.1,591.4,709.68,179.21212121212122,24.09
0.518,1.053,1.25,4.122,3.777,3.03,0.4,0.4,0.1,0.1,614.3,737.16,186.15151515151516,22.23
1.488,0.729,1.259,1.554,0.068,3.535,0.4,0.4,0.1,0.1,1066.9,1280.28,323.30303030303037,7.68
0.254,0.865,0.792,3.248,4.319,3.569,0.4,0.4,0.1,0.1,463.5,556.1999999999999,140.45454545454547,26.19
0.325,0.745,1.369,2.953,4.511,3.676,0.4,0.4,0.1,0.1,487.0,584.4,147.5757575757576,25.125
1.241,1.301,0.877,3.069,4.998,3.988,0.4,0.4,0.1,0.1,1000.6,1200.72,303.21212121212125,11.384999999999998
0.157,0.168,0.839,0.712,0.71,0.679,0.4,0.4,0.1,0.1,345.3,414.36,104.63636363636364,27.645
1.488,1.308,0.748,3.079,4.432,1.501,0.4,0.4,0.1,0.1,1124.8,1349.76,340.8484848484849,7.68
1.409,1.49,1.306,3.899,2.539,4.699,0.4,0.4,0.1,0.1,1103.5,1324.2,334.39393939393943,8.864999999999998
0.773,0.352,0.14,4.432,1.518,2.412,0.4,0.4,0.1,0.1,671.7,806.0400000000001,203.54545454545456,18.405
1.431,0.122,0.372,3.554,0.265,1.829,0.4,0.4,0.1,0.1,977.7,1173.24,296.2727272727273,8.535
0.622,0.992,1.163,2.201,2.006,2.373,0.4,0.4,0.1,0.1,660.2,792.24,200.0606060606061,20.67
0.286,0.629,0.29,3.924,3.47,2.44,0.4,0.4,0.1,0.1,455.9,547.0799999999999,138.15151515151516,25.71
1.116,0.26,0.522,4.054,4.913,3.418,0.4,0.4,0.1,0.1,834.0,1000.8,252.72727272727275,13.259999999999998
1.402,1.274,0.117,3.971,1.256,1.653,0.4,0.4,0.1,0.1,1078.4,1294.0800000000002,326.7878787878788,8.970000000000002
0.695,1.284,0.704,1.055,0.582,1.635,0.4,0.4,0.1,0.1,725.9,871.0799999999999,219.96969696969697,19.575000000000003
0.958,0.392,1.265,1.03,4.397,1.663,0.4,0.4,0.1,0.1,768.2,921.84,232.7878787878788,15.63
1.338,0.507,1.067,1.448,3.444,3.626,0.4,0.4,0.1,0.1,969.7,1163.64,293.8484848484849,9.93
0.501,1.095,0.684,4.162,1.9,4.417,0.4,0.4,0.1,0.1,610.0,732.0,184.84848484848487,22.485
1.041,1.149,1.299,1.674,1.807,1.534,0.4,0.4,0.1,0.1,885.4,1062.48,268.3030303030303,14.385000000000002
0.121,0.173,0.614,1.847,3.355,2.553,0.4,0.4,0.1,0.1,327.8,393.36,99.33333333333334,28.185
0.863,0.553,0.377,4.503,4.656,3.059,0.4,0.4,0.1,0.1,736.8,884.16,223.27272727272728,17.055
0.821,1.366,1.284,4.598,4.613,4.222,0.4,0.4,0.1,0.1,797.1,956.52,241.54545454545456,17.685000000000002
0.893,0.944,0.989,0.586,3.646,4.493,0.4,0.4,0.1,0.1,790.9,949.0799999999999,239.66666666666669,16.605
0.144,0.618,1.295,2.003,4.944,0.932,0.4,0.4,0.1,0.1,383.8,460.56,116.30303030303031,27.84
0.314,1.163,1.364,4.756,2.982,2.508,0.4,0.4,0.1,0.1,523.3,627.9599999999999,158.57575757575756,25.29
0.8,0.897,1.219,4.388,1.194,2.129,0.4,0.4,0.1,0.1,739.7,887.64,224.15151515151518,18.0
0.144,1.14,1.376,4.079,2.287,1.156,0.4,0.4,0.1,0.1,436.0,523.1999999999999,132.12121212121212,27.84
1.046,0.93,0.23,3.727,2.352,3.997,0.4,0.4,0.1,0.1,866.0,1039.2,262.42424242424244,14.309999999999999
0.448,1.081,0.996,2.575,4.879,0.951,0.4,0.4,0.1,0.1,582.1,698.52,176.3939393939394,23.28
1.326,0.3,0.684,0.089,2.002,1.833,0.4,0.4,0.1,0.1,943.0,1131.6,285.75757575757575,10.11
0.407,0.451,0.382,4.452,3.938,0.337,0.4,0.4,0.1,0.1,498.6,598.32,151.0909090909091,23.895
0.741,0.614,0.174,3.605,3.251,3.856,0.4,0.4,0.1,0.1,681.9,818.28,206.63636363636365,18.884999999999998
0.459,0.648,1.39,4.685,0.816,1.486,0.4,0.4,0.1,0.1,544.3,653.16,164.93939393939394,23.115
1.244,0.768,0.354,0.324,3.47,3.124,0.4,0.4,0.1,0.1,948.8,1138.56,287.5151515151515,11.34
1.334,0.212,1.462,2.651,3.991,2.989,0.4,0.4,0.1,0.1,938.2,1125.84,284.3030303030303,9.989999999999998
0.611,0.733,0.773,0.906,3.711,0.874,0.4,0.4,0.1,0.1,628.8,754.56,190.54545454545453,20.835
0.171,0.468,1.029,1.61,4.906,1.299,0.4,0.4,0.1,0.1,382.3,458.76,115.84848484848486,27.435
0.68,1.302,1.284,1.867,2.188,0.21,0.4,0.4,0.1,0.1,720.2,864.24,218.24242424242428,19.799999999999997
0.483,0.947,1.339,0.774,3.668,3.149,0.4,0.4,0.1,0.1,586.2,703.44,177.63636363636365,22.755
0.539,0.993,0.599,4.264,3.533,4.41,0.4,0.4,0.1,0.1,618.8,742.56,187.5151515151515,21.915
0.16,0.994,1.091,0.434,4.87,4.858,0.4,0.4,0.1,0.1,429.4,515.28,130.12121212121212,27.6
0.681,0.578,0.56,3.726,3.122,4.058,0.4,0.4,0.1,0.1,648.3,777.9599999999999,196.45454545454544,19.785
1.454,0.293,0.681,3.764,3.55,3.023,0.4,0.4,0.1,0.1,1006.3,1207.56,304.93939393939394,8.190000000000001
0.579,0.232,0.584,3.043,3.762,0.351,0.4,0.4,0.1,0.1,562.7,675.24,170.51515151515153,21.315
0.381,0.986,1.171,4.592,0.753,1.781,0.4,0.4,0.1,0.1,539.1,646.92,163.36363636363637,24.285
1.314,0.156,0.765,1.433,1.422,0.218,0.4,0.4,0.1,0.1,922.6,1107.12,279.5757575757576,10.29
0.819,0.731,0.662,3.069,4.323,4.057,0.4,0.4,0.1,0.1,732.6,879.12,222.00000000000003,17.715
0.215,0.956,0.3,4.016,3.906,4.434,0.4,0.4,0.1,0.1,453.1,543.72,137.3030303030303,26.775
1.408,0.848,0.63,0.111,1.58,0.98,0.4,0.4,0.1,0.1,1038.8,1246.56,314.7878787878788,8.880000000000003
0.871,0.111,1.264,2.572,3.744,1.649,0.4,0.4,0.1,0.1,696.6,835.92,211.09090909090912,16.935000000000002
0.259,1.315,1.009,1.373,3.192,3.773,0.4,0.4,0.1,0.1,511.0,613.1999999999999,154.84848484848484,26.115
0.874,0.826,0.589,0.705,4.116,2.205,0.4,0.4,0.1,0.1,769.6,923.52,233.21212121212122,16.89
0.208,0.299,0.279,4.714,0.748,3.261,0.4,0.4,0.1,0.1,383.9,460.67999999999995,116.33333333333333,26.88
1.417,0.218,1.021,4.761,1.514,1.672,0.4,0.4,0.1,0.1,980.3,1176.36,297.06060606060606,8.745000000000001
0.746,1.084,1.458,4.937,0.471,0.748,0.4,0.4,0.1,0.1,731.4,877.68,221.63636363636365,18.810000000000002
0.563,0.98,0.676,3.752,0.839,2.94,0.4,0.4,0.1,0.1,629.5,755.4,190.75757575757578,21.555
0.351,0.426,0.338,4.911,2.069,4.161,0.4,0.4,0.1,0.1,468.1,561.72,141.84848484848487,24.735
0.448,0.315,1.388,1.033,3.458,1.805,0.4,0.4,0.1,0.1,505.5,606.6,153.1818181818182,23.28
1.38,0.456,0.621,2.125,3.171,3.823,0.4,0.4,0.1,0.1,985.6,1182.72,298.6666666666667,9.3
0.922,0.714,0.999,3.722,4.14,1.042,0.4,0.4,0.1,0.1,782.4,938.8799999999999,237.0909090909091,16.17
1.164,1.292,0.679,2.624,2.254,3.816,0.4,0.4,0.1,0.1,961.2,1153.44,291.2727272727273,12.540000000000003
0.234,1.494,0.38,3.0,4.963,2.317,0.4,0.4,0.1,0.1,516.4,619.68,156.4848484848485,26.49
1.036,0.606,0.146,2.549,1.665,4.486,0.4,0.4,0.1,0.1,828.6,994.3199999999999,251.09090909090912,14.459999999999999
0.138,0.58,0.779,3.006,3.001,3.42,0.4,0.4,0.1,0.1,377.0,452.4,114.24242424242425,27.93
1.362,1.177,0.765,1.005,1.787,2.725,0.4,0.4,0.1,0.1,1048.7,1258.44,317.7878787878788,9.57
1.13,0.701,1.42,4.809,0.96,2.852,0.4,0.4,0.1,0.1,885.1,1062.12,268.21212121212125,13.05
0.329,1.342,1.372,3.452,1.838,3.732,0.4,0.4,0.1,0.1,548.7,658.44,166.2727272727273,25.064999999999998
0.944,0.153,1.44,2.462,0.158,2.976,0.4,0.4,0.1,0.1,737.3,884.7599999999999,223.42424242424244,15.84
1.041,0.121,1.466,0.62,0.084,0.005,0.4,0.4,0.1,0.1,782.6,939.12,237.15151515151518,14.385000000000002
0.454,0.4,0.574,0.119,2.718,3.152,0.4,0.4,0.1,0.1,517.0,620.4,156.66666666666669,23.189999999999998
0.927,0.679,0.285,0.15,0.699,1.186,0.4,0.4,0.1,0.1,781.4,937.68,236.78787878787878,16.095
0.314,0.233,0.145,2.225,3.078,2.424,0.4,0.4,0.1,0.1,430.3,516.36,130.3939393939394,25.29
1.103,1.219,0.578,3.591,1.687,1.75,0.4,0.4,0.1,0.1,923.4,1108.08,279.8181818181818,13.455000000000002
0.314,0.922,1.125,4.293,2.602,2.543,0.4,0.4,0.1,0.1,499.2,599.04,151.27272727272728,25.29
0.766,0.248,1.091,4.885,4.372,0.349,0.4,0.4,0.1,0.1,657.8,789.3599999999999,199.33333333333334,18.509999999999998
0.633,0.272,1.256,4.042,4.071,1.623,0.4,0.4,0.1,0.1,593.7,712.44,179.90909090909093,20.505
0.389,0.137,0.656,2.867,4.218,0.405,0.4,0.4,0.1,0.1,458.2,549.8399999999999,138.84848484848484,24.165
0.954,1.018,0.674,0.807,4.174,4.942,0.4,0.4,0.1,0.1,828.8,994.56,251.15151515151516,15.690000000000001
0.21,0.661,1.181,4.378,3.758,0.201,0.4,0.4,0.1,0.1,421.1,505.32,127.60606060606062,26.85
1.205,0.388,1.373,1.865,2.744,2.707,0.4,0.4,0.1,0.1,891.3,1069.56,270.09090909090907,11.924999999999997
0.979,0.538,1.281,2.784,4.119,2.937,0.4,0.4,0.1,0.1,793.3,951.9599999999999,240.3939393939394,15.315
0.397,0.449,1.453,3.871,3.054,0.445,0.4,0.4,0.1,0.1,493.4,592.0799999999999,149.51515151515153,24.045
0.493,0.691,0.506,4.57,4.464,1.414,0.4,0.4,0.1,0.1,565.6,678.72,171.3939393939394,22.605
1.002,1.129,0.144,4.776,3.939,0.118,0.4,0.4,0.1,0.1,863.9,1036.6799999999998,261.7878787878788,14.97
0.288,1.19,0.725,2.505,2.663,0.218,0.4,0.4,0.1,0.1,513.0,615.6,155.45454545454547,25.68
0.372,0.643,1.056,3.095,2.082,1.354,0.4,0.4,0.1,0.1,500.3,600.36,151.60606060606062,24.42
0.277,0.491,1.119,0.981,0.38,1.918,0.4,0.4,0.1,0.1,437.6,525.12,132.60606060606062,25.845
0.388,0.899,1.401,4.334,3.091,0.494,0.4,0.4,0.1,0.1,533.9,640.68,161.78787878787878,24.18
1.295,1.397,1.178,4.235,3.045,1.262,0.4,0.4,0.1,0.1,1037.2,1244.64,314.3030303030303,10.575000000000003
0.559,0.137,0.469,0.392,2.657,4.479,0.4,0.4,0.1,0.1,543.2,651.84,164.60606060606062,21.615
0.737,1.485,0.304,3.739,2.132,1.352,0.4,0.4,0.1,0.1,767.0,920.4,232.42424242424244,18.945
1.399,0.692,1.086,3.794,1.428,0.059,0.4,0.4,0.1,0.1,1018.7,1222.44,308.69696969696975,9.015
0.967,1.086,0.367,3.05,3.811,3.27,0.4,0.4,0.1,0.1,842.1,1010.52,255.18181818181822,15.495000000000001
1.306,0.758,0.291,2.368,3.575,4.126,0.4,0.4,0.1,0.1,978.8,1174.56,296.6060606060606,10.41
0.498,0.912,1.341,0.736,3.622,1.432,0.4,0.4,0.1,0.1,590.2,708.24,178.84848484848487,22.53
1.034,1.352,0.773,3.149,3.823,1.949,0.4,0.4,0.1,0.1,902.2,1082.64,273.39393939393943,14.49
0.645,0.936,0.82,3.535,2.061,0.599,0.4,0.4,0.1,0.1,666.1,799.32,201.84848484848487,20.325
1.137,0.561,1.136,0.525,2.364,3.625,0.4,0.4,0.1,0.1,874.6,1049.52,265.03030303030306,12.945
0.293,1.291,0.647,0.503,1.991,0.477,0.4,0.4,0.1,0.1,525.6,630.72,159.27272727272728,25.605
0.526,0.889,1.035,3.967,1.084,0.866,0.4,0.4,0.1,0.1,601.9,722.28,182.3939393939394,22.11
1.486,1.303,0.817,4.328,1.994,0.991,0.4,0.4,0.1,0.1,1123.3,1347.9599999999998,340.3939393939394,7.710000000000001
0.733,1.019,1.162,4.721,3.316,4.953,0.4,0.4,0.1,0.1,718.4,862.0799999999999,217.6969696969697,19.005000000000003
1.33,0.817,0.292,0.434,0.415,2.097,0.4,0.4,0.1,0.1,996.7,1196.04,302.03030303030306,10.049999999999997
0.678,0.101,0.263,1.142,3.249,2.198,0.4,0.4,0.1,0.1,599.1,718.92,181.54545454545456,19.83
1.331,1.284,0.686,2.882,2.743,0.126,0.4,0.4,0.1,0.1,1043.9,1252.68,316.33333333333337,10.035
0.525,0.317,1.216,2.187,1.118,4.436,0.4,0.4,0.1,0.1,544.2,653.0400000000001,164.90909090909093,22.125
0.85,1.259,0.283,1.365,4.794,3.171,0.4,0.4,0.1,0.1,800.9,961.0799999999999,242.69696969696972,17.25
0.363,0.923,1.02,3.983,3.271,3.504,0.4,0.4,0.1,0.1,523.8,628.56,158.72727272727272,24.555
0.86,0.21,1.416,1.129,2.508,0.345,0.4,0.4,0.1,0.1,701.0,841.1999999999999,212.42424242424244,17.1
0.808,0.757,0.716,0.519,4.68,0.359,0.4,0.4,0.1,0.1,729.7,875.64,221.12121212121215,17.88
0.173,0.861,1.164,1.204,3.737,1.134,0.4,0.4,0.1,0.1,422.6,507.12,128.06060606060606,27.405
0.949,0.368,1.236,2.287,1.57,2.264,0.4,0.4,0.1,0.1,761.3,913.56,230.6969696969697,15.765
0.823,0.145,0.143,4.512,3.507,3.53,0.4,0.4,0.1,0.1,676.0,811.1999999999999,204.84848484848487,17.655
0.181,1.485,0.689,4.453,1.807,0.278,0.4,0.4,0.1,0.1,489.0,586.8,148.1818181818182,27.285
1.222,0.162,1.209,1.922,0.36,4.798,0.4,0.4,0.1,0.1,877.2,1052.64,265.81818181818187,11.670000000000002
0.388,1.18,0.377,1.058,0.587,0.795,0.4,0.4,0.1,0.1,562.0,674.4,170.3030303030303,24.18
1.447,1.461,1.274,3.636,1.418,4.48,0.4,0.4,0.1,0.1,1119.6,1343.5199999999998,339.27272727272725,8.294999999999998
0.731,0.391,0.766,4.624,2.448,3.641,0.4,0.4,0.1,0.1,654.6,785.52,198.36363636363637,19.035
0.344,0.96,1.185,4.189,1.91,4.115,0.4,0.4,0.1,0.1,518.0,621.6,156.96969696969697,24.84
1.475,1.179,0.601,1.116,4.626,3.092,0.4,0.4,0.1,0.1,1105.4,1326.48,334.969696969697,7.875
1.471,0.897,0.371,3.658,1.012,4.745,0.4,0.4,0.1,0.1,1075.2,1290.24,325.81818181818187,7.934999999999999
0.97,0.679,0.173,3.76,3.037,1.074,0.4,0.4,0.1,0.1,802.9,963.4799999999999,243.3030303030303,15.450000000000001
1.214,0.472,0.625,4.735,3.611,2.887,0.4,0.4,0.1,0.1,904.2,1085.04,274.00000000000006,11.79
1.44,1.477,0.836,3.224,2.06,2.133,0.4,0.4,0.1,0.1,1117.7,1341.24,338.69696969696975,8.400000000000002
1.417,0.574,1.266,4.956,2.865,0.153,0.4,0.4,0.1,0.1,1015.9,1219.08,307.8484848484849,8.745000000000001
0.63,1.071,0.168,3.638,3.331,3.615,0.4,0.4,0.1,0.1,672.1,806.52,203.66666666666669,20.55
0.505,0.443,0.228,3.789,0.759,2.119,0.4,0.4,0.1,0.1,546.8,656.16,165.6969696969697,22.425
1.412,1.059,1.232,2.431,4.769,2.494,0.4,0.4,0.1,0.1,1061.9,1274.28,321.7878787878788,8.82
0.755,0.439,0.914,0.47,4.022,2.397,0.4,0.4,0.1,0.1,671.4,805.68,203.45454545454547,18.675
1.405,0.564,1.004,0.186,1.531,3.211,0.4,0.4,0.1,0.1,1008.9,1210.6799999999998,305.72727272727275,8.925
0.804,0.78,1.404,4.159,2.193,0.502,0.4,0.4,0.1,0.1,730.0,876.0,221.21212121212122,17.939999999999998
0.875,0.16,0.635,3.464,0.146,3.073,0.4,0.4,0.1,0.1,703.5,844.1999999999999,213.1818181818182,16.875
1.194,1.423,0.158,1.766,3.104,1.907,0.4,0.4,0.1,0.1,989.3,1187.1599999999999,299.7878787878788,12.09
1.226,0.726,1.096,3.58,4.267,3.928,0.4,0.4,0.1,0.1,935.6,1122.72,283.51515151515156,11.61
1.244,0.229,0.221,2.114,4.581,0.228,0.4,0.4,0.1,0.1,894.9,1073.8799999999999,271.1818181818182,11.34
1.484,1.166,1.34,4.835,2.46,3.263,0.4,0.4,0.1,0.1,1108.6,1330.32,335.93939393939394,7.740000000000002
0.664,1.016,0.764,1.528,3.91,3.082,0.4,0.4,0.1,0.1,683.6,820.32,207.15151515151516,20.04
0.141,1.126,1.082,3.486,1.98,4.187,0.4,0.4,0.1,0.1,433.1,519.72,131.24242424242425,27.885
1.447,0.542,0.571,3.06,2.966,4.664,0.4,0.4,0.1,0.1,1027.7,1233.24,311.42424242424244,8.294999999999998
0.215,0.663,0.323,0.915,3.498,1.96,0.4,0.4,0.1,0.1,423.8,508.56,128.42424242424244,26.775
0.191,1.33,1.0,2.874,0.643,2.08,0.4,0.4,0.1,0.1,478.5,574.1999999999999,145.0,27.134999999999998
0.432,1.313,0.119,4.375,4.197,0.814,0.4,0.4,0.1,0.1,597.3,716.7599999999999,181.0,23.52
0.188,1.304,0.268,2.447,4.837,0.322,0.4,0.4,0.1,0.1,474.4,569.28,143.75757575757575,27.18
1.114,1.45,1.303,1.029,2.485,3.199,0.4,0.4,0.1,0.1,952.0,1142.3999999999999,288.4848484848485,13.29
0.61,0.993,0.239,2.036,0.173,4.791,0.4,0.4,0.1,0.1,654.3,785.16,198.27272727272728,20.85
0.886,0.543,0.289,1.974,0.677,3.418,0.4,0.4,0.1,0.1,747.3,896.7599999999999,226.45454545454544,16.71
0.477,1.242,1.285,4.535,1.949,4.18,0.4,0.4,0.1,0.1,612.7,735.24,185.66666666666669,22.845
1.376,1.487,0.656,2.128,2.459,0.549,0.4,0.4,0.1,0.1,1086.7,1304.04,329.3030303030303,9.360000000000003
0.403,1.371,0.544,1.276,2.708,3.84,0.4,0.4,0.1,0.1,588.6,706.32,178.36363636363637,23.955
0.681,0.684,1.162,3.231,2.784,1.043,0.4,0.4,0.1,0.1,658.9,790.68,199.66666666666666,19.785
0.787,1.144,0.238,0.152,1.522,1.088,0.4,0.4,0.1,0.1,757.9,909.4799999999999,229.66666666666669,18.195
1.087,1.289,0.13,0.73,4.732,0.175,0.4,0.4,0.1,0.1,922.4,1106.8799999999999,279.5151515151515,13.695
1.347,1.316,1.422,2.518,2.621,4.36,0.4,0.4,0.1,0.1,1055.1,1266.12,319.7272727272727,9.795000000000002
0.141,0.817,0.463,2.959,0.18,3.85,0.4,0.4,0.1,0.1,402.2,482.64,121.87878787878788,27.885
0.81,1.159,0.971,2.801,1.051,3.394,0.4,0.4,0.1,0.1,770.9,925.0799999999999,233.60606060606062,17.85
0.719,0.858,1.327,4.252,1.285,1.156,0.4,0.4,0.1,0.1,695.3,834.3599999999999,210.6969696969697,19.215
0.959,0.968,1.4,1.237,2.245,1.61,0.4,0.4,0.1,0.1,826.3,991.56,250.3939393939394,15.615
1.378,0.204,1.183,1.937,1.898,2.677,0.4,0.4,0.1,0.1,959.4,1151.28,290.72727272727275,9.330000000000002
0.368,0.124,0.212,3.101,2.151,3.964,0.4,0.4,0.1,0.1,446.4,535.68,135.27272727272728,24.48
0.884,1.349,0.76,2.613,0.734,4.375,0.4,0.4,0.1,0.1,826.9,992.28,250.5757575757576,16.740000000000002
0.401,1.332,1.194,0.912,4.527,2.305,0.4,0.4,0.1,0.1,583.7,700.44,176.8787878787879,23.985
0.557,1.212,0.124,0.613,3.816,4.151,0.4,0.4,0.1,0.1,649.7,779.64,196.8787878787879,21.645
0.144,0.952,0.618,3.315,2.686,3.188,0.4,0.4,0.1,0.1,417.2,500.64,126.42424242424242,27.84
1.267,0.999,0.662,3.096,4.326,4.502,0.4,0.4,0.1,0.1,983.4,1180.08,298.0,10.995000000000001
1.153,0.738,1.162,0.366,2.873,1.14,0.4,0.4,0.1,0.1,900.3,1080.36,272.8181818181818,12.704999999999998
0.994,0.725,0.789,2.29,0.954,0.305,0.4,0.4,0.1,0.1,819.5,983.4,248.33333333333334,15.09
0.256,1.327,0.318,3.021,3.493,0.463,0.4,0.4,0.1,0.1,510.7,612.8399999999999,154.75757575757575,26.16
0.672,1.144,0.709,4.234,1.344,0.189,0.4,0.4,0.1,0.1,700.4,840.4799999999999,212.24242424242425,19.92
0.575,1.145,1.333,0.054,2.801,0.433,0.4,0.4,0.1,0.1,652.0,782.4,197.5757575757576,21.375
1.061,1.292,1.234,1.488,3.833,2.583,0.4,0.4,0.1,0.1,909.7,1091.64,275.6666666666667,14.085
0.291,1.084,1.325,4.964,4.371,4.764,0.4,0.4,0.1,0.1,503.9,604.68,152.6969696969697,25.635
1.239,0.5,0.93,2.637,0.602,1.462,0.4,0.4,0.1,0.1,919.5,1103.3999999999999,278.6363636363636,11.415
0.759,0.872,0.806,2.749,0.513,3.363,0.4,0.4,0.1,0.1,716.7,860.0400000000001,217.18181818181822,18.615000000000002
0.899,1.151,1.218,2.776,2.29,4.01,0.4,0.4,0.1,0.1,814.6,977.52,246.84848484848487,16.515
0.277,0.257,0.199,3.634,2.287,2.976,0.4,0.4,0.1,0.1,414.2,497.03999999999996,125.51515151515152,25.845
0.879,1.476,0.416,3.236,2.484,1.389,0.4,0.4,0.1,0.1,837.1,1004.52,253.66666666666669,16.814999999999998
0.949,0.256,0.705,3.542,4.617,1.347,0.4,0.4,0.1,0.1,750.1,900.12,227.3030303030303,15.765
1.11,0.547,1.25,0.1,4.917,1.739,0.4,0.4,0.1,0.1,859.7,1031.64,260.51515151515156,13.349999999999998
0.663,1.106,1.493,4.008,0.223,4.451,0.4,0.4,0.1,0.1,692.1,830.52,209.72727272727275,20.055
0.658,0.307,1.337,1.624,1.146,3.779,0.4,0.4,0.1,0.1,609.7,731.64,184.75757575757578,20.13
0.554,0.838,1.453,2.55,3.588,3.513,0.4,0.4,0.1,0.1,610.8,732.9599999999999,185.0909090909091,21.689999999999998
1.484,1.211,0.57,4.875,1.754,1.938,0.4,0.4,0.1,0.1,1113.1,1335.7199999999998,337.3030303030303,7.740000000000002
1.425,0.718,1.059,4.728,2.793,2.37,0.4,0.4,0.1,0.1,1034.3,1241.1599999999999,313.42424242424244,8.625
0.993,1.014,0.331,0.91,2.781,3.11,0.4,0.4,0.1,0.1,847.9,1017.4799999999999,256.93939393939394,15.105
0.268,1.12,1.484,0.864,1.483,1.646,0.4,0.4,0.1,0.1,496.0,595.1999999999999,150.3030303030303,25.98
1.157,1.437,1.277,0.742,3.219,1.205,0.4,0.4,0.1,0.1,972.2,1166.64,294.6060606060606,12.645
0.24,0.25,0.12,1.188,4.196,0.628,0.4,0.4,0.1,0.1,395.0,474.0,119.6969696969697,26.4
1.389,1.078,0.43,3.749,0.591,4.1,0.4,0.4,0.1,0.1,1052.3,1262.76,318.8787878787879,9.165
0.709,0.392,0.154,2.796,1.475,3.803,0.4,0.4,0.1,0.1,643.7,772.44,195.0606060606061,19.365000000000002
0.253,0.875,1.048,3.108,4.408,4.592,0.4,0.4,0.1,0.1,464.0,556.8,140.60606060606062,26.205
0.831,0.265,0.909,4.27,0.171,1.729,0.4,0.4,0.1,0.1,692.0,830.4,209.69696969696972,17.535
0.451,0.219,0.113,1.943,3.481,0.702,0.4,0.4,0.1,0.1,497.4,596.88,150.72727272727272,23.235
0.99,0.335,1.136,3.116,3.653,0.293,0.4,0.4,0.1,0.1,778.5,934.1999999999999,235.90909090909093,15.15
0.352,1.134,1.333,3.816,1.267,3.898,0.4,0.4,0.1,0.1,539.4,647.28,163.45454545454547,24.72
0.606,0.951,0.782,2.156,2.102,0.553,0.4,0.4,0.1,0.1,648.1,777.72,196.3939393939394,20.91
0.367,0.607,0.322,1.681,1.371,3.965,0.4,0.4,0.1,0.1,494.2,593.04,149.75757575757575,24.495
0.732,1.295,0.303,4.103,1.555,2.354,0.4,0.4,0.1,0.1,745.5,894.6,225.90909090909093,19.02
0.863,0.543,0.74,3.16,0.985,2.12,0.4,0.4,0.1,0.1,735.8,882.9599999999999,222.96969696969697,17.055
1.232,0.14,1.404,0.513,2.876,4.433,0.4,0.4,0.1,0.1,880.0,1056.0,266.6666666666667,11.52
1.425,1.064,1.409,0.338,0.191,3.606,0.4,0.4,0.1,0.1,1068.9,1282.68,323.90909090909093,8.625
1.069,0.145,0.901,4.148,2.742,1.966,0.4,0.4,0.1,0.1,799.0,958.8,242.12121212121212,13.965
0.292,1.498,1.201,4.633,0.513,2.6,0.4,0.4,0.1,0.1,545.8,654.9599999999999,165.39393939393938,25.62
1.466,0.107,1.002,2.835,2.719,4.187,0.4,0.4,0.1,0.1,993.7,1192.44,301.1212121212121,8.010000000000002
0.285,0.706,1.106,1.312,3.431,1.881,0.4,0.4,0.1,0.1,463.1,555.72,140.33333333333334,25.725
0.316,0.256,0.697,1.592,4.475,1.725,0.4,0.4,0.1,0.1,433.6,520.32,131.3939393939394,25.259999999999998
1.025,1.161,0.893,2.227,0.62,1.527,0.4,0.4,0.1,0.1,878.6,1054.32,266.24242424242425,14.625000000000002
0.227,0.417,0.519,1.812,3.319,1.359,0.4,0.4,0.1,0.1,405.2,486.23999999999995,122.7878787878788,26.595
1.431,0.289,0.769,0.818,1.459,1.507,0.4,0.4,0.1,0.1,994.4,1193.28,301.3333333333333,8.535
1.2,0.516,1.13,2.913,4.987,4.828,0.4,0.4,0.1,0.1,901.6,1081.92,273.21212121212125,12.0
0.518,0.179,0.674,2.263,0.928,0.945,0.4,0.4,0.1,0.1,526.9,632.28,159.66666666666666,22.23
1.438,0.846,1.057,4.062,4.34,4.694,0.4,0.4,0.1,0.1,1053.6,1264.32,319.27272727272725,8.43
1.249,0.873,0.767,2.411,1.07,1.831,0.4,0.4,0.1,0.1,961.8,1154.1599999999999,291.45454545454544,11.264999999999997
1.413,0.682,0.494,4.31,2.873,4.477,0.4,0.4,0.1,0.1,1024.7,1229.64,310.51515151515156,8.805
0.248,0.45,0.525,2.368,4.778,3.277,0.4,0.4,0.1,0.1,419.0,502.79999999999995,126.96969696969698,26.28
0.608,0.913,0.753,3.269,1.262,1.175,0.4,0.4,0.1,0.1,645.3,774.3599999999999,195.54545454545453,20.880000000000003
0.877,0.639,0.241,4.358,0.277,4.615,0.4,0.4,0.1,0.1,752.4,902.88,228.0,16.845
1.381,0.282,1.235,2.348,3.292,2.693,0.4,0.4,0.1,0.1,968.7,1162.44,293.54545454545456,9.285
0.632,1.075,0.729,4.411,0.983,0.872,0.4,0.4,0.1,0.1,673.5,808.1999999999999,204.0909090909091,20.52
1.1,0.419,0.951,3.23,2.894,0.117,0.4,0.4,0.1,0.1,841.9,1010.28,255.12121212121212,13.5
0.37,0.138,0.485,1.529,1.284,0.354,0.4,0.4,0.1,0.1,448.8,538.56,136.0,24.45
1.157,1.403,1.306,1.08,3.047,1.282,0.4,0.4,0.1,0.1,968.8,1162.56,293.57575757575756,12.645
0.838,1.421,0.809,3.548,1.259,2.404,0.4,0.4,0.1,0.1,811.1,973.3199999999999,245.7878787878788,17.43
0.465,1.074,0.701,4.669,2.353,2.141,0.4,0.4,0.1,0.1,589.9,707.88,178.75757575757575,23.025
1.182,0.352,0.329,3.566,3.509,1.825,0.4,0.4,0.1,0.1,876.2,1051.44,265.51515151515156,12.27
0.411,0.223,0.766,0.669,0.395,2.681,0.4,0.4,0.1,0.1,477.8,573.36,144.7878787878788,23.835
1.203,0.236,1.444,3.601,3.449,1.062,0.4,0.4,0.1,0.1,875.1,1050.12,265.1818181818182,11.954999999999998
0.811,0.224,1.403,4.834,2.429,4.354,0.4,0.4,0.1,0.1,677.9,813.4799999999999,205.42424242424244,17.835
1.018,0.988,0.531,1.176,1.834,3.995,0.4,0.4,0.1,0.1,857.8,1029.36,259.93939393939394,14.73
0.874,1.016,0.641,4.745,1.636,0.662,0.4,0.4,0.1,0.1,788.6,946.3199999999999,238.969696969697,16.89
1.258,0.716,0.511,1.867,3.693,0.473,0.4,0.4,0.1,0.1,950.6,1140.72,288.06060606060606,11.129999999999999
0.558,1.007,0.282,0.655,0.126,0.119,0.4,0.4,0.1,0.1,629.7,755.64,190.81818181818184,21.63
0.211,0.542,0.534,1.139,4.972,3.141,0.4,0.4,0.1,0.1,409.7,491.64,124.15151515151516,26.835
0.868,0.224,0.835,2.424,3.496,2.684,0.4,0.4,0.1,0.1,706.4,847.68,214.06060606060606,16.98
0.685,0.18,1.411,2.737,0.657,2.6,0.4,0.4,0.1,0.1,610.5,732.6,185.0,19.725
1.028,0.344,1.324,3.595,2.03,0.098,0.4,0.4,0.1,0.1,798.4,958.0799999999999,241.93939393939394,14.58
0.854,0.582,1.232,4.597,4.508,3.884,0.4,0.4,0.1,0.1,735.2,882.24,222.7878787878788,17.189999999999998
0.312,0.437,1.343,3.1,2.578,0.18,0.4,0.4,0.1,0.1,449.7,539.64,136.27272727272728,25.32
1.403,1.495,1.284,2.012,3.426,3.962,0.4,0.4,0.1,0.1,1101.0,1321.2,333.6363636363636,8.954999999999998
0.271,0.266,0.534,1.869,2.465,3.651,0.4,0.4,0.1,0.1,412.1,494.52,124.87878787878789,25.935
0.214,0.264,0.695,4.497,2.233,0.415,0.4,0.4,0.1,0.1,383.4,460.08,116.18181818181819,26.79
0.49,0.64,0.977,1.833,3.286,4.484,0.4,0.4,0.1,0.1,559.0,670.8,169.3939393939394,22.65
0.301,1.073,1.333,4.231,1.512,3.227,0.4,0.4,0.1,0.1,507.8,609.36,153.8787878787879,25.485
0.459,0.157,0.662,3.681,2.369,2.846,0.4,0.4,0.1,0.1,495.2,594.24,150.06060606060606,23.115
0.354,0.929,0.82,3.087,1.514,1.597,0.4,0.4,0.1,0.1,519.9,623.88,157.54545454545456,24.69
0.618,0.348,0.607,3.898,0.044,1.395,0.4,0.4,0.1,0.1,593.8,712.56,179.93939393939394,20.73
1.156,0.145,1.441,1.037,2.751,3.341,0.4,0.4,0.1,0.1,842.5,1011.0,255.3030303030303,12.66
0.762,0.239,1.371,0.171,4.847,1.372,0.4,0.4,0.1,0.1,654.9,785.88,198.45454545454547,18.57
1.169,1.407,0.108,0.21,0.027,0.574,0.4,0.4,0.1,0.1,975.2,1170.24,295.51515151515156,12.465
1.273,1.415,0.916,0.905,2.058,3.051,0.4,0.4,0.1,0.1,1028.0,1233.6,311.51515151515156,10.905000000000001
0.229,1.437,1.141,4.911,3.735,0.128,0.4,0.4,0.1,0.1,508.20000000000005,609.84,154.00000000000003,26.565
0.44,0.139,1.413,2.084,1.349,1.76,0.4,0.4,0.1,0.1,483.9,580.68,146.63636363636363,23.4
1.484,0.954,0.151,1.341,2.431,2.907,0.4,0.4,0.1,0.1,1087.4,1304.88,329.51515151515156,7.740000000000002
0.493,0.513,1.092,3.766,0.237,0.171,0.4,0.4,0.1,0.1,547.8,657.3599999999999,166.0,22.605
0.416,1.335,0.713,1.595,1.098,0.721,0.4,0.4,0.1,0.1,591.5,709.8,179.24242424242425,23.76
0.102,1.352,0.195,3.784,4.102,3.33,0.4,0.4,0.1,0.1,436.20000000000005,523.44,132.18181818181822,28.47
0.795,1.041,0.297,0.04,2.514,1.141,0.4,0.4,0.1,0.1,751.6,901.92,227.75757575757578,18.075
0.672,0.126,0.522,1.633,3.788,0.066,0.4,0.4,0.1,0.1,598.6,718.32,181.3939393939394,19.92
0.29,0.156,1.147,0.004,3.945,1.561,0.4,0.4,0.1,0.1,410.6,492.72,124.42424242424244,25.65
1.266,1.447,1.232,3.642,0.881,3.037,0.4,0.4,0.1,0.1,1027.7,1233.24,311.42424242424244,11.009999999999998
0.203,0.687,0.241,2.362,0.38,3.289,0.4,0.4,0.1,0.1,420.2,504.23999999999995,127.33333333333334,26.955
1.054,1.275,0.842,2.299,1.437,0.279,0.4,0.4,0.1,0.1,904.5,1085.3999999999999,274.0909090909091,14.19
0.983,1.21,0.788,0.713,4.599,1.442,0.4,0.4,0.1,0.1,862.5,1035.0,261.3636363636364,15.255
1.155,0.322,0.487,0.535,0.397,2.497,0.4,0.4,0.1,0.1,859.7,1031.64,260.51515151515156,12.675
0.187,1.27,1.106,2.335,1.133,4.808,0.4,0.4,0.1,0.1,470.5,564.6,142.5757575757576,27.195
0.191,0.625,0.487,0.699,1.076,1.208,0.4,0.4,0.1,0.1,408.0,489.59999999999997,123.63636363636364,27.134999999999998
0.339,1.06,0.896,0.419,2.445,3.375,0.4,0.4,0.1,0.1,525.5,630.6,159.24242424242425,24.915
0.974,1.325,1.424,2.447,0.068,0.258,0.4,0.4,0.1,0.1,869.5,1043.3999999999999,263.4848484848485,15.39
1.119,1.242,1.452,2.495,1.586,4.52,0.4,0.4,0.1,0.1,933.7,1120.44,282.939393939394,13.215
0.876,1.392,0.95,0.427,2.119,2.798,0.4,0.4,0.1,0.1,827.2,992.64,250.66666666666669,16.86
1.064,0.995,0.647,4.695,4.32,3.411,0.4,0.4,0.1,0.1,881.5,1057.8,267.1212121212121,14.04
0.201,0.208,1.204,0.759,3.228,4.142,0.4,0.4,0.1,0.1,371.3,445.56,112.51515151515153,26.985
0.788,0.862,1.335,3.483,1.334,0.612,0.4,0.4,0.1,0.1,730.2,876.24,221.2727272727273,18.18
1.454,0.82,0.376,1.023,4.88,0.074,0.4,0.4,0.1,0.1,1059.0,1270.8,320.90909090909093,8.190000000000001
0.947,0.711,0.951,2.275,0.541,2.485,0.4,0.4,0.1,0.1,794.6,953.52,240.7878787878788,15.795
1.137,0.694,0.714,4.053,3.387,2.985,0.4,0.4,0.1,0.1,887.9,1065.48,269.06060606060606,12.945
1.054,0.862,1.307,3.864,2.019,4.72,0.4,0.4,0.1,0.1,863.2,1035.84,261.5757575757576,14.19
1.431,1.469,1.228,1.617,2.034,3.629,0.4,0.4,0.1,0.1,1112.4,1334.88,337.0909090909091,8.535
1.467,0.195,1.437,1.265,4.183,2.716,0.4,0.4,0.1,0.1,1003.0,1203.6,303.93939393939394,7.994999999999997
0.4,0.26,1.001,1.25,0.838,0.189,0.4,0.4,0.1,0.1,476.0,571.1999999999999,144.24242424242425,24.0
1.278,0.395,1.043,0.128,0.722,4.442,0.4,0.4,0.1,0.1,928.5,1114.2,281.3636363636364,10.829999999999998
0.441,0.896,1.465,3.715,2.393,4.866,0.4,0.4,0.1,0.1,560.1,672.12,169.72727272727275,23.384999999999998
0.103,1.351,0.233,0.143,2.947,3.0,0.4,0.4,0.1,0.1,436.6,523.92,132.3030303030303,28.455
0.54,1.254,1.381,2.603,2.794,4.962,0.4,0.4,0.1,0.1,645.4,774.4799999999999,195.5757575757576,21.9
0.779,0.403,1.287,0.688,1.536,4.576,0.4,0.4,0.1,0.1,679.8,815.7599999999999,206.0,18.314999999999998
0.299,0.847,1.453,3.913,2.974,3.254,0.4,0.4,0.1,0.1,484.2,581.04,146.72727272727272,25.515
1.081,0.613,0.941,0.559,4.048,1.031,0.4,0.4,0.1,0.1,851.8,1022.1599999999999,258.1212121212121,13.785
0.784,1.023,0.476,0.913,3.886,4.577,0.4,0.4,0.1,0.1,744.3,893.16,225.54545454545453,18.240000000000002
0.173,1.234,1.196,2.65,1.712,1.073,0.4,0.4,0.1,0.1,459.9,551.88,139.36363636363637,27.405
0.26,0.677,1.352,3.244,1.413,2.917,0.4,0.4,0.1,0.1,447.7,537.24,135.66666666666666,26.1
0.791,1.282,1.266,4.293,2.618,1.731,0.4,0.4,0.1,0.1,773.7,928.44,234.45454545454547,18.134999999999998
0.973,1.123,1.24,3.426,1.934,1.651,0.4,0.4,0.1,0.1,848.8,1018.56,257.2121212121212,15.405000000000001
0.485,0.938,1.026,1.583,1.168,2.767,0.4,0.4,0.1,0.1,586.3,703.56,177.66666666666666,22.725
1.321,0.649,0.542,3.11,2.736,2.916,0.4,0.4,0.1,0.1,975.4,1170.48,295.57575757575756,10.185000000000002
1.249,0.762,1.127,2.274,3.934,3.67,0.4,0.4,0.1,0.1,950.7,1140.84,288.0909090909091,11.264999999999997
0.969,1.449,0.606,4.559,1.697,0.004,0.4,0.4,0.1,0.1,879.4,1055.28,266.4848484848485,15.465
1.41,0.348,0.923,4.192,4.865,3.78,0.4,0.4,0.1,0.1,989.8,1187.76,299.93939393939394,8.850000000000001
0.11,1.389,0.213,1.893,4.075,1.247,0.4,0.4,0.1,0.1,443.9,532.68,134.5151515151515,28.35
1.15,1.29,0.426,1.863,4.387,3.783,0.4,0.4,0.1,0.1,954.0,1144.8,289.0909090909091,12.75
0.291,0.704,0.29,0.764,0.548,1.136,0.4,0.4,0.1,0.1,465.9,559.0799999999999,141.1818181818182,25.635
0.819,1.292,1.176,3.447,2.116,0.532,0.4,0.4,0.1,0.1,788.7,946.44,239.00000000000003,17.715
0.516,0.543,0.106,3.311,3.958,0.168,0.4,0.4,0.1,0.1,562.3,674.7599999999999,170.39393939393938,22.259999999999998
0.218,0.202,0.797,3.005,2.87,2.353,0.4,0.4,0.1,0.1,379.2,455.03999999999996,114.9090909090909,26.73
0.849,1.342,1.156,3.939,1.441,0.027,0.4,0.4,0.1,0.1,808.7,970.44,245.0606060606061,17.265
1.347,0.594,0.423,1.58,1.152,1.607,0.4,0.4,0.1,0.1,982.9,1179.48,297.8484848484849,9.795000000000002
1.317,0.242,0.544,1.113,2.939,3.901,0.4,0.4,0.1,0.1,932.7,1119.24,282.6363636363637,10.245000000000001
0.101,1.282,1.052,1.398,0.006,2.917,0.4,0.4,0.1,0.1,428.7,514.4399999999999,129.9090909090909,28.485
1.079,0.377,0.858,2.746,3.855,2.05,0.4,0.4,0.1,0.1,827.2,992.64,250.66666666666669,13.815000000000001
0.257,1.021,0.253,1.437,2.992,0.856,0.4,0.4,0.1,0.1,480.6,576.72,145.63636363636365,26.145
0.298,1.066,0.845,4.506,3.839,0.484,0.4,0.4,0.1,0.1,505.6,606.72,153.21212121212122,25.53
0.595,0.109,0.691,2.617,0.033,2.316,0.4,0.4,0.1,0.1,558.4,670.0799999999999,169.21212121212122,21.075000000000003
0.379,1.174,0.292,2.351,4.795,3.513,0.4,0.4,0.1,0.1,556.9,668.28,168.75757575757575,24.314999999999998
0.4,0.205,0.707,1.342,1.44,2.908,0.4,0.4,0.1,0.1,470.5,564.6,142.5757575757576,24.0
0.855,0.712,0.456,4.774,1.441,1.95,0.4,0.4,0.1,0.1,748.7,898.44,226.8787878787879,17.175
0.465,0.157,0.803,0.668,1.514,3.049,0.4,0.4,0.1,0.1,498.2,597.8399999999999,150.96969696969697,23.025
0.243,1.21,0.188,1.294,3.268,4.052,0.4,0.4,0.1,0.1,492.5,591.0,149.24242424242425,26.355
0.697,0.109,0.74,2.057,1.556,3.823,0.4,0.4,0.1,0.1,609.4,731.28,184.66666666666666,19.545
0.961,1.145,1.34,0.366,2.883,1.013,0.4,0.4,0.1,0.1,845.0,1014.0,256.06060606060606,15.585
0.362,0.527,0.832,0.624,0.261,1.579,0.4,0.4,0.1,0.1,483.7,580.4399999999999,146.5757575757576,24.57
1.465,1.445,0.829,1.335,0.95,3.534,0.4,0.4,0.1,0.1,1127.0,1352.3999999999999,341.51515151515156,8.024999999999999
0.175,1.368,1.203,2.433,3.121,2.103,0.4,0.4,0.1,0.1,474.3,569.16,143.72727272727275,27.375
1.033,0.739,0.811,3.296,4.871,0.567,0.4,0.4,0.1,0.1,840.4,1008.4799999999999,254.66666666666669,14.505
1.226,1.394,1.231,4.87,0.17,1.327,0.4,0.4,0.1,0.1,1002.4,1202.8799999999999,303.75757575757575,11.61
1.045,1.144,1.055,4.906,4.049,4.262,0.4,0.4,0.1,0.1,886.9,1064.28,268.75757575757575,14.325000000000001
1.31,0.876,1.283,3.995,3.913,3.521,0.4,0.4,0.1,0.1,992.6,1191.12,300.7878787878788,10.349999999999998
0.533,1.11,1.046,0.429,2.608,4.431,0.4,0.4,0.1,0.1,627.5,753.0,190.15151515151516,22.005
1.07,1.191,0.622,1.171,1.555,3.622,0.4,0.4,0.1,0.1,904.1,1084.92,273.969696969697,13.95
0.845,0.562,0.627,1.881,4.781,0.553,0.4,0.4,0.1,0.1,728.7,874.44,220.81818181818184,17.325000000000003
0.484,0.827,0.206,2.999,0.821,2.587,0.4,0.4,0.1,0.1,574.7,689.64,174.15151515151518,22.740000000000002
1.215,1.102,0.534,4.395,4.851,3.419,0.4,0.4,0.1,0.1,967.7,1161.24,293.24242424242425,11.774999999999999
1.378,1.136,0.607,3.168,2.346,0.953,0.4,0.4,0.1,0.1,1052.6,1263.12,318.96969696969694,9.330000000000002
1.335,0.242,0.506,2.708,0.247,0.105,0.4,0.4,0.1,0.1,941.7,1130.04,285.3636363636364,9.975000000000001
0.666,1.109,1.153,2.07,3.106,2.213,0.4,0.4,0.1,0.1,693.9,832.68,210.27272727272728,20.009999999999998
0.78,0.55,1.19,0.715,0.907,1.232,0.4,0.4,0.1,0.1,695.0,834.0,210.60606060606062,18.299999999999997
0.888,0.382,0.529,0.565,3.74,0.677,0.4,0.4,0.1,0.1,732.2,878.64,221.8787878787879,16.68
1.327,1.473,0.806,2.957,3.575,4.221,0.4,0.4,0.1,0.1,1060.8,1272.9599999999998,321.45454545454544,10.094999999999999
0.384,0.55,0.108,1.333,1.181,3.006,0.4,0.4,0.1,0.1,497.0,596.4,150.60606060606062,24.240000000000002
0.469,0.902,1.064,1.462,1.497,4.453,0.4,0.4,0.1,0.1,574.7,689.64,174.15151515151518,22.965
0.894,0.393,0.741,4.93,3.735,0.783,0.4,0.4,0.1,0.1,736.3,883.56,223.12121212121212,16.59
0.29,1.031,0.659,4.443,4.156,0.608,0.4,0.4,0.1,0.1,498.1,597.72,150.93939393939397,25.65
0.142,0.439,1.046,0.97,3.887,1.52,0.4,0.4,0.1,0.1,364.9,437.87999999999994,110.57575757575758,27.87
1.263,0.797,1.037,3.539,3.184,4.912,0.4,0.4,0.1,0.1,961.2,1153.44,291.2727272727273,11.055
0.944,0.456,0.498,0.56,3.649,1.38,0.4,0.4,0.1,0.1,767.6,921.12,232.60606060606062,15.84
0.157,0.151,0.372,2.809,4.25,3.921,0.4,0.4,0.1,0.1,343.6,412.32,104.12121212121214,27.645
0.143,1.407,0.368,4.396,2.146,4.549,0.4,0.4,0.1,0.1,462.2,554.64,140.06060606060606,27.855
0.835,0.172,1.09,2.072,0.449,2.242,0.4,0.4,0.1,0.1,684.7,821.64,207.4848484848485,17.475
1.111,0.291,0.83,3.965,4.323,2.84,0.4,0.4,0.1,0.1,834.6,1001.52,252.90909090909093,13.335
0.345,0.689,0.332,1.343,4.433,1.49,0.4,0.4,0.1,0.1,491.4,589.68,148.9090909090909,24.825
0.399,0.792,0.615,0.045,1.819,1.383,0.4,0.4,0.1,0.1,528.7,634.44,160.21212121212125,24.015
0.845,1.247,0.577,1.961,4.027,0.861,0.4,0.4,0.1,0.1,797.2,956.64,241.5757575757576,17.325000000000003
0.323,1.047,0.967,1.56,1.948,2.263,0.4,0.4,0.1,0.1,516.2,619.44,156.42424242424244,25.155
1.17,1.116,0.899,2.635,1.293,2.924,0.4,0.4,0.1,0.1,946.6,1135.92,286.8484848484849,12.450000000000003
0.292,0.638,0.55,4.396,1.92,3.364,0.4,0.4,0.1,0.1,459.8,551.76,139.33333333333334,25.62
1.34,0.29,1.161,3.489,4.713,3.506,0.4,0.4,0.1,0.1,949.0,1138.8,287.57575757575756,9.899999999999999
0.319,1.153,0.348,3.693,4.891,3.202,0.4,0.4,0.1,0.1,524.8,629.7599999999999,159.03030303030303,25.215
0.822,0.685,1.084,0.156,4.429,0.201,0.4,0.4,0.1,0.1,729.5,875.4,221.06060606060606,17.67
0.628,0.485,1.439,3.052,0.288,0.077,0.4,0.4,0.1,0.1,612.5,735.0,185.60606060606062,20.58
1.049,1.019,1.019,0.628,3.385,0.383,0.4,0.4,0.1,0.1,876.4,1051.6799999999998,265.57575757575756,14.265
0.957,0.523,0.703,4.523,3.809,1.775,0.4,0.4,0.1,0.1,780.8,936.9599999999999,236.6060606060606,15.645000000000001
1.348,0.968,0.861,4.435,3.247,2.626,0.4,0.4,0.1,0.1,1020.8,1224.9599999999998,309.3333333333333,9.779999999999998
1.384,1.084,0.853,2.129,0.717,1.406,0.4,0.4,0.1,0.1,1050.4,1260.48,318.30303030303037,9.240000000000002
0.889,0.583,1.013,4.486,2.736,0.51,0.4,0.4,0.1,0.1,752.8,903.3599999999999,228.12121212121212,16.665
0.889,0.214,0.328,0.968,0.919,4.174,0.4,0.4,0.1,0.1,715.9,859.0799999999999,216.93939393939394,16.665
0.861,0.922,0.819,3.248,2.685,0.85,0.4,0.4,0.1,0.1,772.7,927.24,234.15151515151518,17.085
0.349,0.565,0.512,4.972,2.926,3.365,0.4,0.4,0.1,0.1,481.0,577.1999999999999,145.75757575757578,24.765
1.353,1.089,1.03,3.383,0.681,1.561,0.4,0.4,0.1,0.1,1035.4,1242.48,313.7575757575758,9.705000000000002
0.671,1.115,0.557,0.872,2.151,3.845,0.4,0.4,0.1,0.1,697.0,836.4,211.21212121212122,19.935
0.276,0.48,0.374,0.677,3.846,3.951,0.4,0.4,0.1,0.1,436.0,523.1999999999999,132.12121212121212,25.86
1.314,1.497,1.2,2.381,4.561,4.146,0.4,0.4,0.1,0.1,1056.7,1268.04,320.21212121212125,10.29
0.191,0.975,1.039,2.842,1.969,3.999,0.4,0.4,0.1,0.1,443.0,531.6,134.24242424242425,27.134999999999998
1.468,1.472,0.962,2.954,1.214,4.821,0.4,0.4,0.1,0.1,1131.2,1357.44,342.7878787878788,7.98
0.551,0.168,0.571,2.818,3.999,1.844,0.4,0.4,0.1,0.1,542.3,650.7599999999999,164.33333333333331,21.735
1.244,1.114,1.366,4.685,3.471,1.912,0.4,0.4,0.1,0.1,983.4,1180.08,298.0,11.34
1.459,0.909,0.387,4.709,3.14,2.307,0.4,0.4,0.1,0.1,1070.4,1284.48,324.36363636363643,8.114999999999998
0.252,0.586,1.02,0.241,0.01,0.291,0.4,0.4,0.1,0.1,434.6,521.52,131.69696969696972,26.22
1.129,0.159,1.019,4.653,3.113,3.571,0.4,0.4,0.1,0.1,830.4,996.4799999999999,251.63636363636365,13.065000000000001
0.406,0.704,1.487,2.765,2.928,3.53,0.4,0.4,0.1,0.1,523.4,628.0799999999999,158.6060606060606,23.91
1.334,0.311,1.292,4.363,4.515,2.502,0.4,0.4,0.1,0.1,948.1,1137.72,287.3030303030303,9.989999999999998
0.761,1.188,0.478,1.685,0.992,2.596,0.4,0.4,0.1,0.1,749.3,899.16,227.06060606060606,18.585
0.166,0.866,1.176,1.996,2.327,4.273,0.4,0.4,0.1,0.1,419.6,503.52,127.15151515151517,27.509999999999998
0.554,0.378,1.145,1.899,2.037,0.649,0.4,0.4,0.1,0.1,564.8,677.7599999999999,171.15151515151516,21.689999999999998
0.316,0.808,1.016,3.392,2.404,2.286,0.4,0.4,0.1,0.1,488.8,586.56,148.12121212121212,25.259999999999998
0.819,0.943,0.988,0.339,2.238,0.732,0.4,0.4,0.1,0.1,753.8,904.56,228.42424242424244,17.715
0.425,0.838,1.069,1.534,1.862,2.201,0.4,0.4,0.1,0.1,546.3,655.56,165.54545454545453,23.625
1.357,0.652,0.628,3.759,3.256,3.682,0.4,0.4,0.1,0.1,993.7,1192.44,301.1212121212121,9.645
0.312,1.131,1.356,1.974,0.986,0.653,0.4,0.4,0.1,0.1,519.1,622.92,157.3030303030303,25.32
1.266,0.452,1.23,3.591,4.377,3.12,0.4,0.4,0.1,0.1,928.2,1113.84,281.2727272727273,11.009999999999998
1.411,0.534,1.158,4.426,0.341,4.191,0.4,0.4,0.1,0.1,1008.9,1210.6799999999998,305.72727272727275,8.835
1.351,0.901,1.299,0.976,1.08,0.901,0.4,0.4,0.1,0.1,1015.6,1218.72,307.7575757575758,9.735
1.214,0.961,0.732,3.727,2.216,3.644,0.4,0.4,0.1,0.1,953.1,1143.72,288.8181818181818,11.79
0.32,1.356,0.956,4.953,3.081,1.241,0.4,0.4,0.1,0.1,545.6,654.72,165.33333333333334,25.2
0.202,1.442,1.306,1.874,1.077,0.166,0.4,0.4,0.1,0.1,495.2,594.24,150.06060606060606,26.97
0.949,1.378,1.483,1.487,0.073,1.334,0.4,0.4,0.1,0.1,862.3,1034.76,261.3030303030303,15.765
0.127,1.416,0.895,2.391,1.764,3.191,0.4,0.4,0.1,0.1,455.1,546.12,137.90909090909093,28.095
1.251,1.347,1.221,3.294,2.433,3.189,0.4,0.4,0.1,0.1,1010.2,1212.24,306.1212121212121,11.235000000000003
0.893,1.345,0.414,0.983,2.157,3.049,0.4,0.4,0.1,0.1,831.0,997.1999999999999,251.81818181818184,16.605
0.935,0.461,0.754,3.907,1.497,4.531,0.4,0.4,0.1,0.1,763.6,916.32,231.3939393939394,15.975
0.416,0.439,1.215,2.92,1.409,1.507,0.4,0.4,0.1,0.1,501.9,602.28,152.0909090909091,23.76
0.713,1.32,0.571,0.666,4.336,3.009,0.4,0.4,0.1,0.1,738.5,886.1999999999999,223.7878787878788,19.305
0.538,0.436,0.537,4.156,4.389,4.483,0.4,0.4,0.1,0.1,562.6,675.12,170.4848484848485,21.93
1.11,0.662,0.385,3.27,1.342,3.137,0.4,0.4,0.1,0.1,871.2,1045.44,264.0,13.349999999999998
0.596,0.729,0.88,1.833,2.632,3.101,0.4,0.4,0.1,0.1,620.9,745.0799999999999,188.15151515151516,21.060000000000002
1.309,0.387,1.344,4.476,4.561,1.221,0.4,0.4,0.1,0.1,943.2,1131.84,285.81818181818187,10.365000000000002
1.385,0.674,0.991,2.719,4.335,2.278,0.4,0.4,0.1,0.1,1009.9,1211.8799999999999,306.03030303030306,9.225000000000001
0.375,1.057,1.349,0.271,3.893,2.611,0.4,0.4,0.1,0.1,543.2,651.84,164.60606060606062,24.375
0.77,1.451,0.113,1.052,4.028,0.891,0.4,0.4,0.1,0.1,780.1,936.12,236.3939393939394,18.45
0.143,0.794,0.405,1.138,1.773,4.497,0.4,0.4,0.1,0.1,400.9,481.0799999999999,121.48484848484848,27.855
0.979,0.14,1.404,1.083,2.814,3.163,0.4,0.4,0.1,0.1,753.5,904.1999999999999,228.33333333333334,15.315
0.768,0.881,0.317,3.403,0.461,3.565,0.4,0.4,0.1,0.1,722.1,866.52,218.81818181818184,18.48
1.455,0.367,1.205,2.905,1.497,3.017,0.4,0.4,0.1,0.1,1014.2,1217.04,307.33333333333337,8.174999999999997
0.577,0.234,1.141,2.321,1.953,2.556,0.4,0.4,0.1,0.1,561.9,674.28,170.27272727272728,21.345
0.867,0.487,0.798,2.963,4.002,4.87,0.4,0.4,0.1,0.1,732.2,878.64,221.8787878787879,16.995
0.341,0.666,0.317,2.567,0.982,0.935,0.4,0.4,0.1,0.1,487.1,584.52,147.60606060606062,24.884999999999998
0.529,0.147,0.895,4.426,1.614,4.604,0.4,0.4,0.1,0.1,529.2,635.0400000000001,160.36363636363637,22.064999999999998
1.12,0.859,1.29,0.563,2.645,2.304,0.4,0.4,0.1,0.1,895.9,1075.08,271.4848484848485,13.2
1.055,0.345,0.95,3.309,0.878,3.396,0.4,0.4,0.1,0.1,812.0,974.4,246.06060606060606,14.175
1.108,0.275,0.549,3.819,3.897,3.482,0.4,0.4,0.1,0.1,831.5,997.8,251.969696969697,13.379999999999999
0.879,1.001,1.467,4.225,3.385,1.601,0.4,0.4,0.1,0.1,789.6,947.52,239.27272727272728,16.814999999999998
0.303,0.434,1.04,2.897,4.624,2.038,0.4,0.4,0.1,0.1,444.9,533.88,134.8181818181818,25.455
0.756,0.13,1.171,1.325,2.464,1.581,0.4,0.4,0.1,0.1,641.0,769.1999999999999,194.24242424242425,18.66
0.848,1.226,0.849,4.079,0.151,1.789,0.4,0.4,0.1,0.1,796.6,955.92,241.3939393939394,17.28
1.349,0.864,0.454,3.526,3.303,0.217,0.4,0.4,0.1,0.1,1010.9,1213.08,306.33333333333337,9.765
1.179,0.785,1.032,0.924,2.501,3.91,0.4,0.4,0.1,0.1,918.0,1101.6,278.1818181818182,12.314999999999998
0.911,0.695,0.813,0.909,0.679,2.777,0.4,0.4,0.1,0.1,775.0,930.0,234.84848484848487,16.335
0.499,0.353,1.157,4.251,1.112,4.975,0.4,0.4,0.1,0.1,534.8,641.7599999999999,162.06060606060606,22.515
1.124,0.932,1.154,1.341,1.74,1.695,0.4,0.4,0.1,0.1,905.2,1086.24,274.3030303030303,13.139999999999997
0.8,0.362,1.257,2.434,3.387,0.44,0.4,0.4,0.1,0.1,686.2,823.44,207.93939393939397,18.0
1.101,1.24,1.31,1.868,3.228,4.478,0.4,0.4,0.1,0.1,924.5,1109.3999999999999,280.1515151515152,13.485
0.115,0.921,0.997,3.431,1.393,0.877,0.4,0.4,0.1,0.1,399.6,479.52,121.09090909090911,28.275
0.192,1.394,1.005,4.783,3.798,0.361,0.4,0.4,0.1,0.1,485.4,582.4799999999999,147.0909090909091,27.12
1.021,0.619,0.548,2.248,4.722,2.365,0.4,0.4,0.1,0.1,822.4,986.8799999999999,249.21212121212122,14.685000000000002
1.202,1.278,1.207,0.866,1.978,2.558,0.4,0.4,0.1,0.1,978.8,1174.56,296.6060606060606,11.969999999999999
0.211,1.203,1.37,2.082,0.753,1.114,0.4,0.4,0.1,0.1,475.8,570.96,144.1818181818182,26.835
1.116,0.93,0.114,2.094,3.333,0.476,0.4,0.4,0.1,0.1,901.0,1081.2,273.03030303030306,13.259999999999998
0.132,1.01,0.923,4.281,3.885,2.222,0.4,0.4,0.1,0.1,417.0,500.4,126.36363636363637,28.02
1.029,1.223,1.191,1.835,3.891,0.606,0.4,0.4,0.1,0.1,886.8,1064.1599999999999,268.72727272727275,14.565000000000001
0.791,0.812,0.363,1.92,4.7,4.512,0.4,0.4,0.1,0.1,726.7,872.0400000000001,220.21212121212125,18.134999999999998
1.451,0.969,1.243,0.883,0.437,3.401,0.4,0.4,0.1,0.1,1072.4,1286.88,324.969696969697,8.235
1.085,0.265,0.92,3.458,0.252,4.08,0.4,0.4,0.1,0.1,819.0,982.8,248.1818181818182,13.725000000000001
1.489,0.279,1.021,2.516,4.644,3.713,0.4,0.4,0.1,0.1,1022.4,1226.8799999999999,309.8181818181818,7.664999999999999
0.691,0.332,0.995,2.142,1.284,1.076,0.4,0.4,0.1,0.1,628.7,754.44,190.51515151515153,19.635
0.73,1.294,0.394,3.243,2.517,2.796,0.4,0.4,0.1,0.1,744.4,893.28,225.5757575757576,19.05
1.108,0.213,0.158,1.17,2.211,3.227,0.4,0.4,0.1,0.1,825.3,990.3599999999999,250.0909090909091,13.379999999999999
1.454,0.502,0.596,4.993,1.759,0.566,0.4,0.4,0.1,0.1,1027.2,1232.64,311.2727272727273,8.190000000000001
1.402,1.485,0.126,0.983,0.456,4.885,0.4,0.4,0.1,0.1,1099.5,1319.3999999999999,333.1818181818182,8.970000000000002
0.498,1.433,0.468,2.623,0.582,2.646,0.4,0.4,0.1,0.1,642.3,770.7599999999999,194.63636363636363,22.53
1.1,0.254,0.376,0.104,0.359,1.228,0.4,0.4,0.1,0.1,825.4,990.4799999999999,250.12121212121212,13.5
0.29,1.489,0.394,0.857,3.979,1.174,0.4,0.4,0.1,0.1,543.9,652.68,164.8181818181818,25.65
0.816,1.257,0.168,0.439,3.46,4.091,0.4,0.4,0.1,0.1,783.7,940.44,237.4848484848485,17.76
0.109,0.878,0.26,1.013,3.052,4.091,0.4,0.4,0.1,0.1,392.3,470.76,118.87878787878789,28.365
0.274,1.27,1.432,2.882,3.515,1.821,0.4,0.4,0.1,0.1,514.0,616.8,155.75757575757578,25.89
1.309,0.112,1.331,4.763,3.712,2.711,0.4,0.4,0.1,0.1,915.7,1098.84,277.4848484848485,10.365000000000002
0.688,1.022,0.682,2.622,1.948,1.291,0.4,0.4,0.1,0.1,696.2,835.44,210.969696969697,19.68
0.334,1.328,0.559,3.652,0.544,4.827,0.4,0.4,0.1,0.1,549.8,659.7599999999999,166.6060606060606,24.99
1.408,1.454,0.296,4.539,0.7,0.691,0.4,0.4,0.1,0.1,1099.4,1319.28,333.1515151515152,8.880000000000003
1.241,1.108,0.853,4.299,3.025,2.236,0.4,0.4,0.1,0.1,981.3,1177.56,297.3636363636364,11.384999999999998
1.238,1.168,0.42,0.653,2.152,4.522,0.4,0.4,0.1,0.1,985.8,1182.9599999999998,298.72727272727275,11.43
0.892,0.681,1.122,0.896,0.464,3.981,0.4,0.4,0.1,0.1,764.1,916.92,231.54545454545456,16.619999999999997
0.943,0.616,0.345,0.81,3.842,0.185,0.4,0.4,0.1,0.1,783.1,939.72,237.3030303030303,15.855
0.124,0.612,0.594,4.547,4.26,2.271,0.4,0.4,0.1,0.1,373.2,447.84,113.0909090909091,28.14
0.874,0.593,0.317,0.178,1.633,1.286,0.4,0.4,0.1,0.1,746.3,895.56,226.15151515151516,16.89
1.429,1.159,0.87,1.275,1.337,4.74,0.4,0.4,0.1,0.1,1080.4,1296.48,327.39393939393943,8.564999999999998
0.358,1.132,0.999,4.85,0.106,3.905,0.4,0.4,0.1,0.1,542.2,650.64,164.3030303030303,24.63
1.184,0.165,1.429,4.231,2.019,2.306,0.4,0.4,0.1,0.1,858.5,1030.2,260.1515151515152,12.240000000000002
1.147,0.985,1.301,1.571,3.742,2.807,0.4,0.4,0.1,0.1,922.0,1106.3999999999999,279.39393939393943,12.794999999999998
1.231,0.521,1.386,0.52,1.859,2.309,0.4,0.4,0.1,0.1,917.6,1101.12,278.06060606060606,11.535
1.18,1.497,1.237,3.624,3.621,0.38,0.4,0.4,0.1,0.1,989.7,1187.64,299.90909090909093,12.3
0.277,0.758,0.818,4.547,2.0,2.717,0.4,0.4,0.1,0.1,464.3,557.16,140.69696969696972,25.845
1.194,0.452,1.403,1.333,1.792,2.298,0.4,0.4,0.1,0.1,892.2,1070.64,270.3636363636364,12.09
0.449,1.038,0.807,2.806,0.195,2.759,0.4,0.4,0.1,0.1,578.3,693.9599999999999,175.24242424242425,23.265
0.101,1.292,1.49,0.69,2.009,3.835,0.4,0.4,0.1,0.1,429.70000000000005,515.64,130.21212121212125,28.485
1.367,1.095,0.909,2.096,0.696,1.181,0.4,0.4,0.1,0.1,1043.0,1251.6,316.06060606060606,9.495000000000001
1.251,1.083,1.098,1.362,1.856,1.54,0.4,0.4,0.1,0.1,983.8,1180.56,298.1212121212121,11.235000000000003
0.858,0.996,1.058,2.576,0.555,3.165,0.4,0.4,0.1,0.1,778.6,934.3199999999999,235.93939393939397,17.130000000000003
0.693,0.416,0.735,4.77,0.883,2.449,0.4,0.4,0.1,0.1,638.1,765.72,193.36363636363637,19.605
1.35,0.938,0.695,1.282,1.432,3.553,0.4,0.4,0.1,0.1,1018.8,1222.56,308.72727272727275,9.75
1.063,0.485,0.934,0.087,0.081,4.783,0.4,0.4,0.1,0.1,830.0,996.0,251.51515151515153,14.055000000000001
1.339,1.469,1.281,3.413,2.74,0.726,0.4,0.4,0.1,0.1,1066.4,1279.68,323.1515151515152,9.915
1.193,1.234,0.978,3.606,3.441,4.776,0.4,0.4,0.1,0.1,969.9,1163.8799999999999,293.90909090909093,12.105
1.161,0.565,0.861,4.605,4.306,1.491,0.4,0.4,0.1,0.1,887.0,1064.3999999999999,268.7878787878788,12.585
1.107,0.192,0.791,3.969,4.798,1.312,0.4,0.4,0.1,0.1,822.7,987.24,249.30303030303034,13.395
0.206,0.548,1.01,3.009,0.541,2.549,0.4,0.4,0.1,0.1,407.8,489.36,123.57575757575759,26.91
0.58,1.346,1.48,0.6,3.54,3.346,0.4,0.4,0.1,0.1,674.6,809.52,204.42424242424244,21.3
1.024,1.376,0.576,1.447,3.276,3.579,0.4,0.4,0.1,0.1,899.6,1079.52,272.6060606060606,14.64
0.98,1.382,0.798,4.906,3.309,2.662,0.4,0.4,0.1,0.1,878.2,1053.84,266.1212121212121,15.3
0.568,0.389,0.616,1.753,2.919,4.803,0.4,0.4,0.1,0.1,572.9,687.4799999999999,173.6060606060606,21.48
1.37,0.299,1.46,1.102,3.846,1.332,0.4,0.4,0.1,0.1,964.9,1157.8799999999999,292.3939393939394,9.45
0.371,1.271,1.239,2.894,0.502,2.897,0.4,0.4,0.1,0.1,562.6,675.12,170.4848484848485,24.435000000000002
0.661,0.231,1.426,3.38,3.407,0.627,0.4,0.4,0.1,0.1,603.6,724.32,182.90909090909093,20.085
0.295,1.089,0.546,0.503,3.389,4.825,0.4,0.4,0.1,0.1,506.4,607.68,153.45454545454547,25.575
0.938,1.111,1.284,4.822,4.549,4.44,0.4,0.4,0.1,0.1,830.1,996.12,251.54545454545456,15.930000000000001
1.268,1.48,0.783,2.069,1.826,3.224,0.4,0.4,0.1,0.1,1032.0,1238.3999999999999,312.72727272727275,10.98
0.838,1.131,0.898,2.685,4.967,4.294,0.4,0.4,0.1,0.1,782.1,938.52,237.00000000000003,17.43
0.64,0.541,0.458,1.395,0.017,0.637,0.4,0.4,0.1,0.1,624.1,748.92,189.12121212121212,20.4
1.328,0.108,0.575,3.205,4.31,2.534,0.4,0.4,0.1,0.1,924.8,1109.76,280.24242424242425,10.079999999999998
1.431,1.089,0.754,4.36,3.683,0.658,0.4,0.4,0.1,0.1,1074.4,1289.28,325.5757575757576,8.535
0.117,0.685,1.152,0.705,4.934,4.806,0.4,0.4,0.1,0.1,377.0,452.4,114.24242424242425,28.245
1.311,0.442,1.059,2.65,0.732,1.134,0.4,0.4,0.1,0.1,949.7,1139.64,287.7878787878788,10.335
0.278,1.316,0.333,1.421,1.454,2.137,0.4,0.4,0.1,0.1,520.6,624.72,157.75757575757578,25.83
0.865,0.386,1.244,0.638,2.454,3.744,0.4,0.4,0.1,0.1,721.1,865.32,218.51515151515153,17.025
1.311,1.303,0.73,3.582,1.94,1.805,0.4,0.4,0.1,0.1,1035.8,1242.9599999999998,313.8787878787879,10.335
1.128,0.284,0.427,1.25,4.698,4.733,0.4,0.4,0.1,0.1,842.4,1010.8799999999999,255.27272727272728,13.080000000000002
0.547,0.791,1.051,1.656,3.303,0.587,0.4,0.4,0.1,0.1,602.6,723.12,182.60606060606062,21.795
0.579,0.176,0.321,4.043,0.15,2.985,0.4,0.4,0.1,0.1,557.1,668.52,168.81818181818184,21.315
1.308,0.703,1.428,4.578,1.392,3.933,0.4,0.4,0.1,0.1,974.3,1169.1599999999999,295.24242424242425,10.379999999999999
1.407,0.681,0.296,2.7,1.579,0.709,0.4,0.4,0.1,0.1,1021.6,1225.92,309.5757575757576,8.895
0.963,0.553,0.346,0.593,1.471,2.657,0.4,0.4,0.1,0.1,786.8,944.1599999999999,238.42424242424244,15.555
0.372,0.154,0.135,2.989,3.347,0.939,0.4,0.4,0.1,0.1,451.4,541.68,136.78787878787878,24.42
0.549,1.294,0.725,2.498,3.478,0.629,0.4,0.4,0.1,0.1,653.9,784.68,198.15151515151516,21.765
1.191,1.088,1.046,4.72,0.23,0.775,0.4,0.4,0.1,0.1,954.3,1145.1599999999999,289.1818181818182,12.134999999999998
0.919,1.242,0.519,1.155,3.242,4.078,0.4,0.4,0.1,0.1,833.7,1000.44,252.63636363636365,16.215
0.44,1.116,0.652,3.365,2.043,1.657,0.4,0.4,0.1,0.1,581.6,697.92,176.24242424242425,23.4
1.006,0.3,0.827,1.937,1.836,3.975,0.4,0.4,0.1,0.1,783.0,939.5999999999999,237.27272727272728,14.91
1.344,1.0,0.735,2.302,4.684,2.446,0.4,0.4,0.1,0.1,1022.0,1226.3999999999999,309.6969696969697,9.84
0.472,0.356,0.413,2.491,3.802,1.598,0.4,0.4,0.1,0.1,521.6,625.92,158.06060606060606,22.92
0.28,1.49,0.739,0.656,2.791,4.621,0.4,0.4,0.1,0.1,539.0,646.8,163.33333333333334,25.8
0.803,1.246,0.249,2.399,0.575,4.474,0.4,0.4,0.1,0.1,776.1,931.3199999999999,235.18181818181822,17.955
1.329,0.836,0.187,4.871,2.977,1.45,0.4,0.4,0.1,0.1,998.1,1197.72,302.4545454545455,10.065000000000001
0.798,1.072,0.684,0.903,4.187,4.68,0.4,0.4,0.1,0.1,756.2,907.44,229.15151515151518,18.03
0.688,0.94,1.447,1.439,2.602,0.161,0.4,0.4,0.1,0.1,688.0,825.6,208.4848484848485,19.68
0.233,0.182,0.754,3.499,0.563,1.167,0.4,0.4,0.1,0.1,384.7,461.64,116.57575757575758,26.505
0.627,1.312,0.146,2.537,4.886,3.303,0.4,0.4,0.1,0.1,694.7,833.64,210.51515151515153,20.595
0.758,0.674,0.877,1.569,1.223,3.321,0.4,0.4,0.1,0.1,696.4,835.68,211.03030303030303,18.63
0.302,0.137,1.234,1.457,1.766,0.954,0.4,0.4,0.1,0.1,414.7,497.64,125.66666666666667,25.47
1.292,0.282,0.643,1.896,4.155,1.342,0.4,0.4,0.1,0.1,924.2,1109.04,280.06060606060606,10.620000000000001
1.164,0.567,0.28,1.635,0.707,1.454,0.4,0.4,0.1,0.1,888.7,1066.44,269.3030303030303,12.540000000000003
0.931,0.423,1.499,4.846,3.684,1.274,0.4,0.4,0.1,0.1,757.8,909.3599999999999,229.63636363636363,16.035
0.157,0.715,0.286,0.573,4.264,4.803,0.4,0.4,0.1,0.1,400.0,480.0,121.21212121212122,27.645
0.815,0.284,0.932,3.11,1.644,1.074,0.4,0.4,0.1,0.1,685.9,823.0799999999999,207.84848484848484,17.775
0.763,1.144,0.657,3.02,4.057,1.343,0.4,0.4,0.1,0.1,745.9,895.0799999999999,226.03030303030303,18.555
1.306,1.137,1.194,2.567,2.352,3.006,0.4,0.4,0.1,0.1,1016.7,1220.04,308.0909090909091,10.41
0.745,0.871,0.721,1.351,2.68,4.685,0.4,0.4,0.1,0.1,709.6,851.52,215.03030303030306,18.825
0.771,0.721,0.539,3.119,1.103,1.759,0.4,0.4,0.1,0.1,707.6,849.12,214.42424242424244,18.435000000000002
0.299,1.432,1.045,4.483,1.947,0.377,0.4,0.4,0.1,0.1,542.7,651.24,164.45454545454547,25.515
0.915,1.269,1.298,4.482,2.139,4.498,0.4,0.4,0.1,0.1,834.4,1001.28,252.84848484848484,16.275
0.951,1.477,0.859,4.727,3.355,3.975,0.4,0.4,0.1,0.1,873.2,1047.84,264.6060606060606,15.735000000000001
0.303,0.827,1.031,1.482,4.336,1.5,0.4,0.4,0.1,0.1,484.2,581.04,146.72727272727272,25.455
1.199,0.623,0.92,1.905,2.153,3.05,0.4,0.4,0.1,0.1,911.8,1094.1599999999999,276.3030303030303,12.015
0.667,0.167,1.276,2.328,3.298,4.882,0.4,0.4,0.1,0.1,600.2,720.24,181.8787878787879,19.994999999999997
0.158,0.135,0.174,2.027,2.152,3.278,0.4,0.4,0.1,0.1,342.5,411.0,103.7878787878788,27.63
0.175,0.688,0.432,2.842,1.096,0.71,0.4,0.4,0.1,0.1,406.3,487.56,123.12121212121212,27.375
0.303,0.37,0.793,1.154,2.705,3.282,0.4,0.4,0.1,0.1,438.5,526.1999999999999,132.87878787878788,25.455
0.967,0.949,1.011,4.757,2.94,3.184,0.4,0.4,0.1,0.1,828.4,994.0799999999999,251.03030303030303,15.495000000000001
1.182,0.903,0.872,4.988,2.87,2.2,0.4,0.4,0.1,0.1,931.3,1117.56,282.2121212121212,12.27
0.522,0.546,1.479,0.449,2.555,1.662,0.4,0.4,0.1,0.1,565.6,678.72,171.3939393939394,22.17
1.48,0.821,1.294,0.205,1.984,2.073,0.4,0.4,0.1,0.1,1072.1,1286.5199999999998,324.8787878787879,7.800000000000001
1.291,0.687,1.002,2.181,2.927,3.863,0.4,0.4,0.1,0.1,964.2,1157.04,292.1818181818182,10.635000000000002
0.183,0.308,1.071,3.309,0.914,2.516,0.4,0.4,0.1,0.1,372.3,446.76,112.81818181818183,27.255
0.721,0.183,0.325,0.107,2.651,3.629,0.4,0.4,0.1,0.1,628.8,754.56,190.54545454545453,19.185000000000002
0.204,0.124,0.647,4.555,2.262,0.171,0.4,0.4,0.1,0.1,364.4,437.28,110.42424242424242,26.94
0.608,0.653,0.437,4.078,0.282,2.323,0.4,0.4,0.1,0.1,619.3,743.16,187.66666666666666,20.880000000000003
1.465,0.833,0.195,0.197,4.705,4.982,0.4,0.4,0.1,0.1,1065.8,1278.9599999999998,322.969696969697,8.024999999999999
0.653,1.168,0.394,1.005,2.765,3.006,0.4,0.4,0.1,0.1,693.3,831.9599999999999,210.0909090909091,20.205
0.66,0.925,0.45,1.873,1.183,3.76,0.4,0.4,0.1,0.1,672.5,807.0,203.7878787878788,20.1
0.567,1.386,0.496,3.64,0.846,3.399,0.4,0.4,0.1,0.1,672.1,806.52,203.66666666666669,21.495
0.111,0.439,0.548,1.333,1.184,3.857,0.4,0.4,0.1,0.1,349.4,419.28,105.87878787878788,28.335
0.129,0.94,0.321,2.293,1.654,0.808,0.4,0.4,0.1,0.1,408.5,490.2,123.7878787878788,28.065
0.924,0.469,0.302,1.192,3.592,2.386,0.4,0.4,0.1,0.1,758.9,910.68,229.96969696969697,16.14
0.26,0.714,0.753,0.174,1.343,0.584,0.4,0.4,0.1,0.1,451.4,541.68,136.78787878787878,26.1
0.772,0.895,1.429,3.716,2.506,0.295,0.4,0.4,0.1,0.1,725.5,870.6,219.84848484848487,18.42
0.261,0.593,1.163,3.244,4.395,2.935,0.4,0.4,0.1,0.1,439.8,527.76,133.27272727272728,26.085
0.448,1.481,0.476,3.098,1.345,1.465,0.4,0.4,0.1,0.1,622.1,746.52,188.51515151515153,23.28
1.265,1.114,1.102,3.164,0.092,2.343,0.4,0.4,0.1,0.1,993.9,1192.6799999999998,301.1818181818182,11.025000000000002
1.312,1.232,0.768,1.981,4.718,0.101,0.4,0.4,0.1,0.1,1029.2,1235.04,311.87878787878793,10.32
0.552,0.568,0.518,0.389,1.047,2.46,0.4,0.4,0.1,0.1,582.8,699.3599999999999,176.6060606060606,21.72
0.219,0.558,1.177,3.243,0.331,4.439,0.4,0.4,0.1,0.1,415.3,498.36,125.84848484848486,26.715
0.963,1.392,1.289,1.506,2.208,1.208,0.4,0.4,0.1,0.1,870.7,1044.84,263.8484848484849,15.555
0.597,1.448,1.298,1.289,0.097,0.896,0.4,0.4,0.1,0.1,693.3,831.9599999999999,210.0909090909091,21.045
0.496,1.496,1.328,0.691,3.091,0.443,0.4,0.4,0.1,0.1,647.6,777.12,196.24242424242425,22.560000000000002
0.1,1.074,0.857,0.88,1.685,0.783,0.4,0.4,0.1,0.1,407.4,488.87999999999994,123.45454545454545,28.5
0.124,1.292,0.865,2.178,4.115,3.811,0.4,0.4,0.1,0.1,441.20000000000005,529.44,133.69696969696972,28.14
0.351,1.102,0.185,2.571,3.719,3.108,0.4,0.4,0.1,0.1,535.7,642.84,162.33333333333334,24.735
0.358,0.786,1.182,2.342,4.127,0.577,0.4,0.4,0.1,0.1,507.6,609.12,153.81818181818184,24.63
0.263,0.113,1.184,0.347,4.401,1.417,0.4,0.4,0.1,0.1,392.8,471.36,119.03030303030305,26.055
1.282,1.348,0.551,4.579,3.884,1.322,0.4,0.4,0.1,0.1,1025.8,1230.9599999999998,310.8484848484849,10.77
0.395,1.157,0.675,0.863,3.723,2.569,0.4,0.4,0.1,0.1,563.2,675.84,170.66666666666669,24.075
0.453,0.98,0.316,0.365,3.049,1.307,0.4,0.4,0.1,0.1,574.5,689.4,174.0909090909091,23.205
0.418,0.823,0.684,0.373,2.994,4.095,0.4,0.4,0.1,0.1,541.3,649.56,164.03030303030303,23.73
1.402,0.144,0.695,1.648,2.002,2.584,0.4,0.4,0.1,0.1,965.4,1158.48,292.54545454545456,8.970000000000002
0.454,1.06,0.907,2.688,2.043,0.282,0.4,0.4,0.1,0.1,583.0,699.6,176.66666666666669,23.189999999999998
0.852,0.36,1.398,3.009,2.154,0.456,0.4,0.4,0.1,0.1,712.0,854.4,215.75757575757578,17.22
0.313,1.419,0.981,3.414,4.256,3.147,0.4,0.4,0.1,0.1,548.4,658.0799999999999,166.1818181818182,25.305
0.329,0.947,0.727,2.811,3.71,1.162,0.4,0.4,0.1,0.1,509.2,611.04,154.3030303030303,25.064999999999998
0.505,0.608,0.478,3.17,3.981,4.77,0.4,0.4,0.1,0.1,563.3,675.9599999999999,170.6969696969697,22.425
0.517,0.884,0.414,3.417,2.128,1.97,0.4,0.4,0.1,0.1,596.9,716.28,180.87878787878788,22.245
1.133,0.641,0.634,3.517,2.768,3.51,0.4,0.4,0.1,0.1,880.6,1056.72,266.8484848484849,13.004999999999999
0.243,0.428,0.484,4.003,2.815,4.956,0.4,0.4,0.1,0.1,414.3,497.15999999999997,125.54545454545456,26.355
0.644,0.388,0.17,1.122,0.113,2.01,0.4,0.4,0.1,0.1,610.8,732.9599999999999,185.0909090909091,20.34
1.268,0.999,1.452,2.401,1.928,1.264,0.4,0.4,0.1,0.1,983.9,1180.6799999999998,298.1515151515152,10.98
0.654,0.926,1.193,1.663,2.09,3.624,0.4,0.4,0.1,0.1,669.6,803.52,202.90909090909093,20.189999999999998
1.211,0.72,1.202,3.307,4.969,0.716,0.4,0.4,0.1,0.1,927.5,1113.0,281.06060606060606,11.834999999999997
0.765,0.382,0.348,3.457,1.755,4.639,0.4,0.4,0.1,0.1,670.7,804.84,203.24242424242428,18.525
0.718,0.581,1.255,2.539,0.893,1.774,0.4,0.4,0.1,0.1,667.1,800.52,202.15151515151516,19.23
0.903,0.986,0.925,1.715,0.593,1.154,0.4,0.4,0.1,0.1,800.1,960.12,242.45454545454547,16.455
0.836,0.831,1.17,4.768,4.212,2.658,0.4,0.4,0.1,0.1,751.1,901.32,227.60606060606062,17.46
1.383,0.64,0.161,0.546,1.181,2.758,0.4,0.4,0.1,0.1,1005.5,1206.6,304.6969696969697,9.254999999999999
1.296,0.952,0.505,1.77,3.975,2.988,0.4,0.4,0.1,0.1,993.2,1191.84,300.969696969697,10.559999999999999
0.73,0.665,1.034,3.894,4.782,1.298,0.4,0.4,0.1,0.1,681.5,817.8,206.51515151515153,19.05
1.049,0.46,0.722,2.174,4.887,3.877,0.4,0.4,0.1,0.1,820.5,984.5999999999999,248.63636363636365,14.265
0.947,0.418,1.242,2.468,0.5,4.644,0.4,0.4,0.1,0.1,765.3,918.3599999999999,231.9090909090909,15.795
1.343,1.225,1.306,4.768,1.494,1.696,0.4,0.4,0.1,0.1,1044.0,1252.8,316.3636363636364,9.855
0.733,0.224,0.743,1.914,4.147,3.546,0.4,0.4,0.1,0.1,638.9,766.68,193.60606060606062,19.005000000000003
0.883,1.16,0.102,4.554,3.811,1.983,0.4,0.4,0.1,0.1,807.5,969.0,244.69696969696972,16.755
1.451,0.981,0.466,1.199,1.467,1.117,0.4,0.4,0.1,0.1,1073.6,1288.32,325.3333333333333,8.235
0.907,0.121,0.175,1.874,2.033,2.913,0.4,0.4,0.1,0.1,715.6,858.72,216.84848484848487,16.395
0.794,1.436,0.932,2.46,4.534,3.862,0.4,0.4,0.1,0.1,790.6,948.72,239.5757575757576,18.09
0.804,0.291,1.251,3.686,0.732,0.828,0.4,0.4,0.1,0.1,681.1,817.32,206.3939393939394,17.939999999999998
0.491,1.096,1.122,4.592,0.212,3.17,0.4,0.4,0.1,0.1,605.1,726.12,183.36363636363637,22.634999999999998
1.308,0.492,1.428,2.402,2.225,1.756,0.4,0.4,0.1,0.1,953.2,1143.84,288.8484848484849,10.379999999999999
1.467,0.939,1.186,2.747,3.73,3.868,0.4,0.4,0.1,0.1,1077.4,1292.88,326.48484848484856,7.994999999999997
1.437,0.233,1.35,3.384,3.389,4.065,0.4,0.4,0.1,0.1,991.8,1190.1599999999999,300.54545454545456,8.445
0.171,0.806,0.224,1.375,3.917,1.932,0.4,0.4,0.1,0.1,416.1,499.32,126.09090909090911,27.435
0.37,1.391,1.063,0.597,3.215,0.65,0.4,0.4,0.1,0.1,574.1,688.92,173.969696969697,24.45
1.055,1.116,0.929,0.861,1.79,0.557,0.4,0.4,0.1,0.1,889.1,1066.92,269.42424242424244,14.175
1.465,0.368,1.231,3.37,0.191,4.552,0.4,0.4,0.1,0.1,1019.3,1223.1599999999999,308.8787878787879,8.024999999999999
0.109,1.203,1.025,4.408,3.233,0.433,0.4,0.4,0.1,0.1,424.8,509.76,128.72727272727275,28.365
1.363,1.3,1.329,0.539,4.592,4.969,0.4,0.4,0.1,0.1,1061.5,1273.8,321.6666666666667,9.555
0.233,0.598,1.211,0.613,4.798,4.392,0.4,0.4,0.1,0.1,426.3,511.56,129.1818181818182,26.505
1.207,0.895,0.913,0.341,3.387,3.175,0.4,0.4,0.1,0.1,943.0,1131.6,285.75757575757575,11.895
0.981,0.719,0.577,0.952,1.284,0.972,0.4,0.4,0.1,0.1,812.4,974.8799999999999,246.1818181818182,15.285
1.371,1.165,0.447,2.015,1.116,4.547,0.4,0.4,0.1,0.1,1052.0,1262.3999999999999,318.7878787878788,9.434999999999999
0.219,1.242,0.861,3.724,1.252,1.762,0.4,0.4,0.1,0.1,483.7,580.4399999999999,146.5757575757576,26.715
1.426,0.542,0.336,4.154,2.867,0.453,0.4,0.4,0.1,0.1,1017.2,1220.64,308.24242424242425,8.61
1.439,0.387,1.17,4.979,3.578,0.627,0.4,0.4,0.1,0.1,1008.2,1209.84,305.51515151515156,8.415
0.82,1.231,0.534,3.868,0.322,4.418,0.4,0.4,0.1,0.1,783.1,939.72,237.3030303030303,17.700000000000003
0.576,0.333,0.979,1.587,3.721,0.637,0.4,0.4,0.1,0.1,571.3,685.56,173.12121212121212,21.36
0.251,1.497,0.556,0.233,4.39,2.554,0.4,0.4,0.1,0.1,525.2,630.24,159.15151515151518,26.235
0.505,0.49,0.408,2.698,1.712,1.366,0.4,0.4,0.1,0.1,551.5,661.8,167.12121212121212,22.425
1.061,0.815,1.037,0.821,2.036,3.007,0.4,0.4,0.1,0.1,862.0,1034.3999999999999,261.21212121212125,14.085
0.799,1.0,1.188,3.284,0.011,3.034,0.4,0.4,0.1,0.1,749.5,899.4,227.12121212121212,18.015
0.26,0.748,0.732,0.722,3.086,1.835,0.4,0.4,0.1,0.1,454.8,545.76,137.81818181818184,26.1
0.828,0.669,0.889,4.519,4.149,3.713,0.4,0.4,0.1,0.1,730.9,877.0799999999999,221.4848484848485,17.58
0.999,0.105,0.113,4.677,1.783,2.266,0.4,0.4,0.1,0.1,760.0,912.0,230.3030303030303,15.015
0.5,0.371,0.694,4.212,3.039,2.033,0.4,0.4,0.1,0.1,537.1,644.52,162.75757575757578,22.5
1.224,0.973,0.155,4.491,3.73,3.796,0.4,0.4,0.1,0.1,959.3,1151.1599999999999,290.6969696969697,11.64
0.654,0.802,1.426,3.651,0.6,3.994,0.4,0.4,0.1,0.1,657.2,788.64,199.15151515151518,20.189999999999998
1.443,0.336,0.119,1.519,0.871,0.354,0.4,0.4,0.1,0.1,1005.1,1206.12,304.5757575757576,8.355
0.793,0.12,0.167,2.209,2.343,1.422,0.4,0.4,0.1,0.1,658.5,790.1999999999999,199.54545454545456,18.104999999999997
0.615,1.112,1.166,1.17,4.483,4.6,0.4,0.4,0.1,0.1,668.7,802.44,202.63636363636365,20.775
0.923,1.312,1.157,2.973,0.207,3.694,0.4,0.4,0.1,0.1,842.7,1011.24,255.3636363636364,16.155
1.406,0.898,0.727,0.164,0.974,0.122,0.4,0.4,0.1,0.1,1042.8,1251.36,316.0,8.91
1.315,0.781,0.44,0.197,1.181,4.331,0.4,0.4,0.1,0.1,985.6,1182.72,298.6666666666667,10.275000000000002
0.304,0.149,0.68,3.144,0.254,0.94,0.4,0.4,0.1,0.1,416.9,500.28,126.33333333333333,25.44
0.485,1.163,1.24,0.347,1.62,2.933,0.4,0.4,0.1,0.1,608.8,730.56,184.48484848484847,22.725
0.555,1.311,1.329,0.142,3.61,4.498,0.4,0.4,0.1,0.1,658.6,790.32,199.5757575757576,21.674999999999997
0.967,0.552,0.395,4.09,3.722,1.871,0.4,0.4,0.1,0.1,788.7,946.44,239.00000000000003,15.495000000000001
1.288,0.207,1.241,0.878,3.529,2.304,0.4,0.4,0.1,0.1,914.7,1097.64,277.1818181818182,10.68
0.346,1.092,1.2,2.092,1.197,4.951,0.4,0.4,0.1,0.1,532.2,638.64,161.2727272727273,24.810000000000002
0.651,0.712,0.47,0.806,4.542,0.97,0.4,0.4,0.1,0.1,646.7,776.0400000000001,195.969696969697,20.235
1.397,0.992,0.999,3.089,2.521,0.05,0.4,0.4,0.1,0.1,1047.7,1257.24,317.4848484848485,9.044999999999998
0.787,1.326,1.484,4.927,1.663,1.157,0.4,0.4,0.1,0.1,776.1,931.3199999999999,235.18181818181822,18.195
1.02,0.728,1.142,2.421,2.82,4.129,0.4,0.4,0.1,0.1,832.8,999.3599999999999,252.36363636363637,14.7
0.322,1.402,0.348,0.324,4.948,2.7,0.4,0.4,0.1,0.1,551.2,661.44,167.03030303030306,25.17
0.527,1.025,0.579,4.521,1.616,3.922,0.4,0.4,0.1,0.1,616.0,739.1999999999999,186.66666666666669,22.095
1.265,0.372,0.43,0.948,2.688,4.231,0.4,0.4,0.1,0.1,919.7,1103.64,278.69696969696975,11.025000000000002
0.565,0.279,1.337,0.621,4.133,4.616,0.4,0.4,0.1,0.1,560.4,672.4799999999999,169.8181818181818,21.525
0.957,1.01,1.314,0.085,3.172,4.343,0.4,0.4,0.1,0.1,829.5,995.4,251.36363636363637,15.645000000000001
0.33,0.484,0.925,1.566,0.711,3.753,0.4,0.4,0.1,0.1,463.4,556.0799999999999,140.42424242424244,25.05
0.981,1.097,1.351,3.948,2.813,2.07,0.4,0.4,0.1,0.1,850.2,1020.24,257.6363636363637,15.285
0.15,1.271,1.003,1.023,3.617,1.733,0.4,0.4,0.1,0.1,452.1,542.52,137.00000000000003,27.75
0.234,1.007,0.804,2.746,2.947,1.1,0.4,0.4,0.1,0.1,467.7,561.24,141.72727272727272,26.49
0.125,0.577,0.106,2.193,1.879,0.488,0.4,0.4,0.1,0.1,370.2,444.23999999999995,112.18181818181819,28.125
0.479,0.816,0.115,4.814,1.738,0.302,0.4,0.4,0.1,0.1,571.1,685.32,173.0606060606061,22.815
0.792,0.129,1.49,2.309,0.714,3.9,0.4,0.4,0.1,0.1,658.9,790.68,199.66666666666666,18.119999999999997
1.459,0.742,1.176,2.698,3.029,4.643,0.4,0.4,0.1,0.1,1053.7,1264.44,319.3030303030303,8.114999999999998
0.165,0.206,0.262,2.795,4.853,4.617,0.4,0.4,0.1,0.1,353.1,423.72,107.00000000000001,27.525
0.658,1.323,1.027,2.027,1.461,2.947,0.4,0.4,0.1,0.1,711.3,853.56,215.54545454545453,20.13
0.11,1.142,1.144,2.722,1.043,1.624,0.4,0.4,0.1,0.1,419.2,503.03999999999996,127.03030303030303,28.35
0.802,1.433,0.213,3.173,4.39,1.57,0.4,0.4,0.1,0.1,794.3,953.1599999999999,240.6969696969697,17.97
0.703,0.477,0.155,0.007,4.462,0.068,0.4,0.4,0.1,0.1,649.2,779.0400000000001,196.72727272727275,19.455
1.142,0.496,1.146,1.275,1.441,3.047,0.4,0.4,0.1,0.1,870.6,1044.72,263.8181818181818,12.870000000000001
0.532,1.322,1.277,4.301,2.944,1.462,0.4,0.4,0.1,0.1,648.2,777.84,196.42424242424244,22.02
1.223,1.168,0.544,0.173,4.342,2.901,0.4,0.4,0.1,0.1,978.3,1173.9599999999998,296.45454545454544,11.654999999999998
0.577,1.297,1.029,0.9,2.973,3.69,0.4,0.4,0.1,0.1,668.2,801.84,202.4848484848485,21.345
0.487,0.36,1.157,3.201,0.986,2.6,0.4,0.4,0.1,0.1,529.5,635.4,160.45454545454547,22.695
1.344,0.948,0.191,1.115,0.828,0.797,0.4,0.4,0.1,0.1,1016.8,1220.1599999999999,308.1212121212121,9.84
0.494,0.826,1.149,2.399,4.94,1.525,0.4,0.4,0.1,0.1,579.6,695.52,175.63636363636365,22.59
1.387,0.705,0.814,2.59,0.829,3.005,0.4,0.4,0.1,0.1,1014.0,1216.8,307.2727272727273,9.195
0.812,0.539,0.394,3.26,1.755,0.986,0.4,0.4,0.1,0.1,709.9,851.88,215.12121212121212,17.82
1.057,1.402,0.843,3.866,0.613,0.19,0.4,0.4,0.1,0.1,918.7,1102.44,278.39393939393943,14.145000000000001
0.25,0.602,0.921,3.983,1.213,3.469,0.4,0.4,0.1,0.1,435.2,522.24,131.87878787878788,26.25
1.28,0.43,0.787,3.27,4.076,2.593,0.4,0.4,0.1,0.1,933.0,1119.6,282.72727272727275,10.8
0.362,1.054,0.612,0.518,2.492,2.615,0.4,0.4,0.1,0.1,536.4,643.68,162.54545454545456,24.57
0.833,1.423,0.848,0.211,3.271,0.351,0.4,0.4,0.1,0.1,808.8,970.56,245.0909090909091,17.505000000000003
1.03,1.23,1.032,0.545,0.676,4.346,0.4,0.4,0.1,0.1,888.0,1065.6,269.0909090909091,14.549999999999999
0.253,0.972,0.966,1.317,0.834,0.204,0.4,0.4,0.1,0.1,473.7,568.4399999999999,143.54545454545456,26.205
0.115,0.973,0.873,3.045,1.708,4.221,0.4,0.4,0.1,0.1,404.8,485.76,122.66666666666667,28.275
1.087,0.723,0.555,2.771,2.181,3.273,0.4,0.4,0.1,0.1,865.8,1038.9599999999998,262.3636363636364,13.695
0.314,1.306,1.231,2.083,4.206,2.913,0.4,0.4,0.1,0.1,537.6,645.12,162.90909090909093,25.29
0.691,0.907,1.018,2.788,3.035,0.537,0.4,0.4,0.1,0.1,686.2,823.44,207.93939393939397,19.635
0.325,0.547,0.979,3.17,2.73,1.336,0.4,0.4,0.1,0.1,467.2,560.64,141.5757575757576,25.125
0.162,0.437,1.097,0.532,1.152,4.015,0.4,0.4,0.1,0.1,374.7,449.64,113.54545454545455,27.57
0.615,0.377,0.289,2.265,2.648,3.679,0.4,0.4,0.1,0.1,595.2,714.24,180.36363636363637,20.775
1.282,0.793,1.413,1.542,3.068,0.266,0.4,0.4,0.1,0.1,970.3,1164.36,294.03030303030306,10.77
1.104,1.275,0.288,0.861,3.372,4.625,0.4,0.4,0.1,0.1,929.5,1115.3999999999999,281.6666666666667,13.439999999999998
0.795,1.098,0.22,1.655,4.777,2.96,0.4,0.4,0.1,0.1,757.3,908.7599999999999,229.48484848484847,18.075
0.5,1.394,1.41,4.531,2.492,0.694,0.4,0.4,0.1,0.1,639.4,767.28,193.75757575757575,22.5
1.307,0.715,0.492,2.047,4.511,0.099,0.4,0.4,0.1,0.1,975.0,1170.0,295.4545454545455,10.395
1.0,1.398,1.154,2.255,4.136,3.505,0.4,0.4,0.1,0.1,889.8,1067.76,269.6363636363636,15.0
1.034,0.933,1.202,1.468,3.079,2.507,0.4,0.4,0.1,0.1,860.3,1032.36,260.6969696969697,14.49
0.383,0.8,0.852,2.958,0.975,4.721,0.4,0.4,0.1,0.1,521.5,625.8,158.03030303030303,24.255
0.484,0.997,0.449,1.947,2.404,4.951,0.4,0.4,0.1,0.1,591.7,710.0400000000001,179.30303030303034,22.740000000000002
0.86,0.488,0.866,3.493,3.206,0.017,0.4,0.4,0.1,0.1,728.8,874.56,220.84848484848484,17.1
0.304,0.165,0.927,0.204,0.6,1.411,0.4,0.4,0.1,0.1,418.5,502.2,126.81818181818183,25.44
0.16,0.243,1.138,0.528,1.68,1.095,0.4,0.4,0.1,0.1,354.3,425.16,107.36363636363637,27.6
1.311,0.11,0.995,0.692,2.235,4.202,0.4,0.4,0.1,0.1,916.5,1099.8,277.72727272727275,10.335
1.32,0.582,0.588,3.638,4.349,3.616,0.4,0.4,0.1,0.1,968.2,1161.84,293.39393939393943,10.2
1.323,0.569,0.897,3.793,3.666,4.25,0.4,0.4,0.1,0.1,968.4,1162.08,293.45454545454544,10.155000000000001
0.483,0.527,0.776,3.826,0.253,2.683,0.4,0.4,0.1,0.1,544.2,653.0400000000001,164.90909090909093,22.755
0.388,0.45,1.31,3.489,3.715,1.43,0.4,0.4,0.1,0.1,489.0,586.8,148.1818181818182,24.18
0.608,0.248,0.544,0.275,2.784,2.927,0.4,0.4,0.1,0.1,578.8,694.56,175.39393939393938,20.880000000000003
0.125,1.283,0.582,1.86,3.364,2.458,0.4,0.4,0.1,0.1,440.79999999999995,528.9599999999999,133.57575757575756,28.125
1.388,1.274,0.806,4.409,1.578,0.789,0.4,0.4,0.1,0.1,1071.4,1285.68,324.6666666666667,9.18
0.15,0.148,0.37,1.426,2.68,1.108,0.4,0.4,0.1,0.1,339.8,407.76,102.96969696969698,27.75
0.275,0.287,0.546,0.273,3.273,0.759,0.4,0.4,0.1,0.1,416.2,499.43999999999994,126.12121212121212,25.875
0.295,0.385,0.435,0.536,0.07,3.034,0.4,0.4,0.1,0.1,436.0,523.1999999999999,132.12121212121212,25.575
0.615,0.248,0.231,4.447,3.467,1.661,0.4,0.4,0.1,0.1,582.3,698.7599999999999,176.45454545454544,20.775
1.32,0.927,1.245,2.23,2.227,4.368,0.4,0.4,0.1,0.1,1002.7,1203.24,303.8484848484849,10.2
0.16,0.6,0.837,1.075,2.897,4.637,0.4,0.4,0.1,0.1,390.0,468.0,118.18181818181819,27.6
0.472,0.503,1.191,1.339,1.639,3.673,0.4,0.4,0.1,0.1,536.3,643.56,162.5151515151515,22.92
0.85,1.181,1.133,3.131,3.225,0.309,0.4,0.4,0.1,0.1,793.1,951.72,240.33333333333334,17.25
1.059,1.099,0.681,1.803,2.433,2.527,0.4,0.4,0.1,0.1,889.4,1067.28,269.5151515151515,14.115
1.426,0.271,1.371,1.132,0.064,3.156,0.4,0.4,0.1,0.1,990.1,1188.12,300.03030303030306,8.61
0.209,0.439,0.675,3.167,4.338,2.663,0.4,0.4,0.1,0.1,398.4,478.0799999999999,120.72727272727273,26.865000000000002
1.207,0.178,1.357,0.841,1.841,1.618,0.4,0.4,0.1,0.1,871.3,1045.56,264.030303030303,11.895
0.985,0.711,1.318,4.012,1.643,0.818,0.4,0.4,0.1,0.1,813.6,976.3199999999999,246.54545454545456,15.225
0.784,1.419,0.541,0.897,4.04,1.771,0.4,0.4,0.1,0.1,783.9,940.68,237.54545454545456,18.240000000000002
0.503,0.303,1.434,4.966,4.38,3.677,0.4,0.4,0.1,0.1,531.8,638.16,161.15151515151516,22.455
0.575,1.279,0.536,3.803,0.083,4.827,0.4,0.4,0.1,0.1,665.4,798.4799999999999,201.63636363636365,21.375
0.453,1.358,0.242,1.254,0.209,4.062,0.4,0.4,0.1,0.1,612.3,734.7599999999999,185.54545454545453,23.205
0.377,0.597,0.218,2.633,0.345,4.023,0.4,0.4,0.1,0.1,498.2,597.8399999999999,150.96969696969697,24.345
0.202,0.539,1.019,2.11,2.381,1.218,0.4,0.4,0.1,0.1,404.9,485.87999999999994,122.6969696969697,26.97
1.016,0.447,0.285,1.712,1.187,0.76,0.4,0.4,0.1,0.1,802.7,963.24,243.24242424242428,14.76
1.45,0.488,0.612,4.881,4.558,0.76,0.4,0.4,0.1,0.1,1023.8,1228.56,310.24242424242425,8.25
0.416,1.277,0.775,1.191,1.731,1.32,0.4,0.4,0.1,0.1,585.7,702.84,177.4848484848485,23.76
1.04,1.439,0.941,1.303,0.084,3.727,0.4,0.4,0.1,0.1,913.9,1096.6799999999998,276.93939393939394,14.399999999999999
0.721,1.33,0.16,0.63,2.072,2.18,0.4,0.4,0.1,0.1,743.5,892.1999999999999,225.3030303030303,19.185000000000002
0.935,1.159,1.23,2.093,2.569,0.719,0.4,0.4,0.1,0.1,833.4,1000.0799999999999,252.54545454545456,15.975
1.171,0.235,0.826,4.809,4.773,3.806,0.4,0.4,0.1,0.1,859.0,1030.8,260.3030303030303,12.434999999999999
0.345,1.382,0.339,3.768,1.535,1.786,0.4,0.4,0.1,0.1,560.7,672.84,169.90909090909093,24.825
0.732,1.355,0.861,0.914,0.183,0.98,0.4,0.4,0.1,0.1,751.5,901.8,227.72727272727275,19.02
0.805,0.538,0.582,3.215,4.235,4.892,0.4,0.4,0.1,0.1,706.3,847.56,214.03030303030303,17.924999999999997
0.126,1.169,0.793,4.583,0.708,4.448,0.4,0.4,0.1,0.1,429.9,515.88,130.27272727272728,28.11
0.913,0.305,0.188,3.365,2.59,1.856,0.4,0.4,0.1,0.1,737.0,884.4,223.33333333333334,16.305
1.442,1.442,1.088,0.414,4.919,3.663,0.4,0.4,0.1,0.1,1115.2,1338.24,337.939393939394,8.370000000000001
0.252,0.886,0.858,0.998,2.048,4.703,0.4,0.4,0.1,0.1,464.6,557.52,140.7878787878788,26.22
1.017,0.231,1.289,2.741,3.401,0.632,0.4,0.4,0.1,0.1,781.6,937.92,236.84848484848487,14.745000000000001
1.064,0.972,1.038,0.795,0.958,1.647,0.4,0.4,0.1,0.1,879.2,1055.04,266.42424242424244,14.04
1.263,0.99,0.439,0.628,1.665,0.529,0.4,0.4,0.1,0.1,980.5,1176.6,297.1212121212121,11.055
0.642,0.836,0.193,2.641,2.429,0.815,0.4,0.4,0.1,0.1,654.6,785.52,198.36363636363637,20.369999999999997
0.761,0.702,0.718,2.132,0.793,0.568,0.4,0.4,0.1,0.1,700.7,840.84,212.33333333333337,18.585
0.116,0.557,0.856,3.483,2.163,1.115,0.4,0.4,0.1,0.1,363.7,436.44,110.21212121212122,28.26
0.676,0.653,0.375,2.954,0.271,1.379,0.4,0.4,0.1,0.1,653.3,783.9599999999999,197.96969696969697,19.86
0.144,0.429,0.611,2.516,3.548,2.859,0.4,0.4,0.1,0.1,364.9,437.87999999999994,110.57575757575758,27.84
0.642,1.235,1.111,1.349,1.316,0.883,0.4,0.4,0.1,0.1,694.5,833.4,210.45454545454547,20.369999999999997
1.154,0.401,0.531,3.233,3.578,2.052,0.4,0.4,0.1,0.1,867.1,1040.52,262.75757575757575,12.690000000000001
0.198,0.836,0.794,1.816,1.364,2.61,0.4,0.4,0.1,0.1,432.6,519.12,131.0909090909091,27.03
1.206,1.082,0.837,3.935,3.476,2.563,0.4,0.4,0.1,0.1,961.2,1153.44,291.2727272727273,11.91
0.613,1.196,0.802,3.471,2.884,2.374,0.4,0.4,0.1,0.1,676.1,811.32,204.8787878787879,20.805
0.155,0.472,0.64,0.475,0.148,3.288,0.4,0.4,0.1,0.1,374.7,449.64,113.54545454545455,27.675
0.862,1.187,1.342,2.471,4.637,0.264,0.4,0.4,0.1,0.1,799.7,959.64,242.33333333333337,17.07
0.993,1.404,0.905,1.837,1.311,4.394,0.4,0.4,0.1,0.1,886.9,1064.28,268.75757575757575,15.105
0.7,0.181,1.056,0.225,3.984,4.32,0.4,0.4,0.1,0.1,618.1,741.72,187.3030303030303,19.5
0.814,0.614,1.24,2.27,4.808,4.812,0.4,0.4,0.1,0.1,718.4,862.0799999999999,217.6969696969697,17.79
0.298,0.696,0.98,2.506,0.5,0.77,0.4,0.4,0.1,0.1,468.6,562.32,142.00000000000003,25.53
0.462,0.969,0.829,1.417,3.883,2.866,0.4,0.4,0.1,0.1,577.9,693.4799999999999,175.12121212121212,23.07
0.387,1.047,0.13,3.783,2.019,3.747,0.4,0.4,0.1,0.1,548.2,657.84,166.12121212121215,24.195
0.303,0.118,0.185,3.961,1.852,1.751,0.4,0.4,0.1,0.1,413.3,495.96,125.24242424242425,25.455
0.105,1.268,1.107,1.29,4.75,3.946,0.4,0.4,0.1,0.1,429.3,515.16,130.0909090909091,28.425
1.042,1.099,0.118,2.993,0.409,4.731,0.4,0.4,0.1,0.1,880.9,1057.08,266.93939393939394,14.37
1.001,0.103,0.928,4.504,2.205,0.537,0.4,0.4,0.1,0.1,760.8,912.9599999999999,230.54545454545453,14.985000000000001
0.844,1.209,0.261,3.401,2.315,4.035,0.4,0.4,0.1,0.1,792.9,951.4799999999999,240.27272727272728,17.34
0.225,0.192,0.355,4.448,0.196,2.474,0.4,0.4,0.1,0.1,381.7,458.03999999999996,115.66666666666667,26.625
1.207,1.171,1.435,2.51,4.368,3.792,0.4,0.4,0.1,0.1,970.6,1164.72,294.1212121212121,11.895
1.46,1.355,0.679,0.755,2.268,3.332,0.4,0.4,0.1,0.1,1115.5,1338.6,338.03030303030306,8.100000000000001
1.453,1.166,1.312,3.908,1.537,1.266,0.4,0.4,0.1,0.1,1093.1,1311.7199999999998,331.24242424242425,8.204999999999998
1.257,0.283,0.798,4.668,2.27,1.298,0.4,0.4,0.1,0.1,906.8,1088.1599999999999,274.7878787878788,11.145000000000003
0.452,1.099,0.499,2.291,0.388,3.222,0.4,0.4,0.1,0.1,585.9,703.0799999999999,177.54545454545456,23.22
0.546,0.536,0.955,0.027,1.098,1.409,0.4,0.4,0.1,0.1,576.6,691.92,174.72727272727275,21.81
1.043,1.159,1.407,0.63,2.372,3.525,0.4,0.4,0.1,0.1,887.4,1064.8799999999999,268.90909090909093,14.355
1.117,1.029,0.79,2.727,3.515,4.51,0.4,0.4,0.1,0.1,911.4,1093.6799999999998,276.1818181818182,13.245000000000001
1.193,0.508,1.442,0.268,2.478,0.717,0.4,0.4,0.1,0.1,897.3,1076.76,271.90909090909093,12.105
1.362,0.819,0.883,0.889,0.05,0.055,0.4,0.4,0.1,0.1,1012.9,1215.48,306.93939393939394,9.57
0.406,1.181,1.091,2.497,1.149,4.633,0.4,0.4,0.1,0.1,571.1,685.32,173.0606060606061,23.91
0.158,1.174,0.901,3.958,2.877,2.169,0.4,0.4,0.1,0.1,446.4,535.68,135.27272727272728,27.63
1.073,1.307,1.442,3.01,0.129,4.895,0.4,0.4,0.1,0.1,917.2,1100.64,277.939393939394,13.905000000000001
1.022,0.154,0.561,1.476,3.809,1.291,0.4,0.4,0.1,0.1,776.4,931.68,235.27272727272728,14.67
0.307,0.368,0.249,1.17,2.365,2.096,0.4,0.4,0.1,0.1,440.3,528.36,133.42424242424244,25.395
0.295,0.572,0.638,4.185,4.102,1.593,0.4,0.4,0.1,0.1,454.7,545.64,137.78787878787878,25.575
0.295,0.103,1.029,2.998,4.52,1.752,0.4,0.4,0.1,0.1,407.8,489.36,123.57575757575759,25.575
1.219,1.326,0.38,0.108,0.957,1.082,0.4,0.4,0.1,0.1,992.1,1190.52,300.6363636363637,11.715
1.495,1.362,0.501,1.948,2.537,0.98,0.4,0.4,0.1,0.1,1133.7,1360.44,343.54545454545456,7.574999999999999
0.665,0.963,0.698,1.928,4.701,0.183,0.4,0.4,0.1,0.1,678.8,814.56,205.6969696969697,20.025
0.349,1.147,1.395,2.231,2.665,1.165,0.4,0.4,0.1,0.1,539.2,647.0400000000001,163.3939393939394,24.765
0.555,0.953,0.913,4.131,3.061,3.14,0.4,0.4,0.1,0.1,622.8,747.3599999999999,188.72727272727272,21.674999999999997
0.928,1.443,0.133,3.29,4.952,0.194,0.4,0.4,0.1,0.1,858.3,1029.9599999999998,260.09090909090907,16.08
0.892,1.042,1.036,4.972,0.738,4.517,0.4,0.4,0.1,0.1,800.2,960.24,242.4848484848485,16.619999999999997
1.398,1.459,0.524,4.426,1.129,1.154,0.4,0.4,0.1,0.1,1094.9,1313.88,331.7878787878788,9.030000000000001
1.151,0.912,1.403,3.678,2.68,1.084,0.4,0.4,0.1,0.1,916.7,1100.04,277.7878787878788,12.735
0.509,0.848,0.449,0.397,3.665,2.185,0.4,0.4,0.1,0.1,589.3,707.16,178.57575757575756,22.365000000000002
1.026,1.227,1.218,3.743,1.579,4.397,0.4,0.4,0.1,0.1,885.7,1062.84,268.39393939393943,14.61
1.336,0.626,0.688,4.368,1.063,1.724,0.4,0.4,0.1,0.1,980.6,1176.72,297.1515151515152,9.959999999999997
1.006,1.469,0.337,2.658,3.09,4.565,0.4,0.4,0.1,0.1,899.9,1079.8799999999999,272.6969696969697,14.91
0.101,0.747,0.672,2.585,3.953,0.325,0.4,0.4,0.1,0.1,375.2,450.23999999999995,113.6969696969697,28.485
0.103,0.188,0.512,3.96,1.424,0.201,0.4,0.4,0.1,0.1,320.3,384.36,97.06060606060606,28.455
1.051,0.819,0.844,4.13,3.068,1.176,0.4,0.4,0.1,0.1,857.4,1028.8799999999999,259.8181818181818,14.235000000000001
0.536,0.386,0.936,1.207,3.198,3.241,0.4,0.4,0.1,0.1,556.6,667.92,168.66666666666669,21.96
0.257,0.721,1.039,1.34,2.219,4.744,0.4,0.4,0.1,0.1,450.6,540.72,136.54545454545456,26.145
1.477,0.429,1.393,4.994,4.335,2.792,0.4,0.4,0.1,0.1,1031.4,1237.68,312.5454545454546,7.844999999999999
0.133,0.802,0.49,2.014,4.899,1.501,0.4,0.4,0.1,0.1,396.7,476.03999999999996,120.21212121212122,28.005
0.339,1.421,0.313,0.249,1.324,4.407,0.4,0.4,0.1,0.1,561.6,673.92,170.1818181818182,24.915
0.326,0.108,0.665,1.466,2.709,4.639,0.4,0.4,0.1,0.1,423.8,508.56,128.42424242424244,25.11
0.572,0.221,1.096,2.931,2.12,4.987,0.4,0.4,0.1,0.1,558.1,669.72,169.12121212121212,21.42
0.693,1.489,1.393,0.557,0.26,2.42,0.4,0.4,0.1,0.1,745.4,894.4799999999999,225.87878787878788,19.605
0.669,1.252,0.505,4.53,1.941,3.0,0.4,0.4,0.1,0.1,709.7,851.64,215.0606060606061,19.965
1.459,0.148,0.135,2.711,1.067,0.25,0.4,0.4,0.1,0.1,994.3,1193.1599999999999,301.3030303030303,8.114999999999998
0.197,0.595,0.867,1.639,1.935,3.026,0.4,0.4,0.1,0.1,408.0,489.59999999999997,123.63636363636364,27.045
0.128,0.326,0.735,1.205,4.707,1.848,0.4,0.4,0.1,0.1,346.6,415.92,105.03030303030305,28.08
1.329,0.532,0.629,3.036,2.519,3.468,0.4,0.4,0.1,0.1,967.7,1161.24,293.24242424242425,10.065000000000001
0.709,0.669,0.9,4.12,4.649,0.853,0.4,0.4,0.1,0.1,671.4,805.68,203.45454545454547,19.365000000000002
0.316,0.493,1.024,3.373,1.843,4.115,0.4,0.4,0.1,0.1,457.3,548.76,138.5757575757576,25.259999999999998
0.996,1.29,0.882,4.811,0.2,1.914,0.4,0.4,0.1,0.1,877.0,1052.3999999999999,265.75757575757575,15.06
1.207,0.908,0.813,0.851,2.781,2.855,0.4,0.4,0.1,0.1,944.3,1133.1599999999999,286.1515151515151,11.895
0.643,0.376,1.238,2.531,1.88,1.737,0.4,0.4,0.1,0.1,609.1,730.92,184.5757575757576,20.355
0.329,0.293,0.956,2.863,1.606,3.145,0.4,0.4,0.1,0.1,443.8,532.56,134.4848484848485,25.064999999999998
0.988,0.39,0.167,2.034,0.425,3.095,0.4,0.4,0.1,0.1,783.0,939.5999999999999,237.27272727272728,15.18
0.134,0.439,0.818,4.931,2.526,2.71,0.4,0.4,0.1,0.1,360.9,433.08,109.36363636363636,27.99
0.562,1.415,0.346,1.735,4.075,1.532,0.4,0.4,0.1,0.1,672.5,807.0,203.7878787878788,21.57
0.893,0.271,0.636,0.802,3.293,1.191,0.4,0.4,0.1,0.1,723.6,868.32,219.27272727272728,16.605
0.277,0.785,0.726,2.266,2.382,3.932,0.4,0.4,0.1,0.1,467.0,560.4,141.51515151515153,25.845
0.471,0.455,1.189,1.833,4.786,2.781,0.4,0.4,0.1,0.1,531.0,637.1999999999999,160.9090909090909,22.935000000000002
0.843,0.254,0.999,2.947,3.065,1.999,0.4,0.4,0.1,0.1,696.9,836.28,211.1818181818182,17.355
0.46,0.336,0.836,3.837,0.146,0.655,0.4,0.4,0.1,0.1,513.6,616.32,155.63636363636365,23.1
0.719,0.814,0.414,4.511,2.414,4.631,0.4,0.4,0.1,0.1,690.9,829.0799999999999,209.36363636363637,19.215
0.666,0.721,0.75,0.002,0.494,3.995,0.4,0.4,0.1,0.1,655.1,786.12,198.51515151515153,20.009999999999998
0.916,0.421,0.625,1.044,4.177,4.132,0.4,0.4,0.1,0.1,750.1,900.12,227.3030303030303,16.259999999999998
1.213,0.859,0.906,1.08,2.977,2.855,0.4,0.4,0.1,0.1,942.4,1130.8799999999999,285.57575757575756,11.805
0.296,1.135,0.255,3.262,4.468,2.759,0.4,0.4,0.1,0.1,511.5,613.8,155.0,25.560000000000002
0.373,0.493,0.315,4.785,4.482,1.458,0.4,0.4,0.1,0.1,485.8,582.96,147.21212121212122,24.405
1.002,0.62,0.909,3.313,4.65,2.776,0.4,0.4,0.1,0.1,813.0,975.5999999999999,246.36363636363637,14.97
0.986,0.859,1.374,4.569,3.033,2.823,0.4,0.4,0.1,0.1,828.9,994.68,251.1818181818182,15.21
0.497,0.693,0.644,1.541,3.209,4.724,0.4,0.4,0.1,0.1,567.8,681.3599999999999,172.06060606060606,22.545
1.167,0.181,1.213,2.749,4.406,0.995,0.4,0.4,0.1,0.1,851.6,1021.92,258.06060606060606,12.495000000000001
0.491,0.742,0.781,3.893,1.858,4.742,0.4,0.4,0.1,0.1,569.7,683.64,172.63636363636365,22.634999999999998
1.384,0.502,1.341,4.489,4.813,2.782,0.4,0.4,0.1,0.1,992.2,1190.64,300.6666666666667,9.240000000000002
0.653,0.909,0.297,0.823,2.182,0.846,0.4,0.4,0.1,0.1,667.4,800.88,202.24242424242425,20.205
0.569,1.062,1.329,1.059,4.811,1.733,0.4,0.4,0.1,0.1,640.7,768.84,194.15151515151518,21.465
0.222,0.728,0.665,2.503,3.521,0.693,0.4,0.4,0.1,0.1,433.8,520.56,131.45454545454547,26.67
0.561,0.102,1.421,2.737,3.506,1.199,0.4,0.4,0.1,0.1,540.7,648.84,163.84848484848487,21.585
1.315,0.46,0.187,4.795,4.555,2.402,0.4,0.4,0.1,0.1,953.5,1144.2,288.93939393939394,10.275000000000002
1.194,0.593,0.14,0.606,3.535,0.226,0.4,0.4,0.1,0.1,906.3,1087.56,274.6363636363636,12.09
1.363,1.39,1.075,4.179,4.462,1.637,0.4,0.4,0.1,0.1,1070.5,1284.6,324.39393939393943,9.555
0.741,0.751,1.379,0.311,4.734,0.528,0.4,0.4,0.1,0.1,695.6,834.72,210.7878787878788,18.884999999999998
1.429,0.89,0.613,2.149,2.566,2.945,0.4,0.4,0.1,0.1,1053.5,1264.2,319.24242424242425,8.564999999999998
1.209,0.581,1.397,3.623,1.178,1.596,0.4,0.4,0.1,0.1,912.6,1095.12,276.54545454545456,11.864999999999998
1.305,1.047,0.251,0.549,0.143,3.461,0.4,0.4,0.1,0.1,1007.2,1208.64,305.21212121212125,10.425
0.919,0.983,1.164,2.752,2.528,4.678,0.4,0.4,0.1,0.1,807.8,969.3599999999999,244.78787878787878,16.215
1.112,0.884,1.487,3.463,1.234,4.615,0.4,0.4,0.1,0.1,894.4,1073.28,271.03030303030306,13.32
0.361,0.922,0.95,0.811,4.974,4.377,0.4,0.4,0.1,0.1,522.7,627.24,158.3939393939394,24.585
0.443,0.464,0.91,1.928,0.903,0.206,0.4,0.4,0.1,0.1,517.9,621.4799999999999,156.93939393939394,23.355
0.446,1.147,1.242,4.881,1.322,1.533,0.4,0.4,0.1,0.1,587.7,705.24,178.09090909090912,23.31
1.365,0.656,0.224,1.162,3.282,4.599,0.4,0.4,0.1,0.1,998.1,1197.72,302.4545454545455,9.524999999999999
0.841,0.915,0.477,3.308,1.209,3.171,0.4,0.4,0.1,0.1,762.0,914.4,230.90909090909093,17.384999999999998
1.259,0.543,0.304,3.892,1.243,2.144,0.4,0.4,0.1,0.1,933.8,1120.56,282.969696969697,11.115000000000002
1.018,1.243,0.15,1.717,0.564,1.226,0.4,0.4,0.1,0.1,883.3,1059.9599999999998,267.6666666666667,14.73
1.13,1.168,0.53,2.325,3.497,1.42,0.4,0.4,0.1,0.1,931.8,1118.1599999999999,282.3636363636364,13.05
0.357,1.216,0.745,0.805,2.966,2.332,0.4,0.4,0.1,0.1,550.1,660.12,166.69696969696972,24.645
0.924,0.841,1.467,3.414,3.651,2.284,0.4,0.4,0.1,0.1,796.1,955.3199999999999,241.24242424242425,16.14
0.463,0.544,0.928,4.814,0.29,4.181,0.4,0.4,0.1,0.1,535.9,643.0799999999999,162.3939393939394,23.055
1.0,1.332,1.003,4.38,0.998,2.367,0.4,0.4,0.1,0.1,883.2,1059.84,267.6363636363637,15.0
1.033,1.261,1.439,4.478,1.832,4.915,0.4,0.4,0.1,0.1,892.6,1071.12,270.4848484848485,14.505
0.99,0.809,0.904,3.388,1.456,0.082,0.4,0.4,0.1,0.1,825.9,991.0799999999999,250.27272727272728,15.15
0.338,1.075,0.699,2.608,0.439,3.135,0.4,0.4,0.1,0.1,526.5,631.8,159.54545454545456,24.93
1.059,1.267,0.672,4.829,0.744,2.267,0.4,0.4,0.1,0.1,906.2,1087.44,274.6060606060606,14.115
0.873,0.918,1.332,4.953,1.649,0.842,0.4,0.4,0.1,0.1,778.3,933.9599999999999,235.84848484848484,16.905
1.358,1.053,0.249,0.235,0.739,1.564,0.4,0.4,0.1,0.1,1034.3,1241.1599999999999,313.42424242424244,9.629999999999999
0.312,1.379,1.342,3.157,1.658,4.694,0.4,0.4,0.1,0.1,543.9,652.68,164.8181818181818,25.32
0.267,0.356,0.64,1.129,2.059,4.373,0.4,0.4,0.1,0.1,419.1,502.92,127.00000000000001,25.995
0.491,1.053,0.34,2.508,2.633,1.388,0.4,0.4,0.1,0.1,600.8,720.9599999999999,182.06060606060606,22.634999999999998
0.394,1.312,1.182,0.74,4.467,0.315,0.4,0.4,0.1,0.1,578.2,693.84,175.21212121212125,24.09
1.255,1.034,1.073,3.589,4.285,1.835,0.4,0.4,0.1,0.1,980.9,1177.08,297.24242424242425,11.175
0.166,0.997,1.36,3.415,4.135,0.548,0.4,0.4,0.1,0.1,432.7,519.24,131.12121212121212,27.509999999999998
1.474,0.464,0.835,4.986,3.247,1.587,0.4,0.4,0.1,0.1,1033.4,1240.0800000000002,313.1515151515152,7.890000000000001
1.239,0.312,0.874,3.19,3.025,0.361,0.4,0.4,0.1,0.1,900.7,1080.84,272.939393939394,11.415
0.516,0.285,1.189,3.057,4.198,0.179,0.4,0.4,0.1,0.1,536.5,643.8,162.5757575757576,22.259999999999998
1.317,0.956,0.261,1.192,3.978,3.648,0.4,0.4,0.1,0.1,1004.1,1204.92,304.2727272727273,10.245000000000001
0.63,1.376,0.591,3.818,1.665,2.397,0.4,0.4,0.1,0.1,702.6,843.12,212.90909090909093,20.55
0.81,0.422,0.33,4.676,4.52,4.91,0.4,0.4,0.1,0.1,697.2,836.64,211.2727272727273,17.85
0.43,1.068,0.533,1.018,2.016,0.471,0.4,0.4,0.1,0.1,571.8,686.16,173.27272727272728,23.55
1.301,1.253,0.378,3.13,3.224,2.27,0.4,0.4,0.1,0.1,1025.8,1230.9599999999998,310.8484848484849,10.485
0.305,0.363,0.749,3.723,0.019,2.493,0.4,0.4,0.1,0.1,438.8,526.56,132.96969696969697,25.425
0.594,0.497,0.931,2.298,1.601,3.755,0.4,0.4,0.1,0.1,596.7,716.0400000000001,180.81818181818184,21.09
0.973,0.269,0.853,4.465,0.616,0.197,0.4,0.4,0.1,0.1,763.4,916.0799999999999,231.33333333333334,15.405000000000001
1.364,0.661,0.146,4.229,2.154,3.9,0.4,0.4,0.1,0.1,998.1,1197.72,302.4545454545455,9.54
0.319,0.561,0.345,4.757,4.415,3.615,0.4,0.4,0.1,0.1,465.6,558.72,141.0909090909091,25.215
1.01,1.149,0.398,4.116,0.672,2.794,0.4,0.4,0.1,0.1,869.9,1043.8799999999999,263.6060606060606,14.85
1.19,0.71,0.261,4.064,0.087,4.08,0.4,0.4,0.1,0.1,916.0,1099.2,277.57575757575756,12.150000000000002
1.482,0.815,0.211,4.552,2.106,4.166,0.4,0.4,0.1,0.1,1072.5,1287.0,325.0,7.77
0.754,1.411,0.16,0.35,2.101,2.588,0.4,0.4,0.1,0.1,768.1,921.72,232.75757575757578,18.689999999999998
1.233,1.103,0.555,2.554,2.06,0.368,0.4,0.4,0.1,0.1,976.8,1172.1599999999999,296.0,11.504999999999999
1.46,0.885,1.014,0.864,0.242,3.502,0.4,0.4,0.1,0.1,1068.5,1282.2,323.7878787878788,8.100000000000001
0.497,0.122,0.326,1.212,2.228,2.532,0.4,0.4,0.1,0.1,510.7,612.8399999999999,154.75757575757575,22.545
0.681,1.049,1.121,2.842,3.383,2.718,0.4,0.4,0.1,0.1,695.4,834.4799999999999,210.72727272727272,19.785
0.259,0.836,1.138,2.714,3.927,1.114,0.4,0.4,0.1,0.1,463.1,555.72,140.33333333333334,26.115
0.621,0.443,1.305,3.107,1.507,3.305,0.4,0.4,0.1,0.1,604.8,725.7599999999999,183.27272727272728,20.685000000000002
1.306,0.774,0.876,2.95,1.145,3.333,0.4,0.4,0.1,0.1,980.4,1176.48,297.0909090909091,10.41
0.624,1.268,0.219,2.965,0.867,0.208,0.4,0.4,0.1,0.1,688.8,826.56,208.72727272727272,20.64
1.162,0.467,0.606,2.329,3.751,4.873,0.4,0.4,0.1,0.1,877.7,1053.24,265.969696969697,12.57
0.149,0.103,0.802,0.068,1.044,2.614,0.4,0.4,0.1,0.1,334.8,401.76,101.45454545454547,27.765
1.11,0.559,1.045,0.497,2.402,0.111,0.4,0.4,0.1,0.1,860.9,1033.08,260.8787878787879,13.349999999999998
1.307,1.357,0.916,0.81,0.697,2.337,0.4,0.4,0.1,0.1,1039.2,1247.04,314.90909090909093,10.395
1.321,0.786,1.166,1.488,2.744,3.446,0.4,0.4,0.1,0.1,989.1,1186.92,299.72727272727275,10.185000000000002
0.787,0.481,0.556,4.29,2.409,1.884,0.4,0.4,0.1,0.1,691.6,829.92,209.5757575757576,18.195
1.186,1.354,1.353,2.062,3.239,1.494,0.4,0.4,0.1,0.1,978.4,1174.08,296.4848484848485,12.21
1.169,0.228,0.979,2.583,1.457,2.822,0.4,0.4,0.1,0.1,857.3,1028.76,259.7878787878788,12.465
1.431,0.152,1.231,0.732,4.619,0.552,0.4,0.4,0.1,0.1,980.7,1176.84,297.1818181818182,8.535
0.579,0.662,0.677,4.237,1.298,2.645,0.4,0.4,0.1,0.1,605.7,726.84,183.54545454545456,21.315
0.246,1.202,0.677,0.853,2.735,0.405,0.4,0.4,0.1,0.1,493.2,591.8399999999999,149.45454545454547,26.31
1.02,0.556,0.695,0.709,2.312,0.053,0.4,0.4,0.1,0.1,815.6,978.72,247.15151515151518,14.7
0.944,0.891,0.317,0.234,1.295,1.894,0.4,0.4,0.1,0.1,811.1,973.3199999999999,245.7878787878788,15.84
0.903,1.246,1.373,2.166,3.524,0.919,0.4,0.4,0.1,0.1,826.1,991.3199999999999,250.33333333333334,16.455
1.083,0.567,1.108,2.167,1.111,2.108,0.4,0.4,0.1,0.1,848.2,1017.84,257.03030303030306,13.754999999999999
0.932,0.8,0.779,1.938,2.49,4.291,0.4,0.4,0.1,0.1,796.0,955.1999999999999,241.21212121212122,16.02
0.877,0.857,0.239,3.407,1.54,4.66,0.4,0.4,0.1,0.1,774.2,929.04,234.60606060606062,16.845
1.37,0.835,0.957,3.834,3.482,3.979,0.4,0.4,0.1,0.1,1018.5,1222.2,308.6363636363636,9.45
0.1,0.405,0.983,1.3,3.353,2.906,0.4,0.4,0.1,0.1,340.5,408.59999999999997,103.18181818181819,28.5
1.299,0.544,1.263,0.029,1.853,3.891,0.4,0.4,0.1,0.1,953.9,1144.6799999999998,289.06060606060606,10.515
0.764,0.191,0.392,4.456,1.299,0.835,0.4,0.4,0.1,0.1,651.1,781.32,197.3030303030303,18.54
0.226,0.129,1.371,3.478,1.739,4.946,0.4,0.4,0.1,0.1,375.9,451.08,113.9090909090909,26.61
0.497,0.896,1.424,1.544,2.542,4.895,0.4,0.4,0.1,0.1,588.1,705.72,178.21212121212122,22.545
0.41,1.363,0.296,0.054,0.997,1.651,0.4,0.4,0.1,0.1,591.3,709.56,179.1818181818182,23.85
1.004,0.89,1.307,2.095,0.794,0.983,0.4,0.4,0.1,0.1,841.0,1009.1999999999999,254.84848484848487,14.94
0.344,0.885,1.312,0.729,4.118,1.707,0.4,0.4,0.1,0.1,510.5,612.6,154.69696969696972,24.84
0.855,1.471,0.332,0.911,1.453,1.627,0.4,0.4,0.1,0.1,824.6,989.52,249.8787878787879,17.175
0.79,0.256,0.11,2.663,3.367,1.277,0.4,0.4,0.1,0.1,670.6,804.72,203.21212121212122,18.15
0.316,1.033,0.683,2.003,0.403,1.327,0.4,0.4,0.1,0.1,511.3,613.56,154.93939393939394,25.259999999999998
0.391,0.106,0.593,2.417,1.389,1.328,0.4,0.4,0.1,0.1,456.1,547.32,138.21212121212122,24.134999999999998
0.867,1.454,0.763,4.534,2.568,0.662,0.4,0.4,0.1,0.1,828.9,994.68,251.1818181818182,16.995
0.974,0.626,0.359,0.98,3.997,4.105,0.4,0.4,0.1,0.1,799.6,959.52,242.3030303030303,15.39
0.836,0.579,0.426,2.633,2.513,1.204,0.4,0.4,0.1,0.1,725.9,871.0799999999999,219.96969696969697,17.46
0.263,0.277,1.046,1.327,2.115,4.594,0.4,0.4,0.1,0.1,409.2,491.03999999999996,124.0,26.055
0.894,0.804,0.32,2.03,1.633,1.897,0.4,0.4,0.1,0.1,777.4,932.8799999999999,235.5757575757576,16.59
0.504,1.204,1.106,0.049,1.078,1.569,0.4,0.4,0.1,0.1,622.4,746.88,188.60606060606062,22.439999999999998
1.286,0.145,0.831,1.838,0.337,3.12,0.4,0.4,0.1,0.1,907.5,1089.0,275.0,10.71
1.289,1.03,1.113,0.375,0.378,0.508,0.4,0.4,0.1,0.1,997.5,1197.0,302.2727272727273,10.665000000000003
0.608,1.352,1.385,3.724,1.109,4.249,0.4,0.4,0.1,0.1,689.2,827.0400000000001,208.84848484848487,20.880000000000003
1.375,0.343,0.202,3.472,0.955,1.85,0.4,0.4,0.1,0.1,971.8,1166.1599999999999,294.4848484848485,9.375
0.694,1.246,1.189,1.4,0.846,4.453,0.4,0.4,0.1,0.1,721.6,865.92,218.66666666666669,19.59
0.975,0.716,0.438,1.201,3.73,3.1,0.4,0.4,0.1,0.1,809.1,970.92,245.18181818181822,15.375
1.271,0.95,1.083,4.283,3.057,0.24,0.4,0.4,0.1,0.1,980.5,1176.6,297.1212121212121,10.935000000000002
0.142,0.18,0.615,3.85,4.893,2.206,0.4,0.4,0.1,0.1,339.0,406.8,102.72727272727273,27.87
1.102,1.267,1.387,4.248,1.427,4.376,0.4,0.4,0.1,0.1,927.7,1113.24,281.1212121212121,13.469999999999999
0.377,0.95,0.63,3.107,4.57,2.936,0.4,0.4,0.1,0.1,533.5,640.1999999999999,161.66666666666669,24.345
0.284,0.361,0.566,1.567,4.642,4.284,0.4,0.4,0.1,0.1,428.1,513.72,129.72727272727275,25.740000000000002
1.094,0.429,0.374,4.724,2.005,0.517,0.4,0.4,0.1,0.1,839.9,1007.8799999999999,254.51515151515153,13.59
0.651,1.205,0.659,2.852,2.393,3.58,0.4,0.4,0.1,0.1,696.0,835.1999999999999,210.9090909090909,20.235
0.571,0.854,1.435,3.242,4.072,3.887,0.4,0.4,0.1,0.1,620.9,745.0799999999999,188.15151515151516,21.435000000000002
0.693,0.583,0.473,3.043,4.778,0.831,0.4,0.4,0.1,0.1,654.8,785.7599999999999,198.4242424242424,19.605
0.897,1.07,0.457,4.288,2.584,0.708,0.4,0.4,0.1,0.1,805.5,966.5999999999999,244.0909090909091,16.545
1.293,0.788,0.908,2.914,2.73,4.69,0.4,0.4,0.1,0.1,975.3,1170.36,295.54545454545456,10.605
0.63,0.625,0.924,1.268,1.498,2.309,0.4,0.4,0.1,0.1,627.5,753.0,190.15151515151516,20.55
0.798,0.89,0.602,1.158,4.775,2.434,0.4,0.4,0.1,0.1,738.0,885.6,223.63636363636365,18.03
0.443,0.622,0.414,3.495,2.607,4.359,0.4,0.4,0.1,0.1,533.7,640.44,161.72727272727275,23.355
0.264,1.355,0.649,0.417,0.665,0.316,0.4,0.4,0.1,0.1,517.5,621.0,156.8181818181818,26.04
0.178,0.549,0.188,1.299,0.906,2.997,0.4,0.4,0.1,0.1,393.9,472.67999999999995,119.36363636363636,27.33
0.231,1.375,0.379,2.029,1.233,2.774,0.4,0.4,0.1,0.1,503.0,603.6,152.42424242424244,26.535
0.48,0.865,0.801,3.785,2.657,1.597,0.4,0.4,0.1,0.1,576.5,691.8,174.69696969696972,22.8
0.497,0.671,1.048,4.502,4.785,0.832,0.4,0.4,0.1,0.1,565.6,678.72,171.3939393939394,22.545
0.769,1.109,0.567,1.464,1.158,1.863,0.4,0.4,0.1,0.1,745.4,894.4799999999999,225.87878787878788,18.465
0.38,1.192,1.439,0.293,1.837,1.469,0.4,0.4,0.1,0.1,559.2,671.0400000000001,169.45454545454547,24.3
0.72,1.487,1.123,2.512,2.041,1.97,0.4,0.4,0.1,0.1,758.7,910.44,229.90909090909093,19.200000000000003
0.981,0.234,0.646,1.581,4.049,4.366,0.4,0.4,0.1,0.1,763.9,916.68,231.4848484848485,15.285
0.702,0.853,1.006,4.78,2.439,1.036,0.4,0.4,0.1,0.1,686.3,823.56,207.96969696969697,19.47
0.27,0.695,1.194,2.593,3.573,3.15,0.4,0.4,0.1,0.1,454.5,545.4,137.72727272727275,25.95
0.944,0.238,0.639,1.727,0.339,2.843,0.4,0.4,0.1,0.1,745.8,894.9599999999999,226.0,15.84
0.717,0.279,0.69,3.91,2.395,0.51,0.4,0.4,0.1,0.1,636.4,763.68,192.84848484848484,19.245
0.365,1.139,0.363,0.255,3.617,4.969,0.4,0.4,0.1,0.1,546.4,655.68,165.57575757575756,24.525
1.175,0.601,0.704,1.235,1.604,3.487,0.4,0.4,0.1,0.1,897.6,1077.12,272.0,12.375
0.723,0.756,1.389,2.418,1.753,1.97,0.4,0.4,0.1,0.1,687.1,824.52,208.21212121212122,19.155
0.667,0.264,0.998,1.676,1.576,2.339,0.4,0.4,0.1,0.1,609.9,731.88,184.8181818181818,19.994999999999997
0.518,1.497,1.07,0.44,0.92,4.87,0.4,0.4,0.1,0.1,658.7,790.44,199.60606060606062,22.23
0.657,1.182,0.91,0.765,1.078,0.303,0.4,0.4,0.1,0.1,696.7,836.0400000000001,211.12121212121215,20.145
1.001,0.282,0.518,4.469,3.028,4.774,0.4,0.4,0.1,0.1,778.7,934.44,235.969696969697,14.985000000000001
0.533,0.27,0.38,0.205,0.034,1.096,0.4,0.4,0.1,0.1,543.5,652.1999999999999,164.69696969696972,22.005
1.072,1.344,0.517,4.868,4.728,0.302,0.4,0.4,0.1,0.1,920.4,1104.48,278.90909090909093,13.919999999999998
0.191,0.887,0.596,1.322,2.897,2.272,0.4,0.4,0.1,0.1,434.2,521.04,131.5757575757576,27.134999999999998
1.238,0.803,0.375,4.087,1.08,4.134,0.4,0.4,0.1,0.1,949.3,1139.1599999999999,287.6666666666667,11.43
0.949,1.223,1.016,0.051,1.574,2.465,0.4,0.4,0.1,0.1,846.8,1016.1599999999999,256.6060606060606,15.765
1.098,0.223,0.392,2.795,3.066,1.002,0.4,0.4,0.1,0.1,821.3,985.56,248.87878787878788,13.529999999999998
1.427,0.36,0.666,1.605,0.066,1.285,0.4,0.4,0.1,0.1,999.5,1199.3999999999999,302.8787878787879,8.594999999999999
1.029,0.376,1.078,4.665,0.754,4.359,0.4,0.4,0.1,0.1,802.1,962.52,243.0606060606061,14.565000000000001
1.175,0.529,0.485,2.477,2.407,1.201,0.4,0.4,0.1,0.1,890.4,1068.48,269.8181818181818,12.375
0.358,1.287,0.321,4.866,1.698,2.467,0.4,0.4,0.1,0.1,557.7,669.24,169.00000000000003,24.63
0.83,1.494,0.796,3.507,4.761,1.925,0.4,0.4,0.1,0.1,814.4,977.28,246.78787878787878,17.55
0.576,0.213,0.943,3.111,0.466,2.061,0.4,0.4,0.1,0.1,559.3,671.16,169.48484848484847,21.36
0.537,0.471,0.976,4.224,3.636,0.775,0.4,0.4,0.1,0.1,565.6,678.72,171.3939393939394,21.945
0.203,1.153,1.367,0.452,2.375,3.955,0.4,0.4,0.1,0.1,466.8,560.16,141.45454545454547,26.955
0.373,0.115,0.653,2.188,1.387,1.026,0.4,0.4,0.1,0.1,448.0,537.6,135.75757575757575,24.405
0.403,0.249,1.026,4.998,2.335,4.942,0.4,0.4,0.1,0.1,476.4,571.68,144.36363636363637,23.955
1.317,0.149,1.319,2.446,3.826,3.158,0.4,0.4,0.1,0.1,923.4,1108.08,279.8181818181818,10.245000000000001
1.287,0.14,0.999,0.414,3.732,0.883,0.4,0.4,0.1,0.1,907.5,1089.0,275.0,10.695
1.19,0.284,0.324,3.628,2.513,3.748,0.4,0.4,0.1,0.1,873.4,1048.08,264.6666666666667,12.150000000000002
0.308,0.806,1.07,3.022,3.623,2.227,0.4,0.4,0.1,0.1,484.6,581.52,146.84848484848487,25.38
0.157,0.73,0.459,1.79,2.073,0.825,0.4,0.4,0.1,0.1,401.5,481.79999999999995,121.66666666666667,27.645
0.797,0.229,0.698,4.639,1.385,2.234,0.4,0.4,0.1,0.1,671.4,805.68,203.45454545454547,18.045
0.182,1.167,0.846,3.927,4.957,4.484,0.4,0.4,0.1,0.1,457.7,549.24,138.6969696969697,27.27
0.871,0.599,0.479,1.472,4.373,0.081,0.4,0.4,0.1,0.1,745.4,894.4799999999999,225.87878787878788,16.935000000000002
0.159,0.563,1.076,4.544,3.183,4.625,0.4,0.4,0.1,0.1,385.8,462.96,116.90909090909092,27.615
0.807,0.724,1.284,2.784,0.658,2.645,0.4,0.4,0.1,0.1,725.9,871.0799999999999,219.96969696969697,17.895
1.101,0.407,0.968,4.323,4.938,1.612,0.4,0.4,0.1,0.1,841.2,1009.44,254.90909090909093,13.485
0.504,0.485,0.391,1.884,2.64,0.578,0.4,0.4,0.1,0.1,550.5,660.6,166.8181818181818,22.439999999999998
1.179,1.286,0.82,3.224,1.603,3.718,0.4,0.4,0.1,0.1,968.1,1161.72,293.3636363636364,12.314999999999998
1.001,0.432,0.369,3.052,3.986,1.94,0.4,0.4,0.1,0.1,793.7,952.44,240.51515151515153,14.985000000000001
1.341,0.535,0.682,0.865,4.802,4.677,0.4,0.4,0.1,0.1,974.0,1168.8,295.1515151515152,9.885000000000002
1.302,1.196,1.016,4.172,0.504,4.436,0.4,0.4,0.1,0.1,1020.6,1224.72,309.2727272727273,10.469999999999999
1.139,0.473,0.35,2.959,0.199,0.094,0.4,0.4,0.1,0.1,866.8,1040.1599999999999,262.6666666666667,12.915
1.327,1.045,0.128,0.571,0.625,3.906,0.4,0.4,0.1,0.1,1018.0,1221.6,308.4848484848485,10.094999999999999
0.706,0.775,1.269,3.727,4.656,4.755,0.4,0.4,0.1,0.1,680.5,816.6,206.21212121212122,19.41
0.992,1.384,1.248,2.185,0.478,4.256,0.4,0.4,0.1,0.1,884.4,1061.28,268.0,15.120000000000001
0.419,1.113,0.794,1.038,2.759,2.494,0.4,0.4,0.1,0.1,570.8,684.9599999999999,172.96969696969697,23.715
0.406,0.528,1.026,1.381,0.767,2.789,0.4,0.4,0.1,0.1,505.8,606.96,153.27272727272728,23.91
1.205,0.8,0.62,4.516,4.34,1.36,0.4,0.4,0.1,0.1,932.5,1119.0,282.57575757575756,11.924999999999997
0.888,0.189,0.13,2.504,2.503,4.662,0.4,0.4,0.1,0.1,712.9,855.4799999999999,216.03030303030303,16.68
1.27,0.264,0.928,0.585,3.148,4.53,0.4,0.4,0.1,0.1,911.4,1093.6799999999998,276.1818181818182,10.95
1.209,0.207,0.601,4.518,1.001,2.777,0.4,0.4,0.1,0.1,875.2,1050.24,265.21212121212125,11.864999999999998
1.123,1.113,0.471,4.87,0.983,0.329,0.4,0.4,0.1,0.1,922.8,1107.36,279.6363636363636,13.155000000000001
0.542,0.249,1.454,4.734,4.943,3.988,0.4,0.4,0.1,0.1,545.9,655.0799999999999,165.42424242424244,21.869999999999997
1.186,0.864,0.699,2.648,0.863,1.64,0.4,0.4,0.1,0.1,929.4,1115.28,281.6363636363636,12.21
1.072,1.259,0.431,4.587,3.424,1.45,0.4,0.4,0.1,0.1,911.9,1094.28,276.3333333333333,13.919999999999998
0.938,1.311,0.549,0.537,4.698,2.558,0.4,0.4,0.1,0.1,850.1,1020.12,257.6060606060606,15.930000000000001
0.213,0.959,0.643,3.902,2.464,0.629,0.4,0.4,0.1,0.1,452.4,542.88,137.0909090909091,26.805
0.94,0.415,1.121,4.86,2.155,3.273,0.4,0.4,0.1,0.1,761.5,913.8,230.75757575757578,15.9
1.257,0.778,0.351,3.803,4.668,0.205,0.4,0.4,0.1,0.1,956.3,1147.56,289.7878787878788,11.145000000000003
1.242,1.301,0.554,3.461,4.066,3.96,0.4,0.4,0.1,0.1,1001.1,1201.32,303.3636363636364,11.370000000000001
1.271,0.23,0.598,0.576,1.012,2.889,0.4,0.4,0.1,0.1,908.5,1090.2,275.3030303030303,10.935000000000002
0.186,0.618,1.476,3.399,4.942,3.229,0.4,0.4,0.1,0.1,404.8,485.76,122.66666666666667,27.21
0.338,0.528,1.156,2.191,3.854,0.756,0.4,0.4,0.1,0.1,471.8,566.16,142.96969696969697,24.93
0.918,1.08,0.654,3.297,4.52,3.153,0.4,0.4,0.1,0.1,817.0,980.4,247.5757575757576,16.229999999999997
0.455,0.525,1.118,0.825,2.085,2.614,0.4,0.4,0.1,0.1,530.0,636.0,160.60606060606062,23.175
0.638,0.272,1.362,4.832,1.876,2.32,0.4,0.4,0.1,0.1,596.2,715.44,180.66666666666669,20.43
0.191,0.971,0.214,1.652,2.012,0.824,0.4,0.4,0.1,0.1,442.6,531.12,134.12121212121212,27.134999999999998
0.407,0.767,0.555,1.189,4.401,2.787,0.4,0.4,0.1,0.1,530.2,636.24,160.66666666666669,23.895
0.157,1.281,1.083,4.083,3.395,4.042,0.4,0.4,0.1,0.1,456.6,547.92,138.36363636363637,27.645
0.313,0.478,0.323,3.88,4.735,0.156,0.4,0.4,0.1,0.1,454.3,545.16,137.66666666666669,25.305
1.484,0.303,0.867,2.889,0.855,4.869,0.4,0.4,0.1,0.1,1022.3,1226.76,309.7878787878788,7.740000000000002
0.874,0.374,0.132,0.489,0.124,4.88,0.4,0.4,0.1,0.1,724.4,869.28,219.51515151515153,16.89
0.756,0.161,0.954,0.612,4.855,4.156,0.4,0.4,0.1,0.1,644.1,772.92,195.1818181818182,18.66
0.808,0.417,0.252,2.041,0.476,2.622,0.4,0.4,0.1,0.1,695.7,834.84,210.81818181818184,17.88
0.209,0.755,0.769,4.735,4.141,1.322,0.4,0.4,0.1,0.1,430.0,516.0,130.3030303030303,26.865000000000002
0.514,0.663,0.312,1.012,4.911,1.592,0.4,0.4,0.1,0.1,573.3,687.9599999999999,173.72727272727272,22.29
1.445,1.322,1.132,4.75,4.996,2.569,0.4,0.4,0.1,0.1,1104.7,1325.64,334.7575757575758,8.325
0.781,1.276,0.713,4.965,2.798,2.189,0.4,0.4,0.1,0.1,768.1,921.72,232.75757575757578,18.285
0.187,1.391,0.161,4.763,1.528,4.104,0.4,0.4,0.1,0.1,482.6,579.12,146.24242424242425,27.195
0.79,0.817,1.087,0.776,0.323,3.24,0.4,0.4,0.1,0.1,726.7,872.0400000000001,220.21212121212125,18.15
0.446,1.414,0.847,2.272,0.665,4.961,0.4,0.4,0.1,0.1,614.4,737.28,186.1818181818182,23.31
0.236,0.564,0.789,3.438,4.122,4.651,0.4,0.4,0.1,0.1,424.4,509.28,128.6060606060606,26.46
1.15,0.38,0.896,0.926,4.968,0.934,0.4,0.4,0.1,0.1,863.0,1035.6,261.5151515151515,12.75
0.265,0.171,0.822,4.186,3.85,3.098,0.4,0.4,0.1,0.1,399.6,479.52,121.09090909090911,26.025
0.969,0.365,0.654,0.174,3.273,3.4,0.4,0.4,0.1,0.1,771.0,925.1999999999999,233.63636363636365,15.465
0.618,1.111,0.388,0.86,0.875,2.564,0.4,0.4,0.1,0.1,670.1,804.12,203.0606060606061,20.73
0.258,0.5,0.699,3.201,4.403,4.248,0.4,0.4,0.1,0.1,429.0,514.8,130.0,26.13
0.325,1.178,0.654,2.498,3.583,0.419,0.4,0.4,0.1,0.1,530.3,636.3599999999999,160.6969696969697,25.125
1.252,1.026,1.477,4.925,2.999,0.346,0.4,0.4,0.1,0.1,978.6,1174.32,296.54545454545456,11.219999999999999
1.257,0.596,0.292,2.762,3.841,0.19,0.4,0.4,0.1,0.1,938.1,1125.72,284.2727272727273,11.145000000000003
0.883,0.921,0.303,2.903,2.269,1.659,0.4,0.4,0.1,0.1,783.6,940.3199999999999,237.45454545454547,16.755
0.105,0.138,1.264,2.254,1.924,2.587,0.4,0.4,0.1,0.1,316.3,379.56,95.84848484848486,28.425
0.375,0.602,0.718,1.042,4.283,0.283,0.4,0.4,0.1,0.1,497.7,597.24,150.8181818181818,24.375
0.767,0.645,0.38,1.81,2.272,3.327,0.4,0.4,0.1,0.1,698.0,837.6,211.51515151515153,18.494999999999997
0.392,0.501,0.608,1.504,4.029,2.955,0.4,0.4,0.1,0.1,496.1,595.32,150.33333333333334,24.12
0.569,0.278,0.528,3.99,1.508,2.801,0.4,0.4,0.1,0.1,562.3,674.7599999999999,170.39393939393938,21.465
0.186,0.218,0.303,3.732,4.607,2.176,0.4,0.4,0.1,0.1,364.8,437.76,110.54545454545456,27.21
0.25,1.324,0.865,4.012,2.902,4.882,0.4,0.4,0.1,0.1,507.4,608.88,153.75757575757575,26.25
1.007,0.639,0.466,4.747,2.985,1.027,0.4,0.4,0.1,0.1,817.4,980.8799999999999,247.69696969696972,14.895000000000001
1.342,0.804,0.839,2.771,1.906,4.873,0.4,0.4,0.1,0.1,1001.4,1201.6799999999998,303.45454545454544,9.869999999999997
0.614,0.517,0.401,4.621,2.273,4.666,0.4,0.4,0.1,0.1,608.7,730.44,184.45454545454547,20.79
0.101,0.461,0.38,3.578,2.002,2.273,0.4,0.4,0.1,0.1,346.6,415.92,105.03030303030305,28.485
1.38,1.45,0.343,2.197,0.788,2.205,0.4,0.4,0.1,0.1,1085.0,1302.0,328.7878787878788,9.3
0.469,1.436,0.149,2.099,1.412,4.909,0.4,0.4,0.1,0.1,628.1,753.72,190.33333333333334,22.965
0.695,0.532,0.992,3.091,1.587,0.732,0.4,0.4,0.1,0.1,650.7,780.84,197.18181818181822,19.575000000000003
1.143,0.672,0.264,2.247,1.106,1.66,0.4,0.4,0.1,0.1,888.7,1066.44,269.3030303030303,12.855
0.269,0.266,0.692,2.305,0.896,3.1,0.4,0.4,0.1,0.1,411.1,493.32,124.57575757575759,25.965
0.286,0.481,1.451,0.123,1.205,0.839,0.4,0.4,0.1,0.1,441.1,529.32,133.66666666666669,25.71
0.814,1.105,0.486,3.266,2.92,3.78,0.4,0.4,0.1,0.1,767.5,921.0,232.5757575757576,17.79
0.86,0.303,1.429,4.186,4.379,2.937,0.4,0.4,0.1,0.1,710.3,852.3599999999999,215.24242424242425,17.1
0.273,0.788,0.312,3.99,2.662,2.054,0.4,0.4,0.1,0.1,465.3,558.36,141.0,25.905
0.384,0.154,0.661,3.45,4.601,3.835,0.4,0.4,0.1,0.1,457.4,548.88,138.6060606060606,24.240000000000002
0.14,0.825,0.436,1.935,4.926,1.714,0.4,0.4,0.1,0.1,402.5,483.0,121.96969696969698,27.9
0.885,0.809,0.142,1.601,4.121,4.603,0.4,0.4,0.1,0.1,773.4,928.0799999999999,234.36363636363637,16.725
0.737,0.24,0.617,2.104,3.029,4.734,0.4,0.4,0.1,0.1,642.5,771.0,194.69696969696972,18.945
0.226,0.904,0.724,1.478,1.634,1.323,0.4,0.4,0.1,0.1,453.4,544.0799999999999,137.3939393939394,26.61
0.662,0.782,1.387,0.891,0.097,0.865,0.4,0.4,0.1,0.1,659.2,791.0400000000001,199.75757575757578,20.07
0.976,0.464,0.576,2.828,0.048,2.782,0.4,0.4,0.1,0.1,784.4,941.28,237.69696969696972,15.36
0.423,0.744,1.19,0.086,4.293,0.543,0.4,0.4,0.1,0.1,535.9,643.0799999999999,162.3939393939394,23.655
1.434,1.042,1.041,3.148,1.111,0.57,0.4,0.4,0.1,0.1,1071.2,1285.44,324.6060606060606,8.490000000000002
0.584,1.01,1.149,3.14,0.377,0.5,0.4,0.4,0.1,0.1,643.0,771.6,194.84848484848487,21.240000000000002
0.331,0.59,0.815,3.666,0.634,3.424,0.4,0.4,0.1,0.1,474.5,569.4,143.78787878787878,25.035
1.306,0.247,0.231,0.507,1.16,0.203,0.4,0.4,0.1,0.1,927.7,1113.24,281.1212121212121,10.41
0.329,0.913,0.94,4.038,3.471,2.753,0.4,0.4,0.1,0.1,505.8,606.96,153.27272727272728,25.064999999999998
1.442,0.861,1.049,0.805,3.507,3.233,0.4,0.4,0.1,0.1,1057.1,1268.5199999999998,320.3333333333333,8.370000000000001
0.23,0.433,1.129,3.95,4.914,0.456,0.4,0.4,0.1,0.1,408.3,489.96,123.72727272727273,26.55
0.977,0.695,0.738,1.431,4.361,3.281,0.4,0.4,0.1,0.1,808.0,969.5999999999999,244.84848484848487,15.345
1.376,0.375,0.371,2.46,1.642,0.039,0.4,0.4,0.1,0.1,975.5,1170.6,295.6060606060606,9.360000000000003
0.697,1.041,0.285,4.959,0.932,3.621,0.4,0.4,0.1,0.1,702.6,843.12,212.90909090909093,19.545
0.876,0.395,1.206,0.837,1.309,3.023,0.4,0.4,0.1,0.1,727.5,873.0,220.45454545454547,16.86
0.526,0.215,1.022,1.554,2.123,0.79,0.4,0.4,0.1,0.1,534.5,641.4,161.96969696969697,22.11
1.424,0.159,0.242,0.683,4.273,1.389,0.4,0.4,0.1,0.1,977.9,1173.48,296.3333333333333,8.64
0.197,0.707,0.208,1.498,2.454,2.123,0.4,0.4,0.1,0.1,419.2,503.03999999999996,127.03030303030303,27.045
0.805,0.473,0.541,2.998,4.137,3.93,0.4,0.4,0.1,0.1,699.8,839.7599999999999,212.06060606060606,17.924999999999997
0.894,0.5,0.344,2.305,4.691,2.813,0.4,0.4,0.1,0.1,747.0,896.4,226.36363636363637,16.59
1.318,0.778,0.63,0.288,3.149,0.743,0.4,0.4,0.1,0.1,986.8,1184.1599999999999,299.03030303030306,10.23
1.393,1.355,0.148,3.098,0.299,2.466,0.4,0.4,0.1,0.1,1082.0,1298.3999999999999,327.8787878787879,9.105
0.142,0.832,0.692,4.551,0.696,2.759,0.4,0.4,0.1,0.1,404.2,485.03999999999996,122.48484848484848,27.87
0.209,0.488,0.369,1.202,2.622,1.116,0.4,0.4,0.1,0.1,403.3,483.96,122.21212121212122,26.865000000000002
1.496,0.812,0.151,4.696,2.339,2.946,0.4,0.4,0.1,0.1,1079.2,1295.04,327.03030303030306,7.559999999999999
0.841,1.364,0.687,2.518,1.582,1.263,0.4,0.4,0.1,0.1,806.9,968.28,244.51515151515153,17.384999999999998
1.034,1.331,0.459,0.823,3.648,0.569,0.4,0.4,0.1,0.1,900.1,1080.12,272.7575757575758,14.49
1.366,1.433,1.312,4.473,4.367,0.383,0.4,0.4,0.1,0.1,1076.3,1291.56,326.1515151515151,9.509999999999998
0.12,1.193,1.426,3.464,2.525,3.924,0.4,0.4,0.1,0.1,429.3,515.16,130.0909090909091,28.2
1.322,0.528,0.863,2.064,2.718,0.236,0.4,0.4,0.1,0.1,963.8,1156.56,292.06060606060606,10.169999999999998
1.234,0.371,0.248,0.352,4.077,4.161,0.4,0.4,0.1,0.1,904.1,1084.92,273.969696969697,11.490000000000002
0.263,1.408,0.736,4.944,1.123,4.326,0.4,0.4,0.1,0.1,522.3,626.7599999999999,158.27272727272728,26.055
0.506,0.55,1.319,2.131,2.289,0.342,0.4,0.4,0.1,0.1,558.0,669.6,169.0909090909091,22.41
0.639,1.492,0.39,4.091,0.15,1.555,0.4,0.4,0.1,0.1,718.7,862.44,217.7878787878788,20.415
1.248,1.178,0.797,3.873,0.849,2.785,0.4,0.4,0.1,0.1,991.8,1190.1599999999999,300.54545454545456,11.280000000000001
0.871,0.414,0.948,4.851,3.02,3.305,0.4,0.4,0.1,0.1,726.9,872.28,220.27272727272728,16.935000000000002
1.004,1.481,0.988,4.625,4.94,2.259,0.4,0.4,0.1,0.1,900.1,1080.12,272.7575757575758,14.94
0.978,1.19,0.152,2.785,4.378,2.802,0.4,0.4,0.1,0.1,858.0,1029.6,260.0,15.33
0.797,1.38,0.241,2.713,4.865,1.514,0.4,0.4,0.1,0.1,786.5,943.8,238.33333333333334,18.045
0.382,0.559,0.721,3.518,2.716,2.851,0.4,0.4,0.1,0.1,496.9,596.28,150.57575757575756,24.27
0.287,1.239,1.099,2.705,4.41,3.754,0.4,0.4,0.1,0.1,517.4,620.88,156.78787878787878,25.695
0.147,0.123,0.167,0.721,3.243,4.463,0.4,0.4,0.1,0.1,335.8,402.96,101.75757575757576,27.795
1.219,0.734,0.731,0.945,0.172,3.152,0.4,0.4,0.1,0.1,932.9,1119.48,282.6969696969697,11.715
1.188,0.581,0.109,1.155,1.847,1.46,0.4,0.4,0.1,0.1,902.1,1082.52,273.3636363636364,12.18
0.11,0.682,0.585,4.212,2.021,3.122,0.4,0.4,0.1,0.1,373.2,447.84,113.0909090909091,28.35
0.634,0.745,0.248,0.927,1.237,2.206,0.4,0.4,0.1,0.1,641.5,769.8,194.3939393939394,20.490000000000002
0.56,0.579,0.849,2.416,3.497,1.996,0.4,0.4,0.1,0.1,587.9,705.4799999999999,178.15151515151516,21.6
0.914,0.864,1.047,4.862,4.845,2.929,0.4,0.4,0.1,0.1,793.4,952.0799999999999,240.42424242424244,16.29
0.851,1.326,1.274,1.437,3.815,2.51,0.4,0.4,0.1,0.1,808.1,969.72,244.8787878787879,17.235
0.923,1.328,0.433,4.638,0.782,4.129,0.4,0.4,0.1,0.1,844.3,1013.1599999999999,255.84848484848484,16.155
0.629,0.207,1.159,0.304,1.89,0.24,0.4,0.4,0.1,0.1,585.2,702.24,177.33333333333334,20.564999999999998
0.254,0.581,0.982,2.648,3.194,0.209,0.4,0.4,0.1,0.1,435.1,522.12,131.84848484848487,26.19
0.522,1.422,0.102,1.233,3.789,3.309,0.4,0.4,0.1,0.1,653.2,783.84,197.93939393939397,22.17
0.461,1.13,0.459,1.42,2.568,4.438,0.4,0.4,0.1,0.1,593.5,712.1999999999999,179.84848484848484,23.085
0.594,1.409,0.743,0.211,4.891,3.106,0.4,0.4,0.1,0.1,687.9,825.4799999999999,208.45454545454547,21.09
0.383,0.832,1.356,3.42,3.599,2.46,0.4,0.4,0.1,0.1,524.7,629.64,159.00000000000003,24.255
1.339,0.722,0.652,3.573,0.304,1.218,0.4,0.4,0.1,0.1,991.7,1190.04,300.51515151515156,9.915
0.795,0.384,0.835,3.092,0.352,2.222,0.4,0.4,0.1,0.1,685.9,823.0799999999999,207.84848484848484,18.075
0.978,0.426,1.157,1.339,0.425,1.531,0.4,0.4,0.1,0.1,781.6,937.92,236.84848484848487,15.33
1.384,0.675,0.349,1.681,3.577,1.493,0.4,0.4,0.1,0.1,1009.5,1211.3999999999999,305.90909090909093,9.240000000000002
0.726,0.418,1.041,2.862,1.055,2.646,0.4,0.4,0.1,0.1,654.8,785.7599999999999,198.4242424242424,19.11
0.136,1.082,0.303,1.641,0.38,1.953,0.4,0.4,0.1,0.1,426.2,511.43999999999994,129.15151515151516,27.96
0.736,1.276,0.695,1.48,1.502,0.529,0.4,0.4,0.1,0.1,745.6,894.72,225.93939393939397,18.96
0.34,1.15,0.896,4.562,2.079,0.763,0.4,0.4,0.1,0.1,535.0,642.0,162.12121212121212,24.9
0.14,1.488,0.312,3.381,4.85,2.293,0.4,0.4,0.1,0.1,468.8,562.56,142.06060606060606,27.9
0.88,0.238,0.613,3.329,0.466,1.702,0.4,0.4,0.1,0.1,713.8,856.56,216.3030303030303,16.8
1.077,0.195,1.461,1.975,0.77,3.519,0.4,0.4,0.1,0.1,808.0,969.5999999999999,244.84848484848487,13.844999999999999
1.025,1.061,0.635,1.153,4.538,4.599,0.4,0.4,0.1,0.1,868.6,1042.32,263.21212121212125,14.625000000000002
0.542,0.324,0.308,0.447,0.968,4.967,0.4,0.4,0.1,0.1,553.4,664.0799999999999,167.6969696969697,21.869999999999997
1.468,0.322,1.24,2.935,3.516,4.688,0.4,0.4,0.1,0.1,1016.2,1219.44,307.939393939394,7.98
0.286,0.278,0.408,2.324,0.717,1.388,0.4,0.4,0.1,0.1,420.8,504.96,127.51515151515153,25.71
1.07,0.779,1.104,4.651,0.889,2.841,0.4,0.4,0.1,0.1,862.9,1035.48,261.4848484848485,13.95
0.496,0.708,1.239,2.722,3.922,4.801,0.4,0.4,0.1,0.1,568.8,682.56,172.36363636363635,22.560000000000002
0.339,0.959,1.192,1.042,0.757,0.968,0.4,0.4,0.1,0.1,515.4,618.4799999999999,156.1818181818182,24.915
0.534,0.451,0.113,4.679,3.231,1.603,0.4,0.4,0.1,0.1,562.1,674.52,170.33333333333334,21.990000000000002
1.068,1.417,0.483,4.601,0.62,3.236,0.4,0.4,0.1,0.1,925.7,1110.84,280.51515151515156,13.98
1.434,1.173,1.421,2.71,1.763,4.486,0.4,0.4,0.1,0.1,1084.3,1301.1599999999999,328.57575757575756,8.490000000000002
1.073,0.224,0.434,0.243,4.259,3.402,0.4,0.4,0.1,0.1,808.9,970.68,245.12121212121212,13.905000000000001
1.463,0.847,1.346,4.066,0.444,2.737,0.4,0.4,0.1,0.1,1066.2,1279.44,323.0909090909091,8.055
0.507,0.943,0.297,3.253,3.32,0.466,0.4,0.4,0.1,0.1,597.8,717.3599999999999,181.15151515151516,22.395
0.23,0.303,0.308,1.631,4.878,0.958,0.4,0.4,0.1,0.1,395.3,474.36,119.7878787878788,26.55
0.236,1.42,0.886,1.567,3.351,3.91,0.4,0.4,0.1,0.1,510.0,612.0,154.54545454545456,26.46
0.4,1.244,0.179,2.875,2.909,3.951,0.4,0.4,0.1,0.1,574.4,689.28,174.06060606060606,24.0
1.103,0.8,1.042,1.693,0.722,0.521,0.4,0.4,0.1,0.1,881.5,1057.8,267.1212121212121,13.455000000000002
0.665,0.808,1.116,1.722,4.063,1.537,0.4,0.4,0.1,0.1,663.3,795.9599999999999,201.0,20.025
0.807,0.804,0.509,4.657,2.138,3.9,0.4,0.4,0.1,0.1,733.9,880.68,222.3939393939394,17.895
1.48,0.702,0.697,1.853,0.884,4.701,0.4,0.4,0.1,0.1,1060.2,1272.24,321.2727272727273,7.800000000000001
0.8,1.219,0.206,1.608,2.324,1.735,0.4,0.4,0.1,0.1,771.9,926.28,233.9090909090909,18.0
1.45,0.81,0.998,0.894,2.494,4.919,0.4,0.4,0.1,0.1,1056.0,1267.2,320.0,8.25
0.936,1.194,0.205,2.578,3.431,4.394,0.4,0.4,0.1,0.1,837.4,1004.8799999999999,253.75757575757575,15.959999999999999
0.936,0.55,0.815,3.186,3.838,2.161,0.4,0.4,0.1,0.1,773.0,927.5999999999999,234.24242424242425,15.959999999999999
0.712,0.46,1.113,4.94,3.01,2.318,0.4,0.4,0.1,0.1,652.0,782.4,197.5757575757576,19.32
0.782,1.209,0.377,4.843,0.923,0.837,0.4,0.4,0.1,0.1,761.9,914.28,230.87878787878788,18.27
0.393,0.664,0.992,0.913,4.44,0.659,0.4,0.4,0.1,0.1,512.9,615.4799999999999,155.42424242424244,24.105
1.155,1.008,1.085,2.425,4.803,4.742,0.4,0.4,0.1,0.1,928.3,1113.9599999999998,281.3030303030303,12.675
0.786,1.182,0.536,4.794,3.754,1.099,0.4,0.4,0.1,0.1,761.2,913.44,230.66666666666669,18.21
0.562,1.058,0.977,4.787,3.964,0.851,0.4,0.4,0.1,0.1,636.8,764.16,192.96969696969697,21.57
1.059,0.38,0.194,2.222,0.284,4.813,0.4,0.4,0.1,0.1,817.5,981.0,247.72727272727275,14.115
1.424,0.171,0.98,1.373,3.556,2.16,0.4,0.4,0.1,0.1,979.1,1174.92,296.69696969696975,8.64
0.618,1.259,0.366,2.711,3.112,3.246,0.4,0.4,0.1,0.1,684.9,821.88,207.54545454545456,20.73
0.814,0.788,0.823,2.273,4.093,0.794,0.4,0.4,0.1,0.1,735.8,882.9599999999999,222.96969696969697,17.79
0.812,1.096,0.734,0.468,2.487,1.215,0.4,0.4,0.1,0.1,765.6,918.72,232.00000000000003,17.82
1.164,0.79,1.404,3.51,2.221,3.192,0.4,0.4,0.1,0.1,911.0,1093.2,276.06060606060606,12.540000000000003
1.133,1.179,0.372,3.325,3.813,0.679,0.4,0.4,0.1,0.1,934.4,1121.28,283.1515151515152,13.004999999999999
1.337,1.401,0.871,1.573,3.048,1.018,0.4,0.4,0.1,0.1,1058.6,1270.32,320.78787878787875,9.945
0.165,1.092,0.37,1.476,0.253,4.986,0.4,0.4,0.1,0.1,441.7,530.04,133.84848484848484,27.525
0.989,1.453,0.491,0.84,2.836,0.21,0.4,0.4,0.1,0.1,889.8,1067.76,269.6363636363636,15.165000000000001
1.436,0.631,1.382,4.826,0.465,0.817,0.4,0.4,0.1,0.1,1031.1,1237.32,312.45454545454544,8.46
0.474,0.536,0.538,4.574,1.825,4.601,0.4,0.4,0.1,0.1,540.6,648.72,163.81818181818184,22.89
1.297,1.256,0.116,1.642,0.799,2.646,0.4,0.4,0.1,0.1,1024.1,1228.9199999999998,310.3333333333333,10.545000000000002
1.067,0.901,1.456,0.889,3.189,0.004,0.4,0.4,0.1,0.1,873.6,1048.32,264.72727272727275,13.995000000000001
0.913,0.522,1.084,3.412,3.505,1.646,0.4,0.4,0.1,0.1,758.7,910.44,229.90909090909093,16.305
1.192,0.712,1.33,1.283,3.656,2.703,0.4,0.4,0.1,0.1,917.2,1100.64,277.939393939394,12.120000000000001
1.491,0.54,0.892,0.968,2.226,2.993,0.4,0.4,0.1,0.1,1049.5,1259.3999999999999,318.03030303030306,7.634999999999998
0.535,0.202,0.795,0.573,1.121,2.061,0.4,0.4,0.1,0.1,537.7,645.24,162.93939393939397,21.975
0.549,1.085,1.101,4.126,4.602,0.148,0.4,0.4,0.1,0.1,633.0,759.6,191.81818181818184,21.765
0.194,0.971,0.869,4.795,2.331,4.935,0.4,0.4,0.1,0.1,444.1,532.92,134.5757575757576,27.09
0.186,0.618,1.26,0.096,0.846,0.084,0.4,0.4,0.1,0.1,404.8,485.76,122.66666666666667,27.21
1.054,0.114,0.84,0.516,2.182,1.598,0.4,0.4,0.1,0.1,788.4,946.0799999999999,238.9090909090909,14.19
0.764,0.275,0.187,3.012,0.815,0.065,0.4,0.4,0.1,0.1,659.5,791.4,199.84848484848487,18.54
1.419,1.496,0.524,3.419,3.897,1.077,0.4,0.4,0.1,0.1,1109.1,1330.9199999999998,336.09090909090907,8.715
0.647,0.929,0.135,1.138,0.755,2.363,0.4,0.4,0.1,0.1,666.4,799.68,201.93939393939394,20.295
0.775,0.435,0.8,0.258,4.285,1.78,0.4,0.4,0.1,0.1,681.0,817.1999999999999,206.36363636363637,18.375
0.994,0.981,0.77,4.827,0.983,3.328,0.4,0.4,0.1,0.1,845.1,1014.12,256.0909090909091,15.09
0.985,0.653,0.207,2.523,2.582,1.434,0.4,0.4,0.1,0.1,807.8,969.3599999999999,244.78787878787878,15.225
1.435,0.191,1.252,4.758,4.351,2.14,0.4,0.4,0.1,0.1,986.6,1183.92,298.969696969697,8.474999999999998
0.765,0.377,1.246,3.474,1.233,2.56,0.4,0.4,0.1,0.1,670.2,804.24,203.09090909090912,18.525
0.554,0.764,1.106,0.88,1.842,4.206,0.4,0.4,0.1,0.1,603.4,724.0799999999999,182.84848484848484,21.689999999999998
0.458,0.15,0.766,1.465,4.591,3.399,0.4,0.4,0.1,0.1,494.0,592.8,149.69696969696972,23.13
0.278,0.754,0.159,1.275,2.809,1.896,0.4,0.4,0.1,0.1,464.4,557.28,140.72727272727272,25.83
1.084,0.69,1.108,3.534,3.012,0.936,0.4,0.4,0.1,0.1,861.0,1033.2,260.90909090909093,13.739999999999998
1.02,0.626,1.123,1.163,3.286,1.637,0.4,0.4,0.1,0.1,822.6,987.12,249.27272727272728,14.7
0.838,0.565,0.872,0.254,4.444,1.471,0.4,0.4,0.1,0.1,725.5,870.6,219.84848484848487,17.43
0.353,0.624,1.074,0.923,3.946,1.988,0.4,0.4,0.1,0.1,488.9,586.68,148.15151515151516,24.705
0.117,0.466,1.003,1.862,2.672,4.3,0.4,0.4,0.1,0.1,355.1,426.12,107.60606060606062,28.245
0.168,1.261,0.281,0.496,1.416,2.41,0.4,0.4,0.1,0.1,460.1,552.12,139.42424242424244,27.48
0.169,0.421,1.462,2.36,3.517,2.494,0.4,0.4,0.1,0.1,376.6,451.92,114.12121212121214,27.465
0.954,1.406,1.007,4.11,4.592,2.844,0.4,0.4,0.1,0.1,867.6,1041.12,262.90909090909093,15.690000000000001
1.192,0.925,1.464,3.597,1.88,0.515,0.4,0.4,0.1,0.1,938.5,1126.2,284.39393939393943,12.120000000000001
0.183,1.246,1.209,2.818,1.876,3.614,0.4,0.4,0.1,0.1,466.1,559.32,141.24242424242425,27.255
1.379,0.337,1.463,1.253,3.436,4.073,0.4,0.4,0.1,0.1,973.2,1167.84,294.90909090909093,9.315000000000001
0.51,0.903,0.394,2.16,0.319,3.973,0.4,0.4,0.1,0.1,595.3,714.3599999999999,180.39393939393938,22.35
0.252,1.161,0.676,4.55,2.529,3.666,0.4,0.4,0.1,0.1,492.1,590.52,149.12121212121212,26.22
1.234,0.34,1.035,2.592,0.638,4.274,0.4,0.4,0.1,0.1,901.0,1081.2,273.03030303030306,11.490000000000002
0.938,0.837,0.413,1.087,1.724,0.008,0.4,0.4,0.1,0.1,802.7,963.24,243.24242424242428,15.930000000000001
0.476,0.338,0.697,3.789,0.863,1.043,0.4,0.4,0.1,0.1,521.8,626.16,158.12121212121212,22.86
1.12,1.153,0.472,3.499,2.087,3.949,0.4,0.4,0.1,0.1,925.3,1110.36,280.3939393939394,13.2
0.611,1.465,0.207,2.752,0.293,2.682,0.4,0.4,0.1,0.1,702.0,842.4,212.72727272727275,20.835
0.926,0.85,0.812,0.695,0.971,3.999,0.4,0.4,0.1,0.1,798.0,957.5999999999999,241.81818181818184,16.11
1.324,0.536,0.325,4.403,0.179,0.167,0.4,0.4,0.1,0.1,965.6,1158.72,292.6060606060606,10.14
1.234,0.858,1.269,3.405,4.129,4.341,0.4,0.4,0.1,0.1,952.8,1143.36,288.72727272727275,11.490000000000002
0.929,0.464,0.993,3.698,4.272,0.461,0.4,0.4,0.1,0.1,760.9,913.0799999999999,230.5757575757576,16.064999999999998
1.444,1.374,0.958,2.352,3.333,2.123,0.4,0.4,0.1,0.1,1109.4,1331.28,336.18181818181824,8.34
0.114,0.103,0.933,3.758,1.788,1.427,0.4,0.4,0.1,0.1,317.3,380.76,96.15151515151516,28.29
0.488,0.725,0.647,1.634,1.986,1.532,0.4,0.4,0.1,0.1,566.5,679.8,171.66666666666669,22.68
0.364,0.81,0.402,4.928,2.388,0.249,0.4,0.4,0.1,0.1,513.0,615.6,155.45454545454547,24.54
0.233,0.372,1.151,3.972,0.335,0.253,0.4,0.4,0.1,0.1,403.7,484.43999999999994,122.33333333333334,26.505
0.472,0.863,1.055,2.047,3.926,4.833,0.4,0.4,0.1,0.1,572.3,686.7599999999999,173.4242424242424,22.92
0.431,0.429,0.652,2.118,0.776,4.884,0.4,0.4,0.1,0.1,508.4,610.0799999999999,154.06060606060606,23.535
0.779,0.118,0.677,3.386,0.11,4.258,0.4,0.4,0.1,0.1,651.3,781.56,197.36363636363637,18.314999999999998
0.61,1.414,0.381,1.703,1.164,4.36,0.4,0.4,0.1,0.1,696.4,835.68,211.03030303030303,20.85
1.409,0.696,0.2,2.635,3.485,4.603,0.4,0.4,0.1,0.1,1024.1,1228.9199999999998,310.3333333333333,8.864999999999998
0.22,0.706,0.837,0.46,3.004,0.731,0.4,0.4,0.1,0.1,430.6,516.72,130.4848484848485,26.7
1.452,1.276,0.658,0.581,0.245,2.251,0.4,0.4,0.1,0.1,1103.6,1324.32,334.42424242424244,8.219999999999999
0.797,0.838,0.78,4.484,0.882,0.913,0.4,0.4,0.1,0.1,732.3,878.7599999999999,221.9090909090909,18.045
0.161,1.446,0.153,4.997,2.775,2.984,0.4,0.4,0.1,0.1,475.1,570.12,143.969696969697,27.585
1.144,1.035,1.438,1.739,0.952,1.658,0.4,0.4,0.1,0.1,925.5,1110.6,280.4545454545455,12.84
1.191,0.546,0.928,4.853,4.832,4.44,0.4,0.4,0.1,0.1,900.1,1080.12,272.7575757575758,12.134999999999998
1.381,1.103,1.423,1.056,3.563,3.589,0.4,0.4,0.1,0.1,1050.8,1260.9599999999998,318.42424242424244,9.285
0.955,0.647,0.737,1.653,4.359,2.227,0.4,0.4,0.1,0.1,792.2,950.64,240.0606060606061,15.675
1.101,1.189,0.783,3.896,4.501,4.236,0.4,0.4,0.1,0.1,919.4,1103.28,278.6060606060606,13.485
1.35,0.937,0.541,1.321,0.72,1.076,0.4,0.4,0.1,0.1,1018.7,1222.44,308.69696969696975,9.75
0.238,0.783,0.617,1.736,1.087,3.44,0.4,0.4,0.1,0.1,447.3,536.76,135.54545454545456,26.43
1.386,0.43,0.653,2.644,3.125,1.45,0.4,0.4,0.1,0.1,986.0,1183.2,298.7878787878788,9.21
1.024,1.339,0.519,1.824,2.033,2.131,0.4,0.4,0.1,0.1,895.9,1075.08,271.4848484848485,14.64
1.276,0.339,0.55,3.993,3.031,1.274,0.4,0.4,0.1,0.1,921.9,1106.28,279.3636363636364,10.86
0.668,1.243,0.188,3.921,1.025,4.83,0.4,0.4,0.1,0.1,708.3,849.9599999999999,214.63636363636363,19.979999999999997
0.194,0.515,1.01,4.015,4.541,4.28,0.4,0.4,0.1,0.1,398.5,478.2,120.75757575757576,27.09
1.033,1.022,0.642,4.63,0.558,2.776,0.4,0.4,0.1,0.1,868.7,1042.44,263.24242424242425,14.505
1.021,1.492,0.112,3.191,4.749,1.778,0.4,0.4,0.1,0.1,909.7,1091.64,275.6666666666667,14.685000000000002
0.525,0.338,1.312,2.801,1.174,3.715,0.4,0.4,0.1,0.1,546.3,655.56,165.54545454545453,22.125
1.098,0.996,0.472,2.258,4.61,2.783,0.4,0.4,0.1,0.1,898.6,1078.32,272.3030303030303,13.529999999999998
1.293,1.462,0.351,3.109,0.084,1.879,0.4,0.4,0.1,0.1,1042.7,1251.24,315.969696969697,10.605
0.871,0.714,1.39,3.229,3.871,4.819,0.4,0.4,0.1,0.1,756.9,908.28,229.36363636363637,16.935000000000002
0.856,1.339,0.276,0.562,1.251,3.511,0.4,0.4,0.1,0.1,811.9,974.28,246.03030303030303,17.16
0.336,0.254,1.053,3.629,1.73,1.103,0.4,0.4,0.1,0.1,443.4,532.0799999999999,134.36363636363637,24.96
0.294,0.706,1.251,1.032,2.763,4.676,0.4,0.4,0.1,0.1,467.6,561.12,141.69696969696972,25.59
0.407,0.812,0.618,2.295,1.338,1.561,0.4,0.4,0.1,0.1,534.7,641.64,162.03030303030306,23.895
0.954,0.817,1.083,4.619,0.327,0.532,0.4,0.4,0.1,0.1,808.7,970.44,245.0606060606061,15.690000000000001
1.334,1.118,0.412,0.557,3.716,3.579,0.4,0.4,0.1,0.1,1028.8,1234.56,311.75757575757575,9.989999999999998
0.143,1.459,0.31,3.307,1.032,0.383,0.4,0.4,0.1,0.1,467.4,560.88,141.63636363636363,27.855
1.329,1.045,0.819,1.123,2.003,2.756,0.4,0.4,0.1,0.1,1019.0,1222.8,308.7878787878788,10.065000000000001
0.28,0.549,1.128,2.18,2.617,3.382,0.4,0.4,0.1,0.1,444.9,533.88,134.8181818181818,25.8
1.292,0.85,0.312,2.463,0.888,1.523,0.4,0.4,0.1,0.1,981.0,1177.2,297.2727272727273,10.620000000000001
0.295,0.468,1.283,3.331,4.106,3.922,0.4,0.4,0.1,0.1,444.3,533.16,134.63636363636365,25.575
1.21,0.753,0.341,1.823,1.288,4.054,0.4,0.4,0.1,0.1,930.3,1116.36,281.90909090909093,11.850000000000001
0.323,0.759,0.566,2.852,2.453,0.479,0.4,0.4,0.1,0.1,487.4,584.88,147.6969696969697,25.155
0.731,0.784,1.01,2.003,2.439,0.194,0.4,0.4,0.1,0.1,693.9,832.68,210.27272727272728,19.035
1.429,1.426,0.204,2.607,2.145,1.974,0.4,0.4,0.1,0.1,1107.1,1328.5199999999998,335.4848484848485,8.564999999999998
0.74,0.892,0.849,1.385,0.655,3.103,0.4,0.4,0.1,0.1,709.2,851.0400000000001,214.90909090909093,18.9
0.899,1.374,0.585,3.23,3.738,4.811,0.4,0.4,0.1,0.1,836.9,1004.28,253.60606060606062,16.515
0.727,0.794,0.756,2.893,0.314,3.171,0.4,0.4,0.1,0.1,692.9,831.4799999999999,209.96969696969697,19.095
1.473,1.271,1.482,0.758,3.883,2.657,0.4,0.4,0.1,0.1,1113.6,1336.32,337.45454545454544,7.904999999999998
1.185,0.425,0.874,4.424,2.128,2.758,0.4,0.4,0.1,0.1,885.0,1062.0,268.1818181818182,12.224999999999998
0.802,0.579,0.957,3.744,2.636,1.631,0.4,0.4,0.1,0.1,708.9,850.68,214.8181818181818,17.97
1.376,0.895,0.549,4.094,1.858,0.955,0.4,0.4,0.1,0.1,1027.5,1233.0,311.3636363636364,9.360000000000003
0.742,0.25,1.036,1.235,1.534,1.176,0.4,0.4,0.1,0.1,646.0,775.1999999999999,195.75757575757578,18.87
1.385,0.689,1.121,3.395,0.642,3.88,0.4,0.4,0.1,0.1,1011.4,1213.6799999999998,306.4848484848485,9.225000000000001
0.463,0.416,0.727,1.744,2.91,1.056,0.4,0.4,0.1,0.1,523.1,627.72,158.51515151515153,23.055
0.844,0.776,0.936,3.389,4.364,1.09,0.4,0.4,0.1,0.1,749.6,899.52,227.15151515151518,17.34
0.89,1.298,0.703,3.042,0.283,4.502,0.4,0.4,0.1,0.1,824.8,989.7599999999999,249.93939393939394,16.65
0.643,1.076,1.464,1.731,0.322,0.095,0.4,0.4,0.1,0.1,679.1,814.92,205.7878787878788,20.355
0.743,0.783,0.473,3.182,0.939,2.952,0.4,0.4,0.1,0.1,699.8,839.7599999999999,212.06060606060606,18.855
0.181,1.489,1.137,3.472,4.563,2.35,0.4,0.4,0.1,0.1,489.4,587.28,148.3030303030303,27.285
0.29,0.325,0.99,3.265,0.573,4.341,0.4,0.4,0.1,0.1,427.5,513.0,129.54545454545456,25.65
0.327,1.229,0.256,0.165,0.708,3.357,0.4,0.4,0.1,0.1,536.4,643.68,162.54545454545456,25.095
0.839,1.457,1.276,1.47,4.695,3.269,0.4,0.4,0.1,0.1,815.2,978.24,247.03030303030306,17.415
0.917,0.75,0.515,2.994,2.539,1.87,0.4,0.4,0.1,0.1,783.5,940.1999999999999,237.42424242424244,16.244999999999997
1.336,0.709,0.831,0.734,2.783,3.749,0.4,0.4,0.1,0.1,988.9,1186.6799999999998,299.6666666666667,9.959999999999997
1.37,0.574,0.866,3.789,0.396,3.943,0.4,0.4,0.1,0.1,992.4,1190.8799999999999,300.72727272727275,9.45
1.308,1.042,0.824,0.683,4.781,3.968,0.4,0.4,0.1,0.1,1008.2,1209.84,305.51515151515156,10.379999999999999
1.008,0.982,0.103,0.954,4.861,1.411,0.4,0.4,0.1,0.1,852.2,1022.64,258.24242424242425,14.879999999999999
1.444,0.299,0.849,4.165,2.021,0.68,0.4,0.4,0.1,0.1,1001.9,1202.28,303.6060606060606,8.34
1.481,0.892,0.659,0.952,4.555,4.933,0.4,0.4,0.1,0.1,1079.7,1295.64,327.1818181818182,7.785
1.311,0.951,0.323,4.245,1.151,4.722,0.4,0.4,0.1,0.1,1000.6,1200.72,303.21212121212125,10.335
1.334,0.584,0.675,2.463,0.546,4.46,0.4,0.4,0.1,0.1,975.4,1170.48,295.57575757575756,9.989999999999998
0.637,1.489,0.345,1.609,2.2,1.496,0.4,0.4,0.1,0.1,717.4,860.88,217.3939393939394,20.445
1.34,0.445,0.522,1.651,2.722,1.361,0.4,0.4,0.1,0.1,964.5,1157.3999999999999,292.2727272727273,9.899999999999999
0.964,1.301,0.246,4.983,1.829,0.944,0.4,0.4,0.1,0.1,862.1,1034.52,261.24242424242425,15.540000000000001
1.498,1.436,0.159,2.53,0.661,3.429,0.4,0.4,0.1,0.1,1142.6,1371.12,346.24242424242425,7.530000000000001
1.415,0.424,1.137,3.313,0.385,0.134,0.4,0.4,0.1,0.1,999.9,1199.8799999999999,303.0,8.774999999999999
0.486,1.334,1.257,2.448,3.842,2.069,0.4,0.4,0.1,0.1,626.4,751.68,189.8181818181818,22.71
0.959,0.187,1.435,2.845,2.051,3.805,0.4,0.4,0.1,0.1,748.2,897.84,226.72727272727275,15.615
0.622,0.118,1.32,3.904,4.273,1.839,0.4,0.4,0.1,0.1,572.8,687.3599999999999,173.57575757575756,20.67
1.201,0.702,1.207,2.937,3.507,0.959,0.4,0.4,0.1,0.1,920.7,1104.84,279.00000000000006,11.985
0.195,0.145,0.456,2.816,3.302,2.969,0.4,0.4,0.1,0.1,362.0,434.4,109.6969696969697,27.075
0.536,0.427,0.862,1.562,4.51,0.031,0.4,0.4,0.1,0.1,560.7,672.84,169.90909090909093,21.96
1.004,1.413,0.375,4.63,3.963,1.159,0.4,0.4,0.1,0.1,893.3,1071.9599999999998,270.6969696969697,14.94
0.539,1.228,0.516,1.405,4.191,1.999,0.4,0.4,0.1,0.1,642.3,770.7599999999999,194.63636363636363,21.915
1.172,0.745,1.182,4.606,4.245,3.137,0.4,0.4,0.1,0.1,910.5,1092.6,275.90909090909093,12.420000000000002
1.161,0.768,0.245,4.78,0.738,3.302,0.4,0.4,0.1,0.1,907.3,1088.76,274.93939393939394,12.585
1.313,0.738,0.477,3.483,2.598,3.1,0.4,0.4,0.1,0.1,980.3,1176.36,297.06060606060606,10.305
0.461,0.889,1.307,3.923,0.839,3.773,0.4,0.4,0.1,0.1,569.4,683.28,172.54545454545456,23.085
0.281,1.135,0.543,0.884,1.163,0.979,0.4,0.4,0.1,0.1,504.0,604.8,152.72727272727275,25.785
0.353,0.314,1.234,4.653,3.791,4.054,0.4,0.4,0.1,0.1,457.9,549.4799999999999,138.75757575757575,24.705
0.632,0.902,0.687,3.109,1.092,4.673,0.4,0.4,0.1,0.1,656.2,787.44,198.84848484848487,20.52
0.432,1.15,1.437,3.175,1.612,3.921,0.4,0.4,0.1,0.1,581.0,697.1999999999999,176.06060606060606,23.52
0.842,0.362,0.816,0.482,2.714,1.889,0.4,0.4,0.1,0.1,707.2,848.64,214.30303030303034,17.37
0.671,0.392,0.873,3.277,0.085,2.981,0.4,0.4,0.1,0.1,624.7,749.64,189.30303030303034,19.935
0.662,0.473,1.177,3.14,0.328,1.805,0.4,0.4,0.1,0.1,628.3,753.9599999999999,190.39393939393938,20.07
0.69,0.857,0.891,0.65,2.007,3.882,0.4,0.4,0.1,0.1,680.7,816.84,206.2727272727273,19.65
1.209,1.193,0.532,3.092,2.8,4.759,0.4,0.4,0.1,0.1,973.8,1168.56,295.09090909090907,11.864999999999998
1.202,0.225,0.945,3.7,0.988,3.008,0.4,0.4,0.1,0.1,873.5,1048.2,264.6969696969697,11.969999999999999
0.423,0.94,1.494,0.329,4.821,1.962,0.4,0.4,0.1,0.1,555.5,666.6,168.33333333333334,23.655
1.382,0.451,1.302,4.003,4.075,3.639,0.4,0.4,0.1,0.1,986.1,1183.32,298.8181818181818,9.270000000000003
0.918,0.36,0.678,0.976,1.002,2.18,0.4,0.4,0.1,0.1,745.0,894.0,225.75757575757578,16.229999999999997
0.296,0.616,0.335,0.788,3.676,4.981,0.4,0.4,0.1,0.1,459.6,551.52,139.27272727272728,25.560000000000002
1.451,0.121,0.623,2.849,1.391,4.807,0.4,0.4,0.1,0.1,987.6,1185.12,299.2727272727273,8.235
0.866,0.437,0.114,0.919,4.209,1.016,0.4,0.4,0.1,0.1,726.7,872.0400000000001,220.21212121212125,17.009999999999998
1.105,0.298,0.783,2.661,2.001,3.447,0.4,0.4,0.1,0.1,832.3,998.7599999999999,252.21212121212122,13.425
0.986,0.436,1.226,3.546,3.06,0.697,0.4,0.4,0.1,0.1,786.6,943.92,238.36363636363637,15.21
0.256,1.055,0.31,4.599,3.958,2.966,0.4,0.4,0.1,0.1,483.5,580.1999999999999,146.51515151515153,26.16
0.386,0.825,0.197,3.249,1.694,1.627,0.4,0.4,0.1,0.1,525.5,630.6,159.24242424242425,24.21
1.408,1.192,0.236,0.101,3.626,1.344,0.4,0.4,0.1,0.1,1073.2,1287.84,325.21212121212125,8.880000000000003
1.128,0.394,0.876,2.944,3.792,2.458,0.4,0.4,0.1,0.1,853.4,1024.08,258.6060606060606,13.080000000000002
0.356,0.915,1.384,4.578,1.318,3.352,0.4,0.4,0.1,0.1,519.5,623.4,157.42424242424244,24.66
0.518,0.194,1.436,2.262,3.596,3.867,0.4,0.4,0.1,0.1,528.4,634.0799999999999,160.12121212121212,22.23
1.142,0.966,0.133,3.04,1.03,4.657,0.4,0.4,0.1,0.1,917.6,1101.12,278.06060606060606,12.870000000000001
1.494,1.226,0.435,0.74,2.317,2.115,0.4,0.4,0.1,0.1,1119.6,1343.5199999999998,339.27272727272725,7.59
0.6,0.336,0.491,1.041,0.26,3.844,0.4,0.4,0.1,0.1,583.6,700.32,176.84848484848487,21.0
0.346,1.402,0.214,3.059,1.143,4.69,0.4,0.4,0.1,0.1,563.2,675.84,170.66666666666669,24.810000000000002
0.684,0.418,0.899,3.839,4.253,1.351,0.4,0.4,0.1,0.1,633.8,760.56,192.06060606060606,19.74
1.293,0.149,0.261,4.551,1.295,4.261,0.4,0.4,0.1,0.1,911.4,1093.6799999999998,276.1818181818182,10.605
0.462,0.367,1.078,4.978,4.385,2.764,0.4,0.4,0.1,0.1,517.7,621.24,156.8787878787879,23.07
0.488,0.293,1.379,0.066,3.91,2.685,0.4,0.4,0.1,0.1,523.3,627.9599999999999,158.57575757575756,22.68
0.803,0.772,0.229,0.398,3.903,0.596,0.4,0.4,0.1,0.1,728.7,874.44,220.81818181818184,17.955
0.598,0.713,1.444,3.037,1.949,0.961,0.4,0.4,0.1,0.1,620.3,744.3599999999999,187.96969696969697,21.03
0.263,0.333,1.033,4.188,1.969,0.842,0.4,0.4,0.1,0.1,414.8,497.76,125.6969696969697,26.055
0.844,0.974,0.322,4.394,0.827,4.829,0.4,0.4,0.1,0.1,769.4,923.28,233.15151515151516,17.34
1.108,0.486,1.374,3.022,4.151,2.39,0.4,0.4,0.1,0.1,852.6,1023.12,258.3636363636364,13.379999999999999
1.1,1.441,0.175,4.578,2.681,2.328,0.4,0.4,0.1,0.1,944.1,1132.92,286.0909090909091,13.5
1.097,0.437,0.839,1.235,0.746,4.879,0.4,0.4,0.1,0.1,842.2,1010.64,255.21212121212125,13.545000000000002
1.065,0.831,0.793,2.871,3.544,4.572,0.4,0.4,0.1,0.1,865.6,1038.72,262.3030303030303,14.025
1.212,0.422,0.556,4.622,0.071,2.922,0.4,0.4,0.1,0.1,898.2,1077.84,272.1818181818182,11.82
0.782,1.138,1.068,3.716,1.074,1.338,0.4,0.4,0.1,0.1,754.8,905.7599999999999,228.72727272727272,18.27
0.35,0.567,0.795,0.192,3.37,2.084,0.4,0.4,0.1,0.1,481.7,578.04,145.96969696969697,24.75
1.43,1.134,1.118,4.547,2.941,3.127,0.4,0.4,0.1,0.1,1078.4,1294.0800000000002,326.7878787878788,8.55
0.499,1.223,0.733,2.884,1.937,3.616,0.4,0.4,0.1,0.1,621.8,746.16,188.4242424242424,22.515
0.989,1.227,1.133,4.713,0.692,3.168,0.4,0.4,0.1,0.1,867.2,1040.64,262.7878787878788,15.165000000000001
1.299,0.922,0.234,3.672,3.591,2.354,0.4,0.4,0.1,0.1,991.7,1190.04,300.51515151515156,10.515
0.481,0.76,1.389,1.322,4.767,0.799,0.4,0.4,0.1,0.1,566.5,679.8,171.66666666666669,22.785
1.349,0.256,0.427,1.369,2.273,2.323,0.4,0.4,0.1,0.1,950.1,1140.12,287.90909090909093,9.765
0.264,1.34,0.846,3.794,0.562,2.588,0.4,0.4,0.1,0.1,516.0,619.1999999999999,156.36363636363637,26.04
0.885,0.638,0.787,4.145,0.272,1.307,0.4,0.4,0.1,0.1,756.3,907.56,229.1818181818182,16.725
0.709,0.97,0.219,0.996,1.294,4.076,0.4,0.4,0.1,0.1,701.5,841.8,212.5757575757576,19.365000000000002
0.227,0.526,0.496,1.643,0.841,4.449,0.4,0.4,0.1,0.1,416.1,499.32,126.09090909090911,26.595
0.985,1.205,0.575,3.663,4.351,3.669,0.4,0.4,0.1,0.1,863.0,1035.6,261.5151515151515,15.225
1.359,1.433,1.135,3.184,0.536,0.663,0.4,0.4,0.1,0.1,1072.8,1287.36,325.0909090909091,9.615000000000002
0.301,0.397,0.928,3.914,3.03,0.327,0.4,0.4,0.1,0.1,440.2,528.24,133.3939393939394,25.485
0.214,0.129,1.389,0.606,4.103,0.063,0.4,0.4,0.1,0.1,369.9,443.87999999999994,112.0909090909091,26.79
0.948,1.164,0.245,3.225,4.993,1.259,0.4,0.4,0.1,0.1,840.4,1008.4799999999999,254.66666666666669,15.780000000000001
0.584,0.951,0.755,1.612,3.32,3.736,0.4,0.4,0.1,0.1,637.1,764.52,193.0606060606061,21.240000000000002
0.499,0.324,1.313,4.869,0.58,2.545,0.4,0.4,0.1,0.1,531.9,638.28,161.1818181818182,22.515
0.562,1.354,0.633,1.444,2.087,0.125,0.4,0.4,0.1,0.1,666.4,799.68,201.93939393939394,21.57
1.233,1.248,0.902,4.162,3.403,2.275,0.4,0.4,0.1,0.1,991.3,1189.56,300.3939393939394,11.504999999999999
1.208,0.624,0.19,0.129,1.697,1.106,0.4,0.4,0.1,0.1,916.4,1099.6799999999998,277.6969696969697,11.879999999999999
1.192,1.377,0.355,4.641,3.397,3.461,0.4,0.4,0.1,0.1,983.7,1180.44,298.0909090909091,12.120000000000001
0.575,1.288,1.052,4.539,1.844,0.321,0.4,0.4,0.1,0.1,666.3,799.56,201.9090909090909,21.375
0.739,0.535,0.732,2.708,3.058,2.491,0.4,0.4,0.1,0.1,673.0,807.6,203.93939393939394,18.915
0.273,0.634,1.452,3.696,0.829,1.713,0.4,0.4,0.1,0.1,449.9,539.88,136.33333333333334,25.905
0.284,0.611,1.0,2.92,4.776,4.096,0.4,0.4,0.1,0.1,453.1,543.72,137.3030303030303,25.740000000000002
0.173,0.702,1.347,2.96,0.138,0.389,0.4,0.4,0.1,0.1,406.7,488.03999999999996,123.24242424242425,27.405
1.167,0.578,0.396,4.509,2.568,3.388,0.4,0.4,0.1,0.1,891.3,1069.56,270.09090909090907,12.495000000000001
0.657,1.5,0.618,1.884,3.066,1.556,0.4,0.4,0.1,0.1,728.5,874.1999999999999,220.75757575757578,20.145
0.215,0.159,0.48,1.772,0.787,0.81,0.4,0.4,0.1,0.1,373.4,448.08,113.15151515151516,26.775
1.164,0.439,1.361,4.312,4.955,0.807,0.4,0.4,0.1,0.1,875.9,1051.08,265.42424242424244,12.540000000000003
0.708,1.171,0.418,4.765,2.603,4.28,0.4,0.4,0.1,0.1,721.1,865.32,218.51515151515153,19.380000000000003
0.493,1.194,1.228,0.814,0.293,0.876,0.4,0.4,0.1,0.1,615.9,739.0799999999999,186.63636363636363,22.605
1.279,0.628,0.443,2.585,0.42,3.66,0.4,0.4,0.1,0.1,952.3,1142.76,288.57575757575756,10.815000000000001
0.152,0.519,0.112,2.927,3.393,4.292,0.4,0.4,0.1,0.1,377.9,453.47999999999996,114.51515151515152,27.72
1.181,1.269,1.29,1.998,4.067,3.542,0.4,0.4,0.1,0.1,967.4,1160.8799999999999,293.1515151515152,12.285
0.372,0.479,1.267,1.908,0.289,1.178,0.4,0.4,0.1,0.1,483.9,580.68,146.63636363636363,24.42
1.225,0.239,0.779,4.895,4.265,1.129,0.4,0.4,0.1,0.1,886.4,1063.6799999999998,268.6060606060606,11.625
0.7,0.903,1.322,1.892,0.45,4.768,0.4,0.4,0.1,0.1,690.3,828.3599999999999,209.1818181818182,19.5
1.379,0.845,1.272,3.098,1.34,0.29,0.4,0.4,0.1,0.1,1024.0,1228.8,310.3030303030303,9.315000000000001
1.038,1.255,0.289,0.265,1.771,4.343,0.4,0.4,0.1,0.1,894.5,1073.3999999999999,271.06060606060606,14.43
1.004,0.337,0.914,0.541,4.037,2.698,0.4,0.4,0.1,0.1,785.7,942.84,238.09090909090912,14.94
0.935,1.337,0.303,1.929,4.495,1.798,0.4,0.4,0.1,0.1,851.2,1021.44,257.939393939394,15.975
0.233,0.96,0.761,1.855,2.528,2.727,0.4,0.4,0.1,0.1,462.5,555.0,140.15151515151516,26.505
0.207,0.305,0.792,0.156,4.215,4.262,0.4,0.4,0.1,0.1,384.0,460.79999999999995,116.36363636363637,26.895
0.847,0.81,1.266,0.889,3.566,1.238,0.4,0.4,0.1,0.1,754.5,905.4,228.63636363636365,17.295
0.711,0.671,0.712,1.79,4.105,4.376,0.4,0.4,0.1,0.1,672.6,807.12,203.81818181818184,19.335
1.294,0.536,0.673,2.246,0.795,3.922,0.4,0.4,0.1,0.1,950.6,1140.72,288.06060606060606,10.59
0.852,0.36,0.604,1.457,1.345,4.325,0.4,0.4,0.1,0.1,712.0,854.4,215.75757575757578,17.22
1.001,0.193,0.182,1.499,2.069,1.2,0.4,0.4,0.1,0.1,769.8,923.7599999999999,233.27272727272728,14.985000000000001
0.322,1.044,1.176,3.27,3.121,2.779,0.4,0.4,0.1,0.1,515.4,618.4799999999999,156.1818181818182,25.17
1.252,1.12,0.335,3.516,2.866,0.856,0.4,0.4,0.1,0.1,988.0,1185.6,299.39393939393943,11.219999999999999
0.556,0.245,0.484,3.889,1.507,0.47,0.4,0.4,0.1,0.1,552.5,663.0,167.42424242424244,21.66
1.374,1.339,1.268,3.996,3.897,0.311,0.4,0.4,0.1,0.1,1070.9,1285.0800000000002,324.51515151515156,9.389999999999997
0.446,1.488,0.621,1.347,0.424,3.863,0.4,0.4,0.1,0.1,621.8,746.16,188.4242424242424,23.31
0.789,0.88,0.615,2.763,2.295,3.186,0.4,0.4,0.1,0.1,732.5,879.0,221.96969696969697,18.165
1.028,0.645,1.45,2.889,3.119,4.313,0.4,0.4,0.1,0.1,828.5,994.1999999999999,251.06060606060606,14.58
1.213,0.584,1.091,2.661,1.53,1.86,0.4,0.4,0.1,0.1,914.9,1097.8799999999999,277.24242424242425,11.805
1.428,0.533,1.208,4.302,3.539,2.412,0.4,0.4,0.1,0.1,1017.3,1220.76,308.27272727272725,8.580000000000002
0.113,0.949,0.317,1.096,0.173,2.182,0.4,0.4,0.1,0.1,401.4,481.67999999999995,121.63636363636364,28.305
0.467,0.914,1.058,1.359,4.61,1.466,0.4,0.4,0.1,0.1,574.9,689.88,174.21212121212122,22.994999999999997
0.503,1.19,0.672,0.673,1.232,1.177,0.4,0.4,0.1,0.1,620.5,744.6,188.03030303030303,22.455
0.857,0.276,0.281,2.971,1.258,3.404,0.4,0.4,0.1,0.1,706.1,847.32,213.969696969697,17.145
0.364,0.434,0.328,1.479,0.261,2.545,0.4,0.4,0.1,0.1,475.4,570.4799999999999,144.06060606060606,24.54
0.742,0.664,1.194,3.231,0.218,3.162,0.4,0.4,0.1,0.1,687.4,824.88,208.3030303030303,18.87
1.369,0.885,1.24,0.811,3.092,1.118,0.4,0.4,0.1,0.1,1023.0,1227.6,310.0,9.465
0.253,0.474,1.026,1.745,2.918,3.346,0.4,0.4,0.1,0.1,423.9,508.67999999999995,128.45454545454547,26.205
0.926,0.58,1.173,2.517,3.221,4.153,0.4,0.4,0.1,0.1,771.0,925.1999999999999,233.63636363636365,16.11
1.211,0.15,0.507,4.425,1.843,3.115,0.4,0.4,0.1,0.1,870.5,1044.6,263.7878787878788,11.834999999999997
1.5,1.41,1.467,1.25,4.623,1.894,0.4,0.4,0.1,0.1,1141.0,1369.2,345.75757575757575,7.5
0.698,1.196,1.258,1.197,1.089,1.674,0.4,0.4,0.1,0.1,718.6,862.32,217.75757575757578,19.53
0.273,0.889,1.123,1.007,1.974,1.072,0.4,0.4,0.1,0.1,475.4,570.4799999999999,144.06060606060606,25.905
1.493,0.102,0.317,1.482,0.814,3.996,0.4,0.4,0.1,0.1,1006.7,1208.04,305.0606060606061,7.604999999999997
0.801,0.118,0.511,2.135,0.706,0.219,0.4,0.4,0.1,0.1,662.3,794.7599999999999,200.6969696969697,17.985
0.694,0.597,0.792,3.579,0.402,4.587,0.4,0.4,0.1,0.1,656.7,788.0400000000001,199.00000000000003,19.59
1.076,0.286,0.785,0.996,4.733,0.735,0.4,0.4,0.1,0.1,816.6,979.92,247.45454545454547,13.86
0.212,1.002,1.037,3.014,2.489,4.668,0.4,0.4,0.1,0.1,456.2,547.4399999999999,138.24242424242425,26.82
1.235,0.478,1.374,3.771,3.057,0.073,0.4,0.4,0.1,0.1,915.3,1098.36,277.3636363636364,11.474999999999998
0.46,0.53,0.468,1.265,1.175,2.23,0.4,0.4,0.1,0.1,533.0,639.6,161.51515151515153,23.1
1.44,0.704,1.319,4.852,1.254,1.473,0.4,0.4,0.1,0.1,1040.4,1248.48,315.2727272727273,8.400000000000002
1.373,1.421,0.469,1.698,4.276,2.33,0.4,0.4,0.1,0.1,1078.6,1294.32,326.8484848484848,9.405000000000001
1.392,1.357,1.422,3.098,2.22,4.218,0.4,0.4,0.1,0.1,1081.7,1298.04,327.7878787878788,9.120000000000001
0.832,0.4,0.107,1.675,1.728,2.798,0.4,0.4,0.1,0.1,706.0,847.1999999999999,213.93939393939394,17.520000000000003
1.043,1.141,0.682,4.623,3.656,0.065,0.4,0.4,0.1,0.1,885.6,1062.72,268.3636363636364,14.355
1.312,0.642,0.668,3.135,0.056,4.222,0.4,0.4,0.1,0.1,970.2,1164.24,294.00000000000006,10.32
0.671,0.155,1.408,1.31,0.432,2.993,0.4,0.4,0.1,0.1,601.0,721.1999999999999,182.12121212121212,19.935
0.101,0.665,1.133,1.207,4.064,4.082,0.4,0.4,0.1,0.1,367.0,440.4,111.21212121212122,28.485
0.552,0.174,1.379,2.871,1.129,0.437,0.4,0.4,0.1,0.1,543.4,652.0799999999999,164.66666666666666,21.72
0.273,1.108,0.244,3.446,0.914,0.917,0.4,0.4,0.1,0.1,497.3,596.76,150.69696969696972,25.905
0.705,0.847,0.275,2.569,3.329,1.338,0.4,0.4,0.1,0.1,687.2,824.64,208.24242424242428,19.425
1.213,0.5,0.23,3.352,0.719,0.628,0.4,0.4,0.1,0.1,906.5,1087.8,274.6969696969697,11.805
1.398,1.472,0.732,2.908,4.941,1.176,0.4,0.4,0.1,0.1,1096.2,1315.44,332.1818181818182,9.030000000000001
1.086,0.954,0.239,2.532,2.041,2.135,0.4,0.4,0.1,0.1,888.4,1066.08,269.21212121212125,13.709999999999997
0.812,0.898,1.255,4.697,3.234,3.882,0.4,0.4,0.1,0.1,745.8,894.9599999999999,226.0,17.82
0.636,0.636,0.398,2.11,0.771,0.739,0.4,0.4,0.1,0.1,631.6,757.92,191.3939393939394,20.46
1.152,1.015,0.323,4.878,3.694,4.117,0.4,0.4,0.1,0.1,927.5,1113.0,281.06060606060606,12.720000000000002
0.615,1.083,0.981,2.665,4.574,0.898,0.4,0.4,0.1,0.1,665.8,798.9599999999999,201.75757575757575,20.775
0.117,0.816,1.432,4.913,0.385,1.45,0.4,0.4,0.1,0.1,390.1,468.12,118.21212121212123,28.245
0.125,1.061,0.611,2.415,4.463,3.449,0.4,0.4,0.1,0.1,418.6,502.32,126.84848484848486,28.125
1.073,1.061,0.509,2.944,3.693,4.821,0.4,0.4,0.1,0.1,892.6,1071.12,270.4848484848485,13.905000000000001
1.016,1.236,0.294,3.99,2.034,3.618,0.4,0.4,0.1,0.1,881.6,1057.92,267.1515151515152,14.76
0.545,1.164,1.441,2.566,3.528,3.023,0.4,0.4,0.1,0.1,638.9,766.68,193.60606060606062,21.825
1.164,0.823,1.08,2.233,3.167,4.948,0.4,0.4,0.1,0.1,914.3,1097.1599999999999,277.06060606060606,12.540000000000003
0.527,0.982,0.227,2.052,2.222,1.476,0.4,0.4,0.1,0.1,611.7,734.0400000000001,185.36363636363637,22.095
0.534,0.925,1.315,0.944,4.976,1.814,0.4,0.4,0.1,0.1,609.5,731.4,184.69696969696972,21.990000000000002
1.003,1.471,1.452,1.41,2.145,1.794,0.4,0.4,0.1,0.1,898.6,1078.32,272.3030303030303,14.955000000000002
0.652,1.012,0.859,2.745,1.553,3.608,0.4,0.4,0.1,0.1,677.2,812.64,205.21212121212125,20.22
1.145,1.152,0.488,3.891,0.212,4.771,0.4,0.4,0.1,0.1,937.7,1125.24,284.1515151515152,12.825
0.726,0.616,0.186,2.045,2.409,4.419,0.4,0.4,0.1,0.1,674.6,809.52,204.42424242424244,19.11
1.444,0.35,0.278,0.187,2.772,1.828,0.4,0.4,0.1,0.1,1007.0,1208.3999999999999,305.1515151515152,8.34
0.755,0.767,0.318,2.202,2.096,0.838,0.4,0.4,0.1,0.1,704.2,845.0400000000001,213.3939393939394,18.675
1.259,0.516,0.788,4.965,0.655,3.79,0.4,0.4,0.1,0.1,931.1,1117.32,282.1515151515152,11.115000000000002
0.384,0.305,0.19,1.869,3.058,3.95,0.4,0.4,0.1,0.1,472.5,567.0,143.1818181818182,24.240000000000002
1.167,1.466,0.869,0.01,4.735,2.835,0.4,0.4,0.1,0.1,980.1,1176.12,297.0,12.495000000000001
0.549,1.308,1.415,0.997,0.662,1.996,0.4,0.4,0.1,0.1,655.3,786.3599999999999,198.57575757575756,21.765
0.577,0.232,0.876,4.268,0.142,3.186,0.4,0.4,0.1,0.1,561.7,674.0400000000001,170.21212121212125,21.345
0.216,1.365,1.105,0.949,0.511,1.297,0.4,0.4,0.1,0.1,494.5,593.4,149.84848484848484,26.76
1.17,1.097,0.435,2.134,3.712,4.338,0.4,0.4,0.1,0.1,944.7,1133.64,286.2727272727273,12.450000000000003
1.167,0.391,0.895,3.677,1.134,4.661,0.4,0.4,0.1,0.1,872.6,1047.12,264.42424242424244,12.495000000000001
1.081,0.142,1.4,4.679,1.003,3.079,0.4,0.4,0.1,0.1,804.7,965.64,243.84848484848487,13.785
0.573,0.394,1.47,4.991,4.493,4.871,0.4,0.4,0.1,0.1,575.9,691.0799999999999,174.51515151515153,21.405
0.762,0.232,0.356,2.606,4.833,3.571,0.4,0.4,0.1,0.1,654.2,785.0400000000001,198.24242424242428,18.57
0.316,0.616,0.933,1.893,4.612,2.92,0.4,0.4,0.1,0.1,469.6,563.52,142.3030303030303,25.259999999999998
1.109,0.545,1.017,0.633,4.384,1.946,0.4,0.4,0.1,0.1,859.0,1030.8,260.3030303030303,13.365000000000002
1.471,0.401,0.657,0.894,1.426,1.598,0.4,0.4,0.1,0.1,1025.6,1230.7199999999998,310.78787878787875,7.934999999999999
0.566,0.494,0.583,0.916,4.167,3.993,0.4,0.4,0.1,0.1,582.4,698.88,176.4848484848485,21.51
0.333,0.657,0.323,4.821,0.305,0.807,0.4,0.4,0.1,0.1,482.2,578.64,146.12121212121212,25.005
0.101,0.423,0.155,3.896,0.314,2.048,0.4,0.4,0.1,0.1,342.8,411.36,103.87878787878789,28.485
0.814,0.817,0.608,2.455,3.816,4.187,0.4,0.4,0.1,0.1,738.7,886.44,223.84848484848487,17.79
0.284,0.89,0.742,4.684,1.782,0.529,0.4,0.4,0.1,0.1,481.0,577.1999999999999,145.75757575757578,25.740000000000002
0.296,0.487,0.161,3.89,2.106,3.998,0.4,0.4,0.1,0.1,446.7,536.04,135.36363636363637,25.560000000000002
1.308,0.499,1.216,1.264,3.277,0.504,0.4,0.4,0.1,0.1,953.9,1144.6799999999998,289.06060606060606,10.379999999999999
0.914,0.471,1.379,2.176,4.007,2.903,0.4,0.4,0.1,0.1,754.1,904.92,228.51515151515153,16.29
1.019,1.076,0.969,3.313,1.962,1.208,0.4,0.4,0.1,0.1,867.1,1040.52,262.75757575757575,14.715000000000002
1.244,0.136,1.461,3.725,2.049,0.475,0.4,0.4,0.1,0.1,885.6,1062.72,268.3636363636364,11.34
1.335,0.93,0.424,0.461,3.474,3.626,0.4,0.4,0.1,0.1,1010.5,1212.6,306.21212121212125,9.975000000000001
0.268,0.902,0.312,2.332,2.787,4.953,0.4,0.4,0.1,0.1,474.2,569.04,143.6969696969697,25.98
0.379,0.692,0.728,2.727,1.466,0.952,0.4,0.4,0.1,0.1,508.7,610.4399999999999,154.15151515151516,24.314999999999998
1.33,1.274,0.611,3.977,2.175,0.445,0.4,0.4,0.1,0.1,1042.4,1250.88,315.87878787878793,10.049999999999997
0.759,1.492,0.781,3.104,1.235,0.727,0.4,0.4,0.1,0.1,778.7,934.44,235.969696969697,18.615000000000002
1.141,0.982,1.219,0.5,1.384,4.542,0.4,0.4,0.1,0.1,918.7,1102.44,278.39393939393943,12.884999999999998
0.698,0.764,1.144,3.642,1.815,2.828,0.4,0.4,0.1,0.1,675.4,810.4799999999999,204.66666666666666,19.53
0.843,0.723,0.956,1.802,2.519,2.625,0.4,0.4,0.1,0.1,743.8,892.56,225.3939393939394,17.355
0.97,0.596,0.82,0.919,1.474,2.011,0.4,0.4,0.1,0.1,794.6,953.52,240.7878787878788,15.450000000000001
0.849,0.761,0.579,2.559,0.857,1.16,0.4,0.4,0.1,0.1,750.6,900.72,227.45454545454547,17.265
1.195,1.353,0.33,1.201,0.815,1.633,0.4,0.4,0.1,0.1,982.8,1179.36,297.8181818181818,12.075
0.43,0.657,0.419,3.755,3.886,2.146,0.4,0.4,0.1,0.1,530.7,636.84,160.81818181818184,23.55
1.433,1.141,0.379,0.692,4.798,4.944,0.4,0.4,0.1,0.1,1080.6,1296.7199999999998,327.45454545454544,8.504999999999999
1.428,1.167,0.181,0.734,0.476,0.493,0.4,0.4,0.1,0.1,1080.7,1296.84,327.4848484848485,8.580000000000002
0.159,1.422,0.272,3.769,2.355,3.453,0.4,0.4,0.1,0.1,471.7,566.04,142.93939393939394,27.615
0.297,0.727,0.153,1.535,1.389,0.477,0.4,0.4,0.1,0.1,471.2,565.4399999999999,142.78787878787878,25.545
0.695,0.541,0.813,3.631,3.376,2.672,0.4,0.4,0.1,0.1,651.6,781.92,197.45454545454547,19.575000000000003
0.603,1.158,0.36,1.781,3.792,2.11,0.4,0.4,0.1,0.1,667.3,800.7599999999999,202.21212121212122,20.955
1.207,0.606,1.214,1.338,2.719,0.622,0.4,0.4,0.1,0.1,914.1,1096.92,277.0,11.895
0.885,0.208,0.645,0.919,2.025,4.246,0.4,0.4,0.1,0.1,713.3,855.9599999999999,216.15151515151516,16.725
1.288,1.137,0.22,0.075,2.856,2.938,0.4,0.4,0.1,0.1,1007.7,1209.24,305.3636363636364,10.68
0.906,1.009,1.071,3.991,3.316,3.359,0.4,0.4,0.1,0.1,803.9,964.68,243.60606060606062,16.41
0.549,0.405,1.283,4.516,3.576,4.516,0.4,0.4,0.1,0.1,565.0,678.0,171.21212121212122,21.765
1.389,1.232,0.677,2.075,1.591,0.205,0.4,0.4,0.1,0.1,1067.7,1281.24,323.54545454545456,9.165
0.233,1.355,0.345,3.811,2.453,1.987,0.4,0.4,0.1,0.1,502.0,602.4,152.12121212121212,26.505
0.535,1.43,0.943,4.31,3.459,2.476,0.4,0.4,0.1,0.1,660.5,792.6,200.15151515151516,21.975
0.783,0.291,0.332,3.752,3.972,4.108,0.4,0.4,0.1,0.1,670.6,804.72,203.21212121212122,18.255
0.204,0.126,1.24,1.811,0.46,0.946,0.4,0.4,0.1,0.1,364.6,437.52000000000004,110.4848484848485,26.94
0.35,0.824,0.542,3.591,3.609,2.186,0.4,0.4,0.1,0.1,507.4,608.88,153.75757575757575,24.75
1.454,0.556,1.169,4.273,1.027,3.571,0.4,0.4,0.1,0.1,1032.6,1239.12,312.9090909090909,8.190000000000001
0.68,0.118,1.31,4.125,0.63,1.438,0.4,0.4,0.1,0.1,601.8,722.16,182.36363636363635,19.799999999999997
0.599,1.019,1.199,1.886,3.735,0.252,0.4,0.4,0.1,0.1,651.4,781.68,197.3939393939394,21.015
0.913,0.584,1.44,2.68,1.631,4.647,0.4,0.4,0.1,0.1,764.9,917.88,231.78787878787878,16.305
1.322,1.233,0.25,3.107,0.778,3.151,0.4,0.4,0.1,0.1,1034.3,1241.1599999999999,313.42424242424244,10.169999999999998
1.052,1.109,0.975,2.896,0.066,4.361,0.4,0.4,0.1,0.1,886.9,1064.28,268.75757575757575,14.219999999999999
0.456,1.364,0.408,4.465,2.413,1.282,0.4,0.4,0.1,0.1,614.4,737.28,186.1818181818182,23.16
1.048,0.549,1.043,1.442,1.28,1.717,0.4,0.4,0.1,0.1,828.9,994.68,251.1818181818182,14.28
1.045,1.468,0.38,2.216,2.52,4.019,0.4,0.4,0.1,0.1,919.3,1103.1599999999999,278.57575757575756,14.325000000000001
1.493,0.141,0.429,2.898,1.275,0.184,0.4,0.4,0.1,0.1,1010.6,1212.72,306.24242424242425,7.604999999999997
0.766,0.235,1.134,4.841,4.01,1.561,0.4,0.4,0.1,0.1,656.5,787.8,198.93939393939394,18.509999999999998
0.975,0.262,0.287,4.794,0.624,3.708,0.4,0.4,0.1,0.1,763.7,916.44,231.42424242424244,15.375
1.398,0.501,0.815,1.699,3.7,4.507,0.4,0.4,0.1,0.1,999.1,1198.92,302.7575757575758,9.030000000000001
0.473,1.06,0.945,1.882,3.428,4.36,0.4,0.4,0.1,0.1,592.5,711.0,179.54545454545456,22.905
0.845,0.761,0.656,2.907,2.532,4.194,0.4,0.4,0.1,0.1,748.6,898.32,226.84848484848487,17.325000000000003
0.965,1.237,0.721,3.737,1.36,2.948,0.4,0.4,0.1,0.1,856.2,1027.44,259.4545454545455,15.525
1.472,1.389,1.457,2.83,3.173,1.331,0.4,0.4,0.1,0.1,1124.9,1349.88,340.87878787878793,7.920000000000002
0.269,0.386,0.123,1.838,0.693,3.198,0.4,0.4,0.1,0.1,423.1,507.72,128.21212121212122,25.965
0.364,0.942,0.475,2.594,0.0,3.222,0.4,0.4,0.1,0.1,526.2,631.44,159.45454545454547,24.54
1.127,0.311,1.384,3.823,1.89,0.94,0.4,0.4,0.1,0.1,844.6,1013.52,255.93939393939397,13.094999999999999
1.009,0.476,0.438,4.019,3.307,1.763,0.4,0.4,0.1,0.1,802.1,962.52,243.0606060606061,14.865000000000002
0.402,0.683,0.277,4.442,0.009,0.96,0.4,0.4,0.1,0.1,519.3,623.16,157.36363636363635,23.97
0.886,0.126,1.268,4.268,3.809,3.604,0.4,0.4,0.1,0.1,705.6,846.72,213.81818181818184,16.71
0.945,0.733,1.498,3.158,4.602,0.675,0.4,0.4,0.1,0.1,795.8,954.9599999999999,241.15151515151516,15.825000000000001
0.398,0.265,0.746,1.884,4.458,4.214,0.4,0.4,0.1,0.1,475.5,570.6,144.0909090909091,24.03
0.774,0.71,0.957,0.912,2.936,0.985,0.4,0.4,0.1,0.1,708.0,849.6,214.54545454545456,18.39
1.068,0.711,1.119,0.403,4.379,0.541,0.4,0.4,0.1,0.1,855.1,1026.12,259.1212121212121,13.98
0.635,0.708,0.961,3.457,1.897,3.529,0.4,0.4,0.1,0.1,638.3,765.9599999999999,193.4242424242424,20.475
0.957,1.464,1.416,2.377,4.808,2.563,0.4,0.4,0.1,0.1,874.9,1049.8799999999999,265.1212121212121,15.645000000000001
1.167,0.25,0.107,1.44,2.529,1.843,0.4,0.4,0.1,0.1,858.5,1030.2,260.1515151515152,12.495000000000001
0.752,1.418,1.208,0.605,3.894,1.985,0.4,0.4,0.1,0.1,767.8,921.3599999999999,232.66666666666666,18.72
0.744,0.697,1.303,3.337,1.273,3.73,0.4,0.4,0.1,0.1,691.7,830.0400000000001,209.60606060606062,18.84
0.666,1.409,0.568,3.095,0.816,4.114,0.4,0.4,0.1,0.1,723.9,868.68,219.36363636363637,20.009999999999998
1.467,1.476,0.86,3.907,1.253,0.741,0.4,0.4,0.1,0.1,1131.1,1357.32,342.75757575757575,7.994999999999997
0.44,0.797,0.81,0.211,1.188,3.974,0.4,0.4,0.1,0.1,549.7,659.64,166.5757575757576,23.4
0.88,0.221,0.168,1.661,3.34,2.886,0.4,0.4,0.1,0.1,712.1,854.52,215.7878787878788,16.8
0.776,0.947,1.481,1.831,2.72,3.229,0.4,0.4,0.1,0.1,732.7,879.24,222.03030303030306,18.36
0.28,1.195,0.368,3.588,4.65,0.822,0.4,0.4,0.1,0.1,509.5,611.4,154.3939393939394,25.8
0.535,1.237,0.688,0.92,0.487,4.402,0.4,0.4,0.1,0.1,641.2,769.44,194.30303030303034,21.975
0.832,1.169,0.624,2.486,1.861,3.765,0.4,0.4,0.1,0.1,782.9,939.4799999999999,237.24242424242425,17.520000000000003
0.602,0.166,0.719,3.504,1.823,3.345,0.4,0.4,0.1,0.1,567.6,681.12,172.00000000000003,20.97
1.04,1.032,0.696,4.544,1.451,3.659,0.4,0.4,0.1,0.1,873.2,1047.84,264.6060606060606,14.399999999999999
0.761,1.458,1.111,4.963,3.012,4.007,0.4,0.4,0.1,0.1,776.3,931.56,235.24242424242425,18.585
1.011,0.29,1.463,2.057,4.964,3.197,0.4,0.4,0.1,0.1,784.5,941.4,237.72727272727275,14.835
0.284,0.476,1.297,2.872,1.552,0.983,0.4,0.4,0.1,0.1,439.6,527.52,133.21212121212122,25.740000000000002
1.479,1.296,0.553,3.83,2.416,3.493,0.4,0.4,0.1,0.1,1119.1,1342.9199999999998,339.1212121212121,7.814999999999998
1.12,0.735,0.646,1.521,3.684,4.355,0.4,0.4,0.1,0.1,883.5,1060.2,267.72727272727275,13.2
1.054,0.426,0.848,3.717,4.871,0.192,0.4,0.4,0.1,0.1,819.6,983.52,248.36363636363637,14.19
0.958,0.328,0.102,3.476,3.593,3.75,0.4,0.4,0.1,0.1,761.8,914.16,230.84848484848484,15.63
0.482,1.136,0.485,0.608,4.665,0.158,0.4,0.4,0.1,0.1,604.6,725.52,183.21212121212122,22.77
1.396,0.129,0.952,0.907,0.766,4.616,0.4,0.4,0.1,0.1,960.9,1153.08,291.1818181818182,9.060000000000002
0.798,0.49,1.375,0.886,1.966,2.284,0.4,0.4,0.1,0.1,698.0,837.6,211.51515151515153,18.03
0.199,0.763,0.185,4.88,1.984,4.927,0.4,0.4,0.1,0.1,425.8,510.96,129.03030303030303,27.015
1.162,0.384,0.511,1.292,0.905,3.63,0.4,0.4,0.1,0.1,869.4,1043.28,263.45454545454544,12.57
1.236,0.678,0.532,0.598,0.245,4.042,0.4,0.4,0.1,0.1,935.8,1122.9599999999998,283.57575757575756,11.46
1.185,1.383,1.264,1.942,3.356,3.12,0.4,0.4,0.1,0.1,980.8,1176.9599999999998,297.2121212121212,12.224999999999998
1.268,0.966,0.339,1.215,0.063,4.203,0.4,0.4,0.1,0.1,980.6,1176.72,297.1515151515152,10.98
0.676,0.206,0.811,0.878,2.715,1.184,0.4,0.4,0.1,0.1,608.6,730.32,184.42424242424244,19.86
0.258,1.221,1.311,3.149,1.005,3.846,0.4,0.4,0.1,0.1,501.1,601.32,151.84848484848487,26.13
0.147,0.948,1.042,3.01,4.442,4.989,0.4,0.4,0.1,0.1,418.3,501.96,126.75757575757576,27.795
1.372,0.258,0.925,1.034,4.083,2.752,0.4,0.4,0.1,0.1,961.8,1154.1599999999999,291.45454545454544,9.419999999999998
0.418,1.078,1.448,1.406,1.602,0.882,0.4,0.4,0.1,0.1,566.8,680.16,171.75757575757575,23.73
0.66,1.414,0.231,3.114,4.331,3.62,0.4,0.4,0.1,0.1,721.4,865.68,218.60606060606062,20.1
1.104,0.565,1.358,1.639,4.246,4.769,0.4,0.4,0.1,0.1,858.5,1030.2,260.1515151515152,13.439999999999998
0.317,0.153,0.761,3.166,1.194,3.457,0.4,0.4,0.1,0.1,423.8,508.56,128.42424242424244,25.245
0.699,0.61,1.475,0.494,2.903,0.717,0.4,0.4,0.1,0.1,660.5,792.6,200.15151515151516,19.515
1.273,0.887,1.235,2.598,0.389,3.812,0.4,0.4,0.1,0.1,975.2,1170.24,295.51515151515156,10.905000000000001
1.267,1.48,0.106,3.37,1.599,2.938,0.4,0.4,0.1,0.1,1031.5,1237.8,312.5757575757576,10.995000000000001
0.7,1.339,0.627,4.364,1.236,4.528,0.4,0.4,0.1,0.1,733.9,880.68,222.3939393939394,19.5
1.016,0.651,1.084,4.599,1.496,4.121,0.4,0.4,0.1,0.1,823.1,987.72,249.42424242424244,14.76
1.278,0.832,0.414,0.123,1.929,2.539,0.4,0.4,0.1,0.1,972.2,1166.64,294.6060606060606,10.829999999999998
1.189,0.701,1.133,4.711,4.27,4.87,0.4,0.4,0.1,0.1,914.6,1097.52,277.1515151515152,12.165
0.988,0.509,1.136,0.312,0.558,3.056,0.4,0.4,0.1,0.1,794.9,953.8799999999999,240.87878787878788,15.18
0.641,0.197,0.65,1.206,2.151,1.734,0.4,0.4,0.1,0.1,590.2,708.24,178.84848484848487,20.384999999999998
1.045,1.023,0.341,3.784,0.171,2.908,0.4,0.4,0.1,0.1,874.8,1049.76,265.09090909090907,14.325000000000001
0.634,0.371,0.406,2.325,1.606,4.895,0.4,0.4,0.1,0.1,604.1,724.92,183.0606060606061,20.490000000000002
0.584,0.639,1.036,1.99,0.649,0.159,0.4,0.4,0.1,0.1,605.9,727.0799999999999,183.6060606060606,21.240000000000002
0.979,1.132,0.478,4.899,2.974,3.863,0.4,0.4,0.1,0.1,852.7,1023.24,258.39393939393943,15.315
1.313,0.828,0.161,1.737,0.499,4.151,0.4,0.4,0.1,0.1,989.3,1187.1599999999999,299.7878787878788,10.305
1.433,0.34,1.324,0.192,2.349,1.194,0.4,0.4,0.1,0.1,1000.5,1200.6,303.1818181818182,8.504999999999999
0.626,0.249,0.515,3.132,4.754,1.992,0.4,0.4,0.1,0.1,587.9,705.4799999999999,178.15151515151516,20.61
1.038,0.589,1.489,0.497,2.554,0.144,0.4,0.4,0.1,0.1,827.9,993.4799999999999,250.87878787878788,14.43
1.145,0.386,0.876,0.78,3.018,2.552,0.4,0.4,0.1,0.1,861.1,1033.32,260.93939393939394,12.825
1.279,0.99,1.352,1.695,4.951,4.399,0.4,0.4,0.1,0.1,988.5,1186.2,299.54545454545456,10.815000000000001
0.866,0.919,0.324,3.05,1.214,4.081,0.4,0.4,0.1,0.1,774.9,929.8799999999999,234.8181818181818,17.009999999999998
0.619,1.484,0.247,4.556,4.375,2.585,0.4,0.4,0.1,0.1,707.9,849.4799999999999,214.51515151515153,20.715
1.445,0.613,0.189,0.856,3.031,3.515,0.4,0.4,0.1,0.1,1033.8,1240.56,313.27272727272725,8.325
0.728,1.045,1.061,4.489,4.234,1.11,0.4,0.4,0.1,0.1,718.5,862.1999999999999,217.72727272727275,19.08
1.091,0.336,1.189,4.133,2.714,0.823,0.4,0.4,0.1,0.1,829.1,994.92,251.24242424242425,13.635000000000002
1.243,0.198,1.405,1.345,1.746,1.603,0.4,0.4,0.1,0.1,891.3,1069.56,270.09090909090907,11.354999999999997
0.244,1.368,1.015,4.001,3.373,3.278,0.4,0.4,0.1,0.1,508.8,610.56,154.1818181818182,26.34
1.231,0.166,0.958,4.154,0.254,4.445,0.4,0.4,0.1,0.1,882.1,1058.52,267.3030303030303,11.535
1.006,0.881,0.38,2.159,0.732,2.634,0.4,0.4,0.1,0.1,841.1,1009.3199999999999,254.8787878787879,14.91
1.311,1.446,0.477,3.883,3.51,2.818,0.4,0.4,0.1,0.1,1050.1,1260.12,318.2121212121212,10.335
0.925,1.485,0.221,1.84,2.378,1.991,0.4,0.4,0.1,0.1,861.0,1033.2,260.90909090909093,16.125
0.886,1.349,1.013,3.711,1.772,1.983,0.4,0.4,0.1,0.1,827.9,993.4799999999999,250.87878787878788,16.71
0.169,1.208,0.281,0.832,3.016,4.535,0.4,0.4,0.1,0.1,455.3,546.36,137.96969696969697,27.465
0.774,0.898,0.158,1.517,3.706,4.088,0.4,0.4,0.1,0.1,726.8,872.16,220.24242424242425,18.39
1.403,0.158,0.985,2.101,0.334,0.517,0.4,0.4,0.1,0.1,967.3,1160.76,293.1212121212121,8.954999999999998
0.675,0.621,0.839,2.311,1.19,1.875,0.4,0.4,0.1,0.1,649.6,779.52,196.84848484848487,19.875
1.353,1.33,0.503,1.993,1.859,4.084,0.4,0.4,0.1,0.1,1059.5,1271.3999999999999,321.06060606060606,9.705000000000002
1.181,1.113,1.129,0.262,2.051,0.908,0.4,0.4,0.1,0.1,951.8,1142.1599999999999,288.42424242424244,12.285
0.902,1.101,1.421,4.683,0.407,0.921,0.4,0.4,0.1,0.1,811.1,973.3199999999999,245.7878787878788,16.47
1.414,0.914,1.224,1.333,1.957,4.705,0.4,0.4,0.1,0.1,1048.4,1258.0800000000002,317.69696969696975,8.790000000000003
1.018,1.014,1.313,3.163,3.797,2.945,0.4,0.4,0.1,0.1,860.4,1032.48,260.72727272727275,14.73
0.887,0.75,0.32,2.392,1.937,4.175,0.4,0.4,0.1,0.1,768.5,922.1999999999999,232.8787878787879,16.695
1.473,0.261,0.878,0.5,4.974,3.645,0.4,0.4,0.1,0.1,1012.6,1215.12,306.8484848484849,7.904999999999998
1.208,0.495,1.455,1.651,3.728,2.814,0.4,0.4,0.1,0.1,903.5,1084.2,273.7878787878788,11.879999999999999
0.504,1.089,0.954,4.303,3.027,0.668,0.4,0.4,0.1,0.1,610.9,733.0799999999999,185.12121212121212,22.439999999999998
0.252,1.435,0.107,3.362,1.847,1.94,0.4,0.4,0.1,0.1,519.5,623.4,157.42424242424244,26.22
0.828,0.982,0.221,4.671,1.186,4.13,0.4,0.4,0.1,0.1,762.2,914.64,230.969696969697,17.58
0.494,1.296,0.453,0.666,3.456,0.843,0.4,0.4,0.1,0.1,626.6,751.92,189.8787878787879,22.59
0.686,0.639,0.755,2.9,4.071,2.608,0.4,0.4,0.1,0.1,656.9,788.28,199.06060606060606,19.71
1.332,0.282,0.257,2.538,4.124,0.011,0.4,0.4,0.1,0.1,944.2,1133.04,286.1212121212121,10.02
0.164,0.345,0.322,3.178,3.583,4.192,0.4,0.4,0.1,0.1,366.5,439.8,111.06060606060606,27.54
0.815,0.741,0.803,3.784,0.296,1.947,0.4,0.4,0.1,0.1,731.6,877.92,221.69696969696972,17.775
0.853,0.905,1.347,4.776,3.144,1.57,0.4,0.4,0.1,0.1,767.0,920.4,232.42424242424244,17.205
1.249,0.623,1.104,3.1,3.621,0.151,0.4,0.4,0.1,0.1,936.8,1124.1599999999999,283.8787878787879,11.264999999999997
1.08,1.135,0.701,2.911,1.038,3.614,0.4,0.4,0.1,0.1,903.5,1084.2,273.7878787878788,13.799999999999997
0.959,0.287,0.542,1.001,3.021,3.191,0.4,0.4,0.1,0.1,758.2,909.84,229.75757575757578,15.615
1.224,0.351,1.093,2.904,1.878,0.092,0.4,0.4,0.1,0.1,897.1,1076.52,271.8484848484849,11.64
0.883,0.308,1.415,4.949,1.193,1.726,0.4,0.4,0.1,0.1,722.3,866.7599999999999,218.87878787878788,16.755
0.796,1.089,0.56,3.367,3.042,4.885,0.4,0.4,0.1,0.1,756.9,908.28,229.36363636363637,18.06
0.14,0.764,0.106,3.873,3.796,1.884,0.4,0.4,0.1,0.1,396.4,475.67999999999995,120.12121212121212,27.9
1.381,0.639,1.081,4.865,3.205,2.549,0.4,0.4,0.1,0.1,1004.4,1205.28,304.3636363636364,9.285
0.963,0.296,0.507,4.709,4.206,4.573,0.4,0.4,0.1,0.1,761.1,913.32,230.63636363636365,15.555
0.379,0.888,0.372,3.179,1.452,2.395,0.4,0.4,0.1,0.1,528.3,633.9599999999999,160.0909090909091,24.314999999999998
0.415,1.026,1.414,1.745,4.161,2.267,0.4,0.4,0.1,0.1,560.1,672.12,169.72727272727275,23.775
1.183,1.206,0.93,3.299,2.391,2.694,0.4,0.4,0.1,0.1,962.1,1154.52,291.54545454545456,12.254999999999999
1.318,1.454,1.323,1.143,4.245,2.004,0.4,0.4,0.1,0.1,1054.4,1265.28,319.51515151515156,10.23
0.459,0.444,0.503,2.729,1.284,3.649,0.4,0.4,0.1,0.1,523.9,628.68,158.75757575757575,23.115
0.702,0.507,0.626,3.448,4.724,4.224,0.4,0.4,0.1,0.1,651.7,782.0400000000001,197.4848484848485,19.47
0.575,1.404,0.316,1.974,1.888,0.363,0.4,0.4,0.1,0.1,677.9,813.4799999999999,205.42424242424244,21.375
1.376,0.911,1.36,2.771,1.809,2.651,0.4,0.4,0.1,0.1,1029.1,1234.9199999999998,311.8484848484848,9.360000000000003
1.319,1.056,0.811,3.704,4.621,2.485,0.4,0.4,0.1,0.1,1015.1,1218.12,307.6060606060606,10.215
0.401,1.022,1.078,2.692,2.626,0.86,0.4,0.4,0.1,0.1,552.7,663.24,167.4848484848485,23.985
1.329,0.433,0.619,1.253,3.655,0.107,0.4,0.4,0.1,0.1,957.8,1149.36,290.24242424242425,10.065000000000001
0.494,1.164,1.319,4.199,4.441,1.645,0.4,0.4,0.1,0.1,613.4,736.0799999999999,185.87878787878788,22.59
0.676,1.173,1.093,3.616,1.691,4.206,0.4,0.4,0.1,0.1,705.3,846.3599999999999,213.72727272727272,19.86
0.214,0.616,0.282,1.264,4.972,4.02,0.4,0.4,0.1,0.1,418.6,502.32,126.84848484848486,26.79
0.217,0.673,0.279,2.071,0.18,4.343,0.4,0.4,0.1,0.1,425.8,510.96,129.03030303030303,26.745
0.282,0.416,0.991,4.351,2.914,0.797,0.4,0.4,0.1,0.1,432.6,519.12,131.0909090909091,25.77
1.081,1.156,0.941,3.379,3.876,1.205,0.4,0.4,0.1,0.1,906.1,1087.32,274.5757575757576,13.785
1.128,0.98,0.429,1.024,1.226,4.131,0.4,0.4,0.1,0.1,912.0,1094.3999999999999,276.3636363636364,13.080000000000002
0.856,0.849,0.442,4.758,3.254,1.376,0.4,0.4,0.1,0.1,762.9,915.4799999999999,231.1818181818182,17.16
0.739,1.087,1.024,3.981,1.688,3.559,0.4,0.4,0.1,0.1,728.2,873.84,220.66666666666669,18.915
0.928,0.63,1.07,1.772,2.092,4.26,0.4,0.4,0.1,0.1,777.0,932.4,235.45454545454547,16.08
1.17,0.622,0.918,0.487,0.512,2.979,0.4,0.4,0.1,0.1,897.2,1076.64,271.87878787878793,12.450000000000003
1.14,0.579,0.896,2.487,2.502,4.364,0.4,0.4,0.1,0.1,877.9,1053.48,266.03030303030306,12.900000000000002
0.396,1.301,0.67,3.425,4.693,3.704,0.4,0.4,0.1,0.1,578.1,693.72,175.1818181818182,24.06
1.271,1.28,0.72,3.03,1.7,3.976,0.4,0.4,0.1,0.1,1013.5,1216.2,307.1212121212121,10.935000000000002
0.381,1.039,1.085,1.8,4.971,1.076,0.4,0.4,0.1,0.1,544.4,653.28,164.96969696969697,24.285
1.398,0.909,1.202,0.236,4.299,3.655,0.4,0.4,0.1,0.1,1039.9,1247.88,315.1212121212122,9.030000000000001
0.703,0.501,0.997,3.608,4.649,3.764,0.4,0.4,0.1,0.1,651.6,781.92,197.45454545454547,19.455
1.255,1.429,0.383,3.48,1.029,1.454,0.4,0.4,0.1,0.1,1020.4,1224.48,309.21212121212125,11.175
1.042,0.345,0.282,0.263,3.061,2.508,0.4,0.4,0.1,0.1,805.5,966.5999999999999,244.0909090909091,14.37
1.026,0.722,0.233,0.839,2.859,4.682,0.4,0.4,0.1,0.1,835.2,1002.24,253.09090909090912,14.61
1.465,1.284,1.079,4.827,1.753,0.353,0.4,0.4,0.1,0.1,1110.9,1333.0800000000002,336.6363636363637,8.024999999999999
0.855,0.988,0.235,1.169,0.117,4.847,0.4,0.4,0.1,0.1,776.3,931.56,235.24242424242425,17.175
0.778,1.25,1.31,4.104,1.669,2.545,0.4,0.4,0.1,0.1,764.0,916.8,231.51515151515153,18.33
0.169,0.741,0.85,0.519,2.017,3.934,0.4,0.4,0.1,0.1,408.6,490.32,123.81818181818183,27.465
0.344,1.109,1.021,3.918,1.772,1.713,0.4,0.4,0.1,0.1,532.9,639.4799999999999,161.4848484848485,24.84
0.201,0.287,0.488,2.104,3.63,1.175,0.4,0.4,0.1,0.1,379.2,455.03999999999996,114.9090909090909,26.985
1.323,0.508,0.581,2.424,4.331,4.839,0.4,0.4,0.1,0.1,962.3,1154.76,291.6060606060606,10.155000000000001
0.863,0.314,0.254,4.463,1.253,2.584,0.4,0.4,0.1,0.1,712.9,855.4799999999999,216.03030303030303,17.055
1.198,0.916,0.704,4.643,0.376,1.377,0.4,0.4,0.1,0.1,940.6,1128.72,285.03030303030306,12.030000000000001
0.356,0.615,0.643,0.717,4.831,0.869,0.4,0.4,0.1,0.1,489.5,587.4,148.33333333333334,24.66
1.0,0.348,0.228,3.895,1.85,2.355,0.4,0.4,0.1,0.1,784.8,941.7599999999999,237.8181818181818,15.0
1.484,1.488,0.159,2.345,4.671,4.252,0.4,0.4,0.1,0.1,1140.8,1368.9599999999998,345.6969696969697,7.740000000000002
1.272,0.16,0.189,0.774,4.761,0.103,0.4,0.4,0.1,0.1,902.0,1082.3999999999999,273.33333333333337,10.919999999999998
0.112,0.758,0.468,2.21,3.183,4.137,0.4,0.4,0.1,0.1,381.8,458.16,115.6969696969697,28.32
0.744,0.734,0.931,1.998,4.139,2.51,0.4,0.4,0.1,0.1,695.4,834.4799999999999,210.72727272727272,18.84
1.093,0.326,0.787,2.433,4.953,1.152,0.4,0.4,0.1,0.1,829.1,994.92,251.24242424242425,13.605
1.181,0.341,0.377,4.423,3.129,2.75,0.4,0.4,0.1,0.1,874.6,1049.52,265.03030303030306,12.285
1.164,0.672,0.825,1.417,0.153,3.786,0.4,0.4,0.1,0.1,899.2,1079.04,272.4848484848485,12.540000000000003
0.995,0.925,1.082,1.32,2.414,2.881,0.4,0.4,0.1,0.1,840.0,1008.0,254.54545454545456,15.075
1.016,0.433,0.507,2.682,4.651,4.52,0.4,0.4,0.1,0.1,801.3,961.56,242.8181818181818,14.76
0.644,0.741,1.145,2.969,0.67,2.097,0.4,0.4,0.1,0.1,646.1,775.32,195.7878787878788,20.34
0.654,1.022,0.503,3.663,1.511,2.481,0.4,0.4,0.1,0.1,679.2,815.0400000000001,205.81818181818184,20.189999999999998
1.16,0.834,0.606,3.866,4.742,2.547,0.4,0.4,0.1,0.1,913.4,1096.08,276.7878787878788,12.600000000000001
0.593,0.968,1.333,2.689,0.548,4.568,0.4,0.4,0.1,0.1,643.3,771.9599999999999,194.93939393939394,21.105
0.49,0.305,0.717,0.657,1.939,3.111,0.4,0.4,0.1,0.1,525.5,630.6,159.24242424242425,22.65
1.0,0.599,1.431,1.246,3.193,2.886,0.4,0.4,0.1,0.1,809.9,971.8799999999999,245.42424242424244,15.0
0.845,0.102,1.044,2.071,4.582,2.756,0.4,0.4,0.1,0.1,682.7,819.24,206.8787878787879,17.325000000000003
1.08,1.186,0.95,2.491,3.075,4.235,0.4,0.4,0.1,0.1,908.6,1090.32,275.33333333333337,13.799999999999997
0.672,0.731,0.893,1.75,1.182,4.08,0.4,0.4,0.1,0.1,659.1,790.92,199.72727272727275,19.92
0.925,0.41,1.005,3.508,1.514,3.715,0.4,0.4,0.1,0.1,753.5,904.1999999999999,228.33333333333334,16.125
1.422,0.869,0.475,0.171,4.81,4.221,0.4,0.4,0.1,0.1,1047.9,1257.48,317.5454545454546,8.670000000000002
0.176,0.679,0.574,1.249,4.412,0.801,0.4,0.4,0.1,0.1,405.9,487.0799999999999,123.0,27.36
0.373,0.941,1.325,4.409,1.044,4.033,0.4,0.4,0.1,0.1,530.6,636.72,160.7878787878788,24.405
0.992,1.04,0.924,3.539,3.674,1.978,0.4,0.4,0.1,0.1,850.0,1020.0,257.57575757575756,15.120000000000001
1.432,0.899,0.489,1.497,4.444,4.305,0.4,0.4,0.1,0.1,1055.9,1267.0800000000002,319.969696969697,8.52
0.259,1.073,0.653,0.46,4.35,1.154,0.4,0.4,0.1,0.1,486.8,584.16,147.51515151515153,26.115
0.871,0.841,0.261,2.9,1.218,0.75,0.4,0.4,0.1,0.1,769.6,923.52,233.21212121212122,16.935000000000002
1.068,0.582,0.176,4.647,0.37,2.982,0.4,0.4,0.1,0.1,842.2,1010.64,255.21212121212125,13.98
0.775,0.465,0.449,4.693,3.575,1.459,0.4,0.4,0.1,0.1,684.0,820.8,207.27272727272728,18.375
0.97,0.658,0.642,1.151,4.559,3.736,0.4,0.4,0.1,0.1,800.8,960.9599999999999,242.66666666666666,15.450000000000001
0.879,0.526,1.359,0.175,0.797,3.438,0.4,0.4,0.1,0.1,742.1,890.52,224.8787878787879,16.814999999999998
1.061,0.551,1.129,0.014,1.426,1.588,0.4,0.4,0.1,0.1,835.6,1002.72,253.21212121212125,14.085
1.221,0.218,0.22,1.962,0.544,0.001,0.4,0.4,0.1,0.1,882.3,1058.76,267.3636363636364,11.684999999999999
1.118,0.781,1.464,1.777,2.668,2.144,0.4,0.4,0.1,0.1,887.1,1064.52,268.8181818181818,13.229999999999997
0.913,1.268,1.025,3.991,2.73,3.783,0.4,0.4,0.1,0.1,833.3,999.9599999999999,252.5151515151515,16.305
0.35,1.406,0.301,2.087,4.126,0.855,0.4,0.4,0.1,0.1,565.6,678.72,171.3939393939394,24.75
0.915,1.445,0.612,0.393,4.895,1.382,0.4,0.4,0.1,0.1,852.0,1022.4,258.1818181818182,16.275
0.25,0.623,1.021,4.47,1.809,3.614,0.4,0.4,0.1,0.1,437.3,524.76,132.51515151515153,26.25
0.549,0.376,1.166,2.947,2.526,2.403,0.4,0.4,0.1,0.1,562.1,674.52,170.33333333333334,21.765
0.839,0.777,1.322,1.879,0.899,2.027,0.4,0.4,0.1,0.1,747.2,896.64,226.42424242424244,17.415
0.248,0.449,0.806,2.582,2.039,2.645,0.4,0.4,0.1,0.1,418.9,502.67999999999995,126.93939393939394,26.28
0.103,1.286,1.314,2.364,0.363,1.015,0.4,0.4,0.1,0.1,430.1,516.12,130.33333333333334,28.455
1.019,0.989,1.022,1.435,1.414,0.336,0.4,0.4,0.1,0.1,858.4,1030.08,260.1212121212121,14.715000000000002
0.184,0.739,0.301,3.761,2.13,2.572,0.4,0.4,0.1,0.1,415.9,499.0799999999999,126.03030303030303,27.240000000000002
1.175,1.274,1.103,3.563,0.741,1.804,0.4,0.4,0.1,0.1,964.9,1157.8799999999999,292.3939393939394,12.375
0.945,1.128,0.624,0.054,1.726,3.309,0.4,0.4,0.1,0.1,835.3,1002.3599999999999,253.12121212121212,15.825000000000001
1.395,0.351,1.064,3.443,2.461,2.02,0.4,0.4,0.1,0.1,982.6,1179.12,297.7575757575758,9.075
1.496,0.21,0.859,2.49,2.641,2.987,0.4,0.4,0.1,0.1,1019.0,1222.8,308.7878787878788,7.559999999999999
0.96,1.103,0.882,2.134,0.053,4.962,0.4,0.4,0.1,0.1,840.3,1008.3599999999999,254.63636363636363,15.600000000000001
0.658,1.405,0.528,1.98,0.995,3.218,0.4,0.4,0.1,0.1,719.5,863.4,218.03030303030303,20.13
1.485,0.18,0.978,1.203,0.537,0.449,0.4,0.4,0.1,0.1,1010.5,1212.6,306.21212121212125,7.724999999999998
0.623,1.204,1.427,1.602,0.144,3.214,0.4,0.4,0.1,0.1,681.9,818.28,206.63636363636365,20.655
1.345,0.986,0.899,2.677,2.008,0.954,0.4,0.4,0.1,0.1,1021.1,1225.32,309.42424242424244,9.825
0.259,1.494,0.808,1.164,2.763,0.965,0.4,0.4,0.1,0.1,528.9,634.68,160.27272727272728,26.115
0.251,0.721,1.377,4.094,4.163,3.469,0.4,0.4,0.1,0.1,447.6,537.12,135.63636363636365,26.235
0.433,1.429,0.778,2.239,1.645,4.097,0.4,0.4,0.1,0.1,609.4,731.28,184.66666666666666,23.505
1.035,1.29,0.787,2.328,4.085,1.533,0.4,0.4,0.1,0.1,896.5,1075.8,271.6666666666667,14.475000000000001
0.949,0.799,0.174,4.484,2.433,0.936,0.4,0.4,0.1,0.1,804.4,965.28,243.75757575757575,15.765
0.273,1.239,0.845,2.209,0.359,0.354,0.4,0.4,0.1,0.1,510.4,612.4799999999999,154.66666666666666,25.905
0.514,1.106,0.204,1.021,4.195,1.754,0.4,0.4,0.1,0.1,617.6,741.12,187.15151515151516,22.29
1.121,1.388,0.728,4.039,1.542,4.783,0.4,0.4,0.1,0.1,949.3,1139.1599999999999,287.6666666666667,13.184999999999999
1.102,0.989,0.176,3.879,1.52,4.528,0.4,0.4,0.1,0.1,899.9,1079.8799999999999,272.6969696969697,13.469999999999999
0.516,1.204,0.841,0.423,1.792,0.208,0.4,0.4,0.1,0.1,628.4,754.0799999999999,190.42424242424244,22.259999999999998
1.352,0.346,0.378,0.934,3.407,2.044,0.4,0.4,0.1,0.1,960.6,1152.72,291.0909090909091,9.719999999999999
0.905,0.804,1.479,0.062,0.604,4.612,0.4,0.4,0.1,0.1,782.9,939.4799999999999,237.24242424242425,16.424999999999997
1.19,0.646,0.107,1.459,4.147,0.769,0.4,0.4,0.1,0.1,909.6,1091.52,275.6363636363637,12.150000000000002
0.266,0.947,0.954,4.208,0.987,3.118,0.4,0.4,0.1,0.1,477.7,573.24,144.75757575757575,26.009999999999998
0.595,1.328,1.069,4.051,4.867,0.447,0.4,0.4,0.1,0.1,680.3,816.3599999999999,206.15151515151516,21.075000000000003
0.299,0.8,0.683,3.733,3.034,3.146,0.4,0.4,0.1,0.1,479.5,575.4,145.3030303030303,25.515
0.665,1.417,0.696,1.342,1.607,2.826,0.4,0.4,0.1,0.1,724.2,869.0400000000001,219.45454545454547,20.025
0.946,1.428,0.384,3.629,3.19,1.005,0.4,0.4,0.1,0.1,865.8,1038.9599999999998,262.3636363636364,15.81
0.621,0.923,0.344,2.946,4.761,1.555,0.4,0.4,0.1,0.1,652.8,783.3599999999999,197.8181818181818,20.685000000000002
0.931,1.472,0.683,1.138,1.019,3.398,0.4,0.4,0.1,0.1,862.7,1035.24,261.42424242424244,16.035
1.229,1.024,0.284,1.259,2.418,2.467,0.4,0.4,0.1,0.1,966.9,1160.28,293.0,11.564999999999998
1.273,1.458,0.854,4.062,0.969,2.081,0.4,0.4,0.1,0.1,1032.3,1238.76,312.8181818181818,10.905000000000001
0.778,0.248,1.057,2.417,0.078,4.372,0.4,0.4,0.1,0.1,663.8,796.56,201.15151515151516,18.33
1.47,1.05,0.39,0.345,3.518,3.004,0.4,0.4,0.1,0.1,1090.0,1308.0,330.3030303030303,7.949999999999999
0.632,1.486,1.467,0.119,4.337,1.148,0.4,0.4,0.1,0.1,714.6,857.52,216.54545454545456,20.52
0.651,1.215,1.23,4.15,0.915,2.352,0.4,0.4,0.1,0.1,697.0,836.4,211.21212121212122,20.235
0.634,0.721,0.626,2.073,0.467,4.696,0.4,0.4,0.1,0.1,639.1,766.92,193.66666666666669,20.490000000000002
1.181,1.001,0.79,3.605,0.889,4.208,0.4,0.4,0.1,0.1,940.6,1128.72,285.03030303030306,12.285
1.03,1.168,0.207,0.912,4.817,1.743,0.4,0.4,0.1,0.1,881.8,1058.1599999999999,267.2121212121212,14.549999999999999
1.468,0.378,1.388,0.989,4.49,1.287,0.4,0.4,0.1,0.1,1021.8,1226.1599999999999,309.6363636363636,7.98
1.075,1.326,0.889,0.339,0.857,2.27,0.4,0.4,0.1,0.1,920.1,1104.12,278.8181818181818,13.875
0.932,0.297,0.616,1.602,1.428,3.151,0.4,0.4,0.1,0.1,745.7,894.84,225.969696969697,16.02
0.875,1.246,0.674,1.886,3.982,4.814,0.4,0.4,0.1,0.1,812.1,974.52,246.09090909090912,16.875
0.469,0.578,0.761,1.048,4.281,0.063,0.4,0.4,0.1,0.1,542.3,650.7599999999999,164.33333333333331,22.965
1.431,0.891,0.165,1.686,4.759,2.881,0.4,0.4,0.1,0.1,1054.6,1265.5199999999998,319.57575757575756,8.535
0.265,0.317,0.941,3.304,0.068,2.931,0.4,0.4,0.1,0.1,414.2,497.03999999999996,125.51515151515152,26.025
0.999,1.267,1.277,3.314,3.227,4.891,0.4,0.4,0.1,0.1,876.2,1051.44,265.51515151515156,15.015
1.108,1.069,0.482,4.724,0.537,0.728,0.4,0.4,0.1,0.1,910.9,1093.08,276.03030303030306,13.379999999999999
0.225,0.199,0.586,3.229,4.192,1.314,0.4,0.4,0.1,0.1,382.4,458.87999999999994,115.87878787878788,26.625
1.348,0.858,1.489,4.325,4.352,2.66,0.4,0.4,0.1,0.1,1009.8,1211.76,306.0,9.779999999999998
1.424,0.854,0.678,2.162,4.064,4.612,0.4,0.4,0.1,0.1,1047.4,1256.88,317.39393939393943,8.64
1.07,0.782,1.31,0.633,3.48,1.786,0.4,0.4,0.1,0.1,863.2,1035.84,261.5757575757576,13.95
0.177,0.961,0.213,0.776,0.61,2.697,0.4,0.4,0.1,0.1,434.6,521.52,131.69696969696972,27.345
0.221,0.163,0.222,0.349,2.607,1.887,0.4,0.4,0.1,0.1,376.8,452.16,114.18181818181819,26.685
0.29,0.653,0.91,2.556,1.396,1.457,0.4,0.4,0.1,0.1,460.3,552.36,139.4848484848485,25.65
0.32,0.699,1.35,4.337,1.268,0.099,0.4,0.4,0.1,0.1,479.9,575.88,145.42424242424244,25.2
0.667,0.766,0.887,3.934,2.002,0.646,0.4,0.4,0.1,0.1,660.1,792.12,200.03030303030306,19.994999999999997
0.937,0.286,1.228,3.054,0.645,2.304,0.4,0.4,0.1,0.1,747.1,896.52,226.3939393939394,15.944999999999999
1.136,1.253,0.935,0.982,1.694,4.95,0.4,0.4,0.1,0.1,943.3,1131.9599999999998,285.8484848484849,12.96
0.135,1.02,0.878,3.83,2.464,1.18,0.4,0.4,0.1,0.1,419.5,503.4,127.12121212121212,27.975
0.136,0.631,1.331,4.691,4.148,0.922,0.4,0.4,0.1,0.1,381.1,457.32,115.4848484848485,27.96
1.05,0.516,1.281,4.26,4.256,0.923,0.4,0.4,0.1,0.1,826.6,991.92,250.4848484848485,14.25
1.129,0.149,1.112,1.061,0.401,1.611,0.4,0.4,0.1,0.1,829.4,995.28,251.33333333333334,13.065000000000001
1.104,0.289,1.403,1.279,2.11,0.949,0.4,0.4,0.1,0.1,830.9,997.0799999999999,251.78787878787878,13.439999999999998
0.383,0.27,1.001,0.974,3.341,4.995,0.4,0.4,0.1,0.1,468.5,562.1999999999999,141.96969696969697,24.255
0.525,1.384,1.188,1.857,1.732,2.3,0.4,0.4,0.1,0.1,650.9,781.0799999999999,197.24242424242425,22.125
0.881,1.438,0.838,4.77,4.598,2.957,0.4,0.4,0.1,0.1,834.3,1001.1599999999999,252.8181818181818,16.785
0.749,0.151,0.493,2.056,0.581,3.508,0.4,0.4,0.1,0.1,639.6,767.52,193.81818181818184,18.765
0.631,1.167,0.433,1.928,4.866,2.531,0.4,0.4,0.1,0.1,682.2,818.64,206.72727272727275,20.535
0.62,0.532,0.682,0.144,3.156,1.823,0.4,0.4,0.1,0.1,613.2,735.84,185.81818181818184,20.7
0.671,1.476,0.72,0.277,4.433,3.025,0.4,0.4,0.1,0.1,733.1,879.72,222.15151515151518,19.935
1.208,0.903,0.737,1.857,0.736,2.542,0.4,0.4,0.1,0.1,944.3,1133.1599999999999,286.1515151515151,11.879999999999999
0.723,1.246,0.499,0.364,0.992,3.476,0.4,0.4,0.1,0.1,736.1,883.32,223.0606060606061,19.155
1.173,1.276,1.366,1.837,4.239,4.785,0.4,0.4,0.1,0.1,964.1,1156.92,292.1515151515152,12.405000000000001
1.483,0.495,0.192,1.016,2.601,1.763,0.4,0.4,0.1,0.1,1041.0,1249.2,315.4545454545455,7.754999999999999
1.172,0.933,0.692,4.446,3.185,2.637,0.4,0.4,0.1,0.1,929.3,1115.1599999999999,281.6060606060606,12.420000000000002
0.322,1.316,0.123,4.894,0.475,2.611,0.4,0.4,0.1,0.1,542.6,651.12,164.42424242424244,25.17
0.531,1.257,1.374,1.883,1.619,4.529,0.4,0.4,0.1,0.1,641.2,769.44,194.30303030303034,22.035
0.775,0.598,0.504,0.105,3.835,1.477,0.4,0.4,0.1,0.1,697.3,836.7599999999999,211.3030303030303,18.375
0.448,0.871,0.995,0.167,0.818,4.803,0.4,0.4,0.1,0.1,561.1,673.32,170.03030303030306,23.28
0.776,0.903,0.333,3.337,0.556,4.319,0.4,0.4,0.1,0.1,728.3,873.9599999999999,220.6969696969697,18.36
0.454,1.277,0.987,2.188,4.644,2.009,0.4,0.4,0.1,0.1,604.7,725.64,183.24242424242428,23.189999999999998
1.041,1.477,0.52,3.586,0.771,3.4,0.4,0.4,0.1,0.1,918.2,1101.84,278.24242424242425,14.385000000000002
0.525,0.735,0.48,4.016,3.955,4.8,0.4,0.4,0.1,0.1,586.0,703.1999999999999,177.5757575757576,22.125
1.394,1.076,1.068,2.092,0.137,3.086,0.4,0.4,0.1,0.1,1054.6,1265.5199999999998,319.57575757575756,9.09
1.401,0.493,0.352,0.58,0.838,0.665,0.4,0.4,0.1,0.1,999.8,1199.76,302.969696969697,8.985
1.454,0.855,0.632,0.569,2.677,2.329,0.4,0.4,0.1,0.1,1062.5,1275.0,321.969696969697,8.190000000000001
1.2,0.682,0.603,2.701,2.27,0.851,0.4,0.4,0.1,0.1,918.2,1101.84,278.24242424242425,12.0
0.997,0.731,0.899,2.213,4.157,0.352,0.4,0.4,0.1,0.1,821.6,985.92,248.969696969697,15.045
1.002,0.859,0.74,0.603,1.293,2.892,0.4,0.4,0.1,0.1,836.9,1004.28,253.60606060606062,14.97
0.303,0.454,0.858,2.028,4.878,3.869,0.4,0.4,0.1,0.1,446.9,536.28,135.42424242424244,25.455
0.522,0.538,1.271,3.753,0.187,0.826,0.4,0.4,0.1,0.1,564.8,677.7599999999999,171.15151515151516,22.17
0.721,0.446,0.107,4.762,3.491,2.546,0.4,0.4,0.1,0.1,655.1,786.12,198.51515151515153,19.185000000000002
0.817,1.208,1.263,3.273,1.561,4.943,0.4,0.4,0.1,0.1,779.3,935.1599999999999,236.15151515151516,17.745
0.759,0.786,0.842,2.922,2.418,1.608,0.4,0.4,0.1,0.1,708.1,849.72,214.5757575757576,18.615000000000002
0.214,0.779,0.305,1.769,2.179,4.014,0.4,0.4,0.1,0.1,434.9,521.88,131.78787878787878,26.79
0.85,0.701,1.128,3.97,0.137,1.056,0.4,0.4,0.1,0.1,745.1,894.12,225.7878787878788,17.25
1.106,1.348,0.389,1.748,3.447,1.922,0.4,0.4,0.1,0.1,937.8,1125.36,284.1818181818182,13.41
0.615,0.162,0.175,2.801,4.668,1.965,0.4,0.4,0.1,0.1,573.7,688.44,173.84848484848487,20.775
0.515,1.404,0.29,0.419,4.658,1.653,0.4,0.4,0.1,0.1,647.9,777.4799999999999,196.33333333333334,22.275
0.26,0.203,0.446,0.206,0.046,0.399,0.4,0.4,0.1,0.1,400.3,480.36,121.30303030303031,26.1
0.479,0.231,0.691,1.47,0.916,3.078,0.4,0.4,0.1,0.1,512.6,615.12,155.33333333333334,22.815
0.377,0.113,0.137,3.067,4.657,4.207,0.4,0.4,0.1,0.1,449.8,539.76,136.3030303030303,24.345
1.164,1.427,0.606,1.549,2.993,3.94,0.4,0.4,0.1,0.1,974.7,1169.64,295.3636363636364,12.540000000000003
0.576,1.429,0.487,2.652,4.367,1.179,0.4,0.4,0.1,0.1,680.9,817.0799999999999,206.33333333333334,21.36
0.851,1.341,1.174,0.823,0.964,2.017,0.4,0.4,0.1,0.1,809.6,971.52,245.33333333333334,17.235
0.656,0.747,0.928,2.288,3.56,3.69,0.4,0.4,0.1,0.1,652.7,783.24,197.7878787878788,20.16
1.15,0.799,1.431,2.724,2.351,4.485,0.4,0.4,0.1,0.1,904.9,1085.8799999999999,274.21212121212125,12.75
0.802,1.427,1.353,1.945,0.255,2.468,0.4,0.4,0.1,0.1,793.7,952.44,240.51515151515153,17.97
0.912,1.164,1.455,0.293,0.864,3.022,0.4,0.4,0.1,0.1,822.4,986.8799999999999,249.21212121212122,16.32
0.859,1.027,1.131,2.209,4.796,2.009,0.4,0.4,0.1,0.1,782.2,938.64,237.03030303030306,17.115000000000002
1.185,0.892,0.956,1.156,4.293,4.723,0.4,0.4,0.1,0.1,931.7,1118.04,282.33333333333337,12.224999999999998
0.231,1.447,0.278,0.275,3.245,0.035,0.4,0.4,0.1,0.1,510.20000000000005,612.24,154.60606060606062,26.535
0.709,0.207,0.54,2.01,4.979,1.437,0.4,0.4,0.1,0.1,625.2,750.24,189.45454545454547,19.365000000000002
1.114,0.832,0.17,4.611,0.332,0.292,0.4,0.4,0.1,0.1,890.2,1068.24,269.7575757575758,13.29
1.325,0.592,0.465,3.467,1.074,3.988,0.4,0.4,0.1,0.1,971.7,1166.04,294.4545454545455,10.125
0.499,0.93,0.544,2.208,1.554,0.941,0.4,0.4,0.1,0.1,592.5,711.0,179.54545454545456,22.515
0.519,0.815,1.297,1.694,2.569,0.422,0.4,0.4,0.1,0.1,591.0,709.1999999999999,179.0909090909091,22.215
0.791,0.234,0.963,1.667,2.141,1.116,0.4,0.4,0.1,0.1,668.9,802.68,202.6969696969697,18.134999999999998
1.398,0.289,1.286,2.669,2.96,4.245,0.4,0.4,0.1,0.1,977.9,1173.48,296.3333333333333,9.030000000000001
0.387,1.071,1.287,1.826,1.322,1.615,0.4,0.4,0.1,0.1,550.6,660.72,166.84848484848487,24.195
1.012,1.354,0.553,1.751,2.759,3.576,0.4,0.4,0.1,0.1,891.4,1069.6799999999998,270.1212121212121,14.82
0.209,1.312,1.083,1.368,3.896,0.158,0.4,0.4,0.1,0.1,485.70000000000005,582.84,147.18181818181822,26.865000000000002
0.425,1.34,0.728,1.628,4.605,1.393,0.4,0.4,0.1,0.1,596.5,715.8,180.75757575757578,23.625
0.827,0.854,0.467,2.296,4.755,0.029,0.4,0.4,0.1,0.1,748.9,898.68,226.93939393939394,17.595
0.541,1.045,1.214,1.286,3.883,3.602,0.4,0.4,0.1,0.1,625.0,750.0,189.3939393939394,21.884999999999998
0.202,0.232,0.868,1.269,2.89,4.461,0.4,0.4,0.1,0.1,374.2,449.03999999999996,113.39393939393939,26.97
0.955,1.003,0.795,1.904,3.355,4.053,0.4,0.4,0.1,0.1,827.8,993.3599999999999,250.84848484848484,15.675
1.404,0.562,0.405,1.277,0.095,3.599,0.4,0.4,0.1,0.1,1008.2,1209.84,305.51515151515156,8.940000000000001
1.147,0.982,1.347,4.74,0.553,1.543,0.4,0.4,0.1,0.1,921.7,1106.04,279.3030303030303,12.794999999999998
0.383,0.785,0.303,0.302,2.9,3.194,0.4,0.4,0.1,0.1,520.0,624.0,157.5757575757576,24.255
1.397,0.748,0.79,2.857,1.144,4.961,0.4,0.4,0.1,0.1,1023.3,1227.9599999999998,310.0909090909091,9.044999999999998
0.405,1.06,0.882,0.878,1.706,0.038,0.4,0.4,0.1,0.1,558.5,670.1999999999999,169.24242424242425,23.925
0.734,0.523,0.344,0.625,2.0,0.55,0.4,0.4,0.1,0.1,669.3,803.16,202.8181818181818,18.990000000000002
1.436,0.626,0.496,2.057,2.754,3.72,0.4,0.4,0.1,0.1,1030.6,1236.7199999999998,312.3030303030303,8.46
1.477,1.061,0.993,1.009,0.614,4.42,0.4,0.4,0.1,0.1,1094.6,1313.5199999999998,331.6969696969697,7.844999999999999
0.763,0.865,0.183,3.275,1.099,0.678,0.4,0.4,0.1,0.1,718.0,861.6,217.5757575757576,18.555
0.226,0.639,0.356,4.386,2.133,3.577,0.4,0.4,0.1,0.1,426.9,512.28,129.36363636363637,26.61
1.2,0.926,0.628,3.111,0.183,4.499,0.4,0.4,0.1,0.1,942.6,1131.12,285.6363636363637,12.0
0.105,0.452,1.149,3.162,0.496,1.025,0.4,0.4,0.1,0.1,347.7,417.23999999999995,105.36363636363636,28.425
0.899,0.908,1.196,0.417,0.444,4.765,0.4,0.4,0.1,0.1,790.3,948.3599999999999,239.48484848484847,16.515
0.23,0.166,1.151,1.583,3.841,2.07,0.4,0.4,0.1,0.1,381.6,457.92,115.63636363636365,26.55
1.394,0.971,0.404,3.968,3.112,1.204,0.4,0.4,0.1,0.1,1044.1,1252.9199999999998,316.3939393939394,9.09
0.442,1.038,0.203,2.621,0.956,3.758,0.4,0.4,0.1,0.1,574.8,689.7599999999999,174.1818181818182,23.37
1.462,1.163,0.956,0.634,1.97,0.596,0.4,0.4,0.1,0.1,1097.3,1316.76,332.5151515151515,8.07
0.598,1.303,0.775,2.794,3.456,4.388,0.4,0.4,0.1,0.1,679.3,815.16,205.84848484848484,21.03
0.613,0.861,0.621,3.995,4.678,3.726,0.4,0.4,0.1,0.1,642.6,771.12,194.72727272727275,20.805
0.713,0.622,1.253,3.457,4.538,3.268,0.4,0.4,0.1,0.1,668.7,802.44,202.63636363636365,19.305
1.0,0.508,0.523,2.88,2.786,1.783,0.4,0.4,0.1,0.1,800.8,960.9599999999999,242.66666666666666,15.0
0.124,1.146,1.037,4.765,2.992,3.103,0.4,0.4,0.1,0.1,426.6,511.92,129.27272727272728,28.14
0.252,0.243,1.164,1.943,3.571,1.593,0.4,0.4,0.1,0.1,400.3,480.36,121.30303030303031,26.22
0.749,0.642,0.553,2.464,0.115,3.842,0.4,0.4,0.1,0.1,688.7,826.44,208.69696969696972,18.765
0.355,1.003,0.479,3.283,2.738,1.868,0.4,0.4,0.1,0.1,527.8,633.3599999999999,159.93939393939394,24.675
1.453,0.939,1.082,1.335,2.476,0.009,0.4,0.4,0.1,0.1,1070.4,1284.48,324.36363636363643,8.204999999999998
1.454,0.845,0.102,3.979,3.159,0.193,0.4,0.4,0.1,0.1,1061.5,1273.8,321.6666666666667,8.190000000000001
1.143,1.184,0.431,4.242,4.654,1.5,0.4,0.4,0.1,0.1,939.9,1127.8799999999999,284.8181818181818,12.855
1.329,0.167,0.637,3.627,0.097,0.129,0.4,0.4,0.1,0.1,931.2,1117.44,282.1818181818182,10.065000000000001
1.014,0.115,1.433,4.759,0.884,0.677,0.4,0.4,0.1,0.1,768.5,922.1999999999999,232.8787878787879,14.79
0.134,0.263,0.461,3.913,4.511,3.269,0.4,0.4,0.1,0.1,343.3,411.96,104.03030303030305,27.99
1.021,0.445,0.129,0.56,2.183,2.229,0.4,0.4,0.1,0.1,805.0,966.0,243.93939393939397,14.685000000000002
0.439,0.42,1.427,0.032,1.148,3.358,0.4,0.4,0.1,0.1,511.5,613.8,155.0,23.415
1.425,0.752,0.604,1.397,1.735,4.684,0.4,0.4,0.1,0.1,1037.7,1245.24,314.4545454545455,8.625
1.432,1.229,0.849,3.348,4.268,1.042,0.4,0.4,0.1,0.1,1088.9,1306.68,329.969696969697,8.52
1.169,0.635,1.138,1.378,0.75,1.374,0.4,0.4,0.1,0.1,898.0,1077.6,272.1212121212121,12.465
1.437,1.122,0.655,3.486,3.503,1.268,0.4,0.4,0.1,0.1,1080.7,1296.84,327.4848484848485,8.445
1.463,0.73,1.384,4.494,0.546,0.401,0.4,0.4,0.1,0.1,1054.5,1265.3999999999999,319.54545454545456,8.055
0.526,0.349,1.456,3.85,2.361,2.667,0.4,0.4,0.1,0.1,547.9,657.4799999999999,166.03030303030303,22.11
0.262,1.062,1.343,4.368,4.71,2.624,0.4,0.4,0.1,0.1,487.2,584.64,147.63636363636365,26.07
1.101,1.45,0.959,3.007,1.781,1.831,0.4,0.4,0.1,0.1,945.5,1134.6,286.51515151515156,13.485
1.431,0.745,1.144,0.985,1.615,2.496,0.4,0.4,0.1,0.1,1040.0,1248.0,315.1515151515152,8.535
1.105,0.332,0.74,3.184,4.894,0.367,0.4,0.4,0.1,0.1,835.7,1002.84,253.24242424242428,13.425
0.136,0.536,0.641,2.507,3.998,0.331,0.4,0.4,0.1,0.1,371.6,445.92,112.60606060606062,27.96
1.411,0.449,1.03,1.241,0.207,3.625,0.4,0.4,0.1,0.1,1000.4,1200.48,303.1515151515152,8.835
1.246,0.248,1.063,2.497,4.009,3.276,0.4,0.4,0.1,0.1,897.8,1077.36,272.06060606060606,11.309999999999999
1.006,0.729,0.514,4.008,0.024,0.874,0.4,0.4,0.1,0.1,825.9,991.0799999999999,250.27272727272728,14.91
0.573,0.275,0.607,4.971,3.088,0.108,0.4,0.4,0.1,0.1,564.0,676.8,170.9090909090909,21.405
1.02,0.445,1.422,2.31,4.456,2.821,0.4,0.4,0.1,0.1,804.5,965.4,243.7878787878788,14.7
0.444,1.303,1.473,0.238,3.577,4.049,0.4,0.4,0.1,0.1,602.3,722.7599999999999,182.5151515151515,23.34
0.702,0.44,0.288,4.106,4.081,2.422,0.4,0.4,0.1,0.1,645.0,774.0,195.45454545454547,19.47
0.459,1.021,0.21,2.633,1.686,4.899,0.4,0.4,0.1,0.1,581.6,697.92,176.24242424242425,23.115
0.101,1.318,0.332,3.753,0.493,3.971,0.4,0.4,0.1,0.1,432.3,518.76,131.0,28.485
0.529,1.482,0.149,1.976,4.764,0.515,0.4,0.4,0.1,0.1,662.7,795.24,200.81818181818184,22.064999999999998
1.382,1.408,0.375,2.486,4.307,3.52,0.4,0.4,0.1,0.1,1081.8,1298.1599999999999,327.8181818181818,9.270000000000003
0.742,0.809,0.77,1.514,4.428,2.704,0.4,0.4,0.1,0.1,701.9,842.28,212.6969696969697,18.87
1.216,0.307,1.08,4.628,4.285,4.962,0.4,0.4,0.1,0.1,888.7,1066.44,269.3030303030303,11.760000000000002
0.889,1.215,1.229,3.299,3.268,1.886,0.4,0.4,0.1,0.1,816.0,979.1999999999999,247.27272727272728,16.665
0.23,0.343,1.301,1.462,0.166,4.829,0.4,0.4,0.1,0.1,399.3,479.15999999999997,121.00000000000001,26.55
0.957,0.549,0.663,4.358,3.281,1.616,0.4,0.4,0.1,0.1,783.4,940.0799999999999,237.3939393939394,15.645000000000001
0.656,1.307,0.816,4.718,3.522,2.437,0.4,0.4,0.1,0.1,708.7,850.44,214.75757575757578,20.16
1.306,0.21,0.99,3.046,0.468,0.209,0.4,0.4,0.1,0.1,924.0,1108.8,280.0,10.41
1.239,0.847,0.438,2.431,1.462,0.396,0.4,0.4,0.1,0.1,954.2,1145.04,289.1515151515152,11.415
0.729,0.632,1.01,2.68,0.377,4.958,0.4,0.4,0.1,0.1,677.7,813.24,205.3636363636364,19.064999999999998
1.416,0.969,0.456,3.348,4.563,0.977,0.4,0.4,0.1,0.1,1054.9,1265.88,319.6666666666667,8.760000000000002
1.367,0.811,1.121,1.342,0.569,3.906,0.4,0.4,0.1,0.1,1014.6,1217.52,307.4545454545455,9.495000000000001
1.248,0.908,0.472,3.947,4.762,3.208,0.4,0.4,0.1,0.1,964.8,1157.76,292.3636363636364,11.280000000000001
0.829,0.239,0.268,4.579,3.562,4.284,0.4,0.4,0.1,0.1,688.4,826.0799999999999,208.60606060606062,17.565
0.376,1.083,1.017,1.44,2.845,1.198,0.4,0.4,0.1,0.1,546.3,655.56,165.54545454545453,24.36
0.402,0.786,0.873,1.959,3.246,1.59,0.4,0.4,0.1,0.1,529.6,635.52,160.4848484848485,23.97
0.738,0.816,0.218,4.386,2.786,4.618,0.4,0.4,0.1,0.1,700.6,840.72,212.3030303030303,18.93
1.372,0.631,0.485,0.267,2.375,2.487,0.4,0.4,0.1,0.1,999.1,1198.92,302.7575757575758,9.419999999999998
1.464,1.201,0.409,2.977,4.677,4.178,0.4,0.4,0.1,0.1,1102.1,1322.5199999999998,333.96969696969694,8.04
1.318,1.373,0.681,1.921,0.631,4.92,0.4,0.4,0.1,0.1,1046.3,1255.56,317.06060606060606,10.23
0.572,0.113,1.412,2.913,0.986,2.851,0.4,0.4,0.1,0.1,547.3,656.7599999999999,165.84848484848484,21.42
1.368,1.426,1.476,2.799,2.438,1.508,0.4,0.4,0.1,0.1,1076.6,1291.9199999999998,326.24242424242425,9.479999999999997
0.959,0.252,0.502,4.003,3.884,1.946,0.4,0.4,0.1,0.1,754.7,905.64,228.69696969696972,15.615
0.146,0.165,1.456,4.501,1.642,4.521,0.4,0.4,0.1,0.1,339.5,407.4,102.87878787878789,27.81
0.859,0.742,0.185,0.379,4.016,2.485,0.4,0.4,0.1,0.1,753.7,904.44,228.39393939393943,17.115000000000002
0.628,0.499,1.176,4.096,1.153,2.925,0.4,0.4,0.1,0.1,613.9,736.68,186.03030303030303,20.58
0.525,1.321,0.645,1.42,4.629,4.467,0.4,0.4,0.1,0.1,644.6,773.52,195.33333333333334,22.125
1.5,0.936,0.691,2.088,0.555,4.861,0.4,0.4,0.1,0.1,1093.6,1312.32,331.3939393939394,7.5
0.436,0.51,0.256,1.566,1.829,4.85,0.4,0.4,0.1,0.1,519.0,622.8,157.27272727272728,23.46
1.269,0.425,1.034,3.687,1.619,2.934,0.4,0.4,0.1,0.1,927.0,1112.3999999999999,280.90909090909093,10.965
0.429,1.17,0.229,3.982,3.122,3.031,0.4,0.4,0.1,0.1,581.5,697.8,176.21212121212122,23.565
0.671,1.438,0.206,0.206,4.87,0.294,0.4,0.4,0.1,0.1,729.3,875.16,221.0,19.935
1.116,0.835,0.698,4.622,0.211,2.689,0.4,0.4,0.1,0.1,891.5,1069.8,270.1515151515152,13.259999999999998
1.061,0.549,0.922,3.002,3.924,1.047,0.4,0.4,0.1,0.1,835.4,1002.4799999999999,253.15151515151516,14.085
0.578,0.608,0.91,0.327,0.427,4.335,0.4,0.4,0.1,0.1,599.8,719.7599999999999,181.75757575757575,21.33
0.9,0.594,0.511,2.036,3.8,1.811,0.4,0.4,0.1,0.1,759.4,911.28,230.12121212121212,16.5
0.765,0.493,0.443,3.85,0.42,3.979,0.4,0.4,0.1,0.1,681.8,818.16,206.6060606060606,18.525
0.127,0.828,0.341,3.497,0.007,1.148,0.4,0.4,0.1,0.1,396.3,475.56,120.09090909090911,28.095
0.499,1.084,1.244,4.576,3.649,1.962,0.4,0.4,0.1,0.1,607.9,729.4799999999999,184.21212121212122,22.515
0.678,0.658,1.384,3.181,0.657,4.925,0.4,0.4,0.1,0.1,654.8,785.7599999999999,198.4242424242424,19.83
0.499,1.399,0.555,1.57,0.618,4.246,0.4,0.4,0.1,0.1,639.4,767.28,193.75757575757575,22.515
1.234,0.867,1.088,3.966,2.732,2.336,0.4,0.4,0.1,0.1,953.7,1144.44,289.00000000000006,11.490000000000002
0.97,0.242,0.115,2.01,4.957,0.182,0.4,0.4,0.1,0.1,759.2,911.0400000000001,230.0606060606061,15.450000000000001
0.32,1.452,0.999,0.823,4.633,1.974,0.4,0.4,0.1,0.1,555.2,666.24,168.24242424242428,25.2
0.886,1.194,0.379,0.583,0.447,2.701,0.4,0.4,0.1,0.1,812.4,974.8799999999999,246.1818181818182,16.71
1.42,0.759,0.384,2.377,0.734,1.014,0.4,0.4,0.1,0.1,1035.9,1243.0800000000002,313.90909090909093,8.700000000000003
1.068,0.911,0.138,0.279,3.735,3.302,0.4,0.4,0.1,0.1,875.1,1050.12,265.1818181818182,13.98
1.047,1.315,0.198,0.566,1.095,0.632,0.4,0.4,0.1,0.1,905.0,1086.0,274.24242424242425,14.295000000000002
0.48,1.324,0.166,4.428,3.98,2.76,0.4,0.4,0.1,0.1,622.4,746.88,188.60606060606062,22.8
0.277,0.474,1.057,2.296,3.146,2.878,0.4,0.4,0.1,0.1,435.9,523.0799999999999,132.0909090909091,25.845
0.347,0.804,1.475,1.851,4.566,1.479,0.4,0.4,0.1,0.1,503.9,604.68,152.6969696969697,24.795
0.246,0.867,0.331,2.054,0.239,0.132,0.4,0.4,0.1,0.1,459.7,551.64,139.3030303030303,26.31
1.215,0.428,0.256,3.948,0.301,4.81,0.4,0.4,0.1,0.1,900.3,1080.36,272.8181818181818,11.774999999999999
1.158,0.181,1.117,4.924,1.088,0.446,0.4,0.4,0.1,0.1,847.1,1016.52,256.69696969696975,12.630000000000003
1.254,0.656,1.304,2.639,3.913,3.73,0.4,0.4,0.1,0.1,942.6,1131.12,285.6363636363637,11.190000000000001
0.436,1.027,0.311,1.172,0.453,2.437,0.4,0.4,0.1,0.1,570.7,684.84,172.93939393939397,23.46
0.948,1.461,0.434,0.178,1.479,1.354,0.4,0.4,0.1,0.1,870.1,1044.12,263.6666666666667,15.780000000000001
0.678,0.375,0.63,4.26,1.479,3.541,0.4,0.4,0.1,0.1,626.5,751.8,189.84848484848487,19.83
0.23,0.541,0.297,4.202,2.465,1.204,0.4,0.4,0.1,0.1,419.1,502.92,127.00000000000001,26.55
1.008,0.227,0.692,3.045,4.529,2.716,0.4,0.4,0.1,0.1,776.7,932.04,235.3636363636364,14.879999999999999
0.859,0.225,0.237,1.837,2.646,2.213,0.4,0.4,0.1,0.1,702.0,842.4,212.72727272727275,17.115000000000002
0.977,0.108,0.957,4.91,3.978,1.757,0.4,0.4,0.1,0.1,749.3,899.16,227.06060606060606,15.345
1.212,0.22,0.441,4.429,3.139,1.725,0.4,0.4,0.1,0.1,878.0,1053.6,266.06060606060606,11.82
0.631,0.883,1.382,4.091,3.228,1.193,0.4,0.4,0.1,0.1,653.8,784.56,198.12121212121212,20.535
0.524,0.416,0.846,3.021,2.973,0.269,0.4,0.4,0.1,0.1,553.6,664.32,167.75757575757578,22.14
0.91,0.909,1.294,3.453,3.44,0.396,0.4,0.4,0.1,0.1,795.9,955.0799999999999,241.1818181818182,16.35
0.544,0.507,0.958,4.589,0.666,3.908,0.4,0.4,0.1,0.1,572.7,687.24,173.54545454545456,21.84
1.475,0.774,0.176,0.304,1.375,2.954,0.4,0.4,0.1,0.1,1064.9,1277.88,322.69696969696975,7.875
1.137,1.482,0.106,2.771,2.79,0.555,0.4,0.4,0.1,0.1,966.7,1160.04,292.939393939394,12.945
0.408,0.758,0.505,4.898,0.875,3.599,0.4,0.4,0.1,0.1,529.8,635.7599999999999,160.54545454545453,23.880000000000003
0.773,0.175,1.118,0.35,0.799,0.506,0.4,0.4,0.1,0.1,654.0,784.8,198.1818181818182,18.405
0.961,1.383,0.174,1.517,1.644,2.411,0.4,0.4,0.1,0.1,868.8,1042.56,263.27272727272725,15.585
0.639,1.219,0.964,2.023,1.704,1.014,0.4,0.4,0.1,0.1,691.4,829.68,209.51515151515153,20.415
0.28,0.673,1.141,2.249,4.513,2.833,0.4,0.4,0.1,0.1,457.3,548.76,138.5757575757576,25.8
0.918,0.749,0.526,4.405,4.274,1.438,0.4,0.4,0.1,0.1,783.9,940.68,237.54545454545456,16.229999999999997
0.581,0.685,0.242,0.563,0.801,1.31,0.4,0.4,0.1,0.1,609.0,730.8,184.54545454545456,21.285
1.366,0.95,1.093,2.211,4.861,1.593,0.4,0.4,0.1,0.1,1028.0,1233.6,311.51515151515156,9.509999999999998
1.48,1.151,0.413,0.3,1.487,4.901,0.4,0.4,0.1,0.1,1105.1,1326.12,334.8787878787879,7.800000000000001
1.436,0.967,1.176,4.248,2.541,3.942,0.4,0.4,0.1,0.1,1064.7,1277.64,322.6363636363637,8.46
0.298,0.298,0.283,4.848,2.857,4.41,0.4,0.4,0.1,0.1,428.8,514.56,129.93939393939394,25.53
1.173,1.477,0.239,2.253,1.03,2.361,0.4,0.4,0.1,0.1,984.2,1181.04,298.24242424242425,12.405000000000001
0.771,0.871,0.365,2.245,4.241,1.291,0.4,0.4,0.1,0.1,722.6,867.12,218.969696969697,18.435000000000002
0.614,0.464,0.74,1.098,0.733,4.383,0.4,0.4,0.1,0.1,603.4,724.0799999999999,182.84848484848484,20.79
0.803,1.017,0.903,4.33,1.839,2.735,0.4,0.4,0.1,0.1,753.2,903.84,228.24242424242428,17.955
0.601,1.008,0.691,3.926,0.334,1.613,0.4,0.4,0.1,0.1,651.3,781.56,197.36363636363637,20.985
0.709,1.348,0.562,1.227,4.504,2.013,0.4,0.4,0.1,0.1,739.3,887.16,224.03030303030303,19.365000000000002
0.793,1.455,0.565,3.489,2.047,3.06,0.4,0.4,0.1,0.1,792.0,950.4,240.0,18.104999999999997
1.197,0.55,0.762,1.79,3.056,0.32,0.4,0.4,0.1,0.1,903.5,1084.2,273.7878787878788,12.044999999999998
1.193,1.392,0.884,3.708,4.47,4.362,0.4,0.4,0.1,0.1,985.7,1182.84,298.69696969696975,12.105
0.44,1.13,0.446,1.996,1.435,0.666,0.4,0.4,0.1,0.1,583.0,699.6,176.66666666666669,23.4
1.349,1.34,0.748,2.075,0.037,1.6,0.4,0.4,0.1,0.1,1058.5,1270.2,320.75757575757575,9.765
0.411,0.832,1.24,1.111,4.689,1.602,0.4,0.4,0.1,0.1,538.7,646.44,163.24242424242428,23.835
1.042,0.48,0.653,2.898,0.585,1.625,0.4,0.4,0.1,0.1,819.0,982.8,248.1818181818182,14.37
0.391,0.882,0.954,3.712,2.253,2.222,0.4,0.4,0.1,0.1,533.7,640.44,161.72727272727275,24.134999999999998
1.491,1.45,1.431,0.003,1.067,2.416,0.4,0.4,0.1,0.1,1140.5,1368.6,345.6060606060606,7.634999999999998
1.346,1.023,0.427,0.219,4.555,3.338,0.4,0.4,0.1,0.1,1025.3,1230.36,310.6969696969697,9.809999999999999
0.439,0.131,0.438,2.128,4.193,3.966,0.4,0.4,0.1,0.1,482.6,579.12,146.24242424242425,23.415
0.638,0.564,0.5,4.719,1.23,0.088,0.4,0.4,0.1,0.1,625.4,750.4799999999999,189.51515151515153,20.43
0.505,0.397,0.749,1.262,1.27,1.333,0.4,0.4,0.1,0.1,542.2,650.64,164.3030303030303,22.425
0.232,0.572,0.402,2.774,2.601,4.771,0.4,0.4,0.1,0.1,423.2,507.84,128.24242424242425,26.52
0.976,1.124,1.123,1.965,2.892,1.464,0.4,0.4,0.1,0.1,850.4,1020.4799999999999,257.6969696969697,15.36
0.577,0.737,1.278,1.156,1.367,1.792,0.4,0.4,0.1,0.1,612.2,734.64,185.51515151515153,21.345
1.137,1.267,1.1,4.304,2.294,3.584,0.4,0.4,0.1,0.1,945.2,1134.24,286.42424242424244,12.945
1.048,0.725,0.316,2.232,3.076,4.391,0.4,0.4,0.1,0.1,846.5,1015.8,256.5151515151515,14.28
0.277,1.157,0.899,4.836,4.043,4.79,0.4,0.4,0.1,0.1,504.2,605.04,152.78787878787878,25.845
1.303,0.297,1.298,2.319,2.34,0.423,0.4,0.4,0.1,0.1,931.2,1117.44,282.1818181818182,10.455000000000002
0.457,1.252,0.584,0.691,4.628,1.157,0.4,0.4,0.1,0.1,603.7,724.44,182.93939393939397,23.145
0.101,0.169,1.35,0.552,0.34,1.481,0.4,0.4,0.1,0.1,317.4,380.87999999999994,96.18181818181819,28.485
0.413,0.148,1.441,1.475,2.278,0.521,0.4,0.4,0.1,0.1,471.3,565.56,142.81818181818184,23.805
0.592,0.817,1.408,4.008,3.901,2.225,0.4,0.4,0.1,0.1,627.7,753.24,190.21212121212125,21.12
0.197,0.384,0.224,0.496,3.392,4.229,0.4,0.4,0.1,0.1,386.9,464.28,117.24242424242424,27.045
0.798,0.801,1.4,2.809,3.6,1.492,0.4,0.4,0.1,0.1,729.1,874.92,220.93939393939397,18.03
0.933,1.431,1.197,0.409,0.018,0.04,0.4,0.4,0.1,0.1,859.6,1031.52,260.4848484848485,16.005
1.265,0.64,1.337,0.005,1.864,2.009,0.4,0.4,0.1,0.1,946.5,1135.8,286.8181818181818,11.025000000000002
1.48,0.513,0.657,3.324,1.891,3.324,0.4,0.4,0.1,0.1,1041.3,1249.56,315.54545454545456,7.800000000000001
1.16,1.159,1.48,0.848,4.567,1.54,0.4,0.4,0.1,0.1,945.9,1135.08,286.6363636363636,12.600000000000001
0.868,0.643,0.648,4.685,1.233,0.345,0.4,0.4,0.1,0.1,748.3,897.9599999999999,226.75757575757575,16.98
0.106,0.156,1.457,0.124,3.93,3.581,0.4,0.4,0.1,0.1,318.6,382.32,96.54545454545456,28.41
0.304,0.482,0.721,2.472,0.801,4.031,0.4,0.4,0.1,0.1,450.2,540.24,136.42424242424244,25.44
0.123,1.196,1.105,2.018,0.85,1.551,0.4,0.4,0.1,0.1,431.1,517.32,130.63636363636365,28.155
1.222,1.004,1.419,2.835,1.255,4.817,0.4,0.4,0.1,0.1,961.4,1153.6799999999998,291.3333333333333,11.670000000000002
0.322,1.414,0.192,0.273,0.548,2.609,0.4,0.4,0.1,0.1,552.4,662.88,167.3939393939394,25.17
0.381,0.596,0.197,3.725,0.073,1.578,0.4,0.4,0.1,0.1,500.1,600.12,151.54545454545456,24.285
1.162,0.565,0.869,2.451,4.126,0.158,0.4,0.4,0.1,0.1,887.5,1065.0,268.93939393939394,12.57
0.593,0.948,0.245,3.213,4.61,4.422,0.4,0.4,0.1,0.1,641.3,769.56,194.33333333333334,21.105
0.58,0.549,1.13,1.431,1.084,4.605,0.4,0.4,0.1,0.1,594.9,713.88,180.27272727272728,21.3
0.74,0.207,0.915,3.204,2.762,2.124,0.4,0.4,0.1,0.1,640.7,768.84,194.15151515151518,18.9
0.966,1.364,0.325,2.201,2.687,2.299,0.4,0.4,0.1,0.1,869.4,1043.28,263.45454545454544,15.51
0.824,1.254,0.141,4.063,3.117,1.992,0.4,0.4,0.1,0.1,787.4,944.8799999999999,238.60606060606062,17.64
0.232,0.759,0.352,3.332,1.915,2.189,0.4,0.4,0.1,0.1,441.9,530.28,133.9090909090909,26.52
0.788,1.124,1.356,3.42,2.776,0.34,0.4,0.4,0.1,0.1,756.4,907.68,229.21212121212122,18.18
0.905,1.104,0.761,4.106,3.047,4.092,0.4,0.4,0.1,0.1,812.9,975.4799999999999,246.33333333333334,16.424999999999997
1.323,0.731,0.706,3.162,0.396,1.409,0.4,0.4,0.1,0.1,984.6,1181.52,298.3636363636364,10.155000000000001
0.326,1.255,0.636,1.971,3.471,1.869,0.4,0.4,0.1,0.1,538.5,646.1999999999999,163.1818181818182,25.11
0.128,1.331,0.221,2.596,2.287,0.642,0.4,0.4,0.1,0.1,447.1,536.52,135.4848484848485,28.08
0.618,0.385,0.315,3.614,2.602,1.643,0.4,0.4,0.1,0.1,597.5,717.0,181.06060606060606,20.73
0.663,0.678,0.259,0.326,4.747,4.012,0.4,0.4,0.1,0.1,649.3,779.16,196.75757575757575,20.055
1.095,1.21,0.639,0.49,1.64,0.223,0.4,0.4,0.1,0.1,918.5,1102.2,278.33333333333337,13.575
0.288,1.241,0.153,1.655,0.243,0.492,0.4,0.4,0.1,0.1,518.1,621.72,157.00000000000003,25.68
0.466,1.213,1.376,3.444,3.38,2.756,0.4,0.4,0.1,0.1,604.3,725.16,183.12121212121212,23.009999999999998
1.216,0.485,1.07,4.377,0.64,1.89,0.4,0.4,0.1,0.1,906.5,1087.8,274.6969696969697,11.760000000000002
1.411,1.032,1.369,4.546,2.133,2.357,0.4,0.4,0.1,0.1,1058.7,1270.44,320.81818181818187,8.835
0.751,1.068,1.327,3.683,3.2,3.076,0.4,0.4,0.1,0.1,732.3,878.7599999999999,221.9090909090909,18.735
1.471,0.466,0.752,4.445,3.532,4.996,0.4,0.4,0.1,0.1,1032.1,1238.5199999999998,312.75757575757575,7.934999999999999
0.7,1.497,0.808,3.315,2.051,4.324,0.4,0.4,0.1,0.1,749.7,899.64,227.18181818181822,19.5
0.858,1.061,0.221,4.148,3.651,1.946,0.4,0.4,0.1,0.1,785.1,942.12,237.90909090909093,17.130000000000003
1.303,0.345,0.652,1.737,0.666,4.287,0.4,0.4,0.1,0.1,936.0,1123.2,283.6363636363636,10.455000000000002
0.316,1.125,1.402,1.779,0.311,3.541,0.4,0.4,0.1,0.1,520.5,624.6,157.72727272727275,25.259999999999998
0.953,0.163,1.178,2.454,2.376,0.884,0.4,0.4,0.1,0.1,742.8,891.3599999999999,225.0909090909091,15.705
0.569,1.066,0.521,0.671,4.904,1.559,0.4,0.4,0.1,0.1,641.1,769.32,194.27272727272728,21.465
1.162,0.349,0.785,3.146,3.968,0.293,0.4,0.4,0.1,0.1,865.9,1039.08,262.3939393939394,12.57
1.033,0.534,0.248,3.29,2.1,3.565,0.4,0.4,0.1,0.1,819.9,983.8799999999999,248.45454545454547,14.505
0.886,0.428,0.793,4.389,0.008,4.176,0.4,0.4,0.1,0.1,735.8,882.9599999999999,222.96969696969697,16.71
1.095,1.19,0.998,4.556,3.727,1.31,0.4,0.4,0.1,0.1,916.5,1099.8,277.72727272727275,13.575
0.65,0.781,1.387,0.008,0.232,3.972,0.4,0.4,0.1,0.1,653.1,783.72,197.90909090909093,20.25
0.777,1.405,1.208,1.666,0.327,0.351,0.4,0.4,0.1,0.1,779.0,934.8,236.06060606060606,18.345
1.158,1.424,1.071,4.844,4.247,1.688,0.4,0.4,0.1,0.1,971.4,1165.6799999999998,294.3636363636364,12.630000000000003
0.616,1.463,0.125,0.602,2.164,0.849,0.4,0.4,0.1,0.1,704.3,845.16,213.4242424242424,20.759999999999998
1.326,0.756,1.174,3.977,3.963,4.262,0.4,0.4,0.1,0.1,988.6,1186.32,299.5757575757576,10.11
0.674,1.146,0.155,0.18,4.488,3.493,0.4,0.4,0.1,0.1,701.6,841.92,212.60606060606062,19.89
1.336,1.262,0.601,3.7,3.635,2.461,0.4,0.4,0.1,0.1,1044.2,1253.04,316.42424242424244,9.959999999999997
0.218,0.875,0.684,1.474,4.269,4.06,0.4,0.4,0.1,0.1,446.5,535.8,135.3030303030303,26.73
0.256,1.35,1.444,2.967,0.589,4.278,0.4,0.4,0.1,0.1,513.0,615.6,155.45454545454547,26.16
0.763,0.191,0.176,3.791,1.456,0.099,0.4,0.4,0.1,0.1,650.6,780.72,197.15151515151516,18.555
0.182,0.7,0.205,3.449,4.332,3.081,0.4,0.4,0.1,0.1,411.0,493.2,124.54545454545455,27.27
0.43,0.849,1.456,1.321,4.034,2.954,0.4,0.4,0.1,0.1,549.9,659.88,166.63636363636363,23.55
0.699,0.11,1.071,3.103,1.644,1.301,0.4,0.4,0.1,0.1,610.5,732.6,185.0,19.515
0.751,1.178,1.237,3.379,0.685,3.012,0.4,0.4,0.1,0.1,743.3,891.9599999999999,225.24242424242425,18.735
0.972,0.361,0.982,3.519,1.695,4.935,0.4,0.4,0.1,0.1,772.1,926.52,233.969696969697,15.42
0.577,0.834,1.406,2.879,3.04,3.347,0.4,0.4,0.1,0.1,621.9,746.28,188.45454545454547,21.345
1.225,0.538,1.064,0.572,1.829,1.252,0.4,0.4,0.1,0.1,916.3,1099.56,277.6666666666667,11.625
1.069,0.102,0.587,2.268,0.933,1.111,0.4,0.4,0.1,0.1,794.7,953.64,240.81818181818184,13.965
1.21,0.198,0.248,0.906,2.233,3.093,0.4,0.4,0.1,0.1,874.8,1049.76,265.09090909090907,11.850000000000001
0.767,0.578,0.733,4.553,3.379,0.899,0.4,0.4,0.1,0.1,691.3,829.56,209.48484848484847,18.494999999999997
0.904,0.837,1.201,4.833,3.18,3.387,0.4,0.4,0.1,0.1,785.7,942.84,238.09090909090912,16.439999999999998
0.251,1.29,0.285,1.259,0.82,3.354,0.4,0.4,0.1,0.1,504.5,605.4,152.87878787878788,26.235
0.193,1.052,0.602,0.92,1.632,3.644,0.4,0.4,0.1,0.1,451.7,542.04,136.87878787878788,27.105
0.876,1.398,0.192,2.689,3.017,0.436,0.4,0.4,0.1,0.1,827.8,993.3599999999999,250.84848484848484,16.86
0.436,0.68,0.572,0.819,3.841,1.131,0.4,0.4,0.1,0.1,536.0,643.1999999999999,162.42424242424244,23.46
1.129,0.792,0.936,3.498,1.367,1.463,0.4,0.4,0.1,0.1,893.7,1072.44,270.81818181818187,13.065000000000001
1.239,1.173,0.452,4.274,1.571,1.605,0.4,0.4,0.1,0.1,986.8,1184.1599999999999,299.03030303030306,11.415
0.119,1.285,0.627,1.916,2.796,1.565,0.4,0.4,0.1,0.1,438.0,525.6,132.72727272727275,28.215
0.663,0.828,1.032,0.376,3.7,3.926,0.4,0.4,0.1,0.1,664.3,797.16,201.3030303030303,20.055
0.895,1.041,0.253,2.796,3.746,3.045,0.4,0.4,0.1,0.1,801.6,961.92,242.90909090909093,16.575
0.565,0.504,0.275,3.303,3.83,3.164,0.4,0.4,0.1,0.1,582.9,699.4799999999999,176.63636363636363,21.525
0.604,0.895,1.356,3.065,2.368,2.408,0.4,0.4,0.1,0.1,641.5,769.8,194.3939393939394,20.939999999999998
0.968,0.165,1.42,4.591,3.223,2.753,0.4,0.4,0.1,0.1,750.5,900.6,227.42424242424244,15.48
1.235,1.073,0.309,4.02,1.957,4.591,0.4,0.4,0.1,0.1,974.8,1169.76,295.3939393939394,11.474999999999998
0.87,1.362,1.489,2.999,4.597,3.834,0.4,0.4,0.1,0.1,821.2,985.44,248.84848484848487,16.95
1.103,1.432,0.137,1.669,4.704,2.327,0.4,0.4,0.1,0.1,944.7,1133.64,286.2727272727273,13.455000000000002
0.33,1.086,0.249,0.184,4.147,2.329,0.4,0.4,0.1,0.1,523.6,628.32,158.66666666666669,25.05
0.879,1.123,0.886,4.582,1.288,4.239,0.4,0.4,0.1,0.1,801.8,962.1599999999999,242.96969696969697,16.814999999999998
0.938,0.139,0.168,1.831,4.887,3.399,0.4,0.4,0.1,0.1,732.9,879.4799999999999,222.0909090909091,15.930000000000001
1.15,1.141,0.71,3.953,1.533,2.34,0.4,0.4,0.1,0.1,939.1,1126.92,284.5757575757576,12.75
1.156,1.176,0.85,1.216,1.112,0.857,0.4,0.4,0.1,0.1,945.6,1134.72,286.54545454545456,12.66
0.357,0.19,0.709,4.911,1.988,0.149,0.4,0.4,0.1,0.1,447.5,537.0,135.60606060606062,24.645
1.343,1.112,0.46,2.43,2.876,4.667,0.4,0.4,0.1,0.1,1032.7,1239.24,312.939393939394,9.855
1.132,0.911,1.039,1.301,4.577,2.573,0.4,0.4,0.1,0.1,907.1,1088.52,274.8787878787879,13.020000000000003
1.287,1.48,0.255,1.955,0.803,4.811,0.4,0.4,0.1,0.1,1041.5,1249.8,315.6060606060606,10.695
0.609,0.799,0.366,2.286,4.244,3.035,0.4,0.4,0.1,0.1,634.4,761.28,192.24242424242425,20.865000000000002
0.537,0.762,0.499,2.808,1.68,4.101,0.4,0.4,0.1,0.1,594.7,713.64,180.21212121212125,21.945
1.046,0.882,0.457,1.383,4.191,1.417,0.4,0.4,0.1,0.1,861.2,1033.44,260.969696969697,14.309999999999999
1.118,1.157,1.106,3.527,4.542,4.72,0.4,0.4,0.1,0.1,924.7,1109.64,280.21212121212125,13.229999999999997
0.181,0.743,0.467,1.044,4.18,4.944,0.4,0.4,0.1,0.1,414.8,497.76,125.6969696969697,27.285
0.536,1.252,1.269,0.312,0.232,0.218,0.4,0.4,0.1,0.1,643.2,771.84,194.90909090909093,21.96
1.41,1.106,0.381,3.047,0.836,1.808,0.4,0.4,0.1,0.1,1065.6,1278.7199999999998,322.9090909090909,8.850000000000001
0.107,0.248,0.681,0.358,0.932,3.362,0.4,0.4,0.1,0.1,328.3,393.96,99.4848484848485,28.395
0.605,0.492,1.132,4.145,2.753,3.039,0.4,0.4,0.1,0.1,601.7,722.0400000000001,182.33333333333334,20.925
1.057,1.043,0.975,2.407,4.56,1.975,0.4,0.4,0.1,0.1,882.8,1059.36,267.5151515151515,14.145000000000001
0.556,0.113,0.368,1.108,1.723,2.265,0.4,0.4,0.1,0.1,539.3,647.16,163.4242424242424,21.66
0.833,0.744,0.281,1.874,4.631,3.593,0.4,0.4,0.1,0.1,740.9,889.0799999999999,224.51515151515153,17.505000000000003
0.592,1.172,1.284,3.185,1.376,3.649,0.4,0.4,0.1,0.1,663.2,795.84,200.969696969697,21.12
1.211,1.374,0.101,2.387,3.077,0.163,0.4,0.4,0.1,0.1,992.9,1191.48,300.8787878787879,11.834999999999997
0.231,0.177,0.176,0.925,2.474,3.056,0.4,0.4,0.1,0.1,383.2,459.84,116.12121212121212,26.535
1.306,1.49,0.317,0.544,1.392,1.684,0.4,0.4,0.1,0.1,1052.0,1262.3999999999999,318.7878787878788,10.41
0.109,1.303,0.467,0.909,3.83,2.611,0.4,0.4,0.1,0.1,434.79999999999995,521.7599999999999,131.75757575757575,28.365
0.125,0.6,0.816,0.977,0.842,4.266,0.4,0.4,0.1,0.1,372.5,447.0,112.87878787878789,28.125
1.362,0.555,0.131,0.803,1.164,0.372,0.4,0.4,0.1,0.1,986.5,1183.8,298.93939393939394,9.57
0.65,0.626,0.755,3.176,1.561,1.183,0.4,0.4,0.1,0.1,637.6,765.12,193.21212121212122,20.25
0.418,1.124,1.018,2.153,4.427,4.543,0.4,0.4,0.1,0.1,571.4,685.68,173.15151515151516,23.73
0.241,0.405,1.013,0.619,0.906,1.031,0.4,0.4,0.1,0.1,411.0,493.2,124.54545454545455,26.385
1.232,0.591,1.273,1.807,3.55,2.452,0.4,0.4,0.1,0.1,925.1,1110.12,280.33333333333337,11.52
1.268,0.436,1.46,1.271,3.059,3.418,0.4,0.4,0.1,0.1,927.6,1113.12,281.0909090909091,10.98
0.197,1.344,0.495,1.435,0.986,0.573,0.4,0.4,0.1,0.1,482.9,579.4799999999999,146.33333333333334,27.045
0.525,1.385,1.131,3.121,0.388,1.374,0.4,0.4,0.1,0.1,651.0,781.1999999999999,197.27272727272728,22.125
0.127,1.314,1.35,2.158,0.955,0.84,0.4,0.4,0.1,0.1,444.9,533.88,134.8181818181818,28.095
1.172,0.232,0.414,0.083,2.38,1.719,0.4,0.4,0.1,0.1,859.2,1031.04,260.3636363636364,12.420000000000002
0.267,1.443,0.217,3.493,2.775,1.572,0.4,0.4,0.1,0.1,527.8,633.3599999999999,159.93939393939394,25.995
1.467,1.447,1.088,1.638,0.926,2.157,0.4,0.4,0.1,0.1,1128.2,1353.84,341.87878787878793,7.994999999999997
1.299,0.387,0.524,0.859,1.794,4.031,0.4,0.4,0.1,0.1,938.2,1125.84,284.3030303030303,10.515
1.325,1.171,1.376,2.775,3.16,4.637,0.4,0.4,0.1,0.1,1029.6,1235.5199999999998,312.0,10.125
0.221,0.653,0.307,1.159,1.425,3.992,0.4,0.4,0.1,0.1,425.8,510.96,129.03030303030303,26.685
0.736,0.527,0.216,3.952,3.518,2.686,0.4,0.4,0.1,0.1,670.7,804.84,203.24242424242428,18.96
0.878,1.354,1.037,3.949,0.316,2.769,0.4,0.4,0.1,0.1,824.4,989.28,249.8181818181818,16.83
1.375,1.114,0.495,2.666,2.76,2.987,0.4,0.4,0.1,0.1,1048.9,1258.68,317.8484848484849,9.375
0.325,0.25,1.053,4.114,4.709,3.867,0.4,0.4,0.1,0.1,437.5,525.0,132.5757575757576,25.125
1.375,0.682,0.281,2.035,0.036,3.162,0.4,0.4,0.1,0.1,1005.7,1206.84,304.7575757575758,9.375
1.351,0.261,0.704,1.14,4.4,0.427,0.4,0.4,0.1,0.1,951.6,1141.92,288.3636363636364,9.735
0.26,0.477,0.758,3.004,2.872,4.747,0.4,0.4,0.1,0.1,427.7,513.24,129.60606060606062,26.1
0.99,0.128,0.899,3.197,1.315,3.645,0.4,0.4,0.1,0.1,757.8,909.3599999999999,229.63636363636363,15.15
1.437,1.013,0.675,4.077,4.098,2.831,0.4,0.4,0.1,0.1,1069.8,1283.76,324.1818181818182,8.445
1.379,0.173,0.803,3.403,4.644,3.298,0.4,0.4,0.1,0.1,956.8,1148.1599999999999,289.93939393939394,9.315000000000001
0.906,0.927,0.599,4.275,1.257,2.476,0.4,0.4,0.1,0.1,795.7,954.84,241.12121212121215,16.41
1.203,1.006,1.261,2.127,4.807,3.365,0.4,0.4,0.1,0.1,952.1,1142.52,288.51515151515156,11.954999999999998
1.223,0.682,0.394,2.977,0.753,3.651,0.4,0.4,0.1,0.1,929.7,1115.64,281.72727272727275,11.654999999999998
0.893,0.606,0.416,3.796,2.287,0.22,0.4,0.4,0.1,0.1,757.1,908.52,229.42424242424244,16.605
0.805,0.86,0.376,0.671,0.339,4.566,0.4,0.4,0.1,0.1,738.5,886.1999999999999,223.7878787878788,17.924999999999997
0.543,1.48,1.396,3.865,4.853,0.126,0.4,0.4,0.1,0.1,669.5,803.4,202.8787878787879,21.854999999999997
0.841,0.939,1.438,0.539,2.585,4.641,0.4,0.4,0.1,0.1,764.4,917.28,231.63636363636365,17.384999999999998
1.337,1.098,0.764,3.083,1.879,4.757,0.4,0.4,0.1,0.1,1028.3,1233.9599999999998,311.6060606060606,9.945
0.825,0.541,1.027,2.635,2.323,0.18,0.4,0.4,0.1,0.1,716.6,859.92,217.15151515151518,17.625
0.448,0.802,0.428,4.92,0.756,2.693,0.4,0.4,0.1,0.1,554.2,665.0400000000001,167.93939393939397,23.28
1.206,1.162,0.582,1.637,4.475,0.205,0.4,0.4,0.1,0.1,969.2,1163.04,293.69696969696975,11.91
1.087,1.364,0.948,0.371,0.031,2.238,0.4,0.4,0.1,0.1,929.9,1115.8799999999999,281.7878787878788,13.695
0.225,1.203,0.311,1.248,1.967,1.582,0.4,0.4,0.1,0.1,482.8,579.36,146.3030303030303,26.625
1.11,0.199,0.668,3.449,2.209,0.024,0.4,0.4,0.1,0.1,824.9,989.8799999999999,249.96969696969697,13.349999999999998
1.092,0.924,0.771,3.719,0.568,0.029,0.4,0.4,0.1,0.1,888.4,1066.08,269.21212121212125,13.619999999999997
0.166,0.198,0.368,0.084,4.926,1.341,0.4,0.4,0.1,0.1,352.8,423.36,106.90909090909092,27.509999999999998
0.46,1.04,1.059,2.819,0.408,3.948,0.4,0.4,0.1,0.1,584.0,700.8,176.96969696969697,23.1
1.132,1.162,1.266,3.937,1.011,1.398,0.4,0.4,0.1,0.1,932.2,1118.64,282.4848484848485,13.020000000000003
0.88,0.225,1.488,3.86,1.97,3.981,0.4,0.4,0.1,0.1,712.5,855.0,215.9090909090909,16.8
0.399,1.214,1.433,1.542,4.561,2.547,0.4,0.4,0.1,0.1,570.9,685.0799999999999,173.0,24.015
0.493,1.353,1.008,2.679,1.044,3.529,0.4,0.4,0.1,0.1,631.8,758.16,191.45454545454544,22.605
0.541,0.497,0.878,2.336,1.075,4.855,0.4,0.4,0.1,0.1,570.2,684.24,172.7878787878788,21.884999999999998
1.292,0.522,0.959,1.997,3.039,2.822,0.4,0.4,0.1,0.1,948.2,1137.84,287.33333333333337,10.620000000000001
0.128,0.969,1.0,2.671,2.272,0.875,0.4,0.4,0.1,0.1,410.9,493.0799999999999,124.51515151515152,28.08
0.854,0.192,0.289,3.057,4.981,3.337,0.4,0.4,0.1,0.1,696.2,835.44,210.969696969697,17.189999999999998
0.587,0.987,0.302,3.46,1.698,0.536,0.4,0.4,0.1,0.1,642.2,770.64,194.60606060606062,21.195
0.802,1.178,0.674,0.263,3.607,0.306,0.4,0.4,0.1,0.1,768.8,922.56,232.96969696969697,17.97
1.266,0.88,0.907,2.274,3.081,3.186,0.4,0.4,0.1,0.1,971.0,1165.2,294.24242424242425,11.009999999999998
0.771,1.022,1.335,1.891,1.093,1.316,0.4,0.4,0.1,0.1,737.7,885.24,223.54545454545456,18.435000000000002
0.295,1.212,0.783,2.184,0.217,1.624,0.4,0.4,0.1,0.1,518.7,622.44,157.18181818181822,25.575
1.122,1.336,0.672,4.112,0.817,1.08,0.4,0.4,0.1,0.1,944.6,1133.52,286.24242424242425,13.169999999999998
0.701,1.065,0.714,1.451,2.336,4.884,0.4,0.4,0.1,0.1,707.0,848.4,214.24242424242425,19.485
1.221,1.19,0.636,0.131,0.155,0.481,0.4,0.4,0.1,0.1,979.5,1175.3999999999999,296.8181818181818,11.684999999999999
0.614,1.416,0.9,0.417,1.235,3.771,0.4,0.4,0.1,0.1,698.6,838.32,211.69696969696972,20.79
0.701,1.485,0.501,4.067,1.649,3.905,0.4,0.4,0.1,0.1,749.0,898.8,226.96969696969697,19.485
0.851,0.499,1.273,2.111,3.373,0.162,0.4,0.4,0.1,0.1,725.4,870.4799999999999,219.8181818181818,17.235
1.349,0.488,1.059,4.169,3.401,0.476,0.4,0.4,0.1,0.1,973.3,1167.9599999999998,294.93939393939394,9.765
1.362,0.295,1.46,4.735,2.268,2.205,0.4,0.4,0.1,0.1,960.5,1152.6,291.06060606060606,9.57
0.126,1.426,1.034,4.438,0.246,2.734,0.4,0.4,0.1,0.1,455.6,546.72,138.06060606060606,28.11
1.063,0.248,1.115,3.278,3.321,0.553,0.4,0.4,0.1,0.1,806.3,967.56,244.33333333333334,14.055000000000001
1.194,0.244,0.307,0.337,3.589,2.708,0.4,0.4,0.1,0.1,871.4,1045.6799999999998,264.06060606060606,12.09
0.564,0.216,1.126,2.89,0.717,0.517,0.4,0.4,0.1,0.1,553.6,664.32,167.75757575757578,21.54
0.215,0.651,1.249,2.384,1.007,3.739,0.4,0.4,0.1,0.1,422.6,507.12,128.06060606060606,26.775
1.14,0.536,1.062,0.88,1.182,4.317,0.4,0.4,0.1,0.1,873.6,1048.32,264.72727272727275,12.900000000000002
1.296,1.339,0.839,0.941,0.469,3.81,0.4,0.4,0.1,0.1,1031.9,1238.28,312.69696969696975,10.559999999999999
1.191,1.418,0.855,2.567,3.727,0.33,0.4,0.4,0.1,0.1,987.3,1184.76,299.1818181818182,12.134999999999998
0.502,1.259,1.456,4.425,3.832,0.249,0.4,0.4,0.1,0.1,626.9,752.28,189.96969696969697,22.47
1.367,0.912,1.418,2.129,0.186,0.881,0.4,0.4,0.1,0.1,1024.7,1229.64,310.51515151515156,9.495000000000001
0.431,0.172,0.76,3.214,1.277,1.951,0.4,0.4,0.1,0.1,482.7,579.24,146.27272727272728,23.535
0.985,0.598,0.279,0.757,4.459,1.241,0.4,0.4,0.1,0.1,802.3,962.7599999999999,243.12121212121212,15.225
0.776,1.345,0.786,2.693,3.108,2.31,0.4,0.4,0.1,0.1,772.5,927.0,234.0909090909091,18.36
0.708,1.071,0.324,2.554,3.158,1.452,0.4,0.4,0.1,0.1,711.1,853.32,215.4848484848485,19.380000000000003
1.282,0.12,0.122,3.536,0.508,3.303,0.4,0.4,0.1,0.1,903.0,1083.6,273.6363636363636,10.77
1.215,0.457,1.476,3.3,0.41,3.293,0.4,0.4,0.1,0.1,903.2,1083.84,273.69696969696975,11.774999999999999
0.924,0.334,0.437,2.672,2.83,1.835,0.4,0.4,0.1,0.1,745.4,894.4799999999999,225.87878787878788,16.14
1.013,1.216,0.553,0.965,1.537,2.269,0.4,0.4,0.1,0.1,878.1,1053.72,266.0909090909091,14.805000000000001
1.093,0.678,0.31,3.181,2.865,4.693,0.4,0.4,0.1,0.1,864.3,1037.1599999999999,261.90909090909093,13.605
0.408,1.308,1.006,2.131,2.358,2.137,0.4,0.4,0.1,0.1,584.8,701.7599999999999,177.21212121212122,23.880000000000003
0.455,1.457,0.447,0.971,0.047,0.432,0.4,0.4,0.1,0.1,623.2,747.84,188.84848484848487,23.175
0.57,0.496,0.878,0.744,1.986,4.054,0.4,0.4,0.1,0.1,584.6,701.52,177.15151515151516,21.450000000000003
0.476,0.407,1.261,4.0,1.267,3.096,0.4,0.4,0.1,0.1,528.7,634.44,160.21212121212125,22.86
0.669,0.269,1.24,3.065,0.568,4.13,0.4,0.4,0.1,0.1,611.4,733.68,185.27272727272728,19.965
1.443,0.426,0.365,3.156,4.151,3.382,0.4,0.4,0.1,0.1,1014.1,1216.92,307.3030303030303,8.355
1.158,0.684,1.063,1.7,0.767,0.759,0.4,0.4,0.1,0.1,897.4,1076.8799999999999,271.93939393939394,12.630000000000003
0.263,1.237,0.342,1.404,2.205,3.33,0.4,0.4,0.1,0.1,505.20000000000005,606.24,153.09090909090912,26.055
1.16,0.642,1.106,2.081,1.225,0.576,0.4,0.4,0.1,0.1,894.2,1073.04,270.969696969697,12.600000000000001
0.196,0.486,1.389,0.961,0.14,4.797,0.4,0.4,0.1,0.1,396.6,475.92,120.1818181818182,27.06
0.994,0.938,1.098,0.764,0.764,4.818,0.4,0.4,0.1,0.1,840.8,1008.9599999999999,254.78787878787878,15.09
1.272,0.537,0.516,2.698,2.074,1.21,0.4,0.4,0.1,0.1,939.7,1127.64,284.7575757575758,10.919999999999998
0.988,0.976,1.194,4.549,0.313,1.512,0.4,0.4,0.1,0.1,841.6,1009.92,255.03030303030306,15.18
0.857,0.675,0.67,0.501,3.804,4.814,0.4,0.4,0.1,0.1,746.0,895.1999999999999,226.06060606060606,17.145
1.447,1.136,0.997,1.491,1.893,4.733,0.4,0.4,0.1,0.1,1087.1,1304.5199999999998,329.42424242424244,8.294999999999998
1.152,0.791,0.201,2.614,2.918,4.812,0.4,0.4,0.1,0.1,905.1,1086.12,274.2727272727273,12.720000000000002
1.344,1.027,0.594,0.663,3.645,0.487,0.4,0.4,0.1,0.1,1024.7,1229.64,310.51515151515156,9.84
1.426,1.23,1.319,0.34,4.708,1.879,0.4,0.4,0.1,0.1,1086.0,1303.2,329.0909090909091,8.61
0.265,1.341,1.001,4.259,1.638,0.544,0.4,0.4,0.1,0.1,516.6,619.92,156.54545454545456,26.025
1.033,0.535,1.164,4.722,0.027,3.262,0.4,0.4,0.1,0.1,820.0,984.0,248.4848484848485,14.505
0.118,0.396,1.054,4.746,4.661,3.714,0.4,0.4,0.1,0.1,348.6,418.32,105.63636363636365,28.23
0.176,1.19,1.311,2.152,1.581,0.448,0.4,0.4,0.1,0.1,457.0,548.4,138.4848484848485,27.36
0.67,0.88,0.857,2.537,4.754,3.418,0.4,0.4,0.1,0.1,673.0,807.6,203.93939393939394,19.95
1.5,0.608,1.09,2.102,3.634,2.206,0.4,0.4,0.1,0.1,1060.8,1272.9599999999998,321.45454545454544,7.5
1.038,0.137,0.905,3.572,4.13,4.909,0.4,0.4,0.1,0.1,782.7,939.24,237.18181818181822,14.43
1.281,0.847,0.132,3.785,1.279,0.804,0.4,0.4,0.1,0.1,975.2,1170.24,295.51515151515156,10.785
0.502,0.476,0.529,1.249,4.153,4.674,0.4,0.4,0.1,0.1,548.6,658.32,166.24242424242425,22.47
0.398,0.482,1.222,0.378,3.983,2.377,0.4,0.4,0.1,0.1,497.2,596.64,150.66666666666666,24.03
0.615,0.206,0.778,3.197,3.246,0.603,0.4,0.4,0.1,0.1,578.1,693.72,175.1818181818182,20.775
0.161,0.814,1.014,1.837,0.566,2.976,0.4,0.4,0.1,0.1,411.9,494.28,124.81818181818181,27.585
1.207,0.545,0.58,4.981,0.391,4.031,0.4,0.4,0.1,0.1,908.0,1089.6,275.1515151515152,11.895
1.306,0.237,1.037,4.78,0.455,0.842,0.4,0.4,0.1,0.1,926.7,1112.04,280.81818181818187,10.41
0.193,0.392,1.029,1.83,0.448,0.048,0.4,0.4,0.1,0.1,385.7,462.84,116.87878787878788,27.105
0.681,1.028,0.662,1.232,4.064,3.286,0.4,0.4,0.1,0.1,693.3,831.9599999999999,210.0909090909091,19.785
1.114,0.327,0.235,4.595,0.352,4.543,0.4,0.4,0.1,0.1,839.7,1007.64,254.4545454545455,13.29
1.444,0.543,0.225,4.29,0.929,4.995,0.4,0.4,0.1,0.1,1026.3,1231.56,311.0,8.34
1.491,0.523,1.19,2.418,4.037,4.935,0.4,0.4,0.1,0.1,1047.8,1257.36,317.5151515151515,7.634999999999998
0.239,0.288,0.124,1.898,3.878,4.762,0.4,0.4,0.1,0.1,398.3,477.96,120.6969696969697,26.415
1.266,0.962,0.56,2.882,4.666,1.195,0.4,0.4,0.1,0.1,979.2,1175.04,296.72727272727275,11.009999999999998
0.516,1.363,0.645,0.21,0.456,2.178,0.4,0.4,0.1,0.1,644.3,773.16,195.24242424242425,22.259999999999998
1.478,0.366,0.242,0.179,1.964,2.104,0.4,0.4,0.1,0.1,1025.6,1230.7199999999998,310.78787878787875,7.830000000000002
0.889,0.883,0.626,3.553,3.174,0.64,0.4,0.4,0.1,0.1,782.8,939.3599999999999,237.21212121212122,16.665
0.782,1.211,0.235,1.159,1.32,2.858,0.4,0.4,0.1,0.1,762.1,914.52,230.93939393939397,18.27
0.266,1.448,1.423,1.516,3.277,3.934,0.4,0.4,0.1,0.1,527.8,633.3599999999999,159.93939393939394,26.009999999999998
1.087,1.242,1.488,2.207,1.915,4.024,0.4,0.4,0.1,0.1,917.7,1101.24,278.0909090909091,13.695
1.044,0.54,0.408,2.658,4.655,4.17,0.4,0.4,0.1,0.1,826.0,991.1999999999999,250.3030303030303,14.34
1.265,0.274,0.804,3.757,1.773,2.61,0.4,0.4,0.1,0.1,909.9,1091.8799999999999,275.72727272727275,11.025000000000002
0.521,0.867,0.273,1.626,2.121,2.264,0.4,0.4,0.1,0.1,597.2,716.64,180.969696969697,22.185
1.034,0.262,1.26,0.981,3.381,2.206,0.4,0.4,0.1,0.1,793.2,951.84,240.3636363636364,14.49
1.332,1.24,0.994,1.128,2.944,3.558,0.4,0.4,0.1,0.1,1040.0,1248.0,315.1515151515152,10.02
0.393,0.522,0.506,1.781,1.182,0.089,0.4,0.4,0.1,0.1,498.7,598.4399999999999,151.12121212121212,24.105
0.488,0.828,0.606,2.89,3.562,0.997,0.4,0.4,0.1,0.1,576.8,692.16,174.78787878787878,22.68
0.671,0.608,1.304,2.356,2.095,1.552,0.4,0.4,0.1,0.1,646.3,775.56,195.84848484848484,19.935
1.187,0.368,0.404,0.5,1.659,2.615,0.4,0.4,0.1,0.1,880.3,1056.36,266.75757575757575,12.195
0.574,1.179,1.087,3.024,1.515,2.497,0.4,0.4,0.1,0.1,654.9,785.88,198.45454545454547,21.39
1.218,0.281,1.2,3.66,1.337,4.724,0.4,0.4,0.1,0.1,887.1,1064.52,268.8181818181818,11.73
1.379,0.853,1.387,1.886,1.886,3.476,0.4,0.4,0.1,0.1,1024.8,1229.76,310.54545454545456,9.315000000000001
1.429,0.376,1.473,3.54,0.948,2.041,0.4,0.4,0.1,0.1,1002.1,1202.52,303.6666666666667,8.564999999999998
0.89,0.765,1.187,4.148,5.0,0.094,0.4,0.4,0.1,0.1,771.5,925.8,233.7878787878788,16.65
0.902,0.464,1.454,0.076,1.009,2.914,0.4,0.4,0.1,0.1,747.4,896.88,226.4848484848485,16.47
1.156,1.066,0.484,4.706,2.604,0.241,0.4,0.4,0.1,0.1,934.6,1121.52,283.21212121212125,12.66
1.454,0.87,0.184,0.472,0.246,2.304,0.4,0.4,0.1,0.1,1064.0,1276.8,322.42424242424244,8.190000000000001
0.428,0.389,0.387,2.494,3.204,3.657,0.4,0.4,0.1,0.1,502.9,603.4799999999999,152.3939393939394,23.58
0.11,0.872,1.156,3.498,4.282,0.052,0.4,0.4,0.1,0.1,392.2,470.64,118.84848484848486,28.35
0.919,0.984,0.615,1.21,1.692,3.111,0.4,0.4,0.1,0.1,807.9,969.4799999999999,244.8181818181818,16.215
0.584,0.86,0.244,4.513,2.141,3.898,0.4,0.4,0.1,0.1,628.0,753.6,190.3030303030303,21.240000000000002
0.758,0.541,1.213,4.239,1.747,0.582,0.4,0.4,0.1,0.1,683.1,819.72,207.00000000000003,18.63
1.351,0.178,1.275,2.716,4.094,2.556,0.4,0.4,0.1,0.1,943.3,1131.9599999999998,285.8484848484849,9.735
0.934,1.312,0.885,4.767,1.187,3.034,0.4,0.4,0.1,0.1,848.2,1017.84,257.03030303030306,15.989999999999998
1.295,0.597,1.414,0.694,0.177,3.075,0.4,0.4,0.1,0.1,957.2,1148.64,290.06060606060606,10.575000000000003
0.102,1.257,0.577,1.079,4.091,2.239,0.4,0.4,0.1,0.1,426.7,512.04,129.3030303030303,28.47
0.692,0.319,1.118,1.494,4.724,3.135,0.4,0.4,0.1,0.1,627.9,753.4799999999999,190.27272727272728,19.62
0.445,0.508,1.155,2.572,4.422,2.485,0.4,0.4,0.1,0.1,523.3,627.9599999999999,158.57575757575756,23.325
0.272,0.196,1.175,4.582,3.08,1.403,0.4,0.4,0.1,0.1,405.6,486.72,122.90909090909092,25.92
1.364,0.314,1.05,1.358,2.842,0.67,0.4,0.4,0.1,0.1,963.4,1156.08,291.93939393939394,9.54
0.757,0.613,0.245,0.424,1.324,1.725,0.4,0.4,0.1,0.1,689.8,827.7599999999999,209.03030303030303,18.645
1.205,1.177,0.302,2.811,1.392,2.574,0.4,0.4,0.1,0.1,970.2,1164.24,294.00000000000006,11.924999999999997
0.657,1.423,1.262,1.15,3.468,1.6,0.4,0.4,0.1,0.1,720.8,864.9599999999999,218.42424242424244,20.145
0.198,0.196,0.735,2.068,3.488,1.974,0.4,0.4,0.1,0.1,368.6,442.32,111.69696969696972,27.03
0.961,0.577,0.656,4.955,0.962,2.876,0.4,0.4,0.1,0.1,788.2,945.84,238.84848484848487,15.585
0.998,0.106,0.507,1.084,3.88,0.249,0.4,0.4,0.1,0.1,759.6,911.52,230.1818181818182,15.03
0.827,0.956,0.995,2.666,4.918,1.161,0.4,0.4,0.1,0.1,759.1,910.92,230.03030303030306,17.595
1.267,0.838,1.168,0.973,3.898,0.487,0.4,0.4,0.1,0.1,967.3,1160.76,293.1212121212121,10.995000000000001
1.078,1.116,1.351,0.961,4.123,2.982,0.4,0.4,0.1,0.1,900.6,1080.72,272.90909090909093,13.829999999999998
1.369,1.1,0.957,1.915,1.737,1.438,0.4,0.4,0.1,0.1,1044.5,1253.3999999999999,316.51515151515156,9.465
0.13,1.093,0.27,0.018,4.622,4.418,0.4,0.4,0.1,0.1,424.3,509.15999999999997,128.5757575757576,28.05
0.76,0.324,1.229,0.68,0.996,4.254,0.4,0.4,0.1,0.1,662.4,794.88,200.72727272727272,18.6
0.792,0.522,0.918,4.468,1.905,1.861,0.4,0.4,0.1,0.1,698.2,837.84,211.5757575757576,18.119999999999997
0.695,0.927,0.743,1.237,0.072,2.143,0.4,0.4,0.1,0.1,690.2,828.24,209.15151515151518,19.575000000000003
0.251,0.697,0.229,4.199,0.92,3.964,0.4,0.4,0.1,0.1,445.2,534.24,134.9090909090909,26.235
0.865,1.159,1.013,4.633,4.703,2.937,0.4,0.4,0.1,0.1,798.4,958.0799999999999,241.93939393939394,17.025
0.508,0.72,0.411,2.256,0.843,1.238,0.4,0.4,0.1,0.1,576.0,691.1999999999999,174.54545454545456,22.38
1.412,0.827,1.1,4.669,3.216,3.148,0.4,0.4,0.1,0.1,1038.7,1246.44,314.7575757575758,8.82
0.179,0.317,0.523,2.536,0.178,0.385,0.4,0.4,0.1,0.1,371.2,445.44,112.48484848484848,27.315
1.466,1.265,0.651,3.881,2.027,1.89,0.4,0.4,0.1,0.1,1109.5,1331.3999999999999,336.21212121212125,8.010000000000002
0.958,1.474,0.44,0.155,3.292,2.248,0.4,0.4,0.1,0.1,876.4,1051.6799999999998,265.57575757575756,15.63
1.07,1.206,0.367,3.309,4.329,0.111,0.4,0.4,0.1,0.1,905.6,1086.72,274.42424242424244,13.95
1.179,1.314,0.688,4.837,0.765,0.062,0.4,0.4,0.1,0.1,970.9,1165.08,294.21212121212125,12.314999999999998
0.714,0.435,0.66,1.185,4.171,1.956,0.4,0.4,0.1,0.1,650.5,780.6,197.12121212121212,19.29
1.138,0.511,0.371,1.883,3.684,3.429,0.4,0.4,0.1,0.1,870.1,1044.12,263.6666666666667,12.93
0.183,0.37,1.036,2.715,4.146,2.015,0.4,0.4,0.1,0.1,378.5,454.2,114.6969696969697,27.255
0.379,0.74,0.795,4.229,4.11,2.063,0.4,0.4,0.1,0.1,513.5,616.1999999999999,155.60606060606062,24.314999999999998
1.185,0.85,0.344,3.749,2.495,0.635,0.4,0.4,0.1,0.1,927.5,1113.0,281.06060606060606,12.224999999999998
1.095,0.618,1.022,4.023,0.763,2.003,0.4,0.4,0.1,0.1,859.3,1031.1599999999999,260.3939393939394,13.575
1.197,0.979,1.494,2.11,4.372,2.409,0.4,0.4,0.1,0.1,946.4,1135.6799999999998,286.7878787878788,12.044999999999998
0.656,1.136,1.371,4.215,2.706,3.345,0.4,0.4,0.1,0.1,691.6,829.92,209.5757575757576,20.16
1.442,1.134,0.679,3.795,2.101,0.272,0.4,0.4,0.1,0.1,1084.4,1301.28,328.6060606060606,8.370000000000001
0.154,0.545,0.416,0.837,0.666,0.362,0.4,0.4,0.1,0.1,381.5,457.8,115.60606060606061,27.69
0.489,0.653,1.382,4.782,2.582,3.062,0.4,0.4,0.1,0.1,559.8,671.7599999999999,169.63636363636363,22.665
0.228,0.182,0.373,4.969,4.084,4.945,0.4,0.4,0.1,0.1,382.2,458.64,115.81818181818183,26.58
1.077,0.127,1.181,2.173,0.639,4.11,0.4,0.4,0.1,0.1,801.2,961.44,242.7878787878788,13.844999999999999
0.687,0.98,0.274,4.351,0.505,1.574,0.4,0.4,0.1,0.1,691.5,829.8,209.54545454545456,19.695
0.927,1.351,1.016,0.078,4.914,1.113,0.4,0.4,0.1,0.1,848.6,1018.3199999999999,257.1515151515152,16.095
0.965,0.808,1.125,4.796,2.301,1.252,0.4,0.4,0.1,0.1,813.3,975.9599999999999,246.45454545454547,15.525
0.684,0.336,1.417,1.507,2.071,2.297,0.4,0.4,0.1,0.1,625.6,750.72,189.5757575757576,19.74
1.163,0.54,0.774,3.306,2.951,0.975,0.4,0.4,0.1,0.1,885.5,1062.6,268.33333333333337,12.555
1.165,0.936,1.028,2.398,0.6,0.011,0.4,0.4,0.1,0.1,926.1,1111.32,280.6363636363637,12.524999999999999
0.624,0.529,1.289,2.111,4.352,0.175,0.4,0.4,0.1,0.1,614.9,737.88,186.33333333333334,20.64
1.411,0.678,0.416,3.459,2.788,0.931,0.4,0.4,0.1,0.1,1023.3,1227.9599999999998,310.0909090909091,8.835
0.909,0.804,1.23,0.021,3.483,3.907,0.4,0.4,0.1,0.1,784.9,941.8799999999999,237.84848484848484,16.365000000000002
0.901,0.243,0.519,3.718,4.742,1.953,0.4,0.4,0.1,0.1,724.8,869.7599999999999,219.63636363636363,16.485
0.407,0.703,1.28,3.899,4.425,2.753,0.4,0.4,0.1,0.1,523.8,628.56,158.72727272727272,23.895
0.866,0.392,0.631,4.796,4.975,1.529,0.4,0.4,0.1,0.1,722.2,866.64,218.84848484848487,17.009999999999998
1.335,1.486,0.96,2.05,3.635,3.073,0.4,0.4,0.1,0.1,1066.1,1279.32,323.06060606060606,9.975000000000001
0.363,0.512,1.335,3.516,2.072,4.891,0.4,0.4,0.1,0.1,482.7,579.24,146.27272727272728,24.555
0.15,1.129,0.182,1.799,1.842,1.238,0.4,0.4,0.1,0.1,437.9,525.4799999999999,132.6969696969697,27.75
0.218,1.446,0.921,4.605,1.544,0.958,0.4,0.4,0.1,0.1,503.6,604.32,152.60606060606062,26.73
0.646,1.056,0.883,3.245,3.099,0.435,0.4,0.4,0.1,0.1,678.6,814.32,205.63636363636365,20.310000000000002
1.444,1.228,1.438,4.255,1.03,2.934,0.4,0.4,0.1,0.1,1094.8,1313.76,331.75757575757575,8.34
1.126,1.417,0.196,4.874,3.65,0.279,0.4,0.4,0.1,0.1,954.7,1145.64,289.3030303030303,13.110000000000003
1.479,1.428,1.417,0.015,2.195,1.297,0.4,0.4,0.1,0.1,1132.3,1358.76,343.1212121212121,7.814999999999998
1.085,0.197,0.635,3.104,0.827,1.624,0.4,0.4,0.1,0.1,812.2,974.64,246.12121212121215,13.725000000000001
1.248,1.06,0.749,3.721,0.605,4.866,0.4,0.4,0.1,0.1,980.0,1176.0,296.969696969697,11.280000000000001
0.921,0.214,0.166,0.438,3.591,2.424,0.4,0.4,0.1,0.1,731.9,878.28,221.78787878787878,16.185
1.027,1.127,0.299,4.959,3.961,3.743,0.4,0.4,0.1,0.1,876.2,1051.44,265.51515151515156,14.595
0.796,0.139,0.958,1.728,1.472,2.168,0.4,0.4,0.1,0.1,661.9,794.28,200.5757575757576,18.06
0.32,1.276,1.217,2.399,0.563,4.216,0.4,0.4,0.1,0.1,537.6,645.12,162.90909090909093,25.2
0.231,0.359,1.318,2.138,2.517,3.016,0.4,0.4,0.1,0.1,401.4,481.67999999999995,121.63636363636364,26.535
1.059,0.111,1.392,2.352,1.252,2.782,0.4,0.4,0.1,0.1,790.6,948.72,239.5757575757576,14.115
1.318,1.105,1.264,4.28,4.67,2.556,0.4,0.4,0.1,0.1,1019.5,1223.3999999999999,308.93939393939394,10.23
0.539,1.349,0.97,3.137,0.953,4.185,0.4,0.4,0.1,0.1,654.4,785.28,198.3030303030303,21.915
0.957,0.524,0.627,1.387,4.867,4.227,0.4,0.4,0.1,0.1,780.9,937.0799999999999,236.63636363636365,15.645000000000001
0.946,0.718,0.566,0.941,0.889,2.406,0.4,0.4,0.1,0.1,794.8,953.7599999999999,240.84848484848484,15.81
1.094,0.436,0.255,3.764,2.059,4.09,0.4,0.4,0.1,0.1,840.6,1008.72,254.72727272727275,13.59
1.377,1.297,1.418,4.369,3.197,2.18,0.4,0.4,0.1,0.1,1068.2,1281.84,323.69696969696975,9.344999999999999
0.346,1.324,1.09,1.41,4.639,2.927,0.4,0.4,0.1,0.1,555.4,666.4799999999999,168.3030303030303,24.810000000000002
0.773,1.006,0.493,2.988,2.371,2.358,0.4,0.4,0.1,0.1,737.1,884.52,223.36363636363637,18.405
1.109,0.372,0.165,3.138,1.889,3.122,0.4,0.4,0.1,0.1,841.7,1010.04,255.0606060606061,13.365000000000002
0.81,1.188,0.486,2.37,4.783,3.315,0.4,0.4,0.1,0.1,773.8,928.56,234.48484848484847,17.85
1.083,1.043,1.387,1.207,2.399,2.482,0.4,0.4,0.1,0.1,895.8,1074.9599999999998,271.45454545454544,13.754999999999999
1.445,1.288,0.611,0.777,4.197,2.15,0.4,0.4,0.1,0.1,1101.3,1321.56,333.72727272727275,8.325
0.187,0.351,0.312,2.074,3.698,2.334,0.4,0.4,0.1,0.1,378.6,454.32,114.72727272727273,27.195
0.347,0.684,0.358,4.052,3.265,4.179,0.4,0.4,0.1,0.1,491.9,590.28,149.06060606060606,24.795
1.44,0.795,0.579,0.884,1.165,3.245,0.4,0.4,0.1,0.1,1049.5,1259.3999999999999,318.03030303030306,8.400000000000002
1.313,1.192,1.184,3.939,4.331,4.403,0.4,0.4,0.1,0.1,1025.7,1230.84,310.81818181818187,10.305
0.293,0.965,1.308,0.888,1.891,2.673,0.4,0.4,0.1,0.1,493.0,591.6,149.3939393939394,25.605
1.343,0.151,0.459,0.155,4.113,1.685,0.4,0.4,0.1,0.1,936.6,1123.92,283.8181818181818,9.855
1.286,0.285,1.233,1.776,3.067,3.015,0.4,0.4,0.1,0.1,921.5,1105.8,279.24242424242425,10.71
0.816,0.605,1.289,0.362,2.441,1.352,0.4,0.4,0.1,0.1,718.5,862.1999999999999,217.72727272727275,17.76
1.01,1.152,0.854,4.194,3.171,4.239,0.4,0.4,0.1,0.1,870.2,1044.24,263.69696969696975,14.85
1.082,0.393,0.356,1.962,0.615,0.402,0.4,0.4,0.1,0.1,830.3,996.3599999999999,251.6060606060606,13.77
1.371,1.24,1.12,1.041,4.625,1.292,0.4,0.4,0.1,0.1,1059.5,1271.3999999999999,321.06060606060606,9.434999999999999
0.5,0.992,1.006,4.598,0.545,3.62,0.4,0.4,0.1,0.1,599.2,719.0400000000001,181.5757575757576,22.5
0.433,1.323,1.404,1.75,0.586,3.407,0.4,0.4,0.1,0.1,598.8,718.56,181.45454545454544,23.505
1.06,0.587,1.136,1.221,4.608,0.127,0.4,0.4,0.1,0.1,838.7,1006.44,254.15151515151518,14.1
1.077,1.401,0.8,0.082,2.036,3.912,0.4,0.4,0.1,0.1,928.6,1114.32,281.39393939393943,13.844999999999999
0.139,1.34,0.547,1.615,2.763,1.57,0.4,0.4,0.1,0.1,453.5,544.1999999999999,137.42424242424244,27.915
0.395,0.404,0.495,1.498,1.826,0.873,0.4,0.4,0.1,0.1,487.9,585.4799999999999,147.84848484848484,24.075
1.118,0.496,1.012,3.744,4.509,1.958,0.4,0.4,0.1,0.1,858.6,1030.32,260.1818181818182,13.229999999999997
0.397,1.497,1.385,4.259,2.645,2.856,0.4,0.4,0.1,0.1,598.2,717.84,181.2727272727273,24.045
0.456,0.15,0.772,3.02,4.849,3.15,0.4,0.4,0.1,0.1,493.0,591.6,149.3939393939394,23.16
1.134,0.884,0.204,3.807,3.475,0.711,0.4,0.4,0.1,0.1,905.4,1086.48,274.3636363636364,12.990000000000002
0.842,1.391,0.686,4.599,3.549,0.364,0.4,0.4,0.1,0.1,810.1,972.12,245.4848484848485,17.37
1.088,0.815,0.858,4.496,0.448,0.511,0.4,0.4,0.1,0.1,875.5,1050.6,265.3030303030303,13.68
1.454,0.276,0.825,4.077,0.394,4.306,0.4,0.4,0.1,0.1,1004.6,1205.52,304.42424242424244,8.190000000000001
0.389,0.553,0.267,4.219,3.041,0.949,0.4,0.4,0.1,0.1,499.8,599.76,151.45454545454547,24.165
0.664,0.438,1.416,0.438,4.105,0.564,0.4,0.4,0.1,0.1,625.8,750.9599999999999,189.63636363636363,20.04
1.411,0.467,0.755,1.03,3.643,0.984,0.4,0.4,0.1,0.1,1002.2,1202.64,303.69696969696975,8.835
0.256,0.42,0.232,4.728,2.127,3.155,0.4,0.4,0.1,0.1,420.0,504.0,127.27272727272728,26.16
1.373,0.744,0.361,0.818,4.418,1.645,0.4,0.4,0.1,0.1,1010.9,1213.08,306.33333333333337,9.405000000000001
1.063,1.295,1.161,0.134,3.282,4.743,0.4,0.4,0.1,0.1,911.0,1093.2,276.06060606060606,14.055000000000001
0.442,1.366,0.613,3.627,1.363,4.995,0.4,0.4,0.1,0.1,607.6,729.12,184.12121212121212,23.37
1.031,0.255,0.891,1.717,1.663,4.058,0.4,0.4,0.1,0.1,791.0,949.1999999999999,239.69696969696972,14.535000000000002
0.58,0.983,1.435,0.206,4.649,1.078,0.4,0.4,0.1,0.1,638.3,765.9599999999999,193.4242424242424,21.3
0.347,0.542,0.925,4.925,4.016,2.454,0.4,0.4,0.1,0.1,477.7,573.24,144.75757575757575,24.795
1.224,1.321,0.275,1.71,3.646,2.985,0.4,0.4,0.1,0.1,994.1,1192.92,301.24242424242425,11.64
0.652,1.252,0.272,2.404,1.968,3.144,0.4,0.4,0.1,0.1,701.2,841.44,212.4848484848485,20.22
0.724,0.237,0.168,0.149,2.383,1.078,0.4,0.4,0.1,0.1,635.7,762.84,192.63636363636365,19.14
0.689,1.094,1.022,1.007,4.625,2.368,0.4,0.4,0.1,0.1,703.9,844.68,213.3030303030303,19.665
0.474,0.834,1.179,0.436,0.157,1.262,0.4,0.4,0.1,0.1,570.4,684.4799999999999,172.84848484848484,22.89
0.964,0.975,0.424,1.903,4.172,0.907,0.4,0.4,0.1,0.1,829.5,995.4,251.36363636363637,15.540000000000001
0.468,0.446,0.526,3.923,3.216,1.128,0.4,0.4,0.1,0.1,528.6,634.32,160.1818181818182,22.98
0.494,1.096,1.332,0.679,2.46,3.373,0.4,0.4,0.1,0.1,606.6,727.92,183.81818181818184,22.59
1.372,0.539,1.038,4.556,1.549,1.459,0.4,0.4,0.1,0.1,989.9,1187.8799999999999,299.969696969697,9.419999999999998
0.301,0.721,1.416,3.865,3.664,3.557,0.4,0.4,0.1,0.1,472.6,567.12,143.21212121212122,25.485
0.941,0.528,0.511,2.499,1.19,1.566,0.4,0.4,0.1,0.1,773.3,927.9599999999999,234.33333333333334,15.885000000000002
0.341,0.302,0.149,1.512,2.537,3.401,0.4,0.4,0.1,0.1,450.7,540.8399999999999,136.5757575757576,24.884999999999998
0.305,1.147,0.665,2.519,2.58,0.566,0.4,0.4,0.1,0.1,517.2,620.64,156.72727272727275,25.425
0.767,1.11,0.203,4.74,0.003,0.216,0.4,0.4,0.1,0.1,744.5,893.4,225.60606060606062,18.494999999999997
1.13,1.067,0.369,3.378,4.246,2.632,0.4,0.4,0.1,0.1,921.7,1106.04,279.3030303030303,13.05
0.268,0.1,0.363,3.909,4.65,0.217,0.4,0.4,0.1,0.1,394.0,472.79999999999995,119.3939393939394,25.98
0.715,0.893,0.393,2.675,0.216,2.296,0.4,0.4,0.1,0.1,696.8,836.16,211.15151515151516,19.275
0.436,0.616,0.923,4.142,4.243,4.392,0.4,0.4,0.1,0.1,529.6,635.52,160.4848484848485,23.46
1.055,0.154,1.474,4.357,4.334,4.353,0.4,0.4,0.1,0.1,792.9,951.4799999999999,240.27272727272728,14.175
0.837,0.575,0.827,2.134,4.693,1.472,0.4,0.4,0.1,0.1,726.0,871.1999999999999,220.0,17.445
0.242,1.272,0.188,4.539,2.509,2.42,0.4,0.4,0.1,0.1,498.2,597.8399999999999,150.96969696969697,26.37
1.403,0.961,0.808,0.024,4.655,2.553,0.4,0.4,0.1,0.1,1047.6,1257.12,317.45454545454544,8.954999999999998
0.515,0.179,1.041,4.097,4.332,4.077,0.4,0.4,0.1,0.1,525.4,630.4799999999999,159.21212121212122,22.275
0.338,0.356,0.84,1.925,0.044,2.841,0.4,0.4,0.1,0.1,454.6,545.52,137.75757575757578,24.93
0.29,0.278,1.224,0.835,2.96,4.126,0.4,0.4,0.1,0.1,422.8,507.36,128.12121212121212,25.65
1.202,1.033,0.834,3.565,3.626,4.342,0.4,0.4,0.1,0.1,954.3,1145.1599999999999,289.1818181818182,11.969999999999999
0.763,1.175,1.272,4.935,2.037,4.102,0.4,0.4,0.1,0.1,749.0,898.8,226.96969696969697,18.555
1.236,0.566,0.629,0.213,4.382,3.303,0.4,0.4,0.1,0.1,924.6,1109.52,280.1818181818182,11.46
1.454,0.828,0.475,0.958,2.699,4.598,0.4,0.4,0.1,0.1,1059.8,1271.76,321.1515151515151,8.190000000000001
0.339,1.271,1.055,4.116,2.829,2.788,0.4,0.4,0.1,0.1,546.6,655.92,165.63636363636365,24.915
1.116,0.485,1.369,2.031,1.53,3.005,0.4,0.4,0.1,0.1,856.5,1027.8,259.54545454545456,13.259999999999998
0.885,0.502,0.797,4.466,1.17,1.783,0.4,0.4,0.1,0.1,742.7,891.24,225.0606060606061,16.725
0.548,0.463,0.613,2.22,3.796,2.715,0.4,0.4,0.1,0.1,570.3,684.3599999999999,172.8181818181818,21.78
0.15,1.066,0.397,1.21,1.186,2.473,0.4,0.4,0.1,0.1,431.6,517.92,130.7878787878788,27.75
0.956,0.938,1.272,1.523,2.763,3.691,0.4,0.4,0.1,0.1,821.8,986.1599999999999,249.03030303030303,15.66
0.11,0.536,0.108,1.602,3.971,1.879,0.4,0.4,0.1,0.1,358.6,430.32,108.66666666666669,28.35
0.667,0.498,1.122,1.246,0.203,1.029,0.4,0.4,0.1,0.1,633.3,759.9599999999999,191.9090909090909,19.994999999999997
0.992,1.286,1.287,1.184,1.243,4.919,0.4,0.4,0.1,0.1,874.6,1049.52,265.03030303030306,15.120000000000001
1.251,1.434,0.741,4.57,4.736,0.166,0.4,0.4,0.1,0.1,1018.9,1222.6799999999998,308.75757575757575,11.235000000000003
1.154,1.288,1.0,4.131,2.002,0.301,0.4,0.4,0.1,0.1,955.8,1146.9599999999998,289.6363636363636,12.690000000000001
1.163,0.437,0.127,2.27,3.317,2.785,0.4,0.4,0.1,0.1,875.2,1050.24,265.21212121212125,12.555
1.117,1.176,1.008,2.15,1.842,1.658,0.4,0.4,0.1,0.1,926.1,1111.32,280.6363636363637,13.245000000000001
0.716,0.197,1.064,3.275,2.721,2.39,0.4,0.4,0.1,0.1,627.7,753.24,190.21212121212125,19.259999999999998
0.761,0.493,0.78,0.878,0.345,4.401,0.4,0.4,0.1,0.1,679.8,815.7599999999999,206.0,18.585
0.229,0.429,1.458,0.064,0.257,0.606,0.4,0.4,0.1,0.1,407.4,488.87999999999994,123.45454545454545,26.565
0.856,1.392,1.444,1.078,2.247,3.295,0.4,0.4,0.1,0.1,817.2,980.64,247.63636363636365,17.16
0.573,1.442,1.06,2.877,3.484,2.123,0.4,0.4,0.1,0.1,680.7,816.84,206.2727272727273,21.405
0.703,0.708,1.184,2.059,1.417,2.672,0.4,0.4,0.1,0.1,672.3,806.7599999999999,203.72727272727272,19.455
1.463,0.566,1.248,1.784,2.485,3.683,0.4,0.4,0.1,0.1,1038.1,1245.7199999999998,314.57575757575756,8.055
1.232,0.839,1.361,2.374,4.61,0.894,0.4,0.4,0.1,0.1,949.9,1139.8799999999999,287.8484848484849,11.52
0.138,0.74,0.67,2.812,3.165,2.266,0.4,0.4,0.1,0.1,393.0,471.59999999999997,119.0909090909091,27.93
0.839,1.079,0.689,0.438,2.199,2.272,0.4,0.4,0.1,0.1,777.4,932.8799999999999,235.5757575757576,17.415
1.411,0.831,0.638,1.176,1.355,4.036,0.4,0.4,0.1,0.1,1038.6,1246.32,314.7272727272727,8.835
0.297,1.229,0.669,3.536,2.484,2.951,0.4,0.4,0.1,0.1,521.4,625.68,158.0,25.545
0.545,0.322,0.762,4.38,4.001,1.101,0.4,0.4,0.1,0.1,554.7,665.64,168.09090909090912,21.825
0.466,0.733,1.045,1.211,3.849,0.658,0.4,0.4,0.1,0.1,556.3,667.56,168.57575757575756,23.009999999999998
0.248,0.405,0.784,0.289,0.482,2.515,0.4,0.4,0.1,0.1,414.5,497.4,125.60606060606061,26.28
1.22,1.318,1.398,2.179,0.435,3.026,0.4,0.4,0.1,0.1,991.8,1190.1599999999999,300.54545454545456,11.7
0.874,0.104,0.969,1.96,2.076,3.858,0.4,0.4,0.1,0.1,697.4,836.88,211.33333333333334,16.89
0.634,0.128,0.982,3.123,4.703,2.619,0.4,0.4,0.1,0.1,579.8,695.7599999999999,175.6969696969697,20.490000000000002
0.47,0.458,1.233,2.041,1.106,0.99,0.4,0.4,0.1,0.1,530.8,636.9599999999999,160.84848484848484,22.95
1.181,1.24,1.266,2.5,0.993,4.545,0.4,0.4,0.1,0.1,964.5,1157.3999999999999,292.2727272727273,12.285
1.239,0.203,1.006,4.444,3.37,4.173,0.4,0.4,0.1,0.1,889.8,1067.76,269.6363636363636,11.415
0.863,0.988,0.687,2.957,1.585,1.367,0.4,0.4,0.1,0.1,780.3,936.3599999999999,236.45454545454547,17.055
0.816,0.844,0.733,0.025,1.383,1.056,0.4,0.4,0.1,0.1,742.4,890.88,224.96969696969697,17.76
0.198,0.59,0.304,0.818,3.276,2.316,0.4,0.4,0.1,0.1,408.0,489.59999999999997,123.63636363636364,27.03
1.432,0.843,1.045,4.971,2.474,3.865,0.4,0.4,0.1,0.1,1050.3,1260.36,318.27272727272725,8.52
1.002,0.881,0.538,0.986,0.557,4.528,0.4,0.4,0.1,0.1,839.1,1006.92,254.27272727272728,14.97
0.93,0.653,1.496,4.62,2.819,4.415,0.4,0.4,0.1,0.1,780.3,936.3599999999999,236.45454545454547,16.049999999999997
0.969,0.777,1.245,1.025,0.962,1.398,0.4,0.4,0.1,0.1,812.2,974.64,246.12121212121215,15.465
0.632,0.873,1.152,2.7,2.49,3.212,0.4,0.4,0.1,0.1,653.3,783.9599999999999,197.96969696969697,20.52
0.669,1.365,0.226,3.151,4.902,1.804,0.4,0.4,0.1,0.1,721.0,865.1999999999999,218.4848484848485,19.965
0.17,0.637,0.176,2.393,2.199,3.793,0.4,0.4,0.1,0.1,398.7,478.43999999999994,120.81818181818183,27.45
0.265,1.387,1.048,4.236,2.673,0.04,0.4,0.4,0.1,0.1,521.2,625.44,157.93939393939397,26.025
0.242,0.972,0.446,4.082,2.589,3.838,0.4,0.4,0.1,0.1,468.2,561.8399999999999,141.87878787878788,26.37
0.832,0.65,0.606,0.722,2.434,0.922,0.4,0.4,0.1,0.1,731.0,877.1999999999999,221.51515151515153,17.520000000000003
0.366,1.147,1.418,0.45,2.806,3.27,0.4,0.4,0.1,0.1,547.7,657.24,165.969696969697,24.509999999999998
0.332,0.261,1.374,4.981,2.759,3.585,0.4,0.4,0.1,0.1,442.1,530.52,133.969696969697,25.02
0.638,0.458,1.265,1.94,1.699,4.982,0.4,0.4,0.1,0.1,614.8,737.7599999999999,186.3030303030303,20.43
1.059,0.154,0.698,3.362,0.125,3.214,0.4,0.4,0.1,0.1,794.9,953.8799999999999,240.87878787878788,14.115
0.483,0.202,1.069,4.825,0.824,1.717,0.4,0.4,0.1,0.1,511.7,614.04,155.06060606060606,22.755
0.627,0.556,1.32,0.52,4.795,0.19,0.4,0.4,0.1,0.1,619.1,742.92,187.60606060606062,20.595
0.737,0.957,0.347,4.127,2.264,0.856,0.4,0.4,0.1,0.1,714.2,857.0400000000001,216.42424242424244,18.945
0.958,1.474,0.531,3.837,2.283,3.899,0.4,0.4,0.1,0.1,876.4,1051.6799999999998,265.57575757575756,15.63
0.643,0.33,0.741,0.008,1.291,1.386,0.4,0.4,0.1,0.1,604.5,725.4,183.1818181818182,20.355
0.547,1.059,1.334,2.401,3.764,1.326,0.4,0.4,0.1,0.1,629.4,755.28,190.72727272727272,21.795
0.325,0.933,0.817,2.073,1.911,3.336,0.4,0.4,0.1,0.1,505.8,606.96,153.27272727272728,25.125
1.387,0.835,0.9,3.95,0.842,4.665,0.4,0.4,0.1,0.1,1027.0,1232.3999999999999,311.21212121212125,9.195
0.395,0.18,1.294,3.325,2.202,0.11,0.4,0.4,0.1,0.1,465.5,558.6,141.06060606060606,24.075
1.446,1.052,0.973,1.796,1.21,0.321,0.4,0.4,0.1,0.1,1078.2,1293.84,326.72727272727275,8.310000000000002
1.203,0.987,0.758,1.649,0.35,1.237,0.4,0.4,0.1,0.1,950.2,1140.24,287.939393939394,11.954999999999998
1.464,0.119,0.282,2.215,0.099,1.363,0.4,0.4,0.1,0.1,993.9,1192.6799999999998,301.1818181818182,8.04
0.231,1.305,0.959,2.108,4.08,1.367,0.4,0.4,0.1,0.1,496.0,595.1999999999999,150.3030303030303,26.535
1.32,0.489,1.318,0.377,3.755,4.122,0.4,0.4,0.1,0.1,958.9,1150.6799999999998,290.57575757575756,10.2
0.292,0.261,1.154,3.896,4.91,1.038,0.4,0.4,0.1,0.1,422.1,506.52,127.90909090909092,25.62
0.943,1.463,1.099,0.75,1.841,0.966,0.4,0.4,0.1,0.1,867.8,1041.36,262.969696969697,15.855
1.349,0.547,0.711,0.751,1.458,1.692,0.4,0.4,0.1,0.1,979.2,1175.04,296.72727272727275,9.765
1.45,0.542,0.475,3.908,1.941,1.749,0.4,0.4,0.1,0.1,1029.2,1235.04,311.87878787878793,8.25
1.467,0.368,1.103,1.168,1.189,4.197,0.4,0.4,0.1,0.1,1020.3,1224.36,309.1818181818182,7.994999999999997
0.258,0.144,1.014,3.308,1.32,1.138,0.4,0.4,0.1,0.1,393.4,472.0799999999999,119.21212121212122,26.13
0.624,0.631,0.678,1.362,1.248,3.38,0.4,0.4,0.1,0.1,625.1,750.12,189.42424242424244,20.64
1.092,1.081,0.78,0.777,1.527,2.916,0.4,0.4,0.1,0.1,904.1,1084.92,273.969696969697,13.619999999999997
0.355,0.28,1.219,2.049,3.269,2.53,0.4,0.4,0.1,0.1,455.5,546.6,138.03030303030303,24.675
1.245,0.831,0.174,0.109,4.825,1.762,0.4,0.4,0.1,0.1,955.6,1146.72,289.5757575757576,11.325
0.325,1.264,0.706,4.136,0.737,2.154,0.4,0.4,0.1,0.1,538.9,646.68,163.3030303030303,25.125
0.604,0.876,0.492,4.013,3.9,1.417,0.4,0.4,0.1,0.1,639.6,767.52,193.81818181818184,20.939999999999998
0.628,0.846,1.045,0.522,3.497,3.407,0.4,0.4,0.1,0.1,648.6,778.32,196.54545454545456,20.58
1.412,0.606,0.177,0.227,3.794,1.745,0.4,0.4,0.1,0.1,1016.6,1219.92,308.06060606060606,8.82
0.645,1.286,0.238,3.855,4.204,2.698,0.4,0.4,0.1,0.1,701.1,841.32,212.45454545454547,20.325
0.76,0.187,0.125,3.032,1.136,2.947,0.4,0.4,0.1,0.1,648.7,778.44,196.5757575757576,18.6
0.944,1.24,0.636,3.357,3.253,1.655,0.4,0.4,0.1,0.1,846.0,1015.1999999999999,256.3636363636364,15.84
1.483,0.127,0.687,4.152,4.195,2.687,0.4,0.4,0.1,0.1,1004.2,1205.04,304.3030303030303,7.754999999999999
0.97,1.343,0.834,0.672,1.947,0.079,0.4,0.4,0.1,0.1,869.3,1043.1599999999999,263.42424242424244,15.450000000000001
1.174,0.102,1.481,0.189,1.734,1.614,0.4,0.4,0.1,0.1,847.2,1016.64,256.72727272727275,12.39
0.618,1.107,0.935,1.311,3.061,4.94,0.4,0.4,0.1,0.1,669.7,803.64,202.93939393939397,20.73
0.454,0.837,0.579,3.993,4.252,3.494,0.4,0.4,0.1,0.1,560.7,672.84,169.90909090909093,23.189999999999998
0.216,0.205,1.485,2.23,1.613,2.01,0.4,0.4,0.1,0.1,378.5,454.2,114.6969696969697,26.76
0.306,0.652,0.731,1.37,4.672,0.268,0.4,0.4,0.1,0.1,468.2,561.8399999999999,141.87878787878788,25.41
0.287,1.185,0.647,4.044,4.802,2.297,0.4,0.4,0.1,0.1,512.0,614.4,155.15151515151516,25.695
1.165,1.242,0.979,0.986,4.569,3.127,0.4,0.4,0.1,0.1,956.7,1148.04,289.90909090909093,12.524999999999999
1.267,0.863,0.152,0.33,1.046,4.738,0.4,0.4,0.1,0.1,969.8,1163.76,293.8787878787879,10.995000000000001
1.263,0.595,1.395,0.788,3.535,0.628,0.4,0.4,0.1,0.1,941.0,1129.2,285.1515151515152,11.055
1.291,0.191,1.379,4.762,1.475,3.979,0.4,0.4,0.1,0.1,914.6,1097.52,277.1515151515152,10.635000000000002
1.461,0.624,0.136,0.268,4.137,1.192,0.4,0.4,0.1,0.1,1042.9,1251.48,316.03030303030306,8.084999999999997
0.951,0.798,0.548,4.741,3.617,3.326,0.4,0.4,0.1,0.1,805.3,966.3599999999999,244.03030303030303,15.735000000000001
0.198,1.287,0.112,4.106,1.693,2.758,0.4,0.4,0.1,0.1,477.7,573.24,144.75757575757575,27.03
1.271,0.189,1.253,3.302,3.906,4.564,0.4,0.4,0.1,0.1,904.4,1085.28,274.06060606060606,10.935000000000002
1.377,0.863,1.279,0.045,2.96,0.822,0.4,0.4,0.1,0.1,1024.8,1229.76,310.54545454545456,9.344999999999999
1.177,1.22,0.179,1.274,2.528,3.897,0.4,0.4,0.1,0.1,960.5,1152.6,291.06060606060606,12.344999999999999
1.369,0.928,0.889,1.659,2.45,2.736,0.4,0.4,0.1,0.1,1027.3,1232.76,311.3030303030303,9.465
0.949,0.169,0.865,1.405,0.739,0.458,0.4,0.4,0.1,0.1,741.4,889.68,224.66666666666669,15.765
0.439,1.452,0.963,2.27,4.113,4.821,0.4,0.4,0.1,0.1,614.7,737.64,186.2727272727273,23.415
1.223,1.47,1.257,1.876,1.472,2.878,0.4,0.4,0.1,0.1,1008.5,1210.2,305.6060606060606,11.654999999999998
0.1,1.053,0.973,2.062,2.366,0.599,0.4,0.4,0.1,0.1,405.3,486.36,122.81818181818183,28.5
1.187,1.174,0.99,0.105,2.435,4.502,0.4,0.4,0.1,0.1,960.9,1153.08,291.1818181818182,12.195
0.716,0.69,0.263,0.616,4.327,1.63,0.4,0.4,0.1,0.1,677.0,812.4,205.15151515151516,19.259999999999998
1.068,0.996,0.494,3.399,2.517,3.723,0.4,0.4,0.1,0.1,883.6,1060.32,267.75757575757575,13.98
0.739,0.41,0.324,2.455,2.76,2.303,0.4,0.4,0.1,0.1,660.5,792.6,200.15151515151516,18.915
1.023,1.174,0.133,0.634,3.919,4.123,0.4,0.4,0.1,0.1,878.9,1054.6799999999998,266.3333333333333,14.655000000000001
0.345,1.163,0.852,4.53,3.456,4.701,0.4,0.4,0.1,0.1,538.8,646.56,163.27272727272728,24.825
0.751,0.692,0.105,4.104,1.249,2.525,0.4,0.4,0.1,0.1,694.7,833.64,210.51515151515153,18.735
0.306,1.23,1.114,4.93,1.778,3.662,0.4,0.4,0.1,0.1,526.0,631.1999999999999,159.3939393939394,25.41
1.071,1.118,0.32,1.272,0.489,4.423,0.4,0.4,0.1,0.1,897.3,1076.76,271.90909090909093,13.935000000000002
0.549,0.17,1.224,2.39,3.673,4.956,0.4,0.4,0.1,0.1,541.5,649.8,164.0909090909091,21.765
0.906,0.696,0.171,0.75,1.958,4.543,0.4,0.4,0.1,0.1,772.6,927.12,234.12121212121215,16.41
0.915,1.087,0.804,0.158,4.491,4.038,0.4,0.4,0.1,0.1,816.2,979.44,247.33333333333337,16.275
1.243,0.611,0.295,1.06,0.287,3.9,0.4,0.4,0.1,0.1,932.6,1119.12,282.6060606060606,11.354999999999997
0.273,0.101,0.814,2.171,0.705,1.391,0.4,0.4,0.1,0.1,396.6,475.92,120.1818181818182,25.905
1.405,0.797,0.68,3.061,2.013,3.358,0.4,0.4,0.1,0.1,1032.2,1238.64,312.7878787878788,8.925
0.466,0.507,0.463,1.224,4.824,1.519,0.4,0.4,0.1,0.1,533.7,640.44,161.72727272727275,23.009999999999998
0.359,0.29,1.341,1.831,3.847,3.323,0.4,0.4,0.1,0.1,458.5,550.1999999999999,138.93939393939394,24.615000000000002
1.273,0.179,0.47,2.697,2.952,0.225,0.4,0.4,0.1,0.1,904.4,1085.28,274.06060606060606,10.905000000000001
0.915,0.291,0.487,4.962,4.649,1.467,0.4,0.4,0.1,0.1,736.6,883.92,223.21212121212122,16.275
0.221,0.932,1.462,2.699,2.441,1.612,0.4,0.4,0.1,0.1,453.7,544.4399999999999,137.4848484848485,26.685
1.375,0.812,0.21,1.934,0.809,3.409,0.4,0.4,0.1,0.1,1018.7,1222.44,308.69696969696975,9.375
0.948,0.531,0.148,2.451,4.741,1.102,0.4,0.4,0.1,0.1,777.1,932.52,235.4848484848485,15.780000000000001
1.267,0.485,1.163,2.152,2.422,4.717,0.4,0.4,0.1,0.1,932.0,1118.3999999999999,282.42424242424244,10.995000000000001
0.912,1.357,0.701,3.53,2.45,4.131,0.4,0.4,0.1,0.1,841.7,1010.04,255.0606060606061,16.32
0.267,1.475,0.592,1.032,4.36,2.11,0.4,0.4,0.1,0.1,531.0,637.1999999999999,160.9090909090909,25.995
0.554,0.754,1.288,4.065,3.663,4.062,0.4,0.4,0.1,0.1,602.4,722.88,182.54545454545456,21.689999999999998
0.629,1.272,0.156,2.664,0.529,3.546,0.4,0.4,0.1,0.1,691.7,830.0400000000001,209.60606060606062,20.564999999999998
0.638,0.489,0.725,0.473,3.439,2.398,0.4,0.4,0.1,0.1,617.9,741.4799999999999,187.24242424242425,20.43
1.261,1.281,0.374,1.352,0.747,2.575,0.4,0.4,0.1,0.1,1008.6,1210.32,305.6363636363637,11.085
0.791,0.869,0.158,4.298,3.405,0.677,0.4,0.4,0.1,0.1,732.4,878.88,221.93939393939394,18.134999999999998
1.26,0.225,1.333,4.435,3.11,0.735,0.4,0.4,0.1,0.1,902.5,1083.0,273.4848484848485,11.100000000000001
0.633,0.555,0.187,0.047,0.141,3.222,0.4,0.4,0.1,0.1,622.0,746.4,188.4848484848485,20.505
0.768,1.263,1.462,4.777,1.897,4.96,0.4,0.4,0.1,0.1,760.3,912.3599999999999,230.3939393939394,18.48
1.131,1.152,0.252,0.34,2.577,3.596,0.4,0.4,0.1,0.1,930.7,1116.84,282.03030303030306,13.035
0.633,0.194,0.776,0.583,3.55,1.311,0.4,0.4,0.1,0.1,585.9,703.0799999999999,177.54545454545456,20.505
0.215,1.147,0.653,2.99,2.006,3.751,0.4,0.4,0.1,0.1,472.2,566.64,143.0909090909091,26.775
0.253,1.436,0.815,4.509,3.48,2.479,0.4,0.4,0.1,0.1,520.1,624.12,157.60606060606062,26.205
1.25,0.769,1.299,0.936,2.101,3.131,0.4,0.4,0.1,0.1,951.9,1142.28,288.45454545454544,11.25
1.069,0.567,0.502,0.914,1.686,3.639,0.4,0.4,0.1,0.1,841.2,1009.44,254.90909090909093,13.965
0.329,0.869,0.513,3.196,3.966,1.141,0.4,0.4,0.1,0.1,501.4,601.68,151.93939393939394,25.064999999999998
0.277,0.902,0.512,2.205,3.541,4.609,0.4,0.4,0.1,0.1,478.7,574.4399999999999,145.06060606060606,25.845
1.498,0.177,0.124,2.852,4.365,1.098,0.4,0.4,0.1,0.1,1016.7,1220.04,308.0909090909091,7.530000000000001
1.03,0.4,1.39,2.765,1.746,3.489,0.4,0.4,0.1,0.1,805.0,966.0,243.93939393939397,14.549999999999999
0.907,1.185,0.645,1.416,4.929,2.228,0.4,0.4,0.1,0.1,822.0,986.4,249.0909090909091,16.395
0.244,0.964,0.808,3.941,4.392,2.77,0.4,0.4,0.1,0.1,468.4,562.0799999999999,141.93939393939394,26.34
1.235,1.146,0.893,0.287,4.007,1.455,0.4,0.4,0.1,0.1,982.1,1178.52,297.6060606060606,11.474999999999998
0.427,0.71,0.423,4.792,3.031,2.095,0.4,0.4,0.1,0.1,534.5,641.4,161.96969696969697,23.595
1.093,1.484,0.387,4.84,1.89,0.905,0.4,0.4,0.1,0.1,944.9,1133.8799999999999,286.3333333333333,13.605
0.637,1.323,0.206,0.12,4.984,4.397,0.4,0.4,0.1,0.1,700.8,840.9599999999999,212.36363636363637,20.445
1.188,0.121,0.138,4.572,1.259,3.985,0.4,0.4,0.1,0.1,856.1,1027.32,259.42424242424244,12.18
0.613,1.493,1.2,3.205,0.27,2.637,0.4,0.4,0.1,0.1,705.8,846.9599999999999,213.87878787878788,20.805
0.24,1.378,0.237,4.875,1.262,3.309,0.4,0.4,0.1,0.1,507.79999999999995,609.3599999999999,153.87878787878788,26.4
1.071,0.241,0.106,4.672,1.289,1.506,0.4,0.4,0.1,0.1,809.6,971.52,245.33333333333334,13.935000000000002
0.82,0.671,1.201,4.832,4.534,2.976,0.4,0.4,0.1,0.1,727.1,872.52,220.33333333333334,17.700000000000003
0.297,0.912,0.637,2.423,3.369,2.809,0.4,0.4,0.1,0.1,489.7,587.64,148.3939393939394,25.545
1.222,0.854,0.8,0.683,2.467,3.338,0.4,0.4,0.1,0.1,946.4,1135.6799999999998,286.7878787878788,11.670000000000002
0.903,0.808,0.129,1.769,4.998,0.469,0.4,0.4,0.1,0.1,782.3,938.7599999999999,237.06060606060606,16.455
0.711,1.488,1.092,3.018,2.641,3.779,0.4,0.4,0.1,0.1,754.3,905.16,228.57575757575756,19.335
1.302,0.288,1.146,1.242,0.395,0.253,0.4,0.4,0.1,0.1,929.8,1115.76,281.75757575757575,10.469999999999999
1.234,0.925,0.129,2.36,4.213,2.052,0.4,0.4,0.1,0.1,959.5,1151.3999999999999,290.75757575757575,11.490000000000002
0.429,0.136,1.457,4.081,1.638,3.175,0.4,0.4,0.1,0.1,478.1,573.72,144.8787878787879,23.565
1.249,1.335,0.412,3.562,3.285,0.478,0.4,0.4,0.1,0.1,1008.0,1209.6,305.4545454545455,11.264999999999997
0.843,0.917,0.118,4.982,0.952,2.051,0.4,0.4,0.1,0.1,763.2,915.84,231.2727272727273,17.355
1.371,1.34,1.209,1.957,3.983,1.526,0.4,0.4,0.1,0.1,1069.5,1283.3999999999999,324.0909090909091,9.434999999999999
0.165,0.114,0.871,2.834,3.842,1.655,0.4,0.4,0.1,0.1,343.9,412.67999999999995,104.2121212121212,27.525
1.086,0.211,0.685,0.95,3.436,0.661,0.4,0.4,0.1,0.1,814.1,976.92,246.69696969696972,13.709999999999997
0.332,0.906,0.694,4.62,4.117,4.492,0.4,0.4,0.1,0.1,506.6,607.92,153.51515151515153,25.02
1.457,1.022,0.118,0.877,4.066,3.588,0.4,0.4,0.1,0.1,1080.7,1296.84,327.4848484848485,8.145
0.774,0.791,0.249,3.924,4.375,1.156,0.4,0.4,0.1,0.1,716.1,859.32,217.00000000000003,18.39
1.035,0.771,0.42,4.864,2.742,0.236,0.4,0.4,0.1,0.1,844.6,1013.52,255.93939393939397,14.475000000000001
0.98,1.116,0.683,4.651,2.972,1.219,0.4,0.4,0.1,0.1,851.6,1021.92,258.06060606060606,15.3
1.073,0.354,0.513,0.448,4.527,4.737,0.4,0.4,0.1,0.1,821.9,986.28,249.06060606060606,13.905000000000001
0.639,1.495,0.749,3.183,4.417,3.934,0.4,0.4,0.1,0.1,719.0,862.8,217.8787878787879,20.415
1.315,1.315,0.948,1.443,4.397,2.225,0.4,0.4,0.1,0.1,1039.0,1246.8,314.8484848484849,10.275000000000002
1.341,0.543,0.16,3.899,2.959,4.755,0.4,0.4,0.1,0.1,974.8,1169.76,295.3939393939394,9.885000000000002
1.181,0.95,0.814,0.418,1.912,3.336,0.4,0.4,0.1,0.1,935.5,1122.6,283.4848484848485,12.285
0.438,0.507,0.42,2.256,4.755,4.888,0.4,0.4,0.1,0.1,519.7,623.64,157.4848484848485,23.43
1.336,1.333,1.023,1.516,4.036,2.551,0.4,0.4,0.1,0.1,1051.3,1261.56,318.57575757575756,9.959999999999997
0.847,0.31,0.72,4.32,2.392,0.273,0.4,0.4,0.1,0.1,704.5,845.4,213.4848484848485,17.295
1.17,1.085,1.11,3.149,3.861,4.47,0.4,0.4,0.1,0.1,943.5,1132.2,285.90909090909093,12.450000000000003
0.556,1.079,1.431,4.803,0.01,4.613,0.4,0.4,0.1,0.1,635.9,763.0799999999999,192.6969696969697,21.66
1.147,0.408,1.158,2.315,3.911,2.049,0.4,0.4,0.1,0.1,864.3,1037.1599999999999,261.90909090909093,12.794999999999998
0.114,0.926,0.868,4.969,0.216,3.087,0.4,0.4,0.1,0.1,399.6,479.52,121.09090909090911,28.29
1.082,1.187,1.226,3.788,2.025,3.807,0.4,0.4,0.1,0.1,909.7,1091.64,275.6666666666667,13.77
0.197,1.079,0.891,1.743,0.664,3.101,0.4,0.4,0.1,0.1,456.4,547.68,138.3030303030303,27.045
1.382,0.745,1.207,2.638,4.611,4.238,0.4,0.4,0.1,0.1,1015.5,1218.6,307.72727272727275,9.270000000000003
1.204,0.434,1.311,4.036,4.059,1.268,0.4,0.4,0.1,0.1,895.4,1074.48,271.3333333333333,11.940000000000001
0.296,0.945,1.093,0.563,3.771,2.939,0.4,0.4,0.1,0.1,492.5,591.0,149.24242424242425,25.560000000000002
1.144,0.279,1.266,4.75,2.44,0.501,0.4,0.4,0.1,0.1,849.9,1019.8799999999999,257.54545454545456,12.84
1.412,0.431,0.827,4.989,1.592,0.34,0.4,0.4,0.1,0.1,999.1,1198.92,302.7575757575758,8.82
1.228,0.309,1.065,4.16,0.399,1.733,0.4,0.4,0.1,0.1,894.9,1073.8799999999999,271.1818181818182,11.580000000000002
0.847,0.722,0.4,0.13,3.845,4.145,0.4,0.4,0.1,0.1,745.7,894.84,225.969696969697,17.295
1.287,1.22,0.679,3.369,3.534,0.026,0.4,0.4,0.1,0.1,1015.5,1218.6,307.72727272727275,10.695
1.427,1.204,1.088,2.943,1.06,3.594,0.4,0.4,0.1,0.1,1083.9,1300.68,328.4545454545455,8.594999999999999
0.258,0.159,0.216,4.565,1.455,1.602,0.4,0.4,0.1,0.1,394.9,473.87999999999994,119.66666666666667,26.13
0.271,0.336,0.213,0.981,1.545,0.392,0.4,0.4,0.1,0.1,419.1,502.92,127.00000000000001,25.935
1.395,1.279,0.504,2.791,2.137,0.295,0.4,0.4,0.1,0.1,1075.4,1290.48,325.87878787878793,9.075
0.804,0.259,1.327,3.917,1.126,4.632,0.4,0.4,0.1,0.1,677.9,813.4799999999999,205.42424242424244,17.939999999999998
0.498,0.626,1.084,1.881,4.147,4.648,0.4,0.4,0.1,0.1,561.6,673.92,170.1818181818182,22.53
0.25,0.785,0.975,3.902,0.286,1.905,0.4,0.4,0.1,0.1,453.5,544.1999999999999,137.42424242424244,26.25
0.747,1.431,0.857,0.512,2.334,1.062,0.4,0.4,0.1,0.1,766.6,919.92,232.3030303030303,18.795
0.446,1.404,1.468,4.96,1.511,0.378,0.4,0.4,0.1,0.1,613.4,736.0799999999999,185.87878787878788,23.31
0.232,1.391,1.253,0.041,4.216,0.071,0.4,0.4,0.1,0.1,505.1,606.12,153.06060606060606,26.52
0.816,0.965,0.719,3.944,3.887,4.193,0.4,0.4,0.1,0.1,754.5,905.4,228.63636363636365,17.76
0.12,1.382,1.462,0.815,3.838,4.192,0.4,0.4,0.1,0.1,448.2,537.8399999999999,135.8181818181818,28.2
1.238,1.284,0.342,3.928,4.28,0.689,0.4,0.4,0.1,0.1,997.4,1196.8799999999999,302.24242424242425,11.43
1.014,0.21,1.109,2.114,1.739,2.416,0.4,0.4,0.1,0.1,778.0,933.5999999999999,235.75757575757578,14.79
0.491,0.378,0.441,4.25,0.799,2.732,0.4,0.4,0.1,0.1,533.3,639.9599999999999,161.6060606060606,22.634999999999998
1.156,0.306,0.229,3.259,2.163,2.818,0.4,0.4,0.1,0.1,858.6,1030.32,260.1818181818182,12.66
1.405,1.041,0.227,0.306,2.312,3.681,0.4,0.4,0.1,0.1,1056.6,1267.9199999999998,320.1818181818182,8.925
0.365,0.212,1.354,3.284,0.288,4.198,0.4,0.4,0.1,0.1,453.7,544.4399999999999,137.4848484848485,24.525
0.6,0.788,0.212,1.784,0.661,0.362,0.4,0.4,0.1,0.1,628.8,754.56,190.54545454545453,21.0
1.34,1.49,0.4,2.0,2.003,3.87,0.4,0.4,0.1,0.1,1069.0,1282.8,323.93939393939394,9.899999999999999
0.639,0.415,0.51,3.483,2.257,0.613,0.4,0.4,0.1,0.1,611.0,733.1999999999999,185.15151515151516,20.415
0.815,1.416,1.08,1.907,3.462,4.994,0.4,0.4,0.1,0.1,799.1,958.92,242.15151515151518,17.775
0.516,0.488,0.634,1.397,0.741,2.853,0.4,0.4,0.1,0.1,556.8,668.16,168.72727272727272,22.259999999999998
0.969,0.216,0.197,4.78,3.131,3.001,0.4,0.4,0.1,0.1,756.1,907.32,229.12121212121215,15.465
1.079,1.428,0.237,4.442,0.237,3.03,0.4,0.4,0.1,0.1,932.3,1118.76,282.5151515151515,13.815000000000001
0.801,0.681,1.238,2.042,0.124,4.653,0.4,0.4,0.1,0.1,718.6,862.32,217.75757575757578,17.985
0.692,1.26,0.276,3.173,3.559,4.411,0.4,0.4,0.1,0.1,722.0,866.4,218.7878787878788,19.62
0.248,1.337,0.177,2.57,0.273,1.242,0.4,0.4,0.1,0.1,507.7,609.24,153.84848484848484,26.28
0.891,0.542,1.015,2.288,1.904,1.507,0.4,0.4,0.1,0.1,749.7,899.64,227.18181818181822,16.634999999999998
0.902,1.131,0.742,0.62,3.397,3.933,0.4,0.4,0.1,0.1,814.1,976.92,246.69696969696972,16.47
1.401,0.863,1.167,4.473,3.296,2.947,0.4,0.4,0.1,0.1,1036.8,1244.1599999999999,314.1818181818182,8.985
0.701,0.919,0.634,1.3,1.79,4.783,0.4,0.4,0.1,0.1,692.4,830.88,209.8181818181818,19.485
1.247,0.666,1.139,4.652,4.099,4.245,0.4,0.4,0.1,0.1,940.1,1128.12,284.8787878787879,11.294999999999998
1.264,0.624,0.721,4.572,3.705,2.15,0.4,0.4,0.1,0.1,944.4,1133.28,286.1818181818182,11.04
0.383,0.285,0.124,4.012,4.734,4.416,0.4,0.4,0.1,0.1,470.0,564.0,142.42424242424244,24.255
0.738,1.336,1.364,3.916,2.696,1.203,0.4,0.4,0.1,0.1,752.6,903.12,228.0606060606061,18.93
0.616,0.313,0.959,1.318,2.669,2.358,0.4,0.4,0.1,0.1,589.3,707.16,178.57575757575756,20.759999999999998
1.15,0.386,0.249,3.381,3.177,2.869,0.4,0.4,0.1,0.1,863.6,1036.32,261.69696969696975,12.75
1.433,0.73,0.719,0.687,3.763,1.556,0.4,0.4,0.1,0.1,1039.5,1247.3999999999999,315.0,8.504999999999999
1.13,0.518,0.67,0.004,0.113,1.185,0.4,0.4,0.1,0.1,866.8,1040.1599999999999,262.6666666666667,13.05
0.189,0.494,0.195,2.388,3.341,1.971,0.4,0.4,0.1,0.1,393.9,472.67999999999995,119.36363636363636,27.165
1.354,0.137,1.373,4.041,4.182,2.452,0.4,0.4,0.1,0.1,940.7,1128.84,285.06060606060606,9.689999999999998
0.253,0.721,1.362,0.119,0.529,4.767,0.4,0.4,0.1,0.1,448.6,538.32,135.93939393939397,26.205
0.185,0.55,0.512,1.98,3.48,1.195,0.4,0.4,0.1,0.1,397.5,477.0,120.45454545454547,27.225
1.074,0.574,1.464,3.02,4.419,1.726,0.4,0.4,0.1,0.1,844.4,1013.28,255.87878787878788,13.89
0.129,1.454,0.252,1.673,3.411,2.302,0.4,0.4,0.1,0.1,459.9,551.88,139.36363636363637,28.065
1.434,1.033,1.12,1.312,0.751,4.931,0.4,0.4,0.1,0.1,1070.3,1284.36,324.3333333333333,8.490000000000002
1.092,0.698,0.662,1.087,3.779,4.164,0.4,0.4,0.1,0.1,865.8,1038.9599999999998,262.3636363636364,13.619999999999997
0.119,0.873,0.607,3.728,2.596,4.36,0.4,0.4,0.1,0.1,396.8,476.15999999999997,120.24242424242425,28.215
0.259,0.876,0.598,1.87,1.724,3.773,0.4,0.4,0.1,0.1,467.1,560.52,141.54545454545456,26.115
0.448,1.024,0.258,3.076,1.378,1.8,0.4,0.4,0.1,0.1,576.4,691.68,174.66666666666666,23.28
1.452,0.294,1.423,4.439,1.564,4.621,0.4,0.4,0.1,0.1,1005.4,1206.48,304.6666666666667,8.219999999999999
0.787,1.43,0.132,3.602,3.628,2.176,0.4,0.4,0.1,0.1,786.5,943.8,238.33333333333334,18.195
0.161,1.143,1.225,0.141,3.348,0.528,0.4,0.4,0.1,0.1,444.8,533.76,134.7878787878788,27.585
0.382,0.725,0.837,0.633,3.941,2.117,0.4,0.4,0.1,0.1,513.5,616.1999999999999,155.60606060606062,24.27
0.329,0.313,0.825,4.503,4.79,4.927,0.4,0.4,0.1,0.1,445.8,534.96,135.0909090909091,25.064999999999998
0.524,1.325,0.569,2.058,0.251,4.152,0.4,0.4,0.1,0.1,644.5,773.4,195.3030303030303,22.14
0.196,1.145,0.313,2.263,3.224,0.179,0.4,0.4,0.1,0.1,462.5,555.0,140.15151515151516,27.06
0.631,0.201,0.763,3.574,4.569,2.083,0.4,0.4,0.1,0.1,585.6,702.72,177.45454545454547,20.535
0.622,0.422,0.205,3.306,4.907,2.71,0.4,0.4,0.1,0.1,603.2,723.84,182.7878787878788,20.67
0.467,1.105,0.393,3.879,3.028,1.575,0.4,0.4,0.1,0.1,594.0,712.8,180.0,22.994999999999997
0.539,1.23,1.256,1.856,1.536,0.809,0.4,0.4,0.1,0.1,642.5,771.0,194.69696969696972,21.915
0.587,0.984,0.344,1.59,2.693,1.536,0.4,0.4,0.1,0.1,641.9,770.28,194.51515151515153,21.195
0.773,0.705,1.213,4.399,4.181,0.957,0.4,0.4,0.1,0.1,707.0,848.4,214.24242424242425,18.405
1.446,0.923,0.891,1.275,3.96,1.189,0.4,0.4,0.1,0.1,1065.3,1278.36,322.8181818181818,8.310000000000002
1.05,0.77,1.009,2.183,4.325,1.89,0.4,0.4,0.1,0.1,852.0,1022.4,258.1818181818182,14.25
0.67,0.442,0.236,3.298,2.45,3.037,0.4,0.4,0.1,0.1,629.2,755.0400000000001,190.66666666666669,19.95
0.721,1.141,0.597,2.383,4.315,0.501,0.4,0.4,0.1,0.1,724.6,869.52,219.5757575757576,19.185000000000002
0.372,0.375,1.177,2.481,4.955,3.592,0.4,0.4,0.1,0.1,473.5,568.1999999999999,143.4848484848485,24.42
1.133,0.294,1.284,3.297,3.885,0.195,0.4,0.4,0.1,0.1,845.9,1015.0799999999999,256.3333333333333,13.004999999999999
1.226,0.658,1.219,1.269,0.663,0.909,0.4,0.4,0.1,0.1,928.8,1114.56,281.45454545454544,11.61
0.167,0.372,0.79,3.064,0.896,2.789,0.4,0.4,0.1,0.1,370.7,444.84,112.33333333333334,27.495
1.059,1.076,0.734,0.584,1.871,2.151,0.4,0.4,0.1,0.1,887.1,1064.52,268.8181818181818,14.115
0.598,0.415,0.715,0.081,3.594,4.385,0.4,0.4,0.1,0.1,590.5,708.6,178.93939393939394,21.03
1.047,1.419,0.511,4.777,3.209,1.654,0.4,0.4,0.1,0.1,915.4,1098.48,277.3939393939394,14.295000000000002
0.916,1.354,0.43,3.617,3.218,4.804,0.4,0.4,0.1,0.1,843.4,1012.0799999999999,255.5757575757576,16.259999999999998
0.213,1.141,0.953,0.392,2.14,4.033,0.4,0.4,0.1,0.1,470.6,564.72,142.60606060606062,26.805
0.664,0.395,1.114,0.12,2.188,2.13,0.4,0.4,0.1,0.1,621.5,745.8,188.33333333333334,20.04
1.167,0.153,1.233,0.872,0.722,1.917,0.4,0.4,0.1,0.1,848.8,1018.56,257.2121212121212,12.495000000000001
0.455,0.193,0.418,1.885,4.363,3.088,0.4,0.4,0.1,0.1,496.8,596.16,150.54545454545456,23.175
0.133,1.069,0.14,0.374,0.654,3.236,0.4,0.4,0.1,0.1,423.4,508.0799999999999,128.3030303030303,28.005
0.901,0.26,1.406,4.669,3.549,1.564,0.4,0.4,0.1,0.1,726.5,871.8,220.15151515151516,16.485
0.947,0.45,0.921,4.359,1.514,0.145,0.4,0.4,0.1,0.1,768.5,922.1999999999999,232.8787878787879,15.795
1.313,0.652,0.753,2.751,0.672,1.423,0.4,0.4,0.1,0.1,971.7,1166.04,294.4545454545455,10.305
0.598,0.193,0.25,1.161,1.106,4.025,0.4,0.4,0.1,0.1,568.3,681.9599999999999,172.21212121212122,21.03
0.227,0.615,0.983,0.041,1.215,2.731,0.4,0.4,0.1,0.1,425.0,510.0,128.78787878787878,26.595
0.894,0.444,1.375,2.238,3.569,0.724,0.4,0.4,0.1,0.1,741.4,889.68,224.66666666666669,16.59
0.791,0.211,0.371,3.809,1.731,3.677,0.4,0.4,0.1,0.1,666.6,799.92,202.00000000000003,18.134999999999998
0.828,0.255,1.45,2.676,3.877,1.303,0.4,0.4,0.1,0.1,689.5,827.4,208.93939393939394,17.58
0.933,1.003,1.287,3.051,2.283,1.048,0.4,0.4,0.1,0.1,816.8,980.1599999999999,247.5151515151515,16.005
1.376,1.007,0.745,2.335,2.087,2.111,0.4,0.4,0.1,0.1,1038.7,1246.44,314.7575757575758,9.360000000000003
1.475,1.371,1.401,3.296,3.152,0.767,0.4,0.4,0.1,0.1,1124.6,1349.5199999999998,340.78787878787875,7.875
1.054,0.149,0.488,0.487,2.664,2.096,0.4,0.4,0.1,0.1,791.9,950.28,239.96969696969697,14.19
1.429,0.902,1.212,3.361,2.53,3.921,0.4,0.4,0.1,0.1,1054.7,1265.64,319.6060606060606,8.564999999999998
0.289,1.142,0.55,1.419,2.939,3.464,0.4,0.4,0.1,0.1,508.7,610.4399999999999,154.15151515151516,25.665
0.483,0.777,0.263,0.883,3.481,0.754,0.4,0.4,0.1,0.1,569.2,683.0400000000001,172.4848484848485,22.755
1.422,1.001,0.628,2.859,4.967,0.944,0.4,0.4,0.1,0.1,1061.1,1273.32,321.54545454545456,8.670000000000002
1.447,0.853,0.907,1.83,3.98,4.501,0.4,0.4,0.1,0.1,1058.8,1270.56,320.8484848484849,8.294999999999998
0.519,1.083,1.09,0.853,4.961,1.035,0.4,0.4,0.1,0.1,617.8,741.3599999999999,187.21212121212122,22.215
0.215,0.303,0.48,3.846,3.473,4.09,0.4,0.4,0.1,0.1,387.8,465.36,117.51515151515153,26.775
0.821,0.575,0.713,2.619,0.506,3.369,0.4,0.4,0.1,0.1,718.0,861.6,217.5757575757576,17.685000000000002
0.385,0.399,0.612,2.415,1.242,1.014,0.4,0.4,0.1,0.1,482.4,578.88,146.1818181818182,24.225
0.229,0.714,0.749,2.653,2.05,1.906,0.4,0.4,0.1,0.1,435.9,523.0799999999999,132.0909090909091,26.565
0.333,0.397,0.138,3.449,4.208,4.235,0.4,0.4,0.1,0.1,456.2,547.4399999999999,138.24242424242425,25.005
0.598,0.798,0.778,4.644,3.417,2.459,0.4,0.4,0.1,0.1,628.8,754.56,190.54545454545453,21.03
0.117,1.391,1.171,1.134,1.793,2.975,0.4,0.4,0.1,0.1,447.6,537.12,135.63636363636365,28.245
1.103,0.146,0.214,4.83,0.142,1.424,0.4,0.4,0.1,0.1,816.1,979.3199999999999,247.3030303030303,13.455000000000002
0.687,0.684,0.391,2.1,3.698,1.575,0.4,0.4,0.1,0.1,661.9,794.28,200.5757575757576,19.695
0.552,0.42,0.242,0.783,2.432,3.08,0.4,0.4,0.1,0.1,568.0,681.6,172.12121212121212,21.72
0.326,0.222,0.673,1.73,4.536,4.447,0.4,0.4,0.1,0.1,435.2,522.24,131.87878787878788,25.11
0.328,1.439,0.334,4.554,0.345,1.391,0.4,0.4,0.1,0.1,557.9,669.4799999999999,169.06060606060606,25.08
0.436,0.556,1.272,4.156,1.586,0.481,0.4,0.4,0.1,0.1,523.6,628.32,158.66666666666669,23.46
0.293,0.599,1.274,4.289,3.456,3.019,0.4,0.4,0.1,0.1,456.4,547.68,138.3030303030303,25.605
1.472,0.72,1.378,4.323,3.19,1.58,0.4,0.4,0.1,0.1,1058.0,1269.6,320.6060606060606,7.920000000000002
1.273,1.38,1.493,2.113,3.629,0.978,0.4,0.4,0.1,0.1,1024.5,1229.3999999999999,310.4545454545455,10.905000000000001
1.382,1.462,0.911,1.947,1.301,4.5,0.4,0.4,0.1,0.1,1087.2,1304.64,329.4545454545455,9.270000000000003
1.381,1.381,0.74,1.123,1.497,2.642,0.4,0.4,0.1,0.1,1078.6,1294.32,326.8484848484848,9.285
0.237,0.65,1.036,2.744,1.891,2.12,0.4,0.4,0.1,0.1,433.5,520.1999999999999,131.36363636363637,26.445
0.854,1.008,0.551,0.316,1.95,1.827,0.4,0.4,0.1,0.1,777.8,933.3599999999999,235.6969696969697,17.189999999999998
0.795,0.684,0.37,4.525,2.885,1.388,0.4,0.4,0.1,0.1,715.9,859.0799999999999,216.93939393939394,18.075
1.281,1.256,0.285,0.9,3.523,0.319,0.4,0.4,0.1,0.1,1016.1,1219.32,307.90909090909093,10.785
0.531,0.121,0.194,0.372,1.055,2.107,0.4,0.4,0.1,0.1,527.6,633.12,159.8787878787879,22.035
0.64,0.184,0.663,1.715,4.322,1.66,0.4,0.4,0.1,0.1,588.4,706.0799999999999,178.3030303030303,20.4
0.842,0.532,0.413,0.339,4.299,3.556,0.4,0.4,0.1,0.1,724.2,869.0400000000001,219.45454545454547,17.37
0.296,0.658,0.302,3.573,0.638,2.139,0.4,0.4,0.1,0.1,463.8,556.56,140.54545454545456,25.560000000000002
1.161,0.25,0.611,1.438,3.324,0.849,0.4,0.4,0.1,0.1,855.5,1026.6,259.24242424242425,12.585
0.502,0.594,1.213,2.254,4.184,2.924,0.4,0.4,0.1,0.1,560.4,672.4799999999999,169.8181818181818,22.47
0.524,0.543,0.716,0.019,0.711,0.224,0.4,0.4,0.1,0.1,566.3,679.56,171.6060606060606,22.14
1.408,0.599,1.37,3.059,2.015,3.27,0.4,0.4,0.1,0.1,1013.9,1216.6799999999998,307.24242424242425,8.880000000000003
0.326,1.083,0.437,4.604,2.855,4.547,0.4,0.4,0.1,0.1,521.3,625.56,157.96969696969697,25.11
0.616,1.1,0.779,1.404,0.788,3.491,0.4,0.4,0.1,0.1,668.0,801.6,202.42424242424244,20.759999999999998
0.275,0.27,1.017,3.097,4.982,1.585,0.4,0.4,0.1,0.1,414.5,497.4,125.60606060606061,25.875
0.599,0.642,1.346,3.977,0.784,4.109,0.4,0.4,0.1,0.1,613.7,736.44,185.969696969697,21.015
1.449,0.985,0.434,2.298,1.759,4.427,0.4,0.4,0.1,0.1,1073.0,1287.6,325.1515151515152,8.265
1.362,0.846,0.37,3.574,2.159,3.022,0.4,0.4,0.1,0.1,1015.6,1218.72,307.7575757575758,9.57
1.457,0.833,1.206,0.153,2.173,3.832,0.4,0.4,0.1,0.1,1061.8,1274.1599999999999,321.75757575757575,8.145
1.312,0.87,0.638,4.658,4.068,3.305,0.4,0.4,0.1,0.1,993.0,1191.6,300.90909090909093,10.32
1.272,0.676,0.154,4.818,1.786,2.554,0.4,0.4,0.1,0.1,953.6,1144.32,288.969696969697,10.919999999999998
0.657,0.223,1.322,2.505,3.308,0.75,0.4,0.4,0.1,0.1,600.8,720.9599999999999,182.06060606060606,20.145
0.634,0.887,1.231,2.22,2.268,4.203,0.4,0.4,0.1,0.1,655.7,786.84,198.69696969696972,20.490000000000002
1.028,0.107,0.403,3.966,0.498,4.818,0.4,0.4,0.1,0.1,774.7,929.64,234.75757575757578,14.58
0.482,0.843,1.302,2.79,3.365,4.351,0.4,0.4,0.1,0.1,575.3,690.3599999999999,174.33333333333334,22.77
0.335,1.343,1.299,0.607,3.53,4.214,0.4,0.4,0.1,0.1,551.8,662.16,167.21212121212122,24.975
0.795,0.871,0.172,4.965,3.542,2.724,0.4,0.4,0.1,0.1,734.6,881.52,222.60606060606062,18.075
1.189,1.397,0.836,1.359,3.032,0.591,0.4,0.4,0.1,0.1,984.2,1181.04,298.24242424242425,12.165
0.444,1.259,1.132,4.708,1.606,4.494,0.4,0.4,0.1,0.1,597.9,717.4799999999999,181.1818181818182,23.34
0.907,0.836,0.728,2.48,0.854,3.204,0.4,0.4,0.1,0.1,787.1,944.52,238.51515151515153,16.395
0.814,0.814,0.432,0.923,3.06,0.142,0.4,0.4,0.1,0.1,738.4,886.0799999999999,223.75757575757575,17.79
0.13,1.384,1.267,1.536,2.381,1.748,0.4,0.4,0.1,0.1,453.4,544.0799999999999,137.3939393939394,28.05
1.0,0.451,0.195,4.324,2.182,2.335,0.4,0.4,0.1,0.1,795.1,954.12,240.93939393939397,15.0
0.294,0.846,0.11,2.678,0.196,0.599,0.4,0.4,0.1,0.1,481.6,577.92,145.93939393939397,25.59
1.251,1.353,0.12,1.062,1.736,0.987,0.4,0.4,0.1,0.1,1010.8,1212.9599999999998,306.3030303030303,11.235000000000003
0.396,0.276,1.035,3.282,4.827,4.451,0.4,0.4,0.1,0.1,475.6,570.72,144.12121212121212,24.06
1.066,0.561,1.434,3.641,4.393,1.085,0.4,0.4,0.1,0.1,839.1,1006.92,254.27272727272728,14.01
0.732,0.676,0.935,3.311,4.18,1.771,0.4,0.4,0.1,0.1,683.6,820.32,207.15151515151516,19.02
0.189,0.623,0.832,4.518,0.9,3.555,0.4,0.4,0.1,0.1,406.8,488.15999999999997,123.27272727272728,27.165
0.719,1.281,1.221,1.91,1.59,1.422,0.4,0.4,0.1,0.1,737.6,885.12,223.51515151515153,19.215
1.151,0.63,1.264,0.428,4.959,1.533,0.4,0.4,0.1,0.1,888.5,1066.2,269.24242424242425,12.735
0.906,0.817,1.385,3.553,0.393,3.858,0.4,0.4,0.1,0.1,784.7,941.64,237.7878787878788,16.41
1.022,0.444,0.849,2.774,1.658,3.379,0.4,0.4,0.1,0.1,805.4,966.4799999999999,244.06060606060606,14.67
1.195,1.205,0.507,0.043,3.111,3.357,0.4,0.4,0.1,0.1,968.0,1161.6,293.33333333333337,12.075
1.225,0.558,1.224,2.481,4.033,0.96,0.4,0.4,0.1,0.1,918.3,1101.9599999999998,278.27272727272725,11.625
0.897,0.435,0.268,3.193,1.478,3.089,0.4,0.4,0.1,0.1,742.0,890.4,224.84848484848487,16.545
0.234,0.458,0.516,2.918,4.604,2.307,0.4,0.4,0.1,0.1,412.8,495.36,125.09090909090911,26.49
0.351,0.282,1.021,3.449,1.732,1.11,0.4,0.4,0.1,0.1,453.7,544.4399999999999,137.4848484848485,24.735
0.304,1.218,0.286,2.705,4.32,4.793,0.4,0.4,0.1,0.1,523.8,628.56,158.72727272727272,25.44
0.858,1.129,1.165,1.733,1.098,0.76,0.4,0.4,0.1,0.1,791.9,950.28,239.96969696969697,17.130000000000003
0.552,0.451,1.48,0.919,3.05,1.791,0.4,0.4,0.1,0.1,571.1,685.32,173.0606060606061,21.72
1.336,1.045,0.837,1.874,0.059,2.156,0.4,0.4,0.1,0.1,1022.5,1227.0,309.8484848484849,9.959999999999997
0.987,1.155,0.694,4.648,1.382,2.735,0.4,0.4,0.1,0.1,859.0,1030.8,260.3030303030303,15.195
0.184,0.915,1.355,3.198,3.228,0.683,0.4,0.4,0.1,0.1,433.5,520.1999999999999,131.36363636363637,27.240000000000002
0.938,1.302,0.835,2.594,3.28,0.269,0.4,0.4,0.1,0.1,849.2,1019.04,257.33333333333337,15.930000000000001
0.688,1.094,0.921,3.892,2.028,1.977,0.4,0.4,0.1,0.1,703.4,844.0799999999999,213.15151515151516,19.68
1.497,0.781,0.475,0.656,1.03,4.452,0.4,0.4,0.1,0.1,1076.6,1291.9199999999998,326.24242424242425,7.544999999999998
1.418,0.617,0.903,4.465,4.76,2.415,0.4,0.4,0.1,0.1,1020.7,1224.84,309.3030303030303,8.73
0.388,0.372,0.814,4.24,1.791,4.449,0.4,0.4,0.1,0.1,481.2,577.4399999999999,145.8181818181818,24.18
0.874,1.036,0.209,4.84,3.143,4.759,0.4,0.4,0.1,0.1,790.6,948.72,239.5757575757576,16.89
0.416,0.48,0.841,2.95,2.302,4.823,0.4,0.4,0.1,0.1,506.0,607.1999999999999,153.33333333333334,23.76
1.232,1.458,0.527,0.897,0.213,0.752,0.4,0.4,0.1,0.1,1011.8,1214.1599999999999,306.6060606060606,11.52
0.58,0.676,0.113,1.464,1.274,3.137,0.4,0.4,0.1,0.1,607.6,729.12,184.12121212121212,21.3
0.8,0.119,0.482,0.633,0.684,2.487,0.4,0.4,0.1,0.1,661.9,794.28,200.5757575757576,18.0
1.079,0.15,0.974,3.61,1.671,2.712,0.4,0.4,0.1,0.1,804.5,965.4,243.7878787878788,13.815000000000001
0.613,0.21,1.214,3.793,3.336,1.05,0.4,0.4,0.1,0.1,577.5,693.0,175.0,20.805
1.171,1.407,0.626,4.661,3.532,2.821,0.4,0.4,0.1,0.1,976.2,1171.44,295.81818181818187,12.434999999999999
0.845,0.323,0.319,3.108,4.077,1.121,0.4,0.4,0.1,0.1,704.8,845.7599999999999,213.57575757575756,17.325000000000003
0.893,0.464,1.344,1.625,2.574,1.401,0.4,0.4,0.1,0.1,742.9,891.4799999999999,225.12121212121212,16.605
1.497,1.157,1.32,4.526,0.595,0.276,0.4,0.4,0.1,0.1,1114.2,1337.04,337.6363636363637,7.544999999999998
1.097,1.266,0.404,3.987,1.005,4.737,0.4,0.4,0.1,0.1,925.1,1110.12,280.33333333333337,13.545000000000002
0.443,0.516,1.375,1.61,1.705,1.514,0.4,0.4,0.1,0.1,523.1,627.72,158.51515151515153,23.355
1.05,0.374,0.978,1.337,2.82,4.079,0.4,0.4,0.1,0.1,812.4,974.8799999999999,246.1818181818182,14.25
0.764,1.209,1.483,4.674,3.236,0.507,0.4,0.4,0.1,0.1,752.9,903.4799999999999,228.15151515151516,18.54
1.4,0.444,0.976,1.666,1.329,3.468,0.4,0.4,0.1,0.1,994.4,1193.28,301.3333333333333,9.0
0.884,1.364,1.284,4.313,3.114,2.966,0.4,0.4,0.1,0.1,828.4,994.0799999999999,251.03030303030303,16.740000000000002
0.578,1.464,0.426,2.493,1.403,4.258,0.4,0.4,0.1,0.1,685.4,822.4799999999999,207.6969696969697,21.33
0.379,1.489,0.313,4.041,3.198,4.399,0.4,0.4,0.1,0.1,588.4,706.0799999999999,178.3030303030303,24.314999999999998
0.82,1.195,0.433,1.235,2.743,0.881,0.4,0.4,0.1,0.1,779.5,935.4,236.21212121212122,17.700000000000003
1.302,0.718,0.612,3.265,0.518,4.779,0.4,0.4,0.1,0.1,972.8,1167.36,294.7878787878788,10.469999999999999
1.034,0.456,1.058,2.067,0.697,2.446,0.4,0.4,0.1,0.1,812.6,975.12,246.24242424242425,14.49
1.393,1.229,0.246,2.493,2.677,1.713,0.4,0.4,0.1,0.1,1069.4,1283.28,324.0606060606061,9.105
0.538,1.476,0.367,4.097,4.644,4.981,0.4,0.4,0.1,0.1,666.6,799.92,202.00000000000003,21.93
1.491,0.922,0.763,3.661,4.456,0.115,0.4,0.4,0.1,0.1,1087.7,1305.24,329.6060606060606,7.634999999999998
0.329,0.136,0.909,0.505,3.944,1.0,0.4,0.4,0.1,0.1,428.1,513.72,129.72727272727275,25.064999999999998
1.02,0.767,0.351,4.146,3.04,3.103,0.4,0.4,0.1,0.1,836.7,1004.04,253.54545454545456,14.7
0.964,1.15,0.595,2.7,1.9,3.399,0.4,0.4,0.1,0.1,847.0,1016.4,256.6666666666667,15.540000000000001
0.525,1.269,0.458,1.926,0.011,2.823,0.4,0.4,0.1,0.1,639.4,767.28,193.75757575757575,22.125
0.238,0.147,1.165,0.19,1.039,2.351,0.4,0.4,0.1,0.1,383.7,460.44,116.27272727272728,26.43
0.763,0.94,1.184,0.727,2.295,0.165,0.4,0.4,0.1,0.1,725.5,870.6,219.84848484848487,18.555
0.131,0.751,1.414,0.21,4.816,0.114,0.4,0.4,0.1,0.1,390.6,468.72,118.36363636363637,28.035
0.767,0.983,1.206,3.667,1.78,4.2,0.4,0.4,0.1,0.1,731.8,878.16,221.75757575757575,18.494999999999997
0.568,0.373,1.22,3.093,3.566,3.476,0.4,0.4,0.1,0.1,571.3,685.56,173.12121212121212,21.48
0.887,0.636,1.084,0.262,1.979,2.109,0.4,0.4,0.1,0.1,757.1,908.52,229.42424242424244,16.695
0.45,0.406,0.287,2.508,1.333,2.04,0.4,0.4,0.1,0.1,515.6,618.72,156.24242424242425,23.25
0.401,0.886,1.197,2.987,4.959,3.644,0.4,0.4,0.1,0.1,539.1,646.92,163.36363636363637,23.985
0.872,0.986,0.657,0.532,1.251,1.994,0.4,0.4,0.1,0.1,784.6,941.52,237.75757575757578,16.92
0.243,1.491,0.391,2.929,1.072,4.466,0.4,0.4,0.1,0.1,520.6,624.72,157.75757575757578,26.355
1.384,0.197,0.706,0.704,0.829,0.091,0.4,0.4,0.1,0.1,961.7,1154.04,291.42424242424244,9.240000000000002
0.355,0.785,0.861,3.984,0.44,2.998,0.4,0.4,0.1,0.1,506.0,607.1999999999999,153.33333333333334,24.675
1.186,0.724,0.668,1.532,0.671,1.349,0.4,0.4,0.1,0.1,915.4,1098.48,277.3939393939394,12.21
0.798,0.476,1.071,4.617,1.269,2.061,0.4,0.4,0.1,0.1,696.6,835.92,211.09090909090912,18.03
0.747,1.099,1.469,0.131,2.755,2.958,0.4,0.4,0.1,0.1,733.4,880.0799999999999,222.24242424242425,18.795
0.951,0.179,0.212,4.672,3.647,1.917,0.4,0.4,0.1,0.1,743.4,892.0799999999999,225.27272727272728,15.735000000000001
0.87,0.782,1.497,3.386,4.016,0.109,0.4,0.4,0.1,0.1,763.2,915.84,231.2727272727273,16.95
1.417,0.603,0.793,4.182,1.386,4.092,0.4,0.4,0.1,0.1,1018.8,1222.56,308.72727272727275,8.745000000000001
0.143,0.231,0.699,2.945,0.242,2.686,0.4,0.4,0.1,0.1,344.6,413.52000000000004,104.42424242424244,27.855
0.573,0.755,0.475,0.634,4.756,0.909,0.4,0.4,0.1,0.1,612.0,734.4,185.45454545454547,21.405
0.789,0.469,1.353,2.731,4.194,1.402,0.4,0.4,0.1,0.1,691.4,829.68,209.51515151515153,18.165
0.378,0.887,0.112,3.723,3.444,1.814,0.4,0.4,0.1,0.1,527.7,633.24,159.90909090909093,24.33
0.967,0.604,0.722,0.834,3.994,2.344,0.4,0.4,0.1,0.1,793.9,952.68,240.5757575757576,15.495000000000001
0.599,0.267,0.76,3.378,4.928,3.038,0.4,0.4,0.1,0.1,576.2,691.44,174.60606060606062,21.015
1.104,1.041,1.037,0.473,3.675,4.596,0.4,0.4,0.1,0.1,906.1,1087.32,274.5757575757576,13.439999999999998
0.584,1.369,1.027,4.237,3.697,4.482,0.4,0.4,0.1,0.1,678.9,814.68,205.72727272727272,21.240000000000002
0.891,0.181,1.466,3.49,3.075,0.895,0.4,0.4,0.1,0.1,713.6,856.32,216.24242424242425,16.634999999999998
1.306,0.174,0.101,2.891,4.766,3.327,0.4,0.4,0.1,0.1,920.4,1104.48,278.90909090909093,10.41
1.352,1.093,0.917,3.931,3.484,0.701,0.4,0.4,0.1,0.1,1035.3,1242.36,313.72727272727275,9.719999999999999
0.876,1.185,0.873,1.895,0.491,0.089,0.4,0.4,0.1,0.1,806.5,967.8,244.3939393939394,16.86
0.254,1.084,0.699,2.0,1.4,4.581,0.4,0.4,0.1,0.1,485.4,582.4799999999999,147.0909090909091,26.19
0.304,0.616,0.466,0.358,0.655,0.766,0.4,0.4,0.1,0.1,463.6,556.32,140.4848484848485,25.44
1.257,0.674,1.139,4.218,3.42,3.726,0.4,0.4,0.1,0.1,945.9,1135.08,286.6363636363636,11.145000000000003
1.452,0.176,0.678,3.525,3.46,0.16,0.4,0.4,0.1,0.1,993.6,1192.32,301.0909090909091,8.219999999999999
0.288,1.213,0.309,0.224,3.131,3.124,0.4,0.4,0.1,0.1,515.3,618.3599999999999,156.15151515151516,25.68
0.994,0.144,1.039,2.679,2.73,2.655,0.4,0.4,0.1,0.1,761.4,913.68,230.72727272727272,15.09
1.021,0.341,0.697,0.502,2.357,0.269,0.4,0.4,0.1,0.1,794.6,953.52,240.7878787878788,14.685000000000002
0.209,1.112,0.258,2.858,0.364,3.596,0.4,0.4,0.1,0.1,465.70000000000005,558.84,141.12121212121215,26.865000000000002
0.62,1.336,1.475,1.845,2.167,2.789,0.4,0.4,0.1,0.1,693.6,832.32,210.1818181818182,20.7
0.371,0.799,0.574,3.954,2.008,4.956,0.4,0.4,0.1,0.1,515.4,618.4799999999999,156.1818181818182,24.435000000000002
0.207,0.457,0.241,1.983,4.694,3.807,0.4,0.4,0.1,0.1,399.2,479.03999999999996,120.96969696969697,26.895
1.208,0.658,1.394,0.102,2.33,1.897,0.4,0.4,0.1,0.1,919.8,1103.76,278.72727272727275,11.879999999999999
0.359,0.252,0.556,1.031,0.484,1.618,0.4,0.4,0.1,0.1,454.7,545.64,137.78787878787878,24.615000000000002
0.814,1.328,0.221,4.091,0.03,4.552,0.4,0.4,0.1,0.1,789.8,947.7599999999999,239.33333333333334,17.79
0.777,0.963,1.144,4.886,1.733,0.52,0.4,0.4,0.1,0.1,734.8,881.7599999999999,222.66666666666666,18.345
0.403,0.702,1.307,4.847,3.57,2.499,0.4,0.4,0.1,0.1,521.7,626.0400000000001,158.09090909090912,23.955
0.607,0.636,0.508,2.726,0.314,2.069,0.4,0.4,0.1,0.1,617.1,740.52,187.00000000000003,20.895
0.183,0.65,0.67,2.083,3.484,0.16,0.4,0.4,0.1,0.1,406.5,487.79999999999995,123.18181818181819,27.255
1.158,0.322,1.013,4.461,2.108,1.627,0.4,0.4,0.1,0.1,861.2,1033.44,260.969696969697,12.630000000000003
1.212,1.11,0.157,2.94,3.081,4.427,0.4,0.4,0.1,0.1,967.0,1160.3999999999999,293.03030303030306,11.82
0.688,0.499,0.932,2.74,1.437,3.855,0.4,0.4,0.1,0.1,643.9,772.68,195.12121212121212,19.68
1.306,0.759,0.362,2.48,0.258,4.325,0.4,0.4,0.1,0.1,978.9,1174.6799999999998,296.6363636363636,10.41
0.604,0.383,0.798,4.722,4.837,3.876,0.4,0.4,0.1,0.1,590.3,708.3599999999999,178.87878787878788,20.939999999999998
0.334,1.083,1.093,4.624,1.545,3.087,0.4,0.4,0.1,0.1,525.3,630.3599999999999,159.1818181818182,24.99
0.256,1.462,0.837,0.364,3.982,3.79,0.4,0.4,0.1,0.1,524.2,629.0400000000001,158.84848484848487,26.16
1.146,0.28,0.492,3.328,0.915,1.662,0.4,0.4,0.1,0.1,851.0,1021.1999999999999,257.8787878787879,12.810000000000002
0.28,0.782,1.412,2.406,0.364,4.22,0.4,0.4,0.1,0.1,468.2,561.8399999999999,141.87878787878788,25.8
0.275,1.222,1.4,4.282,2.578,4.802,0.4,0.4,0.1,0.1,509.7,611.64,154.45454545454547,25.875
1.092,1.4,0.439,3.844,1.879,0.844,0.4,0.4,0.1,0.1,936.0,1123.2,283.6363636363636,13.619999999999997
1.351,0.988,1.497,0.121,4.995,4.08,0.4,0.4,0.1,0.1,1024.3,1229.1599999999999,310.3939393939394,9.735
0.503,1.258,1.067,0.217,1.912,4.838,0.4,0.4,0.1,0.1,627.3,752.7599999999999,190.0909090909091,22.455
1.106,0.813,1.314,1.091,1.066,2.326,0.4,0.4,0.1,0.1,884.3,1061.1599999999999,267.969696969697,13.41
0.683,0.587,0.412,0.581,2.87,4.409,0.4,0.4,0.1,0.1,650.2,780.24,197.03030303030306,19.755
0.327,0.266,1.395,3.132,1.113,2.107,0.4,0.4,0.1,0.1,440.1,528.12,133.36363636363637,25.095
0.421,0.618,1.16,2.926,3.953,1.292,0.4,0.4,0.1,0.1,522.3,626.7599999999999,158.27272727272728,23.685000000000002
0.745,0.997,1.31,1.386,0.134,0.719,0.4,0.4,0.1,0.1,722.2,866.64,218.84848484848487,18.825
1.434,1.199,0.118,3.731,4.127,3.463,0.4,0.4,0.1,0.1,1086.9,1304.28,329.36363636363643,8.490000000000002
0.113,1.027,1.183,0.383,1.544,0.34,0.4,0.4,0.1,0.1,409.2,491.03999999999996,124.0,28.305
1.276,0.478,0.491,4.218,2.108,4.237,0.4,0.4,0.1,0.1,935.8,1122.9599999999998,283.57575757575756,10.86
0.593,1.197,0.849,3.524,2.68,4.63,0.4,0.4,0.1,0.1,666.2,799.44,201.8787878787879,21.105
1.022,0.772,0.614,0.553,4.618,1.601,0.4,0.4,0.1,0.1,838.2,1005.84,254.00000000000003,14.67
0.338,0.205,1.454,1.333,3.741,0.156,0.4,0.4,0.1,0.1,439.5,527.4,133.1818181818182,24.93
0.18,1.161,1.241,4.043,2.92,2.099,0.4,0.4,0.1,0.1,456.1,547.32,138.21212121212122,27.3
0.312,0.957,0.764,3.582,0.781,3.099,0.4,0.4,0.1,0.1,501.7,602.04,152.03030303030303,25.32
0.543,0.95,0.545,1.647,2.792,3.97,0.4,0.4,0.1,0.1,616.5,739.8,186.81818181818184,21.854999999999997
0.737,1.144,0.144,3.388,1.018,4.271,0.4,0.4,0.1,0.1,732.9,879.4799999999999,222.0909090909091,18.945
1.344,0.288,1.182,3.591,2.674,0.354,0.4,0.4,0.1,0.1,950.8,1140.9599999999998,288.1212121212121,9.84
0.163,0.705,0.405,3.253,4.041,1.374,0.4,0.4,0.1,0.1,402.0,482.4,121.81818181818183,27.555
0.668,1.306,0.491,3.229,4.94,1.548,0.4,0.4,0.1,0.1,714.6,857.52,216.54545454545456,19.979999999999997
0.215,1.269,1.142,1.973,3.299,4.618,0.4,0.4,0.1,0.1,484.4,581.28,146.78787878787878,26.775
1.177,1.31,0.104,3.121,4.686,1.382,0.4,0.4,0.1,0.1,969.5,1163.3999999999999,293.7878787878788,12.344999999999999
1.178,0.816,0.354,2.74,0.86,1.669,0.4,0.4,0.1,0.1,920.6,1104.72,278.969696969697,12.330000000000002
0.804,0.965,0.959,0.87,0.157,2.176,0.4,0.4,0.1,0.1,748.5,898.1999999999999,226.81818181818184,17.939999999999998
0.106,0.336,1.392,1.275,2.706,1.817,0.4,0.4,0.1,0.1,336.6,403.92,102.00000000000001,28.41
0.546,0.909,0.439,0.236,2.452,3.498,0.4,0.4,0.1,0.1,613.9,736.68,186.03030303030303,21.81
0.653,0.104,1.129,3.274,2.034,1.889,0.4,0.4,0.1,0.1,586.9,704.28,177.84848484848484,20.205
0.843,1.482,0.311,1.239,2.319,4.399,0.4,0.4,0.1,0.1,819.7,983.64,248.39393939393943,17.355
0.74,0.539,1.238,1.774,0.467,3.214,0.4,0.4,0.1,0.1,673.9,808.68,204.21212121212122,18.9
1.123,0.262,0.683,1.305,3.706,4.302,0.4,0.4,0.1,0.1,837.7,1005.24,253.84848484848487,13.155000000000001
1.316,1.262,1.111,2.74,0.467,0.384,0.4,0.4,0.1,0.1,1034.2,1241.04,313.39393939393943,10.259999999999998
0.215,0.273,0.288,0.505,1.698,1.299,0.4,0.4,0.1,0.1,384.8,461.76,116.60606060606061,26.775
0.373,1.383,0.722,3.861,4.989,0.745,0.4,0.4,0.1,0.1,574.8,689.7599999999999,174.1818181818182,24.405
0.804,0.911,0.227,1.149,0.04,0.873,0.4,0.4,0.1,0.1,743.1,891.72,225.1818181818182,17.939999999999998
0.218,0.376,0.742,3.343,0.497,2.77,0.4,0.4,0.1,0.1,396.6,475.92,120.1818181818182,26.73
1.158,1.387,0.186,2.401,2.87,2.191,0.4,0.4,0.1,0.1,967.7,1161.24,293.24242424242425,12.630000000000003
0.272,0.743,0.447,2.044,3.203,3.772,0.4,0.4,0.1,0.1,460.3,552.36,139.4848484848485,25.92
0.889,1.34,1.24,3.773,3.323,3.078,0.4,0.4,0.1,0.1,828.5,994.1999999999999,251.06060606060606,16.665
0.812,0.978,1.113,1.845,0.134,0.934,0.4,0.4,0.1,0.1,753.8,904.56,228.42424242424244,17.82
1.333,0.77,1.148,1.244,0.381,1.8,0.4,0.4,0.1,0.1,993.5,1192.2,301.06060606060606,10.004999999999999
1.304,0.437,1.169,0.558,4.088,0.399,0.4,0.4,0.1,0.1,945.7,1134.84,286.5757575757576,10.439999999999998
0.816,1.083,0.431,1.762,2.815,2.376,0.4,0.4,0.1,0.1,766.3,919.56,232.21212121212122,17.76
1.039,1.197,0.121,0.699,2.584,1.648,0.4,0.4,0.1,0.1,889.2,1067.04,269.4545454545455,14.415000000000001
0.853,0.396,1.446,4.478,3.34,4.922,0.4,0.4,0.1,0.1,716.1,859.32,217.00000000000003,17.205
1.214,1.33,0.103,3.357,2.356,4.43,0.4,0.4,0.1,0.1,990.0,1188.0,300.0,11.79
1.188,0.154,0.459,0.161,2.99,3.678,0.4,0.4,0.1,0.1,859.4,1031.28,260.42424242424244,12.18
0.349,1.064,0.189,1.743,1.15,2.401,0.4,0.4,0.1,0.1,530.9,637.0799999999999,160.87878787878788,24.765
0.307,1.437,0.56,3.57,4.375,3.2,0.4,0.4,0.1,0.1,547.2,656.64,165.81818181818184,25.395
0.768,0.356,0.81,1.346,0.572,2.192,0.4,0.4,0.1,0.1,669.6,803.52,202.90909090909093,18.48
0.425,0.487,0.193,4.152,3.977,3.311,0.4,0.4,0.1,0.1,511.2,613.4399999999999,154.9090909090909,23.625
0.216,0.513,1.189,4.863,3.061,1.848,0.4,0.4,0.1,0.1,409.3,491.15999999999997,124.03030303030305,26.76
1.375,0.386,0.338,3.247,3.016,3.279,0.4,0.4,0.1,0.1,976.1,1171.32,295.7878787878788,9.375
0.167,1.175,1.195,4.103,3.145,2.213,0.4,0.4,0.1,0.1,451.0,541.1999999999999,136.66666666666669,27.495
0.728,0.708,1.309,3.9,4.892,3.906,0.4,0.4,0.1,0.1,684.8,821.7599999999999,207.5151515151515,19.08
0.67,0.927,0.328,2.778,0.249,2.638,0.4,0.4,0.1,0.1,677.7,813.24,205.3636363636364,19.95
1.186,1.0,1.025,2.998,0.144,1.884,0.4,0.4,0.1,0.1,943.0,1131.6,285.75757575757575,12.21
0.56,1.489,0.812,0.843,4.094,4.57,0.4,0.4,0.1,0.1,678.9,814.68,205.72727272727272,21.6
0.571,0.877,0.514,4.033,3.447,0.203,0.4,0.4,0.1,0.1,623.2,747.84,188.84848484848487,21.435000000000002
0.932,0.922,1.226,1.881,3.612,1.344,0.4,0.4,0.1,0.1,808.2,969.84,244.90909090909093,16.02
0.444,0.826,1.373,3.229,1.658,2.24,0.4,0.4,0.1,0.1,554.6,665.52,168.0606060606061,23.34
1.267,0.292,0.627,2.316,3.991,4.476,0.4,0.4,0.1,0.1,912.7,1095.24,276.5757575757576,10.995000000000001
0.375,0.319,0.838,1.541,0.303,2.616,0.4,0.4,0.1,0.1,469.4,563.28,142.24242424242425,24.375
0.956,0.214,0.113,4.938,4.855,1.446,0.4,0.4,0.1,0.1,749.4,899.28,227.0909090909091,15.66
1.169,0.174,0.615,4.59,4.61,3.192,0.4,0.4,0.1,0.1,851.9,1022.28,258.1515151515152,12.465
0.444,0.299,0.862,1.775,0.14,1.373,0.4,0.4,0.1,0.1,501.9,602.28,152.0909090909091,23.34
1.452,1.345,1.461,1.222,0.626,3.429,0.4,0.4,0.1,0.1,1110.5,1332.6,336.51515151515156,8.219999999999999
0.538,1.489,1.379,0.572,2.894,3.031,0.4,0.4,0.1,0.1,667.9,801.4799999999999,202.3939393939394,21.93
1.078,0.476,1.163,1.968,3.611,2.118,0.4,0.4,0.1,0.1,836.6,1003.92,253.51515151515153,13.829999999999998
1.018,0.595,0.858,2.725,4.434,0.498,0.4,0.4,0.1,0.1,818.5,982.1999999999999,248.03030303030303,14.73
0.652,0.468,0.901,2.979,3.965,1.089,0.4,0.4,0.1,0.1,622.8,747.3599999999999,188.72727272727272,20.22
0.394,0.709,1.176,1.336,4.213,1.103,0.4,0.4,0.1,0.1,517.9,621.4799999999999,156.93939393939394,24.09
1.491,0.771,0.107,1.695,3.718,1.876,0.4,0.4,0.1,0.1,1072.6,1287.12,325.030303030303,7.634999999999998
1.237,0.326,0.519,1.882,4.995,4.069,0.4,0.4,0.1,0.1,901.1,1081.32,273.06060606060606,11.445
0.633,1.225,0.759,3.943,3.818,4.86,0.4,0.4,0.1,0.1,689.0,826.8,208.7878787878788,20.505
1.375,0.363,1.172,3.365,0.646,3.501,0.4,0.4,0.1,0.1,973.8,1168.56,295.09090909090907,9.375
1.401,1.016,0.877,4.513,4.486,4.895,0.4,0.4,0.1,0.1,1052.1,1262.5199999999998,318.8181818181818,8.985
0.697,0.924,0.567,4.411,4.43,3.883,0.4,0.4,0.1,0.1,690.9,829.0799999999999,209.36363636363637,19.545
0.61,1.411,1.19,4.384,4.156,4.511,0.4,0.4,0.1,0.1,696.1,835.32,210.93939393939397,20.85
0.445,0.845,1.493,4.691,2.439,4.211,0.4,0.4,0.1,0.1,557.0,668.4,168.7878787878788,23.325
0.161,0.457,0.319,1.901,2.439,2.32,0.4,0.4,0.1,0.1,376.2,451.44,114.0,27.585
1.178,0.114,1.325,0.731,3.076,2.75,0.4,0.4,0.1,0.1,850.4,1020.4799999999999,257.6969696969697,12.330000000000002
0.718,1.06,0.605,2.707,3.384,1.454,0.4,0.4,0.1,0.1,715.0,858.0,216.66666666666669,19.23
0.677,0.572,0.504,4.661,3.379,1.034,0.4,0.4,0.1,0.1,645.7,774.84,195.66666666666669,19.845
0.629,1.284,0.234,2.455,3.803,3.044,0.4,0.4,0.1,0.1,692.9,831.4799999999999,209.96969696969697,20.564999999999998
0.894,0.863,0.271,3.462,1.075,0.49,0.4,0.4,0.1,0.1,783.3,939.9599999999999,237.36363636363637,16.59
1.427,0.207,1.322,2.084,1.711,3.761,0.4,0.4,0.1,0.1,984.2,1181.04,298.24242424242425,8.594999999999999
0.485,1.104,1.335,3.656,2.48,0.041,0.4,0.4,0.1,0.1,602.9,723.4799999999999,182.6969696969697,22.725
1.385,0.319,0.117,2.775,1.079,2.331,0.4,0.4,0.1,0.1,974.4,1169.28,295.2727272727273,9.225000000000001
0.167,0.946,0.568,2.475,4.724,0.232,0.4,0.4,0.1,0.1,428.1,513.72,129.72727272727275,27.495
0.692,0.885,0.999,3.336,1.089,4.131,0.4,0.4,0.1,0.1,684.5,821.4,207.42424242424244,19.62
1.076,0.265,1.448,1.352,1.995,3.802,0.4,0.4,0.1,0.1,814.5,977.4,246.81818181818184,13.86
1.203,0.499,1.11,0.65,3.892,3.549,0.4,0.4,0.1,0.1,901.4,1081.6799999999998,273.1515151515152,11.954999999999998
0.17,1.048,0.824,3.061,4.873,1.716,0.4,0.4,0.1,0.1,439.8,527.76,133.27272727272728,27.45
0.509,1.471,1.078,4.2,1.109,2.849,0.4,0.4,0.1,0.1,651.6,781.92,197.45454545454547,22.365000000000002
0.864,0.527,0.299,2.467,4.179,0.218,0.4,0.4,0.1,0.1,734.7,881.64,222.63636363636365,17.04
0.969,0.756,1.074,2.1,4.619,3.109,0.4,0.4,0.1,0.1,810.1,972.12,245.4848484848485,15.465
0.256,1.418,1.377,1.129,1.129,3.765,0.4,0.4,0.1,0.1,519.8,623.7599999999999,157.5151515151515,26.16
1.181,0.509,0.864,4.6,2.125,3.782,0.4,0.4,0.1,0.1,891.4,1069.6799999999998,270.1212121212121,12.285
0.39,1.124,1.03,2.736,2.038,2.929,0.4,0.4,0.1,0.1,557.4,668.88,168.9090909090909,24.15
1.226,0.273,0.809,3.561,2.693,4.473,0.4,0.4,0.1,0.1,890.3,1068.36,269.7878787878788,11.61
0.329,0.918,0.768,0.591,1.938,1.676,0.4,0.4,0.1,0.1,506.3,607.56,153.42424242424244,25.064999999999998
1.149,1.486,1.049,0.843,3.141,2.997,0.4,0.4,0.1,0.1,973.1,1167.72,294.8787878787879,12.765
0.321,0.595,1.482,3.187,3.398,1.357,0.4,0.4,0.1,0.1,470.0,564.0,142.42424242424244,25.185
1.15,1.077,1.493,3.203,0.391,1.304,0.4,0.4,0.1,0.1,932.7,1119.24,282.6363636363637,12.75
0.39,1.234,1.189,2.628,2.313,1.41,0.4,0.4,0.1,0.1,568.4,682.0799999999999,172.24242424242425,24.15
0.33,1.062,0.45,2.098,2.141,1.631,0.4,0.4,0.1,0.1,521.2,625.44,157.93939393939397,25.05
0.489,1.325,0.467,4.436,0.407,3.146,0.4,0.4,0.1,0.1,627.0,752.4,190.0,22.665
1.208,0.622,0.917,3.867,1.975,3.523,0.4,0.4,0.1,0.1,916.2,1099.44,277.6363636363637,11.879999999999999
0.744,0.977,1.307,0.699,2.808,1.383,0.4,0.4,0.1,0.1,719.7,863.64,218.09090909090912,18.84
0.527,1.294,0.66,3.036,0.832,4.186,0.4,0.4,0.1,0.1,642.9,771.4799999999999,194.8181818181818,22.095
0.416,0.694,1.35,0.164,1.535,0.981,0.4,0.4,0.1,0.1,527.4,632.88,159.8181818181818,23.76
0.921,0.643,0.456,1.091,0.444,3.057,0.4,0.4,0.1,0.1,774.8,929.7599999999999,234.78787878787878,16.185
1.236,0.212,1.047,1.827,4.738,0.868,0.4,0.4,0.1,0.1,889.2,1067.04,269.4545454545455,11.46
0.328,0.527,0.101,0.901,1.066,1.089,0.4,0.4,0.1,0.1,466.7,560.04,141.42424242424244,25.08
1.227,0.607,1.255,0.215,4.623,2.97,0.4,0.4,0.1,0.1,924.2,1109.04,280.06060606060606,11.594999999999999
1.023,1.124,0.725,1.454,3.06,1.163,0.4,0.4,0.1,0.1,873.9,1048.6799999999998,264.8181818181818,14.655000000000001
0.862,1.069,0.667,0.773,4.15,0.718,0.4,0.4,0.1,0.1,787.9,945.4799999999999,238.75757575757575,17.07
0.479,1.171,1.419,1.952,1.517,4.073,0.4,0.4,0.1,0.1,606.6,727.92,183.81818181818184,22.815
1.361,1.153,0.717,1.921,1.921,3.132,0.4,0.4,0.1,0.1,1045.8,1254.9599999999998,316.90909090909093,9.585
1.013,0.994,0.635,1.102,2.684,4.771,0.4,0.4,0.1,0.1,855.9,1027.08,259.3636363636364,14.805000000000001
0.604,1.155,0.157,4.298,2.527,3.039,0.4,0.4,0.1,0.1,667.5,801.0,202.27272727272728,20.939999999999998
1.103,0.569,1.408,0.387,4.615,2.112,0.4,0.4,0.1,0.1,858.4,1030.08,260.1212121212121,13.455000000000002
0.206,1.117,0.283,4.347,0.908,1.128,0.4,0.4,0.1,0.1,464.7,557.64,140.8181818181818,26.91
0.325,1.193,0.816,1.038,3.348,0.245,0.4,0.4,0.1,0.1,531.8,638.16,161.15151515151516,25.125
0.401,1.011,0.824,0.014,1.612,4.399,0.4,0.4,0.1,0.1,551.6,661.92,167.15151515151516,23.985
1.24,0.409,1.495,1.491,0.056,1.849,0.4,0.4,0.1,0.1,910.9,1093.08,276.03030303030306,11.399999999999999
1.285,1.076,1.494,4.948,1.595,2.373,0.4,0.4,0.1,0.1,1000.1,1200.12,303.06060606060606,10.725000000000001
0.267,1.202,0.702,1.479,1.51,2.464,0.4,0.4,0.1,0.1,503.7,604.4399999999999,152.63636363636365,25.995
1.47,1.282,0.86,3.706,0.111,4.606,0.4,0.4,0.1,0.1,1113.2,1335.84,337.33333333333337,7.949999999999999
1.237,0.372,0.597,1.209,4.311,4.454,0.4,0.4,0.1,0.1,905.7,1086.84,274.4545454545455,11.445
1.318,0.834,1.42,4.255,0.684,1.164,0.4,0.4,0.1,0.1,992.4,1190.8799999999999,300.72727272727275,10.23
0.397,1.335,0.236,2.052,4.792,3.821,0.4,0.4,0.1,0.1,582.0,698.4,176.36363636363637,24.045
1.074,0.739,0.149,0.856,3.492,3.046,0.4,0.4,0.1,0.1,860.9,1033.08,260.8787878787879,13.89
0.258,0.934,1.467,3.181,0.741,3.878,0.4,0.4,0.1,0.1,472.4,566.88,143.15151515151516,26.13
0.457,1.16,0.102,0.879,4.005,3.498,0.4,0.4,0.1,0.1,594.5,713.4,180.15151515151516,23.145
1.405,1.487,0.405,0.204,1.39,1.366,0.4,0.4,0.1,0.1,1101.2,1321.44,333.69696969696975,8.925
0.416,1.09,0.896,3.719,2.612,2.751,0.4,0.4,0.1,0.1,567.0,680.4,171.81818181818184,23.76
1.436,0.348,1.22,3.817,4.352,3.201,0.4,0.4,0.1,0.1,1002.8,1203.36,303.8787878787879,8.46
0.963,1.122,0.581,0.167,0.244,4.133,0.4,0.4,0.1,0.1,843.7,1012.44,255.66666666666669,15.555
1.244,0.208,0.525,2.889,1.579,0.556,0.4,0.4,0.1,0.1,892.8,1071.36,270.54545454545456,11.34
1.05,0.927,0.262,4.469,3.68,1.457,0.4,0.4,0.1,0.1,867.7,1041.24,262.939393939394,14.25
1.359,0.219,0.956,1.742,2.172,2.632,0.4,0.4,0.1,0.1,951.4,1141.6799999999998,288.3030303030303,9.615000000000002
0.721,0.613,0.102,1.699,3.112,4.988,0.4,0.4,0.1,0.1,671.8,806.16,203.57575757575756,19.185000000000002
0.708,0.999,0.299,3.466,3.536,3.293,0.4,0.4,0.1,0.1,703.9,844.68,213.3030303030303,19.380000000000003
0.29,1.319,1.197,2.541,1.591,4.071,0.4,0.4,0.1,0.1,526.9,632.28,159.66666666666666,25.65
0.249,1.188,1.244,2.798,0.498,2.263,0.4,0.4,0.1,0.1,493.3,591.96,149.4848484848485,26.265
0.866,0.601,1.296,3.641,1.201,1.097,0.4,0.4,0.1,0.1,743.1,891.72,225.1818181818182,17.009999999999998
0.69,0.31,0.828,1.904,3.194,4.647,0.4,0.4,0.1,0.1,626.0,751.1999999999999,189.69696969696972,19.65
1.007,0.596,0.446,4.46,0.101,0.206,0.4,0.4,0.1,0.1,813.1,975.72,246.3939393939394,14.895000000000001
1.279,0.112,0.566,2.118,2.745,4.279,0.4,0.4,0.1,0.1,900.7,1080.84,272.939393939394,10.815000000000001
1.324,0.912,0.921,2.262,4.38,3.558,0.4,0.4,0.1,0.1,1003.2,1203.84,304.00000000000006,10.14
1.444,0.632,1.258,3.944,3.248,4.6,0.4,0.4,0.1,0.1,1035.2,1242.24,313.69696969696975,8.34
1.457,0.487,0.542,0.442,4.73,4.009,0.4,0.4,0.1,0.1,1027.2,1232.64,311.2727272727273,8.145
1.353,0.657,1.003,4.428,0.365,4.74,0.4,0.4,0.1,0.1,992.2,1190.64,300.6666666666667,9.705000000000002
0.695,0.576,1.298,1.591,1.304,4.353,0.4,0.4,0.1,0.1,655.1,786.12,198.51515151515153,19.575000000000003
1.239,0.618,0.691,4.469,1.194,1.964,0.4,0.4,0.1,0.1,931.3,1117.56,282.2121212121212,11.415
0.3,0.465,0.722,3.18,4.926,1.109,0.4,0.4,0.1,0.1,446.5,535.8,135.3030303030303,25.5
0.415,0.228,1.174,4.552,2.222,4.243,0.4,0.4,0.1,0.1,480.3,576.36,145.54545454545456,23.775
0.415,0.216,0.863,4.946,1.522,1.054,0.4,0.4,0.1,0.1,479.1,574.92,145.1818181818182,23.775
1.109,0.878,0.936,3.618,3.75,4.563,0.4,0.4,0.1,0.1,892.3,1070.76,270.3939393939394,13.365000000000002
0.162,1.259,1.259,3.529,2.635,0.315,0.4,0.4,0.1,0.1,456.9,548.28,138.45454545454547,27.57
0.882,0.795,0.106,0.806,3.709,2.037,0.4,0.4,0.1,0.1,770.5,924.5999999999999,233.4848484848485,16.77
0.647,1.017,1.259,3.927,4.973,1.553,0.4,0.4,0.1,0.1,675.2,810.24,204.60606060606062,20.295
0.813,1.421,0.219,1.421,3.223,1.572,0.4,0.4,0.1,0.1,798.6,958.3199999999999,242.00000000000003,17.805
1.375,0.483,0.835,4.968,1.035,2.793,0.4,0.4,0.1,0.1,985.8,1182.9599999999998,298.72727272727275,9.375
1.231,0.377,1.1,3.542,0.065,4.27,0.4,0.4,0.1,0.1,903.2,1083.84,273.69696969696975,11.535
0.371,1.331,0.317,2.049,3.305,4.976,0.4,0.4,0.1,0.1,568.6,682.32,172.3030303030303,24.435000000000002
1.149,0.846,0.465,3.488,4.194,4.9,0.4,0.4,0.1,0.1,909.1,1090.92,275.4848484848485,12.765
0.463,1.175,0.622,3.915,3.071,1.953,0.4,0.4,0.1,0.1,599.0,718.8,181.51515151515153,23.055
1.133,0.347,0.875,4.168,2.79,2.828,0.4,0.4,0.1,0.1,851.2,1021.44,257.939393939394,13.004999999999999
0.42,0.204,0.242,0.333,4.822,4.429,0.4,0.4,0.1,0.1,480.4,576.4799999999999,145.57575757575756,23.7
0.492,0.536,1.098,3.47,3.877,1.009,0.4,0.4,0.1,0.1,549.6,659.52,166.54545454545456,22.62
1.356,1.269,0.418,3.808,0.855,3.257,0.4,0.4,0.1,0.1,1054.9,1265.88,319.6666666666667,9.66
1.288,0.3,0.521,1.294,0.033,3.369,0.4,0.4,0.1,0.1,924.0,1108.8,280.0,10.68
1.062,1.024,1.196,2.293,1.39,0.075,0.4,0.4,0.1,0.1,883.4,1060.08,267.6969696969697,14.069999999999999
0.613,1.144,0.487,2.356,3.113,1.157,0.4,0.4,0.1,0.1,670.9,805.0799999999999,203.3030303030303,20.805
0.743,0.485,1.203,0.31,3.825,1.644,0.4,0.4,0.1,0.1,670.0,804.0,203.03030303030303,18.855
0.436,0.402,1.359,3.568,4.676,3.947,0.4,0.4,0.1,0.1,508.2,609.8399999999999,154.0,23.46
1.129,1.323,0.822,0.013,3.193,2.469,0.4,0.4,0.1,0.1,946.8,1136.1599999999999,286.90909090909093,13.065000000000001
1.33,0.266,0.74,0.896,2.876,0.829,0.4,0.4,0.1,0.1,941.6,1129.92,285.33333333333337,10.049999999999997
1.242,1.141,0.572,3.606,3.719,0.125,0.4,0.4,0.1,0.1,985.1,1182.12,298.51515151515156,11.370000000000001
0.192,1.055,0.471,3.327,3.108,1.712,0.4,0.4,0.1,0.1,451.5,541.8,136.8181818181818,27.12
0.361,1.333,0.762,0.745,3.776,1.632,0.4,0.4,0.1,0.1,563.8,676.56,170.84848484848484,24.585
0.731,0.215,0.774,1.442,3.605,3.508,0.4,0.4,0.1,0.1,637.0,764.4,193.03030303030303,19.035
0.524,1.051,1.462,0.333,0.685,3.939,0.4,0.4,0.1,0.1,617.1,740.52,187.00000000000003,22.14
0.542,0.665,0.33,0.813,0.637,3.193,0.4,0.4,0.1,0.1,587.5,705.0,178.03030303030303,21.869999999999997
1.285,0.124,0.416,0.403,2.539,1.123,0.4,0.4,0.1,0.1,904.9,1085.8799999999999,274.21212121212125,10.725000000000001
0.154,0.897,0.304,3.028,4.353,4.841,0.4,0.4,0.1,0.1,416.7,500.03999999999996,126.27272727272728,27.69
0.336,1.101,0.668,1.005,1.113,1.876,0.4,0.4,0.1,0.1,528.1,633.72,160.03030303030306,24.96
0.64,1.296,0.318,3.018,4.942,4.756,0.4,0.4,0.1,0.1,699.6,839.52,212.00000000000003,20.4
0.657,0.685,0.361,1.353,0.7,2.232,0.4,0.4,0.1,0.1,647.0,776.4,196.06060606060606,20.145
1.038,1.457,0.789,4.53,1.217,1.065,0.4,0.4,0.1,0.1,914.7,1097.64,277.1818181818182,14.43
1.063,0.975,0.254,3.889,2.87,2.832,0.4,0.4,0.1,0.1,879.0,1054.8,266.3636363636364,14.055000000000001
1.029,0.721,0.709,3.656,3.819,1.079,0.4,0.4,0.1,0.1,836.6,1003.92,253.51515151515153,14.565000000000001
0.798,1.458,0.436,2.307,2.212,2.619,0.4,0.4,0.1,0.1,794.8,953.7599999999999,240.84848484848484,18.03
0.763,0.571,0.873,4.308,0.833,0.978,0.4,0.4,0.1,0.1,688.6,826.32,208.66666666666669,18.555
0.674,0.832,1.178,1.419,3.215,1.046,0.4,0.4,0.1,0.1,670.2,804.24,203.09090909090912,19.89
1.082,1.283,0.626,1.969,3.67,2.499,0.4,0.4,0.1,0.1,919.3,1103.1599999999999,278.57575757575756,13.77
0.755,0.89,0.67,4.695,0.254,2.841,0.4,0.4,0.1,0.1,716.5,859.8,217.12121212121212,18.675
1.307,0.922,1.002,0.759,0.257,2.9,0.4,0.4,0.1,0.1,995.7,1194.84,301.72727272727275,10.395
0.856,0.492,0.739,0.934,2.525,0.579,0.4,0.4,0.1,0.1,727.2,872.64,220.3636363636364,17.16
1.182,1.329,1.156,1.824,3.972,2.383,0.4,0.4,0.1,0.1,973.9,1168.6799999999998,295.1212121212121,12.27
1.349,0.644,1.074,2.163,0.55,3.669,0.4,0.4,0.1,0.1,988.9,1186.6799999999998,299.6666666666667,9.765
0.463,0.121,1.27,3.054,3.601,0.046,0.4,0.4,0.1,0.1,493.6,592.32,149.5757575757576,23.055
1.095,0.896,1.282,0.564,1.327,4.96,0.4,0.4,0.1,0.1,887.1,1064.52,268.8181818181818,13.575
1.36,0.592,0.577,4.865,0.769,2.252,0.4,0.4,0.1,0.1,989.2,1187.04,299.7575757575758,9.599999999999998
0.785,0.134,0.832,4.337,1.49,4.385,0.4,0.4,0.1,0.1,655.9,787.0799999999999,198.75757575757575,18.225
0.317,0.152,1.316,0.268,2.551,4.409,0.4,0.4,0.1,0.1,423.7,508.43999999999994,128.3939393939394,25.245
0.89,0.536,0.396,3.516,4.185,1.944,0.4,0.4,0.1,0.1,748.6,898.32,226.84848484848487,16.65
0.384,0.116,1.18,3.674,1.404,3.193,0.4,0.4,0.1,0.1,453.6,544.32,137.45454545454547,24.240000000000002
0.175,0.401,1.454,3.434,1.58,4.608,0.4,0.4,0.1,0.1,377.6,453.12,114.42424242424244,27.375
0.144,1.313,1.327,2.789,3.319,3.742,0.4,0.4,0.1,0.1,453.29999999999995,543.9599999999999,137.36363636363635,27.84
1.196,0.32,1.302,4.905,4.933,0.785,0.4,0.4,0.1,0.1,880.0,1056.0,266.6666666666667,12.060000000000002
0.374,1.076,1.082,3.638,3.237,2.006,0.4,0.4,0.1,0.1,544.6,653.52,165.03030303030306,24.39
1.136,0.475,1.341,3.156,0.979,0.455,0.4,0.4,0.1,0.1,865.5,1038.6,262.2727272727273,12.96
1.242,0.201,1.39,4.873,4.37,1.816,0.4,0.4,0.1,0.1,891.1,1069.32,270.03030303030306,11.370000000000001
0.519,0.261,0.164,3.734,2.913,0.991,0.4,0.4,0.1,0.1,535.6,642.72,162.3030303030303,22.215
1.38,0.231,0.545,2.248,0.766,4.105,0.4,0.4,0.1,0.1,963.1,1155.72,291.8484848484849,9.3
0.633,0.213,0.892,4.883,1.0,2.521,0.4,0.4,0.1,0.1,587.8,705.3599999999999,178.12121212121212,20.505
1.129,1.411,0.578,3.021,0.558,2.245,0.4,0.4,0.1,0.1,955.6,1146.72,289.5757575757576,13.065000000000001
1.122,0.255,0.441,2.411,1.476,2.591,0.4,0.4,0.1,0.1,836.5,1003.8,253.4848484848485,13.169999999999998
0.285,1.425,0.514,1.238,1.766,2.053,0.4,0.4,0.1,0.1,535.0,642.0,162.12121212121212,25.725
1.474,1.249,1.426,3.567,3.856,0.205,0.4,0.4,0.1,0.1,1111.9,1334.28,336.939393939394,7.890000000000001
1.461,0.163,0.229,0.748,1.7,4.686,0.4,0.4,0.1,0.1,996.8,1196.1599999999999,302.06060606060606,8.084999999999997
0.652,0.437,0.82,2.015,0.712,0.657,0.4,0.4,0.1,0.1,619.7,743.64,187.7878787878788,20.22
1.344,0.282,0.222,1.091,0.21,1.148,0.4,0.4,0.1,0.1,950.2,1140.24,287.939393939394,9.84
1.446,0.671,0.357,2.057,1.951,2.34,0.4,0.4,0.1,0.1,1040.1,1248.12,315.1818181818182,8.310000000000002
0.193,1.171,0.854,4.33,0.85,3.311,0.4,0.4,0.1,0.1,463.6,556.32,140.4848484848485,27.105
0.653,1.169,0.895,4.884,1.766,1.513,0.4,0.4,0.1,0.1,693.4,832.0799999999999,210.12121212121212,20.205
0.604,1.196,0.917,0.17,2.652,3.277,0.4,0.4,0.1,0.1,671.6,805.92,203.51515151515153,20.939999999999998
0.32,0.583,0.374,1.072,4.6,4.936,0.4,0.4,0.1,0.1,468.3,561.96,141.9090909090909,25.2
0.412,1.048,0.159,2.174,4.667,1.702,0.4,0.4,0.1,0.1,560.8,672.9599999999999,169.93939393939394,23.82
0.912,0.896,0.346,2.754,1.511,0.042,0.4,0.4,0.1,0.1,795.6,954.72,241.09090909090912,16.32
1.096,0.829,1.161,2.527,0.312,2.979,0.4,0.4,0.1,0.1,880.9,1057.08,266.93939393939394,13.559999999999999
1.271,1.379,1.302,0.254,2.636,4.728,0.4,0.4,0.1,0.1,1023.4,1228.08,310.1212121212121,10.935000000000002
1.043,0.168,0.615,0.844,1.256,3.581,0.4,0.4,0.1,0.1,788.3,945.9599999999999,238.87878787878788,14.355
0.788,1.123,0.23,0.95,2.691,4.02,0.4,0.4,0.1,0.1,756.3,907.56,229.1818181818182,18.18
0.451,1.085,0.454,2.872,2.713,1.092,0.4,0.4,0.1,0.1,584.0,700.8,176.96969696969697,23.235
1.492,0.909,1.149,2.95,2.128,2.348,0.4,0.4,0.1,0.1,1086.9,1304.28,329.36363636363643,7.620000000000001
0.959,1.166,1.106,1.522,2.849,4.998,0.4,0.4,0.1,0.1,846.1,1015.3199999999999,256.39393939393943,15.615
0.135,0.404,1.122,3.449,1.205,3.343,0.4,0.4,0.1,0.1,357.9,429.47999999999996,108.45454545454545,27.975
0.68,0.132,0.109,3.179,3.303,4.884,0.4,0.4,0.1,0.1,603.2,723.84,182.7878787878788,19.799999999999997
0.295,1.377,1.249,1.465,4.736,4.852,0.4,0.4,0.1,0.1,535.2,642.24,162.18181818181822,25.575
0.373,0.171,0.582,3.167,1.7,0.52,0.4,0.4,0.1,0.1,453.6,544.32,137.45454545454547,24.405
1.309,0.351,1.219,0.416,1.193,1.432,0.4,0.4,0.1,0.1,939.6,1127.52,284.72727272727275,10.365000000000002
1.485,1.093,0.939,2.139,2.476,4.051,0.4,0.4,0.1,0.1,1101.8,1322.1599999999999,333.8787878787879,7.724999999999998
0.528,1.017,0.87,1.118,4.218,4.862,0.4,0.4,0.1,0.1,615.7,738.84,186.5757575757576,22.08
0.28,1.074,0.931,0.461,1.425,3.251,0.4,0.4,0.1,0.1,497.4,596.88,150.72727272727272,25.8
0.109,0.545,0.274,0.534,2.655,1.303,0.4,0.4,0.1,0.1,359.0,430.8,108.7878787878788,28.365
0.598,0.829,1.357,2.308,2.096,4.314,0.4,0.4,0.1,0.1,631.9,758.28,191.4848484848485,21.03
0.808,0.953,0.595,3.974,3.093,4.455,0.4,0.4,0.1,0.1,749.3,899.16,227.06060606060606,17.88
1.428,0.689,0.45,3.124,0.731,4.903,0.4,0.4,0.1,0.1,1032.9,1239.48,313.00000000000006,8.580000000000002
0.95,0.506,0.287,4.686,2.727,2.695,0.4,0.4,0.1,0.1,775.6,930.72,235.03030303030306,15.75
1.166,1.087,0.738,2.324,2.976,4.811,0.4,0.4,0.1,0.1,941.7,1130.04,285.3636363636364,12.510000000000002
1.398,0.295,0.58,2.602,1.764,4.023,0.4,0.4,0.1,0.1,978.5,1174.2,296.51515151515156,9.030000000000001
0.951,0.362,0.271,3.88,1.259,1.433,0.4,0.4,0.1,0.1,761.7,914.0400000000001,230.81818181818184,15.735000000000001
1.464,0.572,0.685,3.955,0.632,0.733,0.4,0.4,0.1,0.1,1039.2,1247.04,314.90909090909093,8.04
0.958,0.242,0.54,2.764,0.111,0.867,0.4,0.4,0.1,0.1,753.2,903.84,228.24242424242428,15.63
1.234,0.129,1.179,0.57,3.369,4.887,0.4,0.4,0.1,0.1,879.9,1055.8799999999999,266.6363636363636,11.490000000000002
1.123,1.272,0.769,1.532,0.226,4.501,0.4,0.4,0.1,0.1,938.7,1126.44,284.4545454545455,13.155000000000001
0.681,0.813,0.751,0.509,4.514,3.709,0.4,0.4,0.1,0.1,671.8,806.16,203.57575757575756,19.785
0.385,0.606,0.573,1.306,1.19,1.289,0.4,0.4,0.1,0.1,503.1,603.72,152.45454545454547,24.225
1.0,0.732,1.418,0.921,4.665,2.609,0.4,0.4,0.1,0.1,823.2,987.84,249.4545454545455,15.0
1.228,0.711,0.58,3.327,4.567,0.463,0.4,0.4,0.1,0.1,935.1,1122.12,283.3636363636364,11.580000000000002
1.191,1.406,0.256,1.343,2.716,4.131,0.4,0.4,0.1,0.1,986.1,1183.32,298.8181818181818,12.134999999999998
1.122,0.859,0.132,2.16,4.361,1.466,0.4,0.4,0.1,0.1,896.9,1076.28,271.7878787878788,13.169999999999998
0.694,0.95,1.26,4.178,3.848,2.928,0.4,0.4,0.1,0.1,692.0,830.4,209.69696969696972,19.59
0.126,0.725,0.69,4.849,3.129,1.292,0.4,0.4,0.1,0.1,385.5,462.59999999999997,116.81818181818183,28.11
0.967,1.306,0.173,4.771,3.246,3.648,0.4,0.4,0.1,0.1,864.1,1036.92,261.8484848484849,15.495000000000001
1.361,0.131,0.567,4.851,2.719,0.947,0.4,0.4,0.1,0.1,943.6,1132.32,285.93939393939394,9.585
0.524,0.749,1.459,1.662,2.095,4.653,0.4,0.4,0.1,0.1,586.9,704.28,177.84848484848484,22.14
0.579,0.858,0.739,4.725,0.534,1.498,0.4,0.4,0.1,0.1,625.3,750.3599999999999,189.48484848484847,21.315
0.224,0.992,0.71,0.134,1.717,0.388,0.4,0.4,0.1,0.1,461.2,553.4399999999999,139.75757575757575,26.64
0.579,0.294,0.583,1.55,0.74,0.788,0.4,0.4,0.1,0.1,568.9,682.68,172.3939393939394,21.315
0.46,0.67,0.344,2.155,4.999,1.338,0.4,0.4,0.1,0.1,547.0,656.4,165.75757575757578,23.1
0.259,0.878,1.206,3.05,2.809,2.334,0.4,0.4,0.1,0.1,467.3,560.76,141.60606060606062,26.115
0.434,1.246,1.176,2.597,4.172,1.24,0.4,0.4,0.1,0.1,591.6,709.92,179.27272727272728,23.490000000000002
1.0,1.099,1.08,0.639,1.668,2.201,0.4,0.4,0.1,0.1,859.9,1031.8799999999999,260.57575757575756,15.0
0.748,0.292,0.112,2.06,3.498,2.971,0.4,0.4,0.1,0.1,653.2,783.84,197.93939393939397,18.78
0.704,0.244,0.805,3.868,0.168,0.164,0.4,0.4,0.1,0.1,626.4,751.68,189.8181818181818,19.44
0.308,0.808,0.623,0.829,3.656,2.205,0.4,0.4,0.1,0.1,484.8,581.76,146.9090909090909,25.38
0.696,0.58,0.999,4.28,2.831,4.498,0.4,0.4,0.1,0.1,656.0,787.1999999999999,198.7878787878788,19.560000000000002
0.222,0.547,0.7,4.654,1.475,0.409,0.4,0.4,0.1,0.1,415.7,498.84,125.96969696969697,26.67
0.116,0.992,0.412,1.803,0.082,2.236,0.4,0.4,0.1,0.1,407.2,488.64,123.39393939393939,28.26
0.912,0.832,0.336,3.89,1.746,2.73,0.4,0.4,0.1,0.1,789.2,947.04,239.15151515151518,16.32
1.314,1.016,0.509,4.146,3.126,3.224,0.4,0.4,0.1,0.1,1008.6,1210.32,305.6363636363637,10.29
1.147,1.472,0.796,4.526,1.719,3.717,0.4,0.4,0.1,0.1,970.7,1164.84,294.1515151515152,12.794999999999998
0.467,0.996,0.839,3.822,3.773,1.328,0.4,0.4,0.1,0.1,583.1,699.72,176.69696969696972,22.994999999999997
0.927,0.884,0.346,1.554,2.703,4.93,0.4,0.4,0.1,0.1,801.9,962.28,243.0,16.095
0.95,0.69,1.128,4.003,2.977,0.895,0.4,0.4,0.1,0.1,794.0,952.8,240.60606060606062,15.75
1.327,0.361,1.188,4.142,2.876,2.198,0.4,0.4,0.1,0.1,949.6,1139.52,287.7575757575758,10.094999999999999
0.206,0.937,1.102,1.174,4.677,3.882,0.4,0.4,0.1,0.1,446.7,536.04,135.36363636363637,26.91
0.347,1.424,0.115,1.679,0.408,2.587,0.4,0.4,0.1,0.1,565.9,679.0799999999999,171.4848484848485,24.795
1.424,0.415,0.772,4.718,1.057,3.697,0.4,0.4,0.1,0.1,1003.5,1204.2,304.0909090909091,8.64
1.492,0.529,1.152,3.877,4.397,0.69,0.4,0.4,0.1,0.1,1048.9,1258.68,317.8484848484849,7.620000000000001
0.825,0.775,0.247,0.75,3.431,0.945,0.4,0.4,0.1,0.1,740.0,888.0,224.24242424242425,17.625
0.396,0.578,0.203,2.692,3.489,0.705,0.4,0.4,0.1,0.1,505.8,606.96,153.27272727272728,24.06
0.393,0.289,1.44,4.966,3.799,3.1,0.4,0.4,0.1,0.1,475.4,570.4799999999999,144.06060606060606,24.105
0.813,1.441,0.728,0.459,2.843,3.808,0.4,0.4,0.1,0.1,800.6,960.72,242.60606060606062,17.805
1.202,0.626,1.096,3.841,5.0,1.089,0.4,0.4,0.1,0.1,913.6,1096.32,276.8484848484849,11.969999999999999
0.159,0.343,0.36,0.678,2.385,0.57,0.4,0.4,0.1,0.1,363.8,436.56,110.24242424242425,27.615
0.773,0.672,1.337,2.863,3.983,2.811,0.4,0.4,0.1,0.1,703.7,844.44,213.24242424242428,18.405
0.978,0.449,0.983,4.352,2.755,4.915,0.4,0.4,0.1,0.1,783.9,940.68,237.54545454545456,15.33
0.68,0.699,0.43,4.976,0.21,0.939,0.4,0.4,0.1,0.1,659.9,791.88,199.96969696969697,19.799999999999997
0.759,1.441,0.275,0.221,2.655,0.774,0.4,0.4,0.1,0.1,773.6,928.3199999999999,234.42424242424244,18.615000000000002
0.71,1.445,1.29,2.879,1.335,0.089,0.4,0.4,0.1,0.1,749.5,899.4,227.12121212121212,19.35
1.335,0.93,0.292,3.396,0.27,4.033,0.4,0.4,0.1,0.1,1010.5,1212.6,306.21212121212125,9.975000000000001
0.305,1.113,0.98,0.033,1.415,0.226,0.4,0.4,0.1,0.1,513.8,616.56,155.6969696969697,25.425
0.757,0.815,0.759,0.511,3.997,1.193,0.4,0.4,0.1,0.1,710.0,852.0,215.15151515151516,18.645
0.646,0.717,1.106,4.317,3.341,2.191,0.4,0.4,0.1,0.1,644.7,773.64,195.36363636363637,20.310000000000002
0.182,1.382,0.579,2.32,0.237,4.869,0.4,0.4,0.1,0.1,479.2,575.04,145.21212121212122,27.27
0.33,1.008,0.597,3.237,4.516,0.787,0.4,0.4,0.1,0.1,515.8,618.9599999999999,156.3030303030303,25.05
0.638,0.561,0.147,1.256,3.247,4.182,0.4,0.4,0.1,0.1,625.1,750.12,189.42424242424244,20.43
0.812,1.201,1.146,4.717,2.122,3.878,0.4,0.4,0.1,0.1,776.1,931.3199999999999,235.18181818181822,17.82
1.46,1.424,1.497,4.231,2.793,1.881,0.4,0.4,0.1,0.1,1122.4,1346.88,340.1212121212122,8.100000000000001
0.771,1.448,0.124,2.238,0.39,0.403,0.4,0.4,0.1,0.1,780.3,936.3599999999999,236.45454545454547,18.435000000000002
0.309,0.209,0.435,0.593,0.866,1.651,0.4,0.4,0.1,0.1,425.4,510.47999999999996,128.9090909090909,25.365000000000002
1.257,0.224,0.163,1.553,3.195,3.428,0.4,0.4,0.1,0.1,900.9,1081.08,273.0,11.145000000000003
0.66,0.762,0.579,0.951,1.993,3.442,0.4,0.4,0.1,0.1,656.2,787.44,198.84848484848487,20.1
0.515,0.311,1.031,0.815,4.248,3.031,0.4,0.4,0.1,0.1,538.6,646.32,163.21212121212122,22.275
1.175,1.22,1.131,3.412,4.26,1.318,0.4,0.4,0.1,0.1,959.5,1151.3999999999999,290.75757575757575,12.375
0.99,0.947,0.581,1.343,1.214,3.875,0.4,0.4,0.1,0.1,839.7,1007.64,254.4545454545455,15.15
0.57,1.348,0.999,2.97,3.242,2.272,0.4,0.4,0.1,0.1,669.8,803.7599999999999,202.96969696969697,21.450000000000003
1.401,0.392,1.252,0.917,2.226,4.4,0.4,0.4,0.1,0.1,989.7,1187.64,299.90909090909093,8.985
0.867,0.122,1.309,3.561,2.389,4.305,0.4,0.4,0.1,0.1,695.7,834.84,210.81818181818184,16.995
0.852,0.44,1.465,0.467,4.24,2.626,0.4,0.4,0.1,0.1,720.0,864.0,218.1818181818182,17.22
0.244,0.115,0.276,2.23,1.831,4.121,0.4,0.4,0.1,0.1,383.5,460.2,116.21212121212122,26.34
1.454,1.032,0.454,0.13,2.288,0.601,0.4,0.4,0.1,0.1,1080.2,1296.24,327.33333333333337,8.190000000000001
0.323,0.581,1.188,0.026,4.947,2.971,0.4,0.4,0.1,0.1,469.6,563.52,142.3030303030303,25.155
1.209,0.451,0.909,4.424,1.827,2.155,0.4,0.4,0.1,0.1,899.6,1079.52,272.6060606060606,11.864999999999998
1.328,0.514,1.329,0.999,3.598,2.978,0.4,0.4,0.1,0.1,965.4,1158.48,292.54545454545456,10.079999999999998
0.559,1.461,0.547,4.679,2.14,2.689,0.4,0.4,0.1,0.1,675.6,810.72,204.72727272727275,21.615
0.542,1.383,1.258,2.445,1.017,4.064,0.4,0.4,0.1,0.1,659.3,791.16,199.78787878787878,21.869999999999997
0.93,0.458,1.166,4.44,3.682,2.622,0.4,0.4,0.1,0.1,760.8,912.9599999999999,230.54545454545453,16.049999999999997
1.497,0.11,1.344,0.722,0.664,0.312,0.4,0.4,0.1,0.1,1009.5,1211.3999999999999,305.90909090909093,7.544999999999998
0.264,0.606,0.786,1.852,2.578,2.775,0.4,0.4,0.1,0.1,442.6,531.12,134.12121212121212,26.04
0.59,0.801,0.422,0.816,2.19,2.974,0.4,0.4,0.1,0.1,625.1,750.12,189.42424242424244,21.15
0.266,0.86,0.284,2.356,3.643,1.822,0.4,0.4,0.1,0.1,469.0,562.8,142.12121212121212,26.009999999999998
1.253,0.675,0.788,2.921,4.542,3.376,0.4,0.4,0.1,0.1,944.0,1132.8,286.06060606060606,11.205000000000002
0.757,0.675,1.32,2.557,0.755,2.167,0.4,0.4,0.1,0.1,696.0,835.1999999999999,210.9090909090909,18.645
1.331,0.313,1.091,1.323,4.838,0.465,0.4,0.4,0.1,0.1,946.8,1136.1599999999999,286.90909090909093,10.035
0.479,0.444,0.661,1.794,2.274,0.697,0.4,0.4,0.1,0.1,533.9,640.68,161.78787878787878,22.815
0.288,0.389,1.342,2.1,3.307,2.554,0.4,0.4,0.1,0.1,432.9,519.4799999999999,131.1818181818182,25.68
1.16,0.45,1.392,0.722,1.558,4.841,0.4,0.4,0.1,0.1,875.0,1050.0,265.1515151515152,12.600000000000001
0.978,1.198,0.668,1.861,3.119,3.984,0.4,0.4,0.1,0.1,858.8,1030.56,260.24242424242425,15.33
1.112,1.412,0.757,2.604,2.851,1.629,0.4,0.4,0.1,0.1,947.2,1136.64,287.03030303030306,13.32
0.772,0.651,1.132,4.976,3.111,3.257,0.4,0.4,0.1,0.1,701.1,841.32,212.45454545454547,18.42
0.203,1.467,1.458,3.527,3.403,3.287,0.4,0.4,0.1,0.1,498.20000000000005,597.84,150.969696969697,26.955
0.397,0.461,0.962,3.403,2.784,2.318,0.4,0.4,0.1,0.1,494.6,593.52,149.8787878787879,24.045
1.216,1.399,0.962,0.01,0.002,1.565,0.4,0.4,0.1,0.1,997.9,1197.48,302.3939393939394,11.760000000000002
0.463,0.306,0.933,1.789,3.565,4.369,0.4,0.4,0.1,0.1,512.1,614.52,155.1818181818182,23.055
0.684,0.353,0.51,1.903,0.097,4.041,0.4,0.4,0.1,0.1,627.3,752.7599999999999,190.0909090909091,19.74
0.319,0.473,0.75,0.203,4.02,4.474,0.4,0.4,0.1,0.1,456.8,548.16,138.42424242424244,25.215
0.668,1.065,0.582,2.569,1.839,3.243,0.4,0.4,0.1,0.1,690.5,828.6,209.24242424242425,19.979999999999997
1.483,0.384,0.251,4.673,1.977,2.595,0.4,0.4,0.1,0.1,1029.9,1235.88,312.0909090909091,7.754999999999999
0.212,0.586,0.522,4.616,2.471,4.148,0.4,0.4,0.1,0.1,414.6,497.52,125.63636363636365,26.82
0.425,0.149,0.936,2.78,3.207,3.225,0.4,0.4,0.1,0.1,477.4,572.88,144.66666666666666,23.625
1.318,1.019,1.153,1.864,1.058,2.575,0.4,0.4,0.1,0.1,1010.9,1213.08,306.33333333333337,10.23
1.173,0.62,1.145,3.91,2.01,1.876,0.4,0.4,0.1,0.1,898.5,1078.2,272.2727272727273,12.405000000000001
0.928,1.036,0.855,3.534,2.953,3.413,0.4,0.4,0.1,0.1,817.6,981.12,247.75757575757578,16.08
1.407,1.348,0.269,4.313,2.531,4.707,0.4,0.4,0.1,0.1,1088.3,1305.9599999999998,329.7878787878788,8.895
1.416,0.742,0.57,1.866,2.388,2.66,0.4,0.4,0.1,0.1,1032.2,1238.64,312.7878787878788,8.760000000000002
0.349,0.27,0.534,0.42,0.17,3.177,0.4,0.4,0.1,0.1,451.5,541.8,136.8181818181818,24.765
0.271,0.389,1.188,3.113,2.701,2.82,0.4,0.4,0.1,0.1,424.4,509.28,128.6060606060606,25.935
0.65,0.554,1.179,2.227,4.081,2.396,0.4,0.4,0.1,0.1,630.4,756.4799999999999,191.03030303030303,20.25
0.156,0.766,1.152,1.759,1.756,3.549,0.4,0.4,0.1,0.1,404.6,485.52,122.60606060606062,27.66
0.788,0.857,0.956,2.085,4.831,4.825,0.4,0.4,0.1,0.1,729.7,875.64,221.12121212121215,18.18
1.353,1.423,0.603,2.612,1.677,3.579,0.4,0.4,0.1,0.1,1068.8,1282.56,323.8787878787879,9.705000000000002
1.343,1.264,0.742,0.462,3.763,1.877,0.4,0.4,0.1,0.1,1047.9,1257.48,317.5454545454546,9.855
0.531,0.114,0.181,4.611,4.932,3.976,0.4,0.4,0.1,0.1,526.9,632.28,159.66666666666666,22.035
0.955,0.368,0.938,4.603,4.412,4.512,0.4,0.4,0.1,0.1,764.3,917.16,231.6060606060606,15.675
0.103,0.577,1.176,3.078,1.615,3.314,0.4,0.4,0.1,0.1,359.2,431.03999999999996,108.84848484848484,28.455
1.314,1.255,0.338,1.931,3.734,1.352,0.4,0.4,0.1,0.1,1032.5,1239.0,312.8787878787879,10.29
0.503,0.637,1.09,4.997,1.987,2.065,0.4,0.4,0.1,0.1,565.2,678.24,171.2727272727273,22.455
0.959,1.178,1.176,4.968,4.638,0.11,0.4,0.4,0.1,0.1,847.3,1016.7599999999999,256.75757575757575,15.615
0.669,0.541,1.298,4.748,3.51,3.933,0.4,0.4,0.1,0.1,638.6,766.32,193.51515151515153,19.965
0.128,0.447,0.21,3.302,1.715,2.772,0.4,0.4,0.1,0.1,358.7,430.44,108.6969696969697,28.08
0.165,1.396,0.986,2.72,1.211,2.91,0.4,0.4,0.1,0.1,472.1,566.52,143.06060606060606,27.525
0.613,0.783,0.362,0.963,2.163,2.228,0.4,0.4,0.1,0.1,634.8,761.7599999999999,192.36363636363637,20.805
1.02,0.144,1.493,2.617,3.979,0.371,0.4,0.4,0.1,0.1,774.4,929.28,234.66666666666669,14.7
0.174,0.153,0.857,1.328,3.21,4.964,0.4,0.4,0.1,0.1,352.3,422.76,106.75757575757576,27.39
0.94,1.008,0.719,0.705,3.728,1.668,0.4,0.4,0.1,0.1,820.8,984.9599999999999,248.72727272727272,15.9
0.84,0.851,0.954,1.665,1.395,0.224,0.4,0.4,0.1,0.1,755.1,906.12,228.81818181818184,17.4
0.35,0.951,1.047,3.264,1.816,1.208,0.4,0.4,0.1,0.1,520.1,624.12,157.60606060606062,24.75
1.013,0.816,1.299,3.231,1.807,4.116,0.4,0.4,0.1,0.1,838.1,1005.72,253.969696969697,14.805000000000001
1.375,0.596,0.327,4.153,2.227,0.417,0.4,0.4,0.1,0.1,997.1,1196.52,302.1515151515152,9.375
1.196,1.314,0.127,0.616,2.326,4.492,0.4,0.4,0.1,0.1,979.4,1175.28,296.7878787878788,12.060000000000002
0.745,0.714,0.964,1.067,0.48,1.872,0.4,0.4,0.1,0.1,693.9,832.68,210.27272727272728,18.825
0.799,0.242,0.164,3.911,1.064,2.522,0.4,0.4,0.1,0.1,673.7,808.44,204.15151515151518,18.015
0.217,0.982,0.778,2.857,2.128,0.433,0.4,0.4,0.1,0.1,456.7,548.04,138.3939393939394,26.745
0.113,0.713,1.186,3.925,4.976,0.784,0.4,0.4,0.1,0.1,377.8,453.36,114.4848484848485,28.305
1.281,0.712,1.293,2.007,2.65,3.165,0.4,0.4,0.1,0.1,961.7,1154.04,291.42424242424244,10.785
0.903,1.33,1.308,0.493,4.975,2.774,0.4,0.4,0.1,0.1,834.5,1001.4,252.8787878787879,16.455
0.938,0.781,1.423,1.736,3.317,4.069,0.4,0.4,0.1,0.1,797.1,956.52,241.54545454545456,15.930000000000001
1.127,1.271,0.21,2.321,3.437,1.112,0.4,0.4,0.1,0.1,940.6,1128.72,285.03030303030306,13.094999999999999
0.799,1.171,1.4,4.42,0.296,1.4,0.4,0.4,0.1,0.1,766.6,919.92,232.3030303030303,18.015
0.781,0.805,0.374,2.325,4.275,2.807,0.4,0.4,0.1,0.1,721.0,865.1999999999999,218.4848484848485,18.285
0.917,1.31,0.769,3.35,3.459,0.624,0.4,0.4,0.1,0.1,839.5,1007.4,254.3939393939394,16.244999999999997
0.652,0.843,0.239,1.387,4.445,2.637,0.4,0.4,0.1,0.1,660.3,792.3599999999999,200.0909090909091,20.22
1.126,0.961,0.977,1.307,4.076,4.879,0.4,0.4,0.1,0.1,909.1,1090.92,275.4848484848485,13.110000000000003
1.275,0.765,0.145,4.905,3.511,0.095,0.4,0.4,0.1,0.1,964.0,1156.8,292.1212121212121,10.875
0.16,0.832,0.393,4.429,0.176,2.655,0.4,0.4,0.1,0.1,413.2,495.84,125.21212121212122,27.6
1.315,0.64,0.574,0.625,4.298,4.455,0.4,0.4,0.1,0.1,971.5,1165.8,294.39393939393943,10.275000000000002
0.163,0.558,0.618,1.881,1.59,2.601,0.4,0.4,0.1,0.1,387.3,464.76,117.36363636363637,27.555
1.119,0.976,0.105,3.821,0.425,0.929,0.4,0.4,0.1,0.1,907.1,1088.52,274.8787878787879,13.215
0.691,1.42,0.361,4.39,1.409,2.779,0.4,0.4,0.1,0.1,737.5,885.0,223.4848484848485,19.635
0.685,0.694,0.502,3.14,4.802,3.883,0.4,0.4,0.1,0.1,661.9,794.28,200.5757575757576,19.725
0.257,0.793,0.128,3.872,3.648,1.265,0.4,0.4,0.1,0.1,457.8,549.36,138.72727272727275,26.145
0.172,0.914,1.379,4.693,2.562,0.575,0.4,0.4,0.1,0.1,427.4,512.88,129.5151515151515,27.42
0.137,1.392,0.286,4.432,4.06,3.65,0.4,0.4,0.1,0.1,457.7,549.24,138.6969696969697,27.945
1.359,0.125,0.279,4.421,2.069,2.755,0.4,0.4,0.1,0.1,942.0,1130.3999999999999,285.4545454545455,9.615000000000002
0.632,1.266,1.342,2.168,2.497,0.123,0.4,0.4,0.1,0.1,692.6,831.12,209.8787878787879,20.52
1.117,0.176,1.054,2.392,1.193,2.64,0.4,0.4,0.1,0.1,826.1,991.3199999999999,250.33333333333334,13.245000000000001
1.223,0.849,0.888,2.193,3.936,4.914,0.4,0.4,0.1,0.1,946.4,1135.6799999999998,286.7878787878788,11.654999999999998
0.377,1.093,0.745,4.347,2.677,2.553,0.4,0.4,0.1,0.1,547.8,657.3599999999999,166.0,24.345
0.257,1.432,1.355,3.797,2.459,3.624,0.4,0.4,0.1,0.1,521.7,626.0400000000001,158.09090909090912,26.145
0.965,1.178,0.351,4.861,2.011,3.844,0.4,0.4,0.1,0.1,850.3,1020.3599999999999,257.6666666666667,15.525
0.49,1.08,1.458,1.157,1.081,4.844,0.4,0.4,0.1,0.1,603.0,723.6,182.72727272727275,22.65
0.735,0.634,0.114,4.952,2.901,1.678,0.4,0.4,0.1,0.1,680.9,817.0799999999999,206.33333333333334,18.975
1.278,0.418,0.815,4.779,2.32,1.609,0.4,0.4,0.1,0.1,930.8,1116.9599999999998,282.06060606060606,10.829999999999998
0.842,0.752,0.946,4.128,1.368,2.531,0.4,0.4,0.1,0.1,746.2,895.44,226.12121212121215,17.37
0.448,1.422,1.395,3.961,4.341,3.671,0.4,0.4,0.1,0.1,616.2,739.44,186.72727272727275,23.28
0.15,0.845,0.642,0.97,4.52,3.619,0.4,0.4,0.1,0.1,409.5,491.4,124.0909090909091,27.75
0.311,0.728,0.829,4.805,3.825,0.962,0.4,0.4,0.1,0.1,478.3,573.96,144.93939393939394,25.335
1.346,0.467,0.535,2.822,0.674,2.862,0.4,0.4,0.1,0.1,969.7,1163.64,293.8484848484849,9.809999999999999
0.651,0.754,0.877,3.321,1.402,0.149,0.4,0.4,0.1,0.1,650.9,781.0799999999999,197.24242424242425,20.235
1.099,0.688,1.36,0.82,4.871,0.264,0.4,0.4,0.1,0.1,868.3,1041.9599999999998,263.1212121212121,13.515
1.204,0.483,0.301,0.107,4.433,0.607,0.4,0.4,0.1,0.1,900.3,1080.36,272.8181818181818,11.940000000000001
0.294,0.179,0.982,1.722,1.791,1.795,0.4,0.4,0.1,0.1,414.9,497.87999999999994,125.72727272727273,25.59
0.203,1.11,0.718,4.216,2.724,4.201,0.4,0.4,0.1,0.1,462.5,555.0,140.15151515151516,26.955
0.706,0.965,1.309,0.282,3.547,2.031,0.4,0.4,0.1,0.1,699.5,839.4,211.96969696969697,19.41
0.149,0.778,0.672,1.068,4.307,0.82,0.4,0.4,0.1,0.1,402.3,482.76,121.90909090909092,27.765
0.533,0.227,0.357,2.085,2.762,0.691,0.4,0.4,0.1,0.1,539.2,647.0400000000001,163.3939393939394,22.005
0.376,0.363,1.18,2.047,4.893,2.501,0.4,0.4,0.1,0.1,474.3,569.16,143.72727272727275,24.36
0.173,1.442,1.383,4.811,0.139,2.199,0.4,0.4,0.1,0.1,480.7,576.8399999999999,145.66666666666666,27.405
0.824,0.729,0.63,4.636,2.007,2.671,0.4,0.4,0.1,0.1,734.9,881.88,222.6969696969697,17.64
0.877,0.378,1.153,1.735,4.008,1.61,0.4,0.4,0.1,0.1,726.3,871.56,220.0909090909091,16.845
0.974,0.534,1.329,1.44,0.858,4.845,0.4,0.4,0.1,0.1,790.4,948.4799999999999,239.51515151515153,15.39
0.238,1.228,0.939,3.002,4.103,3.736,0.4,0.4,0.1,0.1,491.8,590.16,149.03030303030303,26.43
1.182,1.16,1.164,2.792,4.644,4.913,0.4,0.4,0.1,0.1,957.0,1148.3999999999999,290.0,12.27
1.307,1.374,0.968,4.921,3.396,3.04,0.4,0.4,0.1,0.1,1040.9,1249.0800000000002,315.4242424242425,10.395
1.203,0.981,0.865,2.102,3.193,4.561,0.4,0.4,0.1,0.1,949.6,1139.52,287.7575757575758,11.954999999999998
0.854,0.863,0.584,2.449,4.622,3.395,0.4,0.4,0.1,0.1,763.3,915.9599999999999,231.3030303030303,17.189999999999998
0.311,0.313,1.264,4.166,1.203,2.916,0.4,0.4,0.1,0.1,436.8,524.16,132.36363636363637,25.335
1.071,0.516,1.035,3.232,2.002,2.428,0.4,0.4,0.1,0.1,837.1,1004.52,253.66666666666669,13.935000000000002
0.366,0.795,0.696,4.82,4.733,3.764,0.4,0.4,0.1,0.1,512.5,615.0,155.3030303030303,24.509999999999998
0.156,0.939,0.729,0.016,0.268,2.793,0.4,0.4,0.1,0.1,421.9,506.28,127.84848484848484,27.66
0.64,0.512,0.573,4.578,3.447,2.545,0.4,0.4,0.1,0.1,621.2,745.44,188.24242424242428,20.4
0.841,0.512,1.045,0.961,1.088,3.558,0.4,0.4,0.1,0.1,721.7,866.0400000000001,218.69696969696972,17.384999999999998
1.439,0.266,1.008,3.824,4.996,3.299,0.4,0.4,0.1,0.1,996.1,1195.32,301.8484848484849,8.415
0.738,0.719,0.179,2.036,3.793,3.487,0.4,0.4,0.1,0.1,690.9,829.0799999999999,209.36363636363637,18.93
1.073,0.826,1.378,3.925,3.419,1.479,0.4,0.4,0.1,0.1,869.1,1042.92,263.3636363636364,13.905000000000001
0.576,0.555,0.494,3.587,0.963,4.426,0.4,0.4,0.1,0.1,593.5,712.1999999999999,179.84848484848484,21.36
0.874,0.272,1.476,4.709,4.589,1.727,0.4,0.4,0.1,0.1,714.2,857.0400000000001,216.42424242424244,16.89
0.158,0.257,0.23,0.175,3.791,1.885,0.4,0.4,0.1,0.1,354.7,425.64,107.48484848484848,27.63
1.494,0.575,0.463,0.634,4.959,0.844,0.4,0.4,0.1,0.1,1054.5,1265.3999999999999,319.54545454545456,7.59
0.811,1.336,1.166,1.498,3.939,1.542,0.4,0.4,0.1,0.1,789.1,946.92,239.12121212121215,17.835
0.689,1.102,0.432,3.226,1.741,3.004,0.4,0.4,0.1,0.1,704.7,845.64,213.54545454545456,19.665
1.023,0.979,0.235,4.308,1.986,1.484,0.4,0.4,0.1,0.1,859.4,1031.28,260.42424242424244,14.655000000000001
1.267,1.057,0.748,0.844,1.328,1.257,0.4,0.4,0.1,0.1,989.2,1187.04,299.7575757575758,10.995000000000001
1.279,1.285,1.064,3.23,4.732,4.558,0.4,0.4,0.1,0.1,1018.0,1221.6,308.4848484848485,10.815000000000001
0.88,0.142,1.003,1.486,3.171,1.083,0.4,0.4,0.1,0.1,704.2,845.0400000000001,213.3939393939394,16.8
0.507,0.208,0.195,2.237,0.441,3.289,0.4,0.4,0.1,0.1,524.3,629.16,158.87878787878788,22.395
0.847,1.368,1.04,3.135,4.075,1.956,0.4,0.4,0.1,0.1,810.3,972.3599999999999,245.54545454545453,17.295
0.357,0.701,0.874,0.244,2.189,2.895,0.4,0.4,0.1,0.1,498.6,598.32,151.0909090909091,24.645
0.826,0.44,1.353,0.44,1.792,1.862,0.4,0.4,0.1,0.1,707.0,848.4,214.24242424242425,17.61
0.866,0.78,0.721,4.412,4.533,2.87,0.4,0.4,0.1,0.1,761.0,913.1999999999999,230.60606060606062,17.009999999999998
0.25,1.135,1.047,2.244,0.024,2.373,0.4,0.4,0.1,0.1,488.5,586.1999999999999,148.03030303030303,26.25
0.104,0.22,1.247,2.934,4.282,0.803,0.4,0.4,0.1,0.1,324.0,388.8,98.18181818181819,28.44
1.479,0.995,1.258,3.047,3.003,4.892,0.4,0.4,0.1,0.1,1089.0,1306.8,330.0,7.814999999999998
0.602,0.793,0.434,2.93,0.435,0.276,0.4,0.4,0.1,0.1,630.3,756.3599999999999,191.0,20.97
1.034,1.465,1.463,2.394,2.646,2.123,0.4,0.4,0.1,0.1,913.5,1096.2,276.8181818181818,14.49
1.388,0.835,0.711,3.007,2.763,4.046,0.4,0.4,0.1,0.1,1027.5,1233.0,311.3636363636364,9.18
0.234,0.646,0.975,0.068,0.711,2.865,0.4,0.4,0.1,0.1,431.6,517.92,130.7878787878788,26.49
0.984,0.499,0.415,0.681,4.318,1.99,0.4,0.4,0.1,0.1,791.9,950.28,239.96969696969697,15.24
0.608,0.223,0.116,1.015,3.24,0.412,0.4,0.4,0.1,0.1,576.3,691.56,174.63636363636363,20.880000000000003
0.366,0.373,0.944,2.942,1.689,4.208,0.4,0.4,0.1,0.1,470.3,564.36,142.51515151515153,24.509999999999998
0.721,1.393,1.079,4.011,2.651,2.95,0.4,0.4,0.1,0.1,749.8,899.7599999999999,227.21212121212122,19.185000000000002
1.211,0.867,0.912,4.204,3.688,0.952,0.4,0.4,0.1,0.1,942.2,1130.64,285.51515151515156,11.834999999999997
0.481,0.429,0.395,3.867,0.55,2.636,0.4,0.4,0.1,0.1,533.4,640.0799999999999,161.63636363636363,22.785
0.208,1.301,0.575,1.337,4.292,0.257,0.4,0.4,0.1,0.1,484.1,580.92,146.69696969696972,26.88
0.602,0.139,0.705,1.684,1.416,3.918,0.4,0.4,0.1,0.1,564.9,677.88,171.1818181818182,20.97
0.444,0.759,0.934,0.222,1.779,2.289,0.4,0.4,0.1,0.1,547.9,657.4799999999999,166.03030303030303,23.34
1.253,0.998,0.866,4.477,3.999,0.212,0.4,0.4,0.1,0.1,976.3,1171.56,295.8484848484849,11.205000000000002
0.477,0.302,1.15,2.863,2.861,0.506,0.4,0.4,0.1,0.1,518.7,622.44,157.18181818181822,22.845
1.131,0.292,1.254,0.414,0.017,4.064,0.4,0.4,0.1,0.1,844.7,1013.64,255.969696969697,13.035
1.454,1.391,1.187,1.573,4.325,4.707,0.4,0.4,0.1,0.1,1116.1,1339.32,338.2121212121212,8.190000000000001
1.134,0.887,1.255,4.204,0.563,3.103,0.4,0.4,0.1,0.1,905.7,1086.84,274.4545454545455,12.990000000000002
1.463,0.352,1.253,0.646,3.071,1.019,0.4,0.4,0.1,0.1,1016.7,1220.04,308.0909090909091,8.055
0.996,1.401,1.316,0.617,3.998,1.412,0.4,0.4,0.1,0.1,888.1,1065.72,269.1212121212121,15.06
0.733,0.782,0.286,0.673,2.315,3.441,0.4,0.4,0.1,0.1,694.7,833.64,210.51515151515153,19.005000000000003
1.044,1.35,1.307,1.077,2.722,1.654,0.4,0.4,0.1,0.1,907.0,1088.3999999999999,274.8484848484849,14.34
0.536,0.559,0.132,3.13,2.418,1.065,0.4,0.4,0.1,0.1,573.9,688.68,173.9090909090909,21.96
0.504,0.441,0.899,4.823,2.842,3.967,0.4,0.4,0.1,0.1,546.1,655.32,165.4848484848485,22.439999999999998
1.129,0.125,1.161,2.278,1.531,1.269,0.4,0.4,0.1,0.1,827.0,992.4,250.60606060606062,13.065000000000001
0.346,1.279,1.476,1.475,1.952,1.506,0.4,0.4,0.1,0.1,550.9,661.0799999999999,166.93939393939394,24.810000000000002
0.538,1.413,0.754,2.512,4.533,2.792,0.4,0.4,0.1,0.1,660.3,792.3599999999999,200.0909090909091,21.93
0.66,0.328,0.701,1.477,1.378,4.039,0.4,0.4,0.1,0.1,612.8,735.3599999999999,185.6969696969697,20.1
0.817,0.189,1.138,2.529,2.369,3.125,0.4,0.4,0.1,0.1,677.4,812.88,205.27272727272728,17.745
0.586,0.744,0.815,1.776,1.834,1.672,0.4,0.4,0.1,0.1,617.4,740.88,187.0909090909091,21.21
1.347,1.296,1.316,1.579,2.367,0.363,0.4,0.4,0.1,0.1,1053.1,1263.7199999999998,319.1212121212121,9.795000000000002
0.942,0.726,0.748,0.415,1.765,1.419,0.4,0.4,0.1,0.1,793.6,952.3199999999999,240.4848484848485,15.870000000000001
0.463,1.079,1.031,2.724,1.356,1.829,0.4,0.4,0.1,0.1,589.4,707.28,178.6060606060606,23.055
0.147,1.294,0.314,2.999,4.185,4.651,0.4,0.4,0.1,0.1,452.9,543.4799999999999,137.24242424242425,27.795
0.527,1.393,1.254,0.476,0.666,2.306,0.4,0.4,0.1,0.1,652.8,783.3599999999999,197.8181818181818,22.095
0.63,1.488,0.365,3.744,0.335,1.308,0.4,0.4,0.1,0.1,713.8,856.56,216.3030303030303,20.55
1.371,1.422,1.39,4.662,3.708,1.615,0.4,0.4,0.1,0.1,1077.7,1293.24,326.5757575757576,9.434999999999999
0.618,1.12,1.303,4.467,3.27,3.995,0.4,0.4,0.1,0.1,671.0,805.1999999999999,203.33333333333334,20.73
0.823,0.397,0.944,2.95,2.165,1.524,0.4,0.4,0.1,0.1,701.2,841.44,212.4848484848485,17.655
1.447,0.501,1.259,0.501,2.998,4.141,0.4,0.4,0.1,0.1,1023.6,1228.32,310.1818181818182,8.294999999999998
0.107,0.85,0.333,3.527,1.074,0.777,0.4,0.4,0.1,0.1,388.5,466.2,117.72727272727273,28.395
0.366,1.119,0.1,0.365,2.919,4.911,0.4,0.4,0.1,0.1,544.9,653.88,165.12121212121212,24.509999999999998
1.164,0.234,0.384,3.974,4.623,2.21,0.4,0.4,0.1,0.1,855.4,1026.48,259.21212121212125,12.540000000000003
1.093,0.921,1.254,1.157,3.772,4.537,0.4,0.4,0.1,0.1,888.6,1066.32,269.2727272727273,13.605
1.276,1.025,0.842,1.929,3.198,4.746,0.4,0.4,0.1,0.1,990.5,1188.6,300.1515151515152,10.86
1.35,0.973,0.359,4.708,1.959,0.46,0.4,0.4,0.1,0.1,1022.3,1226.76,309.7878787878788,9.75
0.182,1.395,0.536,1.43,1.925,4.672,0.4,0.4,0.1,0.1,480.5,576.6,145.60606060606062,27.27
0.534,0.483,1.444,1.388,1.78,0.873,0.4,0.4,0.1,0.1,565.3,678.3599999999999,171.3030303030303,21.990000000000002
0.392,0.949,0.572,4.024,3.823,3.169,0.4,0.4,0.1,0.1,540.9,649.0799999999999,163.9090909090909,24.12
1.104,0.604,0.791,3.886,3.466,4.408,0.4,0.4,0.1,0.1,862.4,1034.8799999999999,261.3333333333333,13.439999999999998
0.978,0.707,0.295,4.051,2.227,2.225,0.4,0.4,0.1,0.1,809.7,971.64,245.3636363636364,15.33
1.024,0.544,1.009,0.001,0.541,2.054,0.4,0.4,0.1,0.1,816.4,979.68,247.3939393939394,14.64
0.775,1.47,0.315,0.022,4.089,0.752,0.4,0.4,0.1,0.1,784.5,941.4,237.72727272727275,18.375
1.077,0.424,1.464,1.007,2.598,4.215,0.4,0.4,0.1,0.1,830.9,997.0799999999999,251.78787878787878,13.844999999999999
1.338,0.253,0.221,4.289,3.197,3.09,0.4,0.4,0.1,0.1,944.3,1133.1599999999999,286.1515151515151,9.93
0.791,0.575,1.415,4.202,0.894,4.991,0.4,0.4,0.1,0.1,703.0,843.6,213.03030303030303,18.134999999999998
1.187,1.014,0.865,2.26,1.456,0.349,0.4,0.4,0.1,0.1,944.9,1133.8799999999999,286.3333333333333,12.195
1.477,1.221,1.012,4.132,1.464,1.359,0.4,0.4,0.1,0.1,1110.6,1332.7199999999998,336.54545454545456,7.844999999999999
0.894,1.485,1.164,2.98,3.13,4.953,0.4,0.4,0.1,0.1,845.5,1014.5999999999999,256.21212121212125,16.59
0.421,0.951,0.291,2.46,1.425,2.664,0.4,0.4,0.1,0.1,555.6,666.72,168.36363636363637,23.685000000000002
0.836,1.412,1.238,4.775,3.846,2.025,0.4,0.4,0.1,0.1,809.2,971.04,245.21212121212125,17.46
1.343,0.164,1.049,0.555,4.272,1.364,0.4,0.4,0.1,0.1,937.9,1125.48,284.21212121212125,9.855
0.492,0.152,0.799,4.865,1.429,0.646,0.4,0.4,0.1,0.1,511.2,613.4399999999999,154.9090909090909,22.62
0.4,1.345,1.023,0.911,3.44,3.725,0.4,0.4,0.1,0.1,584.5,701.4,177.12121212121212,24.0
1.469,0.183,0.865,0.944,4.617,1.526,0.4,0.4,0.1,0.1,1002.8,1203.36,303.8787878787879,7.965
1.399,1.143,1.287,4.474,0.892,0.451,0.4,0.4,0.1,0.1,1063.8,1276.56,322.3636363636364,9.015
0.827,1.066,0.592,0.099,0.4,3.214,0.4,0.4,0.1,0.1,770.1,924.12,233.36363636363637,17.595
0.4,0.565,0.442,0.139,0.339,3.05,0.4,0.4,0.1,0.1,506.5,607.8,153.4848484848485,24.0
0.105,0.101,0.516,1.229,2.091,0.122,0.4,0.4,0.1,0.1,312.6,375.12,94.72727272727273,28.425
1.17,1.022,0.948,4.067,1.558,2.067,0.4,0.4,0.1,0.1,937.2,1124.64,284.00000000000006,12.450000000000003
0.922,0.132,1.39,0.771,4.75,2.573,0.4,0.4,0.1,0.1,724.2,869.0400000000001,219.45454545454547,16.17
0.806,1.424,1.274,0.572,2.567,0.391,0.4,0.4,0.1,0.1,795.4,954.4799999999999,241.03030303030303,17.91
1.423,0.979,1.264,2.021,4.876,3.317,0.4,0.4,0.1,0.1,1059.4,1271.28,321.03030303030306,8.655000000000001
0.362,0.472,1.459,4.644,3.71,4.244,0.4,0.4,0.1,0.1,478.2,573.8399999999999,144.9090909090909,24.57
0.144,0.435,0.76,1.968,0.523,4.305,0.4,0.4,0.1,0.1,365.5,438.59999999999997,110.75757575757576,27.84
1.168,1.459,1.155,4.942,3.627,1.489,0.4,0.4,0.1,0.1,979.9,1175.8799999999999,296.93939393939394,12.48
1.418,0.679,1.298,0.732,4.875,3.15,0.4,0.4,0.1,0.1,1026.9,1232.28,311.18181818181824,8.73
0.948,0.303,0.373,1.815,4.115,2.617,0.4,0.4,0.1,0.1,754.3,905.16,228.57575757575756,15.780000000000001
0.25,1.459,0.242,2.143,0.146,4.895,0.4,0.4,0.1,0.1,520.9,625.0799999999999,157.84848484848484,26.25
1.139,1.077,0.394,2.475,4.079,0.657,0.4,0.4,0.1,0.1,927.2,1112.64,280.969696969697,12.915
1.311,1.16,0.679,1.266,4.026,4.824,0.4,0.4,0.1,0.1,1021.5,1225.8,309.54545454545456,10.335
0.803,1.143,1.019,3.653,4.792,2.934,0.4,0.4,0.1,0.1,765.8,918.9599999999999,232.06060606060606,17.955
1.063,0.665,0.282,3.836,0.681,3.344,0.4,0.4,0.1,0.1,848.0,1017.5999999999999,256.969696969697,14.055000000000001
0.837,1.266,0.443,2.366,2.718,3.637,0.4,0.4,0.1,0.1,795.1,954.12,240.93939393939397,17.445
1.125,0.276,1.037,4.282,0.458,4.383,0.4,0.4,0.1,0.1,840.1,1008.12,254.5757575757576,13.125
0.896,1.213,0.222,1.081,2.256,4.494,0.4,0.4,0.1,0.1,819.3,983.1599999999999,248.27272727272728,16.560000000000002
0.19,0.328,0.351,3.82,3.892,2.622,0.4,0.4,0.1,0.1,377.8,453.36,114.4848484848485,27.15
0.35,0.929,0.661,3.014,4.151,1.448,0.4,0.4,0.1,0.1,517.9,621.4799999999999,156.93939393939394,24.75
1.404,0.672,1.039,4.333,0.661,1.098,0.4,0.4,0.1,0.1,1019.2,1223.04,308.8484848484849,8.940000000000001
1.194,0.748,1.041,1.875,0.788,4.89,0.4,0.4,0.1,0.1,921.8,1106.1599999999999,279.3333333333333,12.09
0.692,1.207,0.5,1.121,4.119,0.101,0.4,0.4,0.1,0.1,716.7,860.0400000000001,217.18181818181822,19.62
0.905,0.74,1.232,0.124,0.862,0.868,0.4,0.4,0.1,0.1,776.5,931.8,235.3030303030303,16.424999999999997
0.732,1.299,1.35,2.317,3.97,3.076,0.4,0.4,0.1,0.1,745.9,895.0799999999999,226.03030303030303,19.02
0.712,0.714,0.791,1.739,0.629,0.272,0.4,0.4,0.1,0.1,677.4,812.88,205.27272727272728,19.32
0.54,0.4,0.97,3.834,4.412,3.766,0.4,0.4,0.1,0.1,560.0,672.0,169.69696969696972,21.9
0.13,0.972,1.491,0.843,4.698,3.916,0.4,0.4,0.1,0.1,412.2,494.64,124.9090909090909,28.05
0.516,0.566,1.098,0.876,3.992,0.523,0.4,0.4,0.1,0.1,564.6,677.52,171.0909090909091,22.259999999999998
0.295,1.139,1.196,4.348,4.712,3.882,0.4,0.4,0.1,0.1,511.4,613.68,154.96969696969697,25.575
1.045,1.492,0.957,4.103,1.07,2.24,0.4,0.4,0.1,0.1,921.7,1106.04,279.3030303030303,14.325000000000001
1.138,1.066,0.411,0.803,3.372,3.757,0.4,0.4,0.1,0.1,925.6,1110.72,280.4848484848485,12.93
1.207,1.29,0.564,3.109,2.161,1.428,0.4,0.4,0.1,0.1,982.5,1179.0,297.72727272727275,11.895
1.273,0.727,1.036,3.875,0.301,1.486,0.4,0.4,0.1,0.1,959.2,1151.04,290.6666666666667,10.905000000000001
1.396,1.257,1.212,4.237,0.136,0.852,0.4,0.4,0.1,0.1,1073.7,1288.44,325.3636363636364,9.060000000000002
1.268,0.293,0.611,2.865,0.6,2.802,0.4,0.4,0.1,0.1,913.3,1095.9599999999998,276.75757575757575,10.98
0.523,1.151,1.143,1.625,3.875,0.782,0.4,0.4,0.1,0.1,626.6,751.92,189.8787878787879,22.155
0.13,1.129,0.373,2.004,4.161,4.646,0.4,0.4,0.1,0.1,427.9,513.4799999999999,129.66666666666666,28.05
0.804,0.998,0.458,0.13,1.52,1.408,0.4,0.4,0.1,0.1,751.8,902.16,227.8181818181818,17.939999999999998
0.45,1.245,0.893,4.255,1.92,4.5,0.4,0.4,0.1,0.1,599.5,719.4,181.66666666666669,23.25
1.423,0.206,0.465,0.11,3.379,1.098,0.4,0.4,0.1,0.1,982.1,1178.52,297.6060606060606,8.655000000000001
0.781,0.591,0.593,3.455,3.125,3.398,0.4,0.4,0.1,0.1,699.6,839.52,212.00000000000003,18.285
0.292,1.11,0.803,2.302,1.504,3.229,0.4,0.4,0.1,0.1,507.0,608.4,153.63636363636365,25.62
0.853,1.327,0.137,0.747,0.833,4.934,0.4,0.4,0.1,0.1,809.2,971.04,245.21212121212125,17.205
0.225,0.295,0.207,4.872,2.308,3.494,0.4,0.4,0.1,0.1,392.0,470.4,118.7878787878788,26.625
0.808,1.243,0.646,1.457,2.471,4.372,0.4,0.4,0.1,0.1,778.3,933.9599999999999,235.84848484848484,17.88
0.554,0.205,0.882,2.639,3.204,3.505,0.4,0.4,0.1,0.1,547.5,657.0,165.9090909090909,21.689999999999998
0.889,1.309,0.942,4.369,0.478,4.182,0.4,0.4,0.1,0.1,825.4,990.4799999999999,250.12121212121212,16.665
0.302,1.408,0.713,3.271,0.424,2.847,0.4,0.4,0.1,0.1,541.8,650.16,164.1818181818182,25.47
0.11,0.215,0.225,0.449,0.094,3.318,0.4,0.4,0.1,0.1,326.5,391.8,98.93939393939394,28.35
1.091,0.398,0.896,1.895,4.251,3.984,0.4,0.4,0.1,0.1,835.3,1002.3599999999999,253.12121212121212,13.635000000000002
1.199,1.297,1.099,1.303,4.888,2.206,0.4,0.4,0.1,0.1,979.2,1175.04,296.72727272727275,12.015
0.16,0.854,1.483,0.55,4.838,3.815,0.4,0.4,0.1,0.1,415.4,498.47999999999996,125.87878787878788,27.6
0.353,0.424,0.431,2.455,3.371,3.076,0.4,0.4,0.1,0.1,468.9,562.68,142.0909090909091,24.705
1.405,1.374,1.067,4.206,2.607,3.367,0.4,0.4,0.1,0.1,1089.9,1307.88,330.2727272727273,8.925
0.218,1.051,0.517,4.204,1.409,3.046,0.4,0.4,0.1,0.1,464.1,556.92,140.63636363636365,26.73
0.524,0.572,0.815,0.221,1.295,2.378,0.4,0.4,0.1,0.1,569.2,683.0400000000001,172.4848484848485,22.14
1.13,0.122,0.258,4.027,0.128,2.139,0.4,0.4,0.1,0.1,827.2,992.64,250.66666666666669,13.05
0.889,0.337,1.453,3.634,1.979,0.012,0.4,0.4,0.1,0.1,728.2,873.84,220.66666666666669,16.665
0.999,0.571,0.871,3.41,2.768,4.169,0.4,0.4,0.1,0.1,806.6,967.92,244.42424242424244,15.015
0.696,0.364,0.407,4.374,0.411,0.234,0.4,0.4,0.1,0.1,634.4,761.28,192.24242424242425,19.560000000000002
0.643,1.353,0.906,0.147,1.938,0.133,0.4,0.4,0.1,0.1,706.8,848.16,214.1818181818182,20.355
1.16,0.837,1.076,4.724,2.698,3.097,0.4,0.4,0.1,0.1,913.7,1096.44,276.87878787878793,12.600000000000001
1.41,0.316,0.56,0.494,0.24,0.129,0.4,0.4,0.1,0.1,986.6,1183.92,298.969696969697,8.850000000000001
0.915,0.362,0.633,3.867,3.138,4.983,0.4,0.4,0.1,0.1,743.7,892.44,225.3636363636364,16.275
0.412,0.92,0.515,3.184,2.838,4.998,0.4,0.4,0.1,0.1,548.0,657.6,166.06060606060606,23.82
0.159,1.056,1.042,3.38,0.404,1.648,0.4,0.4,0.1,0.1,435.1,522.12,131.84848484848487,27.615
1.133,1.04,0.976,1.568,1.554,4.274,0.4,0.4,0.1,0.1,920.5,1104.6,278.93939393939394,13.004999999999999
0.93,0.768,1.082,2.303,1.298,2.863,0.4,0.4,0.1,0.1,791.8,950.1599999999999,239.93939393939394,16.049999999999997
0.92,0.893,1.35,3.028,4.343,3.005,0.4,0.4,0.1,0.1,799.3,959.1599999999999,242.21212121212122,16.2
1.086,0.476,0.994,1.855,2.421,1.467,0.4,0.4,0.1,0.1,840.6,1008.72,254.72727272727275,13.709999999999997
0.588,0.59,0.811,3.323,0.312,4.623,0.4,0.4,0.1,0.1,603.0,723.6,182.72727272727275,21.18
0.457,0.775,0.922,0.404,4.406,2.683,0.4,0.4,0.1,0.1,556.0,667.1999999999999,168.4848484848485,23.145
1.12,0.714,0.749,3.355,2.959,0.038,0.4,0.4,0.1,0.1,881.4,1057.6799999999998,267.0909090909091,13.2
0.339,1.085,0.869,4.283,3.894,3.711,0.4,0.4,0.1,0.1,528.0,633.6,160.0,24.915
1.409,1.16,0.133,4.739,2.198,2.358,0.4,0.4,0.1,0.1,1070.5,1284.6,324.39393939393943,8.864999999999998
0.845,0.321,0.985,3.262,4.11,4.035,0.4,0.4,0.1,0.1,704.6,845.52,213.51515151515153,17.325000000000003
0.464,0.957,1.06,2.793,0.976,2.495,0.4,0.4,0.1,0.1,577.7,693.24,175.0606060606061,23.04
0.384,1.418,0.462,0.469,2.904,1.227,0.4,0.4,0.1,0.1,583.8,700.56,176.9090909090909,24.240000000000002
0.335,1.433,0.91,1.401,4.678,4.318,0.4,0.4,0.1,0.1,560.8,672.9599999999999,169.93939393939394,24.975
1.146,1.489,0.942,0.911,4.864,0.095,0.4,0.4,0.1,0.1,971.9,1166.28,294.5151515151515,12.810000000000002
0.571,1.479,0.517,4.252,1.479,2.997,0.4,0.4,0.1,0.1,683.4,820.0799999999999,207.0909090909091,21.435000000000002
0.349,1.303,1.106,4.685,4.639,3.614,0.4,0.4,0.1,0.1,554.8,665.7599999999999,168.12121212121212,24.765
0.363,0.724,0.43,2.254,2.91,3.707,0.4,0.4,0.1,0.1,503.9,604.68,152.6969696969697,24.555
0.151,0.593,0.28,3.07,4.439,0.547,0.4,0.4,0.1,0.1,384.8,461.76,116.60606060606061,27.735
1.308,1.082,0.215,4.423,1.582,4.247,0.4,0.4,0.1,0.1,1012.2,1214.64,306.72727272727275,10.379999999999999
0.263,1.417,0.501,0.229,0.419,2.955,0.4,0.4,0.1,0.1,523.2,627.84,158.54545454545456,26.055
0.938,1.2,1.292,3.234,0.134,3.741,0.4,0.4,0.1,0.1,839.0,1006.8,254.24242424242425,15.930000000000001
0.462,1.04,0.688,3.668,3.459,0.529,0.4,0.4,0.1,0.1,585.0,702.0,177.27272727272728,23.07
0.256,0.747,0.275,3.256,0.923,0.285,0.4,0.4,0.1,0.1,452.7,543.24,137.1818181818182,26.16
0.887,0.936,0.488,1.9,0.992,2.439,0.4,0.4,0.1,0.1,787.1,944.52,238.51515151515153,16.695
1.431,0.571,0.355,4.899,2.912,3.01,0.4,0.4,0.1,0.1,1022.6,1227.12,309.8787878787879,8.535
1.205,0.702,0.184,2.688,2.386,4.778,0.4,0.4,0.1,0.1,922.7,1107.24,279.6060606060606,11.924999999999997
1.348,0.204,0.526,1.077,4.878,2.186,0.4,0.4,0.1,0.1,944.4,1133.28,286.1818181818182,9.779999999999998
1.216,0.261,1.37,4.757,2.024,2.456,0.4,0.4,0.1,0.1,884.1,1060.92,267.90909090909093,11.760000000000002
1.432,0.483,0.955,1.374,4.772,3.394,0.4,0.4,0.1,0.1,1014.3,1217.1599999999999,307.3636363636364,8.52
1.341,0.813,1.11,3.036,0.902,1.867,0.4,0.4,0.1,0.1,1001.8,1202.1599999999999,303.57575757575756,9.885000000000002
0.642,0.469,1.125,0.056,4.544,4.813,0.4,0.4,0.1,0.1,617.9,741.4799999999999,187.24242424242425,20.369999999999997
0.3,1.252,1.018,3.434,0.06,1.448,0.4,0.4,0.1,0.1,525.2,630.24,159.15151515151518,25.5
0.21,0.218,0.608,2.317,0.162,3.841,0.4,0.4,0.1,0.1,376.8,452.16,114.18181818181819,26.85
1.132,1.369,1.263,1.077,2.559,2.219,0.4,0.4,0.1,0.1,952.9,1143.48,288.75757575757575,13.020000000000003
0.994,0.779,0.392,2.003,0.972,0.55,0.4,0.4,0.1,0.1,824.9,989.8799999999999,249.96969696969697,15.09
0.991,1.381,1.419,4.773,4.882,4.028,0.4,0.4,0.1,0.1,883.6,1060.32,267.75757575757575,15.135
1.493,0.89,0.89,1.538,2.021,3.677,0.4,0.4,0.1,0.1,1085.5,1302.6,328.93939393939394,7.604999999999997
1.138,1.257,0.544,0.387,2.996,4.818,0.4,0.4,0.1,0.1,944.7,1133.64,286.2727272727273,12.93
0.107,0.518,1.449,0.659,1.915,3.939,0.4,0.4,0.1,0.1,355.3,426.36,107.66666666666667,28.395
0.971,0.532,0.955,4.584,0.741,3.074,0.4,0.4,0.1,0.1,788.7,946.44,239.00000000000003,15.435
1.298,1.28,0.957,3.795,4.85,2.007,0.4,0.4,0.1,0.1,1027.0,1232.3999999999999,311.21212121212125,10.530000000000001
0.744,1.146,0.401,0.314,0.193,0.925,0.4,0.4,0.1,0.1,736.6,883.92,223.21212121212122,18.84
0.596,0.454,0.996,1.901,1.818,0.375,0.4,0.4,0.1,0.1,593.4,712.0799999999999,179.8181818181818,21.060000000000002
1.277,0.818,0.93,2.415,2.776,2.636,0.4,0.4,0.1,0.1,970.3,1164.36,294.03030303030306,10.845000000000002
0.518,0.119,0.893,0.104,2.69,3.402,0.4,0.4,0.1,0.1,520.9,625.0799999999999,157.84848484848484,22.23
1.046,0.899,0.208,0.955,1.907,0.07,0.4,0.4,0.1,0.1,862.9,1035.48,261.4848484848485,14.309999999999999
0.433,0.149,0.422,2.135,2.595,1.453,0.4,0.4,0.1,0.1,481.4,577.68,145.87878787878788,23.505
0.98,1.254,0.535,1.555,1.591,0.032,0.4,0.4,0.1,0.1,865.4,1038.48,262.24242424242425,15.3
0.358,1.472,1.09,4.227,4.252,3.234,0.4,0.4,0.1,0.1,576.2,691.44,174.60606060606062,24.63
0.468,0.836,0.361,1.76,2.086,0.299,0.4,0.4,0.1,0.1,567.6,681.12,172.00000000000003,22.98
0.16,0.466,1.431,3.632,3.868,4.498,0.4,0.4,0.1,0.1,376.6,451.92,114.12121212121214,27.6
0.872,0.879,0.228,4.192,4.662,3.92,0.4,0.4,0.1,0.1,773.9,928.68,234.51515151515153,16.92
0.779,0.993,0.318,3.25,2.241,3.704,0.4,0.4,0.1,0.1,738.8,886.56,223.87878787878788,18.314999999999998
0.689,0.826,0.716,0.885,2.993,1.548,0.4,0.4,0.1,0.1,677.1,812.52,205.1818181818182,19.665
1.154,0.463,0.96,2.432,1.201,3.067,0.4,0.4,0.1,0.1,873.3,1047.9599999999998,264.6363636363636,12.690000000000001
1.493,0.206,0.338,3.46,0.472,3.412,0.4,0.4,0.1,0.1,1017.1,1220.52,308.21212121212125,7.604999999999997
1.105,0.421,0.348,0.143,4.916,2.836,0.4,0.4,0.1,0.1,844.6,1013.52,255.93939393939397,13.425
0.252,1.323,0.613,0.633,2.115,0.517,0.4,0.4,0.1,0.1,508.29999999999995,609.9599999999999,154.03030303030303,26.22
0.242,1.216,0.962,4.882,0.5,2.253,0.4,0.4,0.1,0.1,492.6,591.12,149.27272727272728,26.37
0.83,0.509,1.121,1.248,0.062,3.403,0.4,0.4,0.1,0.1,715.9,859.0799999999999,216.93939393939394,17.55
0.783,1.101,0.215,3.388,1.977,1.397,0.4,0.4,0.1,0.1,751.6,901.92,227.75757575757578,18.255
0.89,0.287,1.225,4.777,1.057,1.108,0.4,0.4,0.1,0.1,723.7,868.44,219.30303030303034,16.65
0.186,0.192,0.629,4.093,1.417,2.894,0.4,0.4,0.1,0.1,362.2,434.64,109.75757575757576,27.21
1.386,1.164,1.25,1.808,0.85,0.725,0.4,0.4,0.1,0.1,1059.4,1271.28,321.03030303030306,9.21
0.314,0.348,0.957,4.801,4.508,2.647,0.4,0.4,0.1,0.1,441.8,530.16,133.87878787878788,25.29
0.21,1.224,0.357,3.096,1.811,4.777,0.4,0.4,0.1,0.1,477.4,572.88,144.66666666666666,26.85
1.242,0.69,1.469,4.982,3.838,0.196,0.4,0.4,0.1,0.1,940.0,1128.0,284.8484848484849,11.370000000000001
0.798,0.702,1.056,0.718,4.777,4.975,0.4,0.4,0.1,0.1,719.2,863.0400000000001,217.93939393939397,18.03
1.136,0.974,0.297,1.383,2.31,0.468,0.4,0.4,0.1,0.1,915.4,1098.48,277.3939393939394,12.96
0.625,0.504,0.313,3.17,4.912,2.584,0.4,0.4,0.1,0.1,612.9,735.4799999999999,185.72727272727272,20.625
0.823,0.428,1.2,3.113,2.31,2.733,0.4,0.4,0.1,0.1,704.3,845.16,213.4242424242424,17.655
0.123,1.439,0.675,0.304,3.101,0.86,0.4,0.4,0.1,0.1,455.4,546.4799999999999,138.0,28.155
1.059,0.544,1.228,2.348,2.498,1.533,0.4,0.4,0.1,0.1,833.9,1000.68,252.69696969696972,14.115
0.176,1.237,1.443,4.668,1.726,2.518,0.4,0.4,0.1,0.1,461.70000000000005,554.0400000000001,139.90909090909093,27.36
0.525,0.496,0.416,2.257,0.307,0.791,0.4,0.4,0.1,0.1,562.1,674.52,170.33333333333334,22.125
1.189,0.992,0.542,1.475,4.57,1.373,0.4,0.4,0.1,0.1,943.7,1132.44,285.969696969697,12.165
0.294,1.243,1.484,4.228,3.971,2.314,0.4,0.4,0.1,0.1,521.3,625.56,157.96969696969697,25.59
1.116,0.649,1.062,4.238,3.131,1.754,0.4,0.4,0.1,0.1,872.9,1047.48,264.5151515151515,13.259999999999998
0.194,0.835,0.397,0.849,2.257,2.449,0.4,0.4,0.1,0.1,430.5,516.6,130.45454545454547,27.09
1.172,1.001,0.513,0.826,0.232,0.974,0.4,0.4,0.1,0.1,936.1,1123.32,283.6666666666667,12.420000000000002
1.148,1.424,0.843,1.293,2.513,1.792,0.4,0.4,0.1,0.1,966.4,1159.6799999999998,292.8484848484849,12.780000000000001
0.47,0.316,0.383,3.934,1.796,2.783,0.4,0.4,0.1,0.1,516.6,619.92,156.54545454545456,22.95
1.156,0.675,0.336,2.314,0.524,3.947,0.4,0.4,0.1,0.1,895.5,1074.6,271.3636363636364,12.66
1.244,1.01,1.056,2.829,4.75,2.726,0.4,0.4,0.1,0.1,973.0,1167.6,294.8484848484849,11.34
0.508,0.637,1.269,2.427,1.453,0.032,0.4,0.4,0.1,0.1,567.7,681.24,172.03030303030306,22.38
1.497,0.171,1.438,4.392,1.663,0.807,0.4,0.4,0.1,0.1,1015.6,1218.72,307.7575757575758,7.544999999999998
0.744,0.408,0.35,0.999,0.648,4.018,0.4,0.4,0.1,0.1,662.8,795.3599999999999,200.84848484848484,18.84
0.896,1.042,0.179,3.617,1.648,1.182,0.4,0.4,0.1,0.1,802.2,962.64,243.09090909090912,16.560000000000002
1.46,0.783,0.538,3.273,0.563,1.457,0.4,0.4,0.1,0.1,1058.3,1269.9599999999998,320.6969696969697,8.100000000000001
0.919,1.342,1.319,0.731,3.361,1.837,0.4,0.4,0.1,0.1,843.7,1012.44,255.66666666666669,16.215
0.388,0.802,1.495,3.113,1.514,3.726,0.4,0.4,0.1,0.1,524.2,629.0400000000001,158.84848484848487,24.18
0.625,0.611,1.155,0.792,4.001,1.705,0.4,0.4,0.1,0.1,623.6,748.32,188.969696969697,20.625
0.692,1.07,1.211,4.608,3.772,2.355,0.4,0.4,0.1,0.1,703.0,843.6,213.03030303030303,19.62
1.287,0.629,0.299,1.325,3.582,0.097,0.4,0.4,0.1,0.1,956.4,1147.6799999999998,289.8181818181818,10.695
0.763,0.429,0.403,0.251,4.504,2.661,0.4,0.4,0.1,0.1,674.4,809.28,204.36363636363637,18.555
0.937,1.023,1.387,3.643,2.145,2.482,0.4,0.4,0.1,0.1,820.8,984.9599999999999,248.72727272727272,15.944999999999999
0.485,1.299,1.159,0.16,3.723,1.486,0.4,0.4,0.1,0.1,622.4,746.88,188.60606060606062,22.725
0.763,0.767,1.291,0.796,2.057,1.438,0.4,0.4,0.1,0.1,708.2,849.84,214.60606060606062,18.555
0.111,0.115,1.022,0.866,4.286,1.762,0.4,0.4,0.1,0.1,317.0,380.4,96.06060606060606,28.335
0.277,0.396,1.052,3.156,1.615,4.444,0.4,0.4,0.1,0.1,428.1,513.72,129.72727272727275,25.845
0.514,0.966,1.229,4.154,4.817,0.26,0.4,0.4,0.1,0.1,603.6,724.32,182.90909090909093,22.29
0.873,0.177,0.996,4.853,1.474,3.278,0.4,0.4,0.1,0.1,704.2,845.0400000000001,213.3939393939394,16.905
1.343,0.653,0.755,2.49,4.418,1.243,0.4,0.4,0.1,0.1,986.8,1184.1599999999999,299.03030303030306,9.855
1.049,0.836,0.102,1.087,4.291,4.582,0.4,0.4,0.1,0.1,858.1,1029.72,260.03030303030306,14.265
1.329,1.464,0.102,4.069,1.41,3.521,0.4,0.4,0.1,0.1,1060.9,1273.0800000000002,321.48484848484856,10.065000000000001
1.186,0.441,0.523,3.966,2.49,0.446,0.4,0.4,0.1,0.1,887.1,1064.52,268.8181818181818,12.21
0.846,0.477,0.181,4.109,4.748,2.118,0.4,0.4,0.1,0.1,720.7,864.84,218.39393939393943,17.310000000000002
0.576,0.798,0.145,2.929,3.79,3.387,0.4,0.4,0.1,0.1,617.8,741.3599999999999,187.21212121212122,21.36
0.673,1.499,1.085,4.402,3.171,0.738,0.4,0.4,0.1,0.1,736.4,883.68,223.15151515151516,19.905
0.468,0.832,1.2,2.853,4.683,0.959,0.4,0.4,0.1,0.1,567.2,680.64,171.8787878787879,22.98
1.031,0.154,1.085,2.518,0.401,1.766,0.4,0.4,0.1,0.1,780.9,937.0799999999999,236.63636363636365,14.535000000000002
0.278,0.697,1.461,2.058,1.559,3.954,0.4,0.4,0.1,0.1,458.7,550.4399999999999,139.0,25.83
1.278,0.373,1.041,3.319,1.345,3.268,0.4,0.4,0.1,0.1,926.3,1111.56,280.6969696969697,10.829999999999998
1.404,0.858,0.838,4.835,4.166,0.716,0.4,0.4,0.1,0.1,1037.8,1245.36,314.4848484848485,8.940000000000001
0.179,0.236,0.465,1.19,0.812,2.123,0.4,0.4,0.1,0.1,363.1,435.72,110.03030303030305,27.315
0.481,0.589,0.396,2.434,0.799,3.374,0.4,0.4,0.1,0.1,549.4,659.28,166.4848484848485,22.785
1.361,0.896,0.683,2.956,3.741,2.052,0.4,0.4,0.1,0.1,1020.1,1224.12,309.1212121212121,9.585
0.733,1.312,1.4,1.408,3.922,4.152,0.4,0.4,0.1,0.1,747.7,897.24,226.5757575757576,19.005000000000003
1.372,0.605,0.759,1.258,0.623,2.173,0.4,0.4,0.1,0.1,996.5,1195.8,301.969696969697,9.419999999999998
0.9,0.284,0.262,1.866,4.863,4.976,0.4,0.4,0.1,0.1,728.4,874.0799999999999,220.72727272727272,16.5
1.459,0.513,0.703,1.173,0.358,0.262,0.4,0.4,0.1,0.1,1030.8,1236.9599999999998,312.3636363636364,8.114999999999998
0.291,1.242,0.211,4.509,1.457,4.175,0.4,0.4,0.1,0.1,519.7,623.64,157.4848484848485,25.635
0.253,0.378,0.896,1.254,1.971,0.798,0.4,0.4,0.1,0.1,414.3,497.15999999999997,125.54545454545456,26.205
1.473,0.914,1.477,0.688,1.038,0.949,0.4,0.4,0.1,0.1,1077.9,1293.48,326.6363636363637,7.904999999999998
0.496,0.809,1.489,4.466,3.308,4.76,0.4,0.4,0.1,0.1,578.9,694.68,175.42424242424244,22.560000000000002
0.328,0.386,1.338,2.525,0.901,2.368,0.4,0.4,0.1,0.1,452.6,543.12,137.15151515151516,25.08
0.795,0.577,0.349,4.325,3.443,1.129,0.4,0.4,0.1,0.1,705.2,846.24,213.69696969696972,18.075
1.097,0.158,1.43,3.296,2.852,4.766,0.4,0.4,0.1,0.1,814.3,977.1599999999999,246.75757575757575,13.545000000000002
0.85,1.075,1.287,1.854,3.107,1.496,0.4,0.4,0.1,0.1,782.5,939.0,237.12121212121212,17.25
0.769,0.443,0.948,0.942,4.566,1.445,0.4,0.4,0.1,0.1,678.8,814.56,205.6969696969697,18.465
1.058,1.268,0.312,0.859,2.093,0.156,0.4,0.4,0.1,0.1,905.8,1086.9599999999998,274.4848484848485,14.129999999999999
0.728,0.11,0.328,2.849,0.478,3.047,0.4,0.4,0.1,0.1,625.0,750.0,189.3939393939394,19.08
0.371,0.575,0.454,2.15,3.549,0.013,0.4,0.4,0.1,0.1,493.0,591.6,149.3939393939394,24.435000000000002
1.244,0.103,1.157,3.847,2.685,0.395,0.4,0.4,0.1,0.1,882.3,1058.76,267.3636363636364,11.34
0.84,0.285,0.888,2.52,1.172,0.384,0.4,0.4,0.1,0.1,698.5,838.1999999999999,211.66666666666669,17.4
0.21,0.596,1.463,1.339,1.12,3.392,0.4,0.4,0.1,0.1,414.6,497.52,125.63636363636365,26.85
1.157,0.358,1.181,4.777,4.274,3.68,0.4,0.4,0.1,0.1,864.3,1037.1599999999999,261.90909090909093,12.645
1.134,0.919,1.134,4.493,2.322,1.809,0.4,0.4,0.1,0.1,908.9,1090.6799999999998,275.42424242424244,12.990000000000002
1.493,0.169,0.209,3.421,1.055,3.601,0.4,0.4,0.1,0.1,1013.4,1216.08,307.0909090909091,7.604999999999997
0.651,0.228,0.812,0.331,2.524,2.591,0.4,0.4,0.1,0.1,598.3,717.9599999999999,181.3030303030303,20.235
0.403,0.123,1.028,4.069,1.501,3.664,0.4,0.4,0.1,0.1,463.8,556.56,140.54545454545456,23.955
1.031,0.45,0.549,4.467,2.189,1.799,0.4,0.4,0.1,0.1,810.5,972.5999999999999,245.60606060606062,14.535000000000002
1.043,0.267,1.015,4.527,4.296,0.105,0.4,0.4,0.1,0.1,798.2,957.84,241.8787878787879,14.355
1.102,0.108,0.421,3.978,1.657,2.391,0.4,0.4,0.1,0.1,811.8,974.1599999999999,246.0,13.469999999999999
0.38,1.06,0.207,3.664,3.8,4.551,0.4,0.4,0.1,0.1,546.0,655.1999999999999,165.45454545454547,24.3
0.47,0.261,0.514,4.68,3.269,4.565,0.4,0.4,0.1,0.1,511.1,613.32,154.8787878787879,22.95
1.397,0.343,1.349,0.968,2.17,2.789,0.4,0.4,0.1,0.1,982.8,1179.36,297.8181818181818,9.044999999999998
0.363,1.31,0.497,3.956,0.276,0.321,0.4,0.4,0.1,0.1,562.5,675.0,170.45454545454547,24.555
1.119,0.466,0.126,3.61,1.949,0.128,0.4,0.4,0.1,0.1,856.1,1027.32,259.42424242424244,13.215
1.065,0.662,1.242,2.802,1.196,0.282,0.4,0.4,0.1,0.1,848.7,1018.44,257.1818181818182,14.025
0.768,1.445,0.123,3.232,0.679,3.736,0.4,0.4,0.1,0.1,778.5,934.1999999999999,235.90909090909093,18.48
0.836,1.114,1.095,0.369,4.208,2.454,0.4,0.4,0.1,0.1,779.4,935.28,236.1818181818182,17.46
0.565,0.892,0.983,2.776,2.761,2.02,0.4,0.4,0.1,0.1,621.7,746.0400000000001,188.3939393939394,21.525
1.461,1.204,0.978,3.23,0.083,0.832,0.4,0.4,0.1,0.1,1100.9,1321.0800000000002,333.6060606060606,8.084999999999997
1.171,0.986,1.312,1.914,3.533,3.855,0.4,0.4,0.1,0.1,934.1,1120.92,283.06060606060606,12.434999999999999
0.722,1.256,1.474,2.512,0.012,2.384,0.4,0.4,0.1,0.1,736.6,883.92,223.21212121212122,19.17
0.315,1.009,1.304,3.167,2.32,1.745,0.4,0.4,0.1,0.1,508.4,610.0799999999999,154.06060606060606,25.275
0.217,1.241,0.631,2.947,3.811,1.065,0.4,0.4,0.1,0.1,482.6,579.12,146.24242424242425,26.745
0.579,1.209,0.338,3.46,3.256,3.146,0.4,0.4,0.1,0.1,660.4,792.4799999999999,200.12121212121212,21.315
0.176,0.402,0.115,1.307,2.648,3.598,0.4,0.4,0.1,0.1,378.2,453.84,114.60606060606061,27.36
1.383,1.235,0.306,1.655,3.831,2.251,0.4,0.4,0.1,0.1,1065.0,1278.0,322.72727272727275,9.254999999999999
0.753,0.581,0.869,3.522,0.269,0.83,0.4,0.4,0.1,0.1,684.6,821.52,207.45454545454547,18.705
0.675,1.286,0.361,2.942,2.727,0.997,0.4,0.4,0.1,0.1,716.1,859.32,217.00000000000003,19.875
0.262,1.218,0.842,2.806,0.814,1.19,0.4,0.4,0.1,0.1,502.8,603.36,152.36363636363637,26.07
0.36,0.134,0.78,2.267,3.867,3.104,0.4,0.4,0.1,0.1,443.4,532.0799999999999,134.36363636363637,24.6
0.126,1.412,0.46,4.935,2.629,1.835,0.4,0.4,0.1,0.1,454.2,545.04,137.63636363636365,28.11
0.745,0.506,0.543,0.002,4.01,2.215,0.4,0.4,0.1,0.1,673.1,807.72,203.969696969697,18.825
0.649,1.304,1.449,0.631,0.039,1.647,0.4,0.4,0.1,0.1,704.9,845.88,213.60606060606062,20.265
0.212,1.438,0.704,1.43,4.83,0.646,0.4,0.4,0.1,0.1,499.79999999999995,599.7599999999999,151.45454545454544,26.82
0.127,0.658,0.193,4.265,3.127,2.546,0.4,0.4,0.1,0.1,379.3,455.16,114.93939393939395,28.095
0.609,0.812,0.477,4.622,3.419,1.201,0.4,0.4,0.1,0.1,635.7,762.84,192.63636363636365,20.865000000000002
1.206,1.309,0.538,3.035,3.61,1.807,0.4,0.4,0.1,0.1,983.9,1180.6799999999998,298.1515151515152,11.91
0.212,1.023,0.323,1.52,1.87,0.792,0.4,0.4,0.1,0.1,458.3,549.96,138.8787878787879,26.82
0.129,1.391,0.641,2.662,1.633,0.381,0.4,0.4,0.1,0.1,453.6,544.32,137.45454545454547,28.065
1.33,1.126,0.72,4.833,3.351,3.844,0.4,0.4,0.1,0.1,1027.6,1233.12,311.3939393939394,10.049999999999997
0.3,0.85,1.434,3.094,0.373,0.946,0.4,0.4,0.1,0.1,485.0,582.0,146.96969696969697,25.5
1.499,1.412,1.099,3.041,2.756,2.107,0.4,0.4,0.1,0.1,1140.7,1368.84,345.6666666666667,7.514999999999997
0.334,0.986,1.247,1.713,2.315,1.7,0.4,0.4,0.1,0.1,515.6,618.72,156.24242424242425,24.99
1.051,0.968,0.62,4.248,1.503,2.677,0.4,0.4,0.1,0.1,872.3,1046.76,264.3333333333333,14.235000000000001
1.499,1.336,0.921,1.987,1.457,4.501,0.4,0.4,0.1,0.1,1133.1,1359.7199999999998,343.3636363636364,7.514999999999997
1.327,0.451,1.059,2.368,2.811,4.234,0.4,0.4,0.1,0.1,958.6,1150.32,290.4848484848485,10.094999999999999
1.326,0.412,0.21,4.771,1.972,3.347,0.4,0.4,0.1,0.1,954.2,1145.04,289.1515151515152,10.11
0.601,0.883,1.431,0.987,3.981,4.863,0.4,0.4,0.1,0.1,638.8,766.56,193.57575757575756,20.985
0.666,1.211,0.649,3.371,0.048,0.69,0.4,0.4,0.1,0.1,704.1,844.92,213.36363636363637,20.009999999999998
0.882,1.086,1.425,1.838,2.767,4.042,0.4,0.4,0.1,0.1,799.6,959.52,242.3030303030303,16.77
0.324,0.507,1.445,2.364,2.247,0.375,0.4,0.4,0.1,0.1,462.7,555.24,140.21212121212122,25.14
1.144,1.333,0.438,3.013,3.829,3.344,0.4,0.4,0.1,0.1,955.3,1146.36,289.4848484848485,12.84
0.185,0.184,0.313,2.984,4.57,3.16,0.4,0.4,0.1,0.1,360.9,433.08,109.36363636363636,27.225
1.342,1.458,0.463,2.841,2.139,1.515,0.4,0.4,0.1,0.1,1066.8,1280.1599999999999,323.27272727272725,9.869999999999997
0.207,0.439,0.608,3.042,1.733,1.743,0.4,0.4,0.1,0.1,397.4,476.87999999999994,120.42424242424242,26.895
0.793,1.36,0.47,3.539,0.311,2.63,0.4,0.4,0.1,0.1,782.5,939.0,237.12121212121212,18.104999999999997
0.933,0.207,0.499,0.109,1.812,3.056,0.4,0.4,0.1,0.1,737.2,884.64,223.39393939393943,16.005
0.253,0.427,1.457,3.429,4.235,1.702,0.4,0.4,0.1,0.1,419.2,503.03999999999996,127.03030303030303,26.205
1.207,1.305,0.497,3.84,4.786,0.282,0.4,0.4,0.1,0.1,984.0,1180.8,298.1818181818182,11.895
1.156,1.422,0.752,3.036,4.337,3.276,0.4,0.4,0.1,0.1,970.2,1164.24,294.00000000000006,12.66
0.213,1.29,0.57,3.869,2.538,3.464,0.4,0.4,0.1,0.1,485.5,582.6,147.12121212121212,26.805
0.235,1.398,0.73,1.146,3.574,2.87,0.4,0.4,0.1,0.1,507.29999999999995,608.7599999999999,153.72727272727272,26.475
1.236,0.64,0.941,0.783,2.278,0.316,0.4,0.4,0.1,0.1,932.0,1118.3999999999999,282.42424242424244,11.46
0.356,1.118,0.402,0.663,3.006,2.247,0.4,0.4,0.1,0.1,539.8,647.7599999999999,163.57575757575756,24.66
0.448,0.843,0.967,1.464,0.185,4.716,0.4,0.4,0.1,0.1,558.3,669.9599999999999,169.1818181818182,23.28
1.13,0.603,1.45,4.774,4.405,1.04,0.4,0.4,0.1,0.1,875.3,1050.36,265.24242424242425,13.05
0.541,1.424,0.656,0.9,1.878,3.778,0.4,0.4,0.1,0.1,662.9,795.4799999999999,200.87878787878788,21.884999999999998
0.447,0.96,1.042,1.199,4.153,3.172,0.4,0.4,0.1,0.1,569.5,683.4,172.5757575757576,23.295
0.776,1.453,1.412,1.032,1.849,3.775,0.4,0.4,0.1,0.1,783.3,939.9599999999999,237.36363636363637,18.36
1.29,0.198,0.619,2.717,3.17,1.052,0.4,0.4,0.1,0.1,914.8,1097.76,277.2121212121212,10.649999999999999
1.333,1.456,0.871,3.406,4.182,3.422,0.4,0.4,0.1,0.1,1062.1,1274.5199999999998,321.8484848484848,10.004999999999999
0.179,0.814,1.134,4.035,1.884,0.854,0.4,0.4,0.1,0.1,420.9,505.0799999999999,127.54545454545455,27.315
0.288,0.729,1.229,4.012,4.27,3.615,0.4,0.4,0.1,0.1,466.9,560.28,141.4848484848485,25.68
1.248,1.469,0.817,4.383,3.738,0.525,0.4,0.4,0.1,0.1,1020.9,1225.08,309.3636363636364,11.280000000000001
0.425,0.291,1.263,1.596,4.424,2.308,0.4,0.4,0.1,0.1,491.6,589.92,148.969696969697,23.625
0.994,1.082,0.584,0.984,0.278,1.784,0.4,0.4,0.1,0.1,855.2,1026.24,259.1515151515152,15.09
0.105,1.368,0.216,3.574,3.446,3.737,0.4,0.4,0.1,0.1,439.3,527.16,133.12121212121212,28.425
0.295,0.177,1.206,4.914,1.474,2.258,0.4,0.4,0.1,0.1,415.2,498.23999999999995,125.81818181818183,25.575
1.295,0.469,0.306,4.754,2.8,0.348,0.4,0.4,0.1,0.1,944.4,1133.28,286.1818181818182,10.575000000000003
1.036,0.164,0.35,4.22,2.386,4.614,0.4,0.4,0.1,0.1,784.4,941.28,237.69696969696972,14.459999999999999
0.873,1.253,0.85,1.513,3.083,4.741,0.4,0.4,0.1,0.1,811.8,974.1599999999999,246.0,16.905
0.338,0.519,1.079,2.059,2.521,2.196,0.4,0.4,0.1,0.1,470.9,565.0799999999999,142.6969696969697,24.93
1.057,1.244,0.555,0.943,3.11,4.472,0.4,0.4,0.1,0.1,902.9,1083.48,273.6060606060606,14.145000000000001
0.271,0.286,0.731,3.501,4.181,4.586,0.4,0.4,0.1,0.1,414.1,496.92,125.4848484848485,25.935
0.259,1.007,1.407,0.681,0.736,1.201,0.4,0.4,0.1,0.1,480.2,576.24,145.51515151515153,26.115
0.677,0.96,0.172,0.214,2.747,0.126,0.4,0.4,0.1,0.1,684.5,821.4,207.42424242424244,19.845
0.299,0.68,1.1,1.502,4.871,1.073,0.4,0.4,0.1,0.1,467.5,561.0,141.66666666666669,25.515
1.493,0.334,0.598,1.112,4.518,2.733,0.4,0.4,0.1,0.1,1029.9,1235.88,312.0909090909091,7.604999999999997
0.394,0.43,0.996,2.758,0.411,4.775,0.4,0.4,0.1,0.1,490.0,588.0,148.4848484848485,24.09
1.133,1.262,0.12,3.425,3.076,1.555,0.4,0.4,0.1,0.1,942.7,1131.24,285.6666666666667,13.004999999999999
0.932,1.446,0.374,1.04,1.612,0.689,0.4,0.4,0.1,0.1,860.6,1032.72,260.7878787878788,16.02
1.269,1.239,1.416,2.945,1.133,0.734,0.4,0.4,0.1,0.1,1008.4,1210.08,305.57575757575756,10.965
0.588,0.196,0.429,2.176,4.394,0.206,0.4,0.4,0.1,0.1,563.6,676.32,170.7878787878788,21.18
1.176,0.705,1.2,2.925,0.863,1.938,0.4,0.4,0.1,0.1,908.5,1090.2,275.3030303030303,12.36
1.075,0.21,1.166,0.822,1.981,0.484,0.4,0.4,0.1,0.1,808.5,970.1999999999999,245.0,13.875
1.485,1.131,0.747,1.662,4.632,4.082,0.4,0.4,0.1,0.1,1105.6,1326.7199999999998,335.030303030303,7.724999999999998
0.317,0.344,1.469,2.692,0.024,3.79,0.4,0.4,0.1,0.1,442.9,531.4799999999999,134.21212121212122,25.245
0.442,0.963,0.298,4.371,0.562,2.972,0.4,0.4,0.1,0.1,567.3,680.7599999999999,171.9090909090909,23.37
0.826,0.211,1.461,3.042,3.343,1.862,0.4,0.4,0.1,0.1,684.1,820.92,207.3030303030303,17.61
0.416,1.247,0.354,3.028,1.751,3.432,0.4,0.4,0.1,0.1,582.7,699.24,176.5757575757576,23.76
0.251,0.503,1.202,1.167,4.176,3.994,0.4,0.4,0.1,0.1,425.8,510.96,129.03030303030303,26.235
0.498,0.305,1.42,3.73,4.369,4.195,0.4,0.4,0.1,0.1,529.5,635.4,160.45454545454547,22.53
0.564,0.175,1.213,4.077,2.925,3.837,0.4,0.4,0.1,0.1,549.5,659.4,166.51515151515153,21.54
0.376,0.469,1.472,1.775,0.297,3.998,0.4,0.4,0.1,0.1,484.9,581.88,146.93939393939394,24.36
0.528,1.388,0.224,3.549,1.536,0.992,0.4,0.4,0.1,0.1,652.8,783.3599999999999,197.8181818181818,22.08
0.309,0.881,0.395,0.726,4.557,4.397,0.4,0.4,0.1,0.1,492.6,591.12,149.27272727272728,25.365000000000002
0.98,0.193,0.472,1.402,1.656,1.423,0.4,0.4,0.1,0.1,759.3,911.16,230.0909090909091,15.3
0.92,1.02,0.763,1.406,0.418,0.683,0.4,0.4,0.1,0.1,812.0,974.4,246.06060606060606,16.2
0.378,0.324,0.626,0.099,3.495,3.53,0.4,0.4,0.1,0.1,471.4,565.68,142.84848484848484,24.33
1.475,0.622,0.469,3.431,2.236,0.459,0.4,0.4,0.1,0.1,1049.7,1259.64,318.0909090909091,7.875
0.509,1.385,0.22,1.244,3.72,1.052,0.4,0.4,0.1,0.1,643.0,771.6,194.84848484848487,22.365000000000002
1.453,1.466,0.287,3.67,2.314,4.656,0.4,0.4,0.1,0.1,1123.1,1347.7199999999998,340.3333333333333,8.204999999999998
0.644,0.216,0.273,3.729,1.464,1.36,0.4,0.4,0.1,0.1,593.6,712.32,179.8787878787879,20.34
0.32,0.217,0.967,2.298,3.975,3.059,0.4,0.4,0.1,0.1,431.7,518.04,130.8181818181818,25.2
0.343,1.464,0.776,0.745,3.749,0.867,0.4,0.4,0.1,0.1,567.9,681.4799999999999,172.0909090909091,24.855
1.344,1.408,0.133,0.899,2.87,0.507,0.4,0.4,0.1,0.1,1062.8,1275.36,322.06060606060606,9.84
1.031,1.159,0.763,1.481,4.746,2.857,0.4,0.4,0.1,0.1,881.4,1057.6799999999998,267.0909090909091,14.535000000000002
1.139,0.687,0.764,2.947,0.575,0.737,0.4,0.4,0.1,0.1,888.2,1065.84,269.1515151515152,12.915
1.308,0.507,1.282,1.782,0.359,2.946,0.4,0.4,0.1,0.1,954.7,1145.64,289.3030303030303,10.379999999999999
0.398,0.676,0.404,4.79,1.519,2.859,0.4,0.4,0.1,0.1,516.6,619.92,156.54545454545456,24.03
1.382,0.419,0.903,0.365,2.776,2.437,0.4,0.4,0.1,0.1,982.9,1179.48,297.8484848484849,9.270000000000003
0.474,1.31,1.227,4.56,2.908,3.961,0.4,0.4,0.1,0.1,618.0,741.6,187.27272727272728,22.89
0.342,0.933,0.845,3.748,1.63,1.345,0.4,0.4,0.1,0.1,514.3,617.16,155.84848484848484,24.869999999999997
0.405,1.236,1.493,0.985,4.753,2.83,0.4,0.4,0.1,0.1,576.1,691.32,174.5757575757576,23.925
0.347,0.449,0.868,2.139,2.862,1.427,0.4,0.4,0.1,0.1,468.4,562.0799999999999,141.93939393939394,24.795
1.31,1.304,0.467,1.732,4.961,4.502,0.4,0.4,0.1,0.1,1035.4,1242.48,313.7575757575758,10.349999999999998
1.254,0.572,1.408,2.788,4.825,0.095,0.4,0.4,0.1,0.1,934.2,1121.04,283.0909090909091,11.190000000000001
0.88,0.268,1.263,2.873,1.275,4.92,0.4,0.4,0.1,0.1,716.8,860.16,217.21212121212122,16.8
0.569,0.35,1.389,4.723,3.016,4.36,0.4,0.4,0.1,0.1,569.5,683.4,172.5757575757576,21.465
0.908,1.43,0.681,4.166,2.401,3.029,0.4,0.4,0.1,0.1,847.0,1016.4,256.6666666666667,16.38
0.348,0.457,0.985,1.446,1.207,2.043,0.4,0.4,0.1,0.1,469.7,563.64,142.33333333333334,24.78
0.352,0.885,1.325,4.62,1.954,4.411,0.4,0.4,0.1,0.1,514.5,617.4,155.9090909090909,24.72
0.68,1.463,0.124,3.606,1.654,3.869,0.4,0.4,0.1,0.1,736.3,883.56,223.12121212121212,19.799999999999997
0.451,0.418,1.171,1.756,4.439,1.961,0.4,0.4,0.1,0.1,517.3,620.7599999999999,156.75757575757575,23.235
0.772,0.612,1.447,1.748,4.658,1.791,0.4,0.4,0.1,0.1,697.2,836.64,211.2727272727273,18.42
1.237,0.798,0.805,0.826,4.656,3.589,0.4,0.4,0.1,0.1,948.3,1137.9599999999998,287.3636363636364,11.445
0.492,0.114,0.578,3.518,1.919,4.117,0.4,0.4,0.1,0.1,507.4,608.88,153.75757575757575,22.62
0.229,1.453,0.883,4.4,3.299,4.305,0.4,0.4,0.1,0.1,509.8,611.76,154.4848484848485,26.565
0.349,1.061,0.302,3.193,4.957,2.719,0.4,0.4,0.1,0.1,530.6,636.72,160.7878787878788,24.765
1.028,0.536,0.669,1.165,3.586,0.457,0.4,0.4,0.1,0.1,817.6,981.12,247.75757575757578,14.58
0.427,0.22,0.957,2.537,3.707,3.186,0.4,0.4,0.1,0.1,485.5,582.6,147.12121212121212,23.595
1.468,1.41,0.221,3.506,4.671,4.608,0.4,0.4,0.1,0.1,1125.0,1350.0,340.90909090909093,7.98
1.412,0.936,0.849,0.294,2.48,1.694,0.4,0.4,0.1,0.1,1049.6,1259.5199999999998,318.06060606060606,8.82
0.173,1.064,0.893,3.664,0.108,1.947,0.4,0.4,0.1,0.1,442.9,531.4799999999999,134.21212121212122,27.405
0.646,0.553,0.292,0.076,2.473,3.248,0.4,0.4,0.1,0.1,628.3,753.9599999999999,190.39393939393938,20.310000000000002
0.334,0.482,1.435,0.013,3.688,0.949,0.4,0.4,0.1,0.1,465.2,558.24,140.96969696969697,24.99
1.055,0.745,1.482,1.438,2.423,2.732,0.4,0.4,0.1,0.1,852.0,1022.4,258.1818181818182,14.175
0.726,0.102,0.503,3.769,1.627,3.89,0.4,0.4,0.1,0.1,623.2,747.84,188.84848484848487,19.11
0.924,0.424,0.109,2.24,2.632,0.197,0.4,0.4,0.1,0.1,754.4,905.28,228.60606060606062,16.14
0.616,1.076,0.501,3.823,4.911,4.534,0.4,0.4,0.1,0.1,665.6,798.72,201.69696969696972,20.759999999999998
0.375,0.801,1.054,0.347,4.101,0.933,0.4,0.4,0.1,0.1,517.6,621.12,156.84848484848487,24.375
1.422,0.574,0.221,2.395,0.438,1.351,0.4,0.4,0.1,0.1,1018.4,1222.08,308.6060606060606,8.670000000000002
0.732,1.457,1.418,1.148,1.693,3.065,0.4,0.4,0.1,0.1,761.7,914.0400000000001,230.81818181818184,19.02
1.118,0.163,0.218,1.466,1.39,3.652,0.4,0.4,0.1,0.1,825.3,990.3599999999999,250.0909090909091,13.229999999999997
1.185,0.444,1.321,3.074,4.895,0.677,0.4,0.4,0.1,0.1,886.9,1064.28,268.75757575757575,12.224999999999998
0.186,1.089,1.138,1.993,3.463,1.199,0.4,0.4,0.1,0.1,451.9,542.28,136.93939393939394,27.21
1.139,1.475,0.737,0.208,4.03,1.888,0.4,0.4,0.1,0.1,967.0,1160.3999999999999,293.03030303030306,12.915
1.382,0.742,1.288,2.468,4.107,3.7,0.4,0.4,0.1,0.1,1015.2,1218.24,307.6363636363637,9.270000000000003
0.561,0.116,1.151,2.345,4.994,4.254,0.4,0.4,0.1,0.1,542.1,650.52,164.27272727272728,21.585
0.178,0.427,0.165,3.45,3.976,3.856,0.4,0.4,0.1,0.1,381.7,458.03999999999996,115.66666666666667,27.33
0.796,0.377,0.57,2.659,2.548,4.799,0.4,0.4,0.1,0.1,685.7,822.84,207.7878787878788,18.06
0.352,0.108,1.141,3.171,4.872,4.043,0.4,0.4,0.1,0.1,436.8,524.16,132.36363636363637,24.72
0.589,0.87,0.255,0.598,4.662,4.839,0.4,0.4,0.1,0.1,631.5,757.8,191.36363636363637,21.165
1.145,0.474,0.169,1.476,0.133,0.038,0.4,0.4,0.1,0.1,869.9,1043.8799999999999,263.6060606060606,12.825
1.383,1.089,0.789,3.056,4.913,3.159,0.4,0.4,0.1,0.1,1050.4,1260.48,318.30303030303037,9.254999999999999
0.269,1.441,0.998,0.766,4.821,0.933,0.4,0.4,0.1,0.1,528.6,634.32,160.1818181818182,25.965
0.652,0.764,1.302,4.059,1.772,1.321,0.4,0.4,0.1,0.1,652.4,782.88,197.6969696969697,20.22
1.397,0.993,0.27,2.512,0.7,1.725,0.4,0.4,0.1,0.1,1047.8,1257.36,317.5151515151515,9.044999999999998
0.609,1.442,0.288,1.881,1.724,2.865,0.4,0.4,0.1,0.1,698.7,838.44,211.72727272727275,20.865000000000002
1.442,0.543,1.095,1.691,3.34,3.87,0.4,0.4,0.1,0.1,1025.3,1230.36,310.6969696969697,8.370000000000001
0.338,0.58,1.136,2.486,3.01,3.875,0.4,0.4,0.1,0.1,477.0,572.4,144.54545454545456,24.93
0.232,0.223,0.526,1.888,4.705,2.7,0.4,0.4,0.1,0.1,388.3,465.96,117.66666666666667,26.52
1.252,0.727,1.068,2.431,4.966,1.242,0.4,0.4,0.1,0.1,948.7,1138.44,287.4848484848485,11.219999999999999
1.203,1.343,0.369,4.08,3.479,1.987,0.4,0.4,0.1,0.1,985.8,1182.9599999999998,298.72727272727275,11.954999999999998
0.236,1.442,1.051,0.49,2.093,2.191,0.4,0.4,0.1,0.1,512.2,614.64,155.21212121212125,26.46
0.449,1.027,0.658,2.638,4.18,3.426,0.4,0.4,0.1,0.1,577.2,692.64,174.90909090909093,23.265
0.262,0.338,0.755,0.027,0.007,2.12,0.4,0.4,0.1,0.1,414.8,497.76,125.6969696969697,26.07
1.069,0.171,0.476,2.423,1.956,4.125,0.4,0.4,0.1,0.1,801.6,961.92,242.90909090909093,13.965
0.133,0.496,0.839,3.853,4.232,2.406,0.4,0.4,0.1,0.1,366.1,439.32,110.93939393939395,28.005
0.836,0.863,0.205,2.662,3.134,2.475,0.4,0.4,0.1,0.1,754.3,905.16,228.57575757575756,17.46
0.38,1.289,0.864,1.596,1.261,1.226,0.4,0.4,0.1,0.1,568.9,682.68,172.3939393939394,24.3
1.123,1.289,0.61,0.221,0.663,0.366,0.4,0.4,0.1,0.1,940.4,1128.48,284.969696969697,13.155000000000001
1.153,0.87,1.203,4.275,1.552,4.413,0.4,0.4,0.1,0.1,913.5,1096.2,276.8181818181818,12.704999999999998
0.721,1.482,1.445,1.407,0.193,2.431,0.4,0.4,0.1,0.1,758.7,910.44,229.90909090909093,19.185000000000002
0.336,0.146,1.12,2.704,1.998,1.694,0.4,0.4,0.1,0.1,432.6,519.12,131.0909090909091,24.96
0.567,1.262,1.211,1.203,2.097,1.82,0.4,0.4,0.1,0.1,659.7,791.64,199.90909090909093,21.495
0.967,1.171,0.569,0.953,1.108,0.111,0.4,0.4,0.1,0.1,850.6,1020.72,257.75757575757575,15.495000000000001
1.474,0.504,0.684,4.521,1.872,1.249,0.4,0.4,0.1,0.1,1037.4,1244.88,314.36363636363643,7.890000000000001
1.1,0.157,0.942,4.923,1.253,3.132,0.4,0.4,0.1,0.1,815.7,978.84,247.18181818181822,13.5
0.353,0.795,0.349,3.0,2.179,1.08,0.4,0.4,0.1,0.1,506.0,607.1999999999999,153.33333333333334,24.705
0.429,0.291,0.171,4.421,3.783,3.297,0.4,0.4,0.1,0.1,493.6,592.32,149.5757575757576,23.565
1.038,0.995,1.44,0.143,0.194,4.151,0.4,0.4,0.1,0.1,868.5,1042.2,263.1818181818182,14.43
1.412,1.095,1.083,1.297,4.934,4.474,0.4,0.4,0.1,0.1,1065.5,1278.6,322.8787878787879,8.82
1.309,0.773,0.94,4.511,4.781,2.043,0.4,0.4,0.1,0.1,981.8,1178.1599999999999,297.5151515151515,10.365000000000002
1.18,0.17,0.111,4.567,4.154,3.516,0.4,0.4,0.1,0.1,857.0,1028.3999999999999,259.6969696969697,12.3
0.482,1.346,1.416,1.492,3.52,1.248,0.4,0.4,0.1,0.1,625.6,750.72,189.5757575757576,22.77
0.479,0.719,0.639,3.756,2.953,2.912,0.4,0.4,0.1,0.1,561.4,673.68,170.12121212121212,22.815
0.115,1.248,0.441,2.309,1.178,4.072,0.4,0.4,0.1,0.1,432.3,518.76,131.0,28.275
1.25,0.638,0.962,3.443,3.092,3.025,0.4,0.4,0.1,0.1,938.8,1126.56,284.4848484848485,11.25
1.346,1.363,0.656,3.05,2.079,2.756,0.4,0.4,0.1,0.1,1059.3,1271.1599999999999,321.0,9.809999999999999
1.088,0.259,1.036,3.95,1.315,4.997,0.4,0.4,0.1,0.1,819.9,983.8799999999999,248.45454545454547,13.68
0.548,0.469,1.167,1.777,4.286,3.587,0.4,0.4,0.1,0.1,570.9,685.0799999999999,173.0,21.78
1.056,0.991,1.353,1.095,4.708,3.095,0.4,0.4,0.1,0.1,877.1,1052.52,265.7878787878788,14.16
0.566,1.221,0.397,4.056,0.554,3.64,0.4,0.4,0.1,0.1,655.1,786.12,198.51515151515153,21.51
0.872,0.223,0.435,0.221,1.787,3.798,0.4,0.4,0.1,0.1,708.3,849.9599999999999,214.63636363636363,16.92
1.062,0.977,1.385,4.058,4.647,1.32,0.4,0.4,0.1,0.1,878.7,1054.44,266.2727272727273,14.069999999999999
0.187,1.389,0.884,0.613,3.824,2.405,0.4,0.4,0.1,0.1,482.4,578.88,146.1818181818182,27.195
0.402,0.39,1.184,1.302,1.76,3.826,0.4,0.4,0.1,0.1,490.0,588.0,148.4848484848485,23.97
0.513,1.495,0.46,3.614,2.108,4.143,0.4,0.4,0.1,0.1,656.0,787.1999999999999,198.7878787878788,22.305
1.394,1.123,0.831,2.896,1.703,3.493,0.4,0.4,0.1,0.1,1059.3,1271.1599999999999,321.0,9.09
1.234,0.979,1.338,0.996,0.969,1.275,0.4,0.4,0.1,0.1,964.9,1157.8799999999999,292.3939393939394,11.490000000000002
1.3,1.179,1.024,1.001,0.19,3.287,0.4,0.4,0.1,0.1,1017.9,1221.48,308.45454545454544,10.5
1.17,1.085,0.355,2.294,4.98,0.052,0.4,0.4,0.1,0.1,943.5,1132.2,285.90909090909093,12.450000000000003
0.52,0.653,1.283,2.781,2.701,3.581,0.4,0.4,0.1,0.1,575.3,690.3599999999999,174.33333333333334,22.2
0.104,0.726,0.395,4.405,0.913,2.551,0.4,0.4,0.1,0.1,374.6,449.52000000000004,113.51515151515153,28.44
0.514,0.158,1.215,1.364,1.42,1.772,0.4,0.4,0.1,0.1,522.8,627.3599999999999,158.4242424242424,22.29
1.309,0.513,1.339,0.24,1.685,3.894,0.4,0.4,0.1,0.1,955.8,1146.9599999999998,289.6363636363636,10.365000000000002
0.998,1.449,0.935,4.898,2.896,2.57,0.4,0.4,0.1,0.1,893.9,1072.6799999999998,270.8787878787879,15.03
0.44,0.488,0.892,3.261,4.489,0.345,0.4,0.4,0.1,0.1,518.8,622.56,157.21212121212122,23.4
0.609,1.017,0.297,4.879,4.728,2.324,0.4,0.4,0.1,0.1,656.2,787.44,198.84848484848487,20.865000000000002
0.597,0.952,1.248,1.906,0.964,1.775,0.4,0.4,0.1,0.1,643.7,772.44,195.0606060606061,21.045
0.55,0.586,0.21,4.758,2.722,0.366,0.4,0.4,0.1,0.1,583.6,700.32,176.84848484848487,21.75
1.429,1.249,0.369,3.448,2.558,4.174,0.4,0.4,0.1,0.1,1089.4,1307.28,330.1212121212122,8.564999999999998
1.049,1.275,1.257,3.759,3.906,4.051,0.4,0.4,0.1,0.1,902.0,1082.3999999999999,273.33333333333337,14.265
1.433,0.897,1.203,1.992,4.945,4.104,0.4,0.4,0.1,0.1,1056.2,1267.44,320.0606060606061,8.504999999999999
1.031,1.305,0.747,2.534,3.263,0.469,0.4,0.4,0.1,0.1,896.0,1075.2,271.5151515151515,14.535000000000002
0.537,1.274,1.387,3.413,1.141,3.298,0.4,0.4,0.1,0.1,645.9,775.0799999999999,195.72727272727272,21.945
0.208,1.176,0.712,0.652,0.326,0.931,0.4,0.4,0.1,0.1,471.6,565.92,142.90909090909093,26.88
0.891,1.084,0.446,1.202,4.645,3.173,0.4,0.4,0.1,0.1,803.9,964.68,243.60606060606062,16.634999999999998
0.831,0.408,0.809,3.787,4.366,2.301,0.4,0.4,0.1,0.1,706.3,847.56,214.03030303030303,17.535
1.072,0.136,0.105,4.171,4.111,0.577,0.4,0.4,0.1,0.1,799.6,959.52,242.3030303030303,13.919999999999998
1.085,0.542,1.052,4.695,1.541,4.8,0.4,0.4,0.1,0.1,846.7,1016.04,256.5757575757576,13.725000000000001
1.262,0.382,0.872,2.107,1.636,3.053,0.4,0.4,0.1,0.1,919.2,1103.04,278.54545454545456,11.07
0.52,1.015,0.642,0.11,0.57,4.231,0.4,0.4,0.1,0.1,611.5,733.8,185.3030303030303,22.2
0.729,1.402,1.24,2.682,2.975,1.634,0.4,0.4,0.1,0.1,754.7,905.64,228.69696969696972,19.064999999999998
0.828,1.094,1.471,1.449,1.411,1.669,0.4,0.4,0.1,0.1,773.4,928.0799999999999,234.36363636363637,17.58
0.301,0.704,0.544,3.702,1.983,4.925,0.4,0.4,0.1,0.1,470.9,565.0799999999999,142.6969696969697,25.485
0.532,0.458,1.25,4.387,1.485,3.472,0.4,0.4,0.1,0.1,561.8,674.16,170.24242424242425,22.02
1.213,0.852,1.306,2.29,1.707,3.808,0.4,0.4,0.1,0.1,941.7,1130.04,285.3636363636364,11.805
0.852,1.263,0.725,1.318,1.529,2.847,0.4,0.4,0.1,0.1,802.3,962.7599999999999,243.12121212121212,17.22
0.242,1.468,0.69,2.115,2.484,0.335,0.4,0.4,0.1,0.1,517.8,621.3599999999999,156.9090909090909,26.37
0.848,0.632,0.853,3.278,4.166,1.691,0.4,0.4,0.1,0.1,737.2,884.64,223.39393939393943,17.28
0.681,0.786,0.865,1.378,2.528,3.813,0.4,0.4,0.1,0.1,669.1,802.92,202.75757575757578,19.785
0.278,1.22,0.471,3.977,4.377,4.288,0.4,0.4,0.1,0.1,511.0,613.1999999999999,154.84848484848484,25.83
1.484,1.13,0.916,2.971,2.032,3.944,0.4,0.4,0.1,0.1,1105.0,1326.0,334.8484848484849,7.740000000000002
1.021,0.93,0.318,3.045,2.839,3.835,0.4,0.4,0.1,0.1,853.5,1024.2,258.6363636363636,14.685000000000002
1.432,0.947,1.355,2.852,3.941,0.474,0.4,0.4,0.1,0.1,1060.7,1272.84,321.42424242424244,8.52
1.06,1.193,1.283,4.944,0.619,1.214,0.4,0.4,0.1,0.1,899.3,1079.1599999999999,272.5151515151515,14.1
0.493,1.331,0.178,3.229,2.267,3.129,0.4,0.4,0.1,0.1,629.6,755.52,190.7878787878788,22.605
0.478,1.445,0.401,3.097,1.275,4.958,0.4,0.4,0.1,0.1,633.5,760.1999999999999,191.96969696969697,22.83
1.149,0.224,0.308,4.833,4.194,0.962,0.4,0.4,0.1,0.1,846.9,1016.28,256.6363636363636,12.765
1.461,0.546,1.274,1.335,1.023,4.179,0.4,0.4,0.1,0.1,1035.1,1242.12,313.66666666666663,8.084999999999997
1.065,1.232,1.192,1.07,1.703,2.035,0.4,0.4,0.1,0.1,905.7,1086.84,274.4545454545455,14.025
0.509,0.847,0.273,2.984,1.034,2.644,0.4,0.4,0.1,0.1,589.2,707.0400000000001,178.54545454545456,22.365000000000002
0.348,1.49,0.126,2.044,2.422,2.884,0.4,0.4,0.1,0.1,573.0,687.6,173.63636363636365,24.78
1.013,0.757,0.119,2.472,1.705,1.777,0.4,0.4,0.1,0.1,832.2,998.64,252.18181818181822,14.805000000000001
0.606,0.135,0.132,2.779,1.331,2.909,0.4,0.4,0.1,0.1,566.5,679.8,171.66666666666669,20.91
0.945,0.406,0.711,0.834,1.448,4.566,0.4,0.4,0.1,0.1,763.1,915.72,231.24242424242425,15.825000000000001
1.29,0.649,0.147,0.47,0.877,2.12,0.4,0.4,0.1,0.1,959.9,1151.8799999999999,290.8787878787879,10.649999999999999
0.524,0.933,1.444,3.883,4.715,3.555,0.4,0.4,0.1,0.1,605.3,726.3599999999999,183.4242424242424,22.14
1.407,1.196,0.633,1.736,3.012,3.766,0.4,0.4,0.1,0.1,1073.1,1287.7199999999998,325.1818181818182,8.895
0.468,0.717,1.153,0.911,3.877,3.985,0.4,0.4,0.1,0.1,555.7,666.84,168.3939393939394,22.98
0.15,0.606,0.287,3.656,3.096,4.833,0.4,0.4,0.1,0.1,385.6,462.72,116.84848484848486,27.75
1.273,0.307,0.151,4.413,4.219,0.798,0.4,0.4,0.1,0.1,917.2,1100.64,277.939393939394,10.905000000000001
1.498,1.059,1.291,1.403,1.072,4.66,0.4,0.4,0.1,0.1,1104.9,1325.88,334.81818181818187,7.530000000000001
1.445,0.715,0.528,2.279,0.223,4.658,0.4,0.4,0.1,0.1,1044.0,1252.8,316.3636363636364,8.325
1.065,0.398,1.019,0.532,1.488,4.144,0.4,0.4,0.1,0.1,822.3,986.7599999999999,249.1818181818182,14.025
1.105,1.298,0.759,3.21,2.538,1.47,0.4,0.4,0.1,0.1,932.3,1118.76,282.5151515151515,13.425
0.447,0.751,1.227,1.232,1.48,2.234,0.4,0.4,0.1,0.1,548.6,658.32,166.24242424242425,23.295
0.58,1.339,0.972,0.452,4.428,0.703,0.4,0.4,0.1,0.1,673.9,808.68,204.21212121212122,21.3
0.746,1.366,1.351,2.348,1.69,3.738,0.4,0.4,0.1,0.1,759.6,911.52,230.1818181818182,18.810000000000002
0.178,0.372,0.659,4.431,1.915,0.001,0.4,0.4,0.1,0.1,376.2,451.44,114.0,27.33
0.133,0.449,0.273,3.074,1.68,2.621,0.4,0.4,0.1,0.1,361.4,433.67999999999995,109.51515151515152,28.005
1.099,1.078,0.95,1.582,3.308,2.676,0.4,0.4,0.1,0.1,907.3,1088.76,274.93939393939394,13.515
0.621,1.454,1.071,1.499,0.767,1.727,0.4,0.4,0.1,0.1,705.9,847.0799999999999,213.9090909090909,20.685000000000002
1.328,1.432,1.273,3.0,3.983,0.457,0.4,0.4,0.1,0.1,1057.2,1268.64,320.3636363636364,10.079999999999998
0.428,1.102,0.776,4.048,3.838,3.295,0.4,0.4,0.1,0.1,574.2,689.0400000000001,174.00000000000003,23.58
0.552,1.178,0.764,1.954,3.975,0.659,0.4,0.4,0.1,0.1,643.8,772.56,195.0909090909091,21.72
0.257,0.502,1.29,3.161,1.979,3.549,0.4,0.4,0.1,0.1,428.7,514.4399999999999,129.9090909090909,26.145
0.763,0.517,1.177,0.206,4.311,2.634,0.4,0.4,0.1,0.1,683.2,819.84,207.03030303030306,18.555
0.132,0.711,0.379,4.342,4.855,1.321,0.4,0.4,0.1,0.1,387.1,464.52,117.30303030303031,28.02
1.208,0.968,1.416,4.811,3.557,4.844,0.4,0.4,0.1,0.1,950.8,1140.9599999999998,288.1212121212121,11.879999999999999
0.211,1.243,0.374,4.984,1.043,3.441,0.4,0.4,0.1,0.1,479.8,575.76,145.3939393939394,26.835
0.966,1.133,1.034,2.862,0.236,0.657,0.4,0.4,0.1,0.1,846.3,1015.56,256.45454545454544,15.51
0.431,1.19,0.869,1.284,2.342,2.341,0.4,0.4,0.1,0.1,584.5,701.4,177.12121212121212,23.535
0.23,0.187,0.777,0.454,4.396,3.397,0.4,0.4,0.1,0.1,383.7,460.44,116.27272727272728,26.55
1.143,0.69,0.416,3.229,3.961,4.563,0.4,0.4,0.1,0.1,890.5,1068.6,269.8484848484849,12.855
0.461,0.268,0.139,2.431,3.109,3.786,0.4,0.4,0.1,0.1,507.3,608.76,153.72727272727275,23.085
0.674,0.116,0.457,4.605,0.988,2.763,0.4,0.4,0.1,0.1,598.6,718.32,181.3939393939394,19.89
0.779,0.759,1.435,2.911,4.389,4.122,0.4,0.4,0.1,0.1,715.4,858.4799999999999,216.78787878787878,18.314999999999998
0.852,0.566,0.483,1.005,0.281,4.924,0.4,0.4,0.1,0.1,732.6,879.12,222.00000000000003,17.22
0.871,0.325,0.511,1.035,4.58,3.12,0.4,0.4,0.1,0.1,718.0,861.6,217.5757575757576,16.935000000000002
1.091,0.245,0.5,3.372,1.177,3.204,0.4,0.4,0.1,0.1,820.0,984.0,248.4848484848485,13.635000000000002
1.398,0.135,1.329,2.451,2.227,2.939,0.4,0.4,0.1,0.1,962.5,1155.0,291.6666666666667,9.030000000000001
0.979,1.235,0.894,4.261,3.016,0.677,0.4,0.4,0.1,0.1,863.0,1035.6,261.5151515151515,15.315
0.635,1.482,0.937,1.401,1.195,3.816,0.4,0.4,0.1,0.1,715.7,858.84,216.8787878787879,20.475
0.982,1.388,0.751,1.016,2.235,3.208,0.4,0.4,0.1,0.1,879.8,1055.76,266.6060606060606,15.27
0.317,0.237,1.038,4.504,3.723,1.549,0.4,0.4,0.1,0.1,432.2,518.64,130.96969696969697,25.245
0.201,0.335,0.319,3.01,1.768,0.612,0.4,0.4,0.1,0.1,384.0,460.79999999999995,116.36363636363637,26.985
0.886,0.505,1.387,0.629,3.897,4.984,0.4,0.4,0.1,0.1,743.5,892.1999999999999,225.3030303030303,16.71
1.034,0.846,1.23,1.293,0.407,1.078,0.4,0.4,0.1,0.1,851.6,1021.92,258.06060606060606,14.49
0.965,0.552,0.383,1.523,0.965,1.58,0.4,0.4,0.1,0.1,787.7,945.24,238.69696969696972,15.525
0.872,1.196,1.04,0.38,0.04,2.882,0.4,0.4,0.1,0.1,805.6,966.72,244.12121212121215,16.92
0.867,0.279,1.293,4.938,4.134,3.742,0.4,0.4,0.1,0.1,711.4,853.68,215.5757575757576,16.995
0.886,0.347,0.677,0.888,0.94,1.57,0.4,0.4,0.1,0.1,727.7,873.24,220.51515151515153,16.71
1.44,1.41,0.745,1.452,1.481,3.558,0.4,0.4,0.1,0.1,1111.0,1333.2,336.6666666666667,8.400000000000002
0.412,0.885,1.365,2.535,0.608,0.125,0.4,0.4,0.1,0.1,544.5,653.4,165.0,23.82
0.691,0.208,1.326,3.369,0.531,0.43,0.4,0.4,0.1,0.1,616.3,739.56,186.75757575757575,19.635
0.342,0.143,0.282,3.814,1.994,4.595,0.4,0.4,0.1,0.1,435.3,522.36,131.9090909090909,24.869999999999997
1.293,1.021,0.112,0.438,2.839,3.197,0.4,0.4,0.1,0.1,998.6,1198.32,302.6060606060606,10.605
0.91,0.935,0.999,4.665,4.994,3.537,0.4,0.4,0.1,0.1,798.5,958.1999999999999,241.96969696969697,16.35
0.275,1.267,0.234,0.48,3.136,1.407,0.4,0.4,0.1,0.1,514.2,617.0400000000001,155.81818181818184,25.875
0.134,1.133,0.649,4.203,0.235,3.822,0.4,0.4,0.1,0.1,430.3,516.36,130.3939393939394,27.99
0.166,1.037,0.32,4.039,3.868,2.021,0.4,0.4,0.1,0.1,436.7,524.04,132.33333333333334,27.509999999999998
1.08,0.439,1.317,4.357,2.14,2.411,0.4,0.4,0.1,0.1,833.9,1000.68,252.69696969696972,13.799999999999997
1.027,1.345,0.282,3.345,3.892,2.938,0.4,0.4,0.1,0.1,898.0,1077.6,272.1212121212121,14.595
0.167,0.463,1.272,4.737,4.526,3.272,0.4,0.4,0.1,0.1,379.8,455.76,115.0909090909091,27.495
1.26,0.825,0.476,3.677,2.412,1.551,0.4,0.4,0.1,0.1,962.5,1155.0,291.6666666666667,11.100000000000001
0.622,0.777,0.103,1.918,3.848,3.475,0.4,0.4,0.1,0.1,638.7,766.44,193.54545454545456,20.67
0.657,0.534,1.366,1.805,2.457,4.074,0.4,0.4,0.1,0.1,631.9,758.28,191.4848484848485,20.145
1.497,0.618,1.417,0.226,0.595,1.116,0.4,0.4,0.1,0.1,1060.3,1272.36,321.3030303030303,7.544999999999998
0.51,1.342,0.101,4.675,1.602,0.254,0.4,0.4,0.1,0.1,639.2,767.0400000000001,193.69696969696972,22.35
0.153,0.781,0.288,0.557,2.641,1.87,0.4,0.4,0.1,0.1,404.6,485.52,122.60606060606062,27.705
0.175,0.638,1.329,3.4,4.121,4.019,0.4,0.4,0.1,0.1,401.3,481.56,121.60606060606061,27.375
0.233,0.776,0.682,1.26,4.964,0.247,0.4,0.4,0.1,0.1,444.1,532.92,134.5757575757576,26.505
0.865,0.282,0.489,4.382,3.983,0.98,0.4,0.4,0.1,0.1,710.7,852.84,215.3636363636364,17.025
0.241,0.139,1.005,3.53,4.589,4.415,0.4,0.4,0.1,0.1,384.4,461.28,116.48484848484848,26.385
0.961,0.46,1.481,2.009,4.052,3.095,0.4,0.4,0.1,0.1,776.5,931.8,235.3030303030303,15.585
0.9,1.178,0.902,3.881,1.903,3.696,0.4,0.4,0.1,0.1,817.8,981.3599999999999,247.8181818181818,16.5
1.301,0.719,0.225,4.491,1.93,3.061,0.4,0.4,0.1,0.1,972.4,1166.8799999999999,294.6666666666667,10.485
0.529,1.019,0.854,2.877,4.814,0.009,0.4,0.4,0.1,0.1,616.4,739.68,186.78787878787878,22.064999999999998
0.695,0.568,1.265,3.455,0.94,3.92,0.4,0.4,0.1,0.1,654.3,785.16,198.27272727272728,19.575000000000003
1.043,1.004,1.468,1.454,0.501,3.715,0.4,0.4,0.1,0.1,871.9,1046.28,264.21212121212125,14.355
1.182,0.793,1.086,0.385,4.348,4.312,0.4,0.4,0.1,0.1,920.3,1104.36,278.8787878787879,12.27
1.023,0.788,0.288,3.839,0.273,4.604,0.4,0.4,0.1,0.1,840.3,1008.3599999999999,254.63636363636363,14.655000000000001
0.801,0.467,0.645,3.121,3.939,1.925,0.4,0.4,0.1,0.1,697.2,836.64,211.2727272727273,17.985
0.777,0.328,0.153,0.209,0.711,4.187,0.4,0.4,0.1,0.1,671.3,805.56,203.4242424242424,18.345
0.79,0.403,0.184,3.772,1.209,2.422,0.4,0.4,0.1,0.1,685.3,822.3599999999999,207.66666666666666,18.15
1.182,0.352,0.953,4.351,1.399,4.639,0.4,0.4,0.1,0.1,876.2,1051.44,265.51515151515156,12.27
0.953,0.442,0.364,4.829,2.65,4.763,0.4,0.4,0.1,0.1,770.7,924.84,233.54545454545456,15.705
0.635,0.723,0.474,3.893,4.642,4.431,0.4,0.4,0.1,0.1,639.8,767.7599999999999,193.87878787878788,20.475
0.302,1.233,0.533,2.876,3.311,4.333,0.4,0.4,0.1,0.1,524.3,629.16,158.87878787878788,25.47
0.689,0.682,0.538,1.791,4.793,0.695,0.4,0.4,0.1,0.1,662.7,795.24,200.81818181818184,19.665
0.927,0.123,0.886,0.122,0.972,4.562,0.4,0.4,0.1,0.1,725.8,870.9599999999999,219.93939393939394,16.095
0.158,1.082,0.757,2.895,3.991,3.557,0.4,0.4,0.1,0.1,437.2,524.64,132.4848484848485,27.63
0.393,1.315,0.738,4.728,0.628,0.669,0.4,0.4,0.1,0.1,578.0,693.6,175.15151515151516,24.105
1.416,1.25,0.867,4.632,2.655,1.248,0.4,0.4,0.1,0.1,1083.0,1299.6,328.1818181818182,8.760000000000002
0.569,0.103,0.395,1.973,2.914,1.066,0.4,0.4,0.1,0.1,544.8,653.7599999999999,165.0909090909091,21.465
0.698,1.187,0.25,3.014,3.939,2.362,0.4,0.4,0.1,0.1,717.7,861.24,217.4848484848485,19.53
0.23,0.837,0.914,4.007,4.265,0.12,0.4,0.4,0.1,0.1,448.7,538.4399999999999,135.96969696969697,26.55
0.757,0.364,0.315,4.735,3.295,4.346,0.4,0.4,0.1,0.1,664.9,797.88,201.4848484848485,18.645
0.163,1.274,0.129,2.521,3.873,1.666,0.4,0.4,0.1,0.1,458.9,550.68,139.06060606060606,27.555
0.867,0.75,1.41,4.531,0.097,2.39,0.4,0.4,0.1,0.1,758.5,910.1999999999999,229.84848484848487,16.995
0.693,0.232,0.145,2.36,4.727,3.943,0.4,0.4,0.1,0.1,619.7,743.64,187.7878787878788,19.605
0.265,0.727,1.192,3.771,1.388,3.409,0.4,0.4,0.1,0.1,455.2,546.24,137.93939393939394,26.025
1.326,0.12,0.63,0.893,4.826,0.635,0.4,0.4,0.1,0.1,925.0,1110.0,280.3030303030303,10.11
1.206,0.987,0.171,0.411,0.493,3.703,0.4,0.4,0.1,0.1,951.7,1142.04,288.39393939393943,11.91
0.558,0.981,0.172,2.203,3.988,2.104,0.4,0.4,0.1,0.1,627.1,752.52,190.03030303030306,21.63
0.733,1.381,0.339,4.219,4.223,2.381,0.4,0.4,0.1,0.1,754.6,905.52,228.66666666666669,19.005000000000003
1.481,0.812,0.605,4.7,4.6,2.951,0.4,0.4,0.1,0.1,1071.7,1286.04,324.7575757575758,7.785
0.305,1.271,0.181,4.743,3.612,4.395,0.4,0.4,0.1,0.1,529.6,635.52,160.4848484848485,25.425
0.861,0.585,1.191,4.878,2.485,0.089,0.4,0.4,0.1,0.1,739.0,886.8,223.93939393939394,17.085
0.259,1.117,0.456,2.417,3.735,4.592,0.4,0.4,0.1,0.1,491.2,589.4399999999999,148.84848484848484,26.115
0.494,0.554,0.976,0.19,2.895,1.38,0.4,0.4,0.1,0.1,552.4,662.88,167.3939393939394,22.59
1.394,1.488,1.291,3.295,3.265,0.257,0.4,0.4,0.1,0.1,1095.8,1314.9599999999998,332.06060606060606,9.09
0.941,0.105,0.779,2.414,1.239,2.865,0.4,0.4,0.1,0.1,731.0,877.1999999999999,221.51515151515153,15.885000000000002
1.134,1.068,0.581,3.98,0.176,2.652,0.4,0.4,0.1,0.1,923.8,1108.56,279.93939393939394,12.990000000000002
1.189,1.29,0.95,0.545,2.667,1.853,0.4,0.4,0.1,0.1,973.5,1168.2,295.0,12.165
0.977,0.657,0.818,2.601,1.21,1.448,0.4,0.4,0.1,0.1,804.2,965.04,243.69696969696972,15.345
0.986,1.387,0.906,0.834,2.098,3.859,0.4,0.4,0.1,0.1,881.7,1058.04,267.1818181818182,15.21
1.215,1.036,0.923,4.652,2.478,4.355,0.4,0.4,0.1,0.1,961.1,1153.32,291.24242424242425,11.774999999999999
0.523,0.927,1.015,0.73,3.762,3.49,0.4,0.4,0.1,0.1,604.2,725.0400000000001,183.09090909090912,22.155
0.989,0.547,0.926,4.454,2.856,2.423,0.4,0.4,0.1,0.1,799.2,959.04,242.18181818181822,15.165000000000001
1.444,1.197,0.799,0.554,4.076,1.268,0.4,0.4,0.1,0.1,1091.7,1310.04,330.81818181818187,8.34
1.496,1.425,1.061,0.502,0.981,3.236,0.4,0.4,0.1,0.1,1140.5,1368.6,345.6060606060606,7.559999999999999
0.206,0.582,1.129,1.671,4.708,3.282,0.4,0.4,0.1,0.1,411.2,493.43999999999994,124.60606060606061,26.91
0.891,0.676,1.094,4.13,1.213,1.58,0.4,0.4,0.1,0.1,763.1,915.72,231.24242424242425,16.634999999999998
0.837,0.612,0.602,2.251,0.206,1.645,0.4,0.4,0.1,0.1,729.7,875.64,221.12121212121215,17.445
0.214,0.162,0.665,3.997,3.431,4.995,0.4,0.4,0.1,0.1,373.2,447.84,113.0909090909091,26.79
0.639,1.438,0.135,4.664,3.851,1.001,0.4,0.4,0.1,0.1,713.3,855.9599999999999,216.15151515151516,20.415
1.417,0.591,1.22,4.34,3.853,1.145,0.4,0.4,0.1,0.1,1017.6,1221.12,308.3636363636364,8.745000000000001
0.177,0.146,1.148,0.054,1.623,3.578,0.4,0.4,0.1,0.1,353.1,423.72,107.00000000000001,27.345
1.126,1.437,0.613,4.366,2.054,0.286,0.4,0.4,0.1,0.1,956.7,1148.04,289.90909090909093,13.110000000000003
0.771,0.294,1.296,4.943,2.157,0.215,0.4,0.4,0.1,0.1,664.9,797.88,201.4848484848485,18.435000000000002
0.31,0.289,1.039,1.872,2.793,3.121,0.4,0.4,0.1,0.1,433.9,520.68,131.4848484848485,25.35
1.029,0.72,0.286,1.68,2.604,1.365,0.4,0.4,0.1,0.1,836.5,1003.8,253.4848484848485,14.565000000000001
0.528,0.37,1.017,0.389,3.257,1.723,0.4,0.4,0.1,0.1,551.0,661.1999999999999,166.96969696969697,22.08
1.034,0.287,1.362,4.995,1.456,3.34,0.4,0.4,0.1,0.1,795.7,954.84,241.12121212121215,14.49
0.241,0.927,0.499,1.856,2.746,0.362,0.4,0.4,0.1,0.1,463.2,555.8399999999999,140.36363636363637,26.385
1.294,0.282,0.921,2.611,0.425,3.012,0.4,0.4,0.1,0.1,925.2,1110.24,280.3636363636364,10.59
1.484,0.824,1.475,3.953,3.108,1.764,0.4,0.4,0.1,0.1,1074.4,1289.28,325.5757575757576,7.740000000000002
0.343,0.787,0.688,3.996,4.818,2.088,0.4,0.4,0.1,0.1,500.2,600.24,151.5757575757576,24.855
0.235,1.372,1.404,2.633,4.935,3.003,0.4,0.4,0.1,0.1,504.70000000000005,605.64,152.93939393939397,26.475
1.353,0.64,1.2,2.501,4.369,1.183,0.4,0.4,0.1,0.1,990.5,1188.6,300.1515151515152,9.705000000000002
0.791,0.285,0.857,3.96,4.302,1.379,0.4,0.4,0.1,0.1,674.0,808.8,204.24242424242425,18.134999999999998
1.095,0.674,0.264,4.143,3.272,2.516,0.4,0.4,0.1,0.1,864.9,1037.8799999999999,262.0909090909091,13.575
0.226,0.841,0.353,2.073,2.911,1.236,0.4,0.4,0.1,0.1,447.1,536.52,135.4848484848485,26.61
0.187,1.083,0.842,0.386,1.975,0.509,0.4,0.4,0.1,0.1,451.8,542.16,136.9090909090909,27.195
1.341,1.414,1.275,0.744,0.828,2.676,0.4,0.4,0.1,0.1,1061.9,1274.28,321.7878787878788,9.885000000000002
0.577,0.596,1.496,4.491,4.127,2.7,0.4,0.4,0.1,0.1,598.1,717.72,181.24242424242425,21.345
0.401,1.0,1.198,0.108,3.486,1.695,0.4,0.4,0.1,0.1,550.5,660.6,166.8181818181818,23.985
0.521,0.391,1.488,2.053,0.318,0.97,0.4,0.4,0.1,0.1,549.6,659.52,166.54545454545456,22.185
1.303,1.286,0.885,1.432,2.568,2.294,0.4,0.4,0.1,0.1,1030.1,1236.12,312.1515151515151,10.455000000000002
0.515,0.753,1.055,4.134,0.96,1.799,0.4,0.4,0.1,0.1,582.8,699.3599999999999,176.6060606060606,22.275
1.369,0.764,1.295,2.97,4.906,2.549,0.4,0.4,0.1,0.1,1010.9,1213.08,306.33333333333337,9.465
0.786,0.855,1.44,3.947,3.558,1.06,0.4,0.4,0.1,0.1,728.5,874.1999999999999,220.75757575757578,18.21
0.276,0.765,1.118,4.955,1.736,4.347,0.4,0.4,0.1,0.1,464.5,557.4,140.75757575757578,25.86
0.912,0.891,0.915,0.42,1.289,4.24,0.4,0.4,0.1,0.1,795.1,954.12,240.93939393939397,16.32
1.189,1.111,0.671,2.827,4.84,3.793,0.4,0.4,0.1,0.1,955.6,1146.72,289.5757575757576,12.165
0.602,1.068,0.871,4.179,2.608,1.919,0.4,0.4,0.1,0.1,657.8,789.3599999999999,199.33333333333334,20.97
1.392,0.94,1.09,4.131,3.823,0.115,0.4,0.4,0.1,0.1,1040.0,1248.0,315.1515151515152,9.120000000000001
0.659,0.797,1.259,1.703,1.036,4.928,0.4,0.4,0.1,0.1,659.2,791.0400000000001,199.75757575757578,20.115000000000002
1.242,1.43,1.496,1.495,1.281,1.123,0.4,0.4,0.1,0.1,1014.0,1216.8,307.2727272727273,11.370000000000001
0.318,0.358,0.473,3.602,3.609,0.324,0.4,0.4,0.1,0.1,444.8,533.76,134.7878787878788,25.23
1.17,0.617,1.231,2.454,1.029,4.104,0.4,0.4,0.1,0.1,896.7,1076.04,271.72727272727275,12.450000000000003
0.668,0.235,1.191,0.583,2.105,4.409,0.4,0.4,0.1,0.1,607.5,729.0,184.0909090909091,19.979999999999997
1.127,1.153,0.953,0.988,4.055,3.841,0.4,0.4,0.1,0.1,928.8,1114.56,281.45454545454544,13.094999999999999
0.966,1.347,0.495,0.462,3.936,3.881,0.4,0.4,0.1,0.1,867.7,1041.24,262.939393939394,15.51
1.383,0.634,1.183,0.249,0.326,4.191,0.4,0.4,0.1,0.1,1004.9,1205.8799999999999,304.5151515151515,9.254999999999999
0.623,0.268,1.408,4.932,3.696,4.902,0.4,0.4,0.1,0.1,588.3,705.9599999999999,178.27272727272728,20.655
0.926,0.146,1.182,2.237,3.452,4.883,0.4,0.4,0.1,0.1,727.6,873.12,220.4848484848485,16.11
1.408,0.538,0.86,2.977,3.261,4.69,0.4,0.4,0.1,0.1,1007.8,1209.36,305.3939393939394,8.880000000000003
0.188,0.338,1.151,4.091,3.812,0.692,0.4,0.4,0.1,0.1,377.8,453.36,114.4848484848485,27.18
0.24,0.51,0.51,4.947,2.511,0.36,0.4,0.4,0.1,0.1,421.0,505.2,127.57575757575758,26.4
0.979,1.112,0.717,4.69,3.623,1.459,0.4,0.4,0.1,0.1,850.7,1020.84,257.7878787878788,15.315
1.422,1.164,0.827,4.916,1.16,3.823,0.4,0.4,0.1,0.1,1077.4,1292.88,326.48484848484856,8.670000000000002
0.817,0.774,0.465,0.636,3.804,2.052,0.4,0.4,0.1,0.1,735.9,883.0799999999999,223.0,17.745
0.638,0.891,0.534,1.325,1.019,0.464,0.4,0.4,0.1,0.1,658.1,789.72,199.42424242424244,20.43
0.8,1.343,0.163,2.852,3.307,2.311,0.4,0.4,0.1,0.1,784.3,941.1599999999999,237.66666666666666,18.0
1.362,0.256,1.016,4.875,4.995,0.191,0.4,0.4,0.1,0.1,956.6,1147.92,289.8787878787879,9.57
1.108,1.071,1.144,0.425,2.509,4.254,0.4,0.4,0.1,0.1,911.1,1093.32,276.0909090909091,13.379999999999999
0.597,0.556,0.718,0.05,2.728,4.32,0.4,0.4,0.1,0.1,604.1,724.92,183.0606060606061,21.045
1.122,1.482,0.259,3.152,4.552,4.275,0.4,0.4,0.1,0.1,959.2,1151.04,290.6666666666667,13.169999999999998
0.699,1.339,1.163,3.734,0.427,2.749,0.4,0.4,0.1,0.1,733.4,880.0799999999999,222.24242424242425,19.515
1.305,0.842,0.563,1.151,3.488,1.723,0.4,0.4,0.1,0.1,986.7,1184.04,299.00000000000006,10.425
0.433,0.426,0.152,0.831,1.412,1.204,0.4,0.4,0.1,0.1,509.1,610.92,154.27272727272728,23.505
1.31,1.014,1.143,3.086,3.203,2.383,0.4,0.4,0.1,0.1,1006.4,1207.6799999999998,304.969696969697,10.349999999999998
0.731,0.839,1.308,2.142,4.653,3.112,0.4,0.4,0.1,0.1,699.4,839.28,211.93939393939394,19.035
0.271,0.101,0.659,3.547,0.586,3.107,0.4,0.4,0.1,0.1,395.6,474.72,119.87878787878789,25.935
1.158,0.273,0.701,4.36,3.295,0.39,0.4,0.4,0.1,0.1,856.3,1027.56,259.4848484848485,12.630000000000003
1.217,0.511,0.355,1.051,1.165,0.758,0.4,0.4,0.1,0.1,909.6,1091.52,275.6363636363637,11.744999999999997
0.539,1.24,0.523,4.569,4.673,1.864,0.4,0.4,0.1,0.1,643.5,772.1999999999999,195.0,21.915
1.222,0.585,1.205,0.271,2.464,3.205,0.4,0.4,0.1,0.1,919.5,1103.3999999999999,278.6363636363636,11.670000000000002
0.688,1.345,1.276,2.108,0.256,3.488,0.4,0.4,0.1,0.1,728.5,874.1999999999999,220.75757575757578,19.68
0.237,0.968,0.437,0.978,0.338,1.766,0.4,0.4,0.1,0.1,465.3,558.36,141.0,26.445
0.636,0.222,1.135,2.539,2.72,4.071,0.4,0.4,0.1,0.1,590.2,708.24,178.84848484848487,20.46
0.286,0.777,1.248,4.397,2.735,4.719,0.4,0.4,0.1,0.1,470.7,564.8399999999999,142.63636363636365,25.71
0.171,0.558,1.103,2.59,1.798,0.316,0.4,0.4,0.1,0.1,391.3,469.56,118.57575757575759,27.435
0.691,0.659,0.777,1.604,3.953,1.178,0.4,0.4,0.1,0.1,661.4,793.68,200.42424242424244,19.635
0.154,1.074,0.414,3.778,3.825,0.954,0.4,0.4,0.1,0.1,434.4,521.28,131.63636363636363,27.69
1.487,0.243,0.466,3.123,3.558,0.846,0.4,0.4,0.1,0.1,1017.8,1221.36,308.42424242424244,7.695
0.156,1.353,0.226,3.481,1.907,0.664,0.4,0.4,0.1,0.1,463.3,555.96,140.3939393939394,27.66
0.894,0.58,0.59,2.824,4.213,0.707,0.4,0.4,0.1,0.1,755.0,906.0,228.7878787878788,16.59
0.878,1.135,1.009,3.748,2.484,3.803,0.4,0.4,0.1,0.1,802.5,963.0,243.1818181818182,16.83
0.238,0.61,0.724,2.921,3.582,1.077,0.4,0.4,0.1,0.1,430.0,516.0,130.3030303030303,26.43
1.38,0.935,0.381,3.187,4.658,0.746,0.4,0.4,0.1,0.1,1033.5,1240.2,313.1818181818182,9.3
1.222,1.048,1.495,1.313,4.367,0.454,0.4,0.4,0.1,0.1,965.8,1158.9599999999998,292.6666666666667,11.670000000000002
1.005,0.526,0.836,0.366,2.106,2.451,0.4,0.4,0.1,0.1,805.1,966.12,243.969696969697,14.925
0.611,1.138,0.869,4.371,2.981,0.216,0.4,0.4,0.1,0.1,669.3,803.16,202.8181818181818,20.835
0.949,0.792,1.186,2.131,2.516,0.972,0.4,0.4,0.1,0.1,803.7,964.44,243.54545454545456,15.765
0.803,0.689,0.888,1.296,4.757,1.701,0.4,0.4,0.1,0.1,720.4,864.4799999999999,218.3030303030303,17.955
0.551,0.304,0.324,4.282,3.516,1.602,0.4,0.4,0.1,0.1,555.9,667.0799999999999,168.45454545454547,21.735
0.749,1.074,0.967,4.518,1.058,3.711,0.4,0.4,0.1,0.1,731.9,878.28,221.78787878787878,18.765
0.27,0.984,0.76,3.84,3.315,0.185,0.4,0.4,0.1,0.1,483.4,580.0799999999999,146.4848484848485,25.95
0.62,1.459,1.288,1.669,3.653,1.575,0.4,0.4,0.1,0.1,705.9,847.0799999999999,213.9090909090909,20.7
0.78,1.376,0.239,3.729,4.053,0.14,0.4,0.4,0.1,0.1,777.6,933.12,235.63636363636365,18.299999999999997
0.385,0.16,0.64,1.207,4.384,0.73,0.4,0.4,0.1,0.1,458.5,550.1999999999999,138.93939393939394,24.225
0.472,1.414,0.692,4.923,4.213,2.397,0.4,0.4,0.1,0.1,627.4,752.88,190.12121212121212,22.92
0.975,1.225,0.618,1.222,1.875,2.381,0.4,0.4,0.1,0.1,860.0,1032.0,260.6060606060606,15.375
1.47,0.821,0.884,2.04,3.701,2.02,0.4,0.4,0.1,0.1,1067.1,1280.5199999999998,323.3636363636364,7.949999999999999
1.346,0.565,1.413,0.448,1.259,2.421,0.4,0.4,0.1,0.1,979.5,1175.3999999999999,296.8181818181818,9.809999999999999
0.494,0.846,0.138,1.022,3.37,1.822,0.4,0.4,0.1,0.1,581.6,697.92,176.24242424242425,22.59
0.214,0.903,1.44,2.229,2.8,4.713,0.4,0.4,0.1,0.1,447.3,536.76,135.54545454545456,26.79
0.595,1.464,1.039,0.598,4.811,4.217,0.4,0.4,0.1,0.1,693.9,832.68,210.27272727272728,21.075000000000003
1.004,0.739,0.197,2.635,4.994,2.633,0.4,0.4,0.1,0.1,825.9,991.0799999999999,250.27272727272728,14.94
1.299,0.596,0.637,4.753,4.964,3.513,0.4,0.4,0.1,0.1,959.1,1150.92,290.6363636363637,10.515
0.104,0.119,0.93,0.907,2.996,1.647,0.4,0.4,0.1,0.1,313.9,376.67999999999995,95.12121212121212,28.44
0.954,1.123,0.509,0.646,4.598,4.812,0.4,0.4,0.1,0.1,839.3,1007.1599999999999,254.33333333333334,15.690000000000001
0.863,1.225,0.661,1.077,0.6,4.25,0.4,0.4,0.1,0.1,804.0,964.8,243.63636363636365,17.055
1.001,0.222,0.389,1.12,2.264,4.941,0.4,0.4,0.1,0.1,772.7,927.24,234.15151515151518,14.985000000000001
0.683,0.113,0.307,4.71,4.495,2.881,0.4,0.4,0.1,0.1,602.8,723.3599999999999,182.66666666666666,19.755
1.073,0.102,0.698,4.511,0.403,4.515,0.4,0.4,0.1,0.1,796.7,956.04,241.42424242424246,13.905000000000001
1.267,1.43,0.63,3.831,2.72,2.443,0.4,0.4,0.1,0.1,1026.5,1231.8,311.06060606060606,10.995000000000001
0.659,0.641,0.843,2.525,1.632,3.578,0.4,0.4,0.1,0.1,643.6,772.32,195.03030303030306,20.115000000000002
1.375,1.027,0.902,0.737,1.92,2.302,0.4,0.4,0.1,0.1,1040.2,1248.24,315.21212121212125,9.375
1.071,0.224,0.618,1.937,2.233,4.085,0.4,0.4,0.1,0.1,807.9,969.4799999999999,244.8181818181818,13.935000000000002
0.18,0.17,1.025,4.088,0.32,3.929,0.4,0.4,0.1,0.1,357.0,428.4,108.18181818181819,27.3
0.367,1.093,0.398,1.326,1.517,0.556,0.4,0.4,0.1,0.1,542.8,651.3599999999999,164.48484848484847,24.495
0.806,0.293,0.742,1.752,0.971,2.694,0.4,0.4,0.1,0.1,682.3,818.7599999999999,206.75757575757575,17.91
0.607,0.766,0.973,4.764,3.468,0.419,0.4,0.4,0.1,0.1,630.1,756.12,190.93939393939397,20.895
0.683,0.808,0.183,4.759,0.012,2.716,0.4,0.4,0.1,0.1,672.3,806.7599999999999,203.72727272727272,19.755
1.3,0.293,1.218,3.226,0.268,4.624,0.4,0.4,0.1,0.1,929.3,1115.1599999999999,281.6060606060606,10.5
0.307,1.268,0.733,4.025,0.716,4.353,0.4,0.4,0.1,0.1,530.3,636.3599999999999,160.6969696969697,25.395
0.398,1.314,0.56,2.577,3.847,3.573,0.4,0.4,0.1,0.1,580.4,696.4799999999999,175.87878787878788,24.03
0.224,0.997,1.055,3.083,4.138,4.542,0.4,0.4,0.1,0.1,461.7,554.04,139.9090909090909,26.64
1.386,0.503,1.009,3.285,0.938,3.512,0.4,0.4,0.1,0.1,993.3,1191.9599999999998,301.0,9.21
1.3,0.76,1.31,0.645,1.284,2.395,0.4,0.4,0.1,0.1,976.0,1171.2,295.75757575757575,10.5
1.46,0.279,0.722,1.27,3.547,4.706,0.4,0.4,0.1,0.1,1007.9,1209.48,305.42424242424244,8.100000000000001
0.465,1.333,0.48,1.702,2.211,2.771,0.4,0.4,0.1,0.1,615.8,738.9599999999999,186.6060606060606,23.025
0.388,0.741,1.402,4.433,1.25,2.309,0.4,0.4,0.1,0.1,518.1,621.72,157.00000000000003,24.18
1.366,1.197,0.425,0.796,4.028,3.412,0.4,0.4,0.1,0.1,1052.7,1263.24,319.00000000000006,9.509999999999998
0.694,0.195,0.427,1.769,3.238,2.534,0.4,0.4,0.1,0.1,616.5,739.8,186.81818181818184,19.59
0.827,0.194,0.464,4.054,4.515,1.408,0.4,0.4,0.1,0.1,682.9,819.4799999999999,206.93939393939394,17.595
0.661,1.414,0.733,2.976,3.138,0.262,0.4,0.4,0.1,0.1,721.9,866.28,218.75757575757575,20.085
0.381,1.037,0.789,2.357,2.223,4.932,0.4,0.4,0.1,0.1,544.2,653.0400000000001,164.90909090909093,24.285
0.167,1.332,0.961,4.816,1.299,4.924,0.4,0.4,0.1,0.1,466.70000000000005,560.0400000000001,141.42424242424244,27.495
0.632,1.419,1.366,1.75,1.3,1.262,0.4,0.4,0.1,0.1,707.9,849.4799999999999,214.51515151515153,20.52
0.356,0.68,0.241,1.422,2.101,4.996,0.4,0.4,0.1,0.1,496.0,595.1999999999999,150.3030303030303,24.66
0.433,0.648,0.768,4.751,3.681,3.778,0.4,0.4,0.1,0.1,531.3,637.56,161.0,23.505
0.635,0.956,1.113,4.19,1.457,1.823,0.4,0.4,0.1,0.1,663.1,795.72,200.93939393939397,20.475
1.411,0.678,0.903,2.658,0.23,4.12,0.4,0.4,0.1,0.1,1023.3,1227.9599999999998,310.0909090909091,8.835
0.576,0.818,0.91,1.834,0.559,2.72,0.4,0.4,0.1,0.1,619.8,743.7599999999999,187.8181818181818,21.36
1.406,1.294,1.421,3.134,4.834,0.832,0.4,0.4,0.1,0.1,1082.4,1298.88,328.00000000000006,8.91
0.575,1.444,1.399,1.47,4.172,0.897,0.4,0.4,0.1,0.1,681.9,818.28,206.63636363636365,21.375
0.233,0.674,0.569,1.899,2.778,2.905,0.4,0.4,0.1,0.1,433.9,520.68,131.4848484848485,26.505
0.291,1.051,0.856,0.897,0.962,4.209,0.4,0.4,0.1,0.1,500.6,600.72,151.69696969696972,25.635
0.446,0.43,0.458,4.885,3.714,3.595,0.4,0.4,0.1,0.1,516.0,619.1999999999999,156.36363636363637,23.31
1.164,1.37,1.263,0.863,3.503,0.321,0.4,0.4,0.1,0.1,969.0,1162.8,293.6363636363636,12.540000000000003
0.522,0.737,1.105,0.866,4.645,1.423,0.4,0.4,0.1,0.1,584.7,701.64,177.18181818181822,22.17
1.043,0.293,1.111,1.149,4.979,4.765,0.4,0.4,0.1,0.1,800.8,960.9599999999999,242.66666666666666,14.355
0.96,0.594,0.392,4.801,4.917,2.244,0.4,0.4,0.1,0.1,789.4,947.28,239.21212121212122,15.600000000000001
1.14,1.47,0.597,3.571,1.409,1.773,0.4,0.4,0.1,0.1,967.0,1160.3999999999999,293.03030303030306,12.900000000000002
1.449,1.243,1.231,0.273,0.472,0.496,0.4,0.4,0.1,0.1,1098.8,1318.56,332.969696969697,8.265
1.268,0.706,0.266,4.705,0.821,2.945,0.4,0.4,0.1,0.1,954.6,1145.52,289.2727272727273,10.98
0.892,0.998,1.308,2.822,0.512,2.812,0.4,0.4,0.1,0.1,795.8,954.9599999999999,241.15151515151516,16.619999999999997
0.802,0.475,1.357,0.06,0.1,2.761,0.4,0.4,0.1,0.1,698.5,838.1999999999999,211.66666666666669,17.97
1.318,1.432,0.514,0.139,2.439,3.104,0.4,0.4,0.1,0.1,1052.2,1262.64,318.8484848484849,10.23
0.301,0.486,1.298,1.526,3.206,3.305,0.4,0.4,0.1,0.1,449.1,538.92,136.0909090909091,25.485
0.222,1.447,0.965,4.748,2.042,3.171,0.4,0.4,0.1,0.1,505.70000000000005,606.84,153.24242424242428,26.67
1.074,0.779,0.614,0.627,3.246,1.185,0.4,0.4,0.1,0.1,864.9,1037.8799999999999,262.0909090909091,13.89
0.701,1.265,0.822,0.244,3.396,2.97,0.4,0.4,0.1,0.1,727.0,872.4,220.3030303030303,19.485
0.514,1.325,1.499,1.479,3.832,4.761,0.4,0.4,0.1,0.1,639.5,767.4,193.7878787878788,22.29
0.417,0.664,1.38,1.609,3.051,0.119,0.4,0.4,0.1,0.1,524.9,629.88,159.06060606060606,23.745
0.337,0.542,0.531,4.789,1.911,2.042,0.4,0.4,0.1,0.1,472.7,567.24,143.24242424242425,24.945
0.573,0.922,0.863,4.706,4.402,3.711,0.4,0.4,0.1,0.1,628.7,754.44,190.51515151515153,21.405
1.075,1.386,0.173,3.717,0.771,0.087,0.4,0.4,0.1,0.1,926.1,1111.32,280.6363636363637,13.875
0.382,0.916,0.857,4.243,1.55,1.472,0.4,0.4,0.1,0.1,532.6,639.12,161.3939393939394,24.27
0.273,1.057,0.819,2.915,4.458,1.864,0.4,0.4,0.1,0.1,492.2,590.64,149.15151515151516,25.905
1.31,0.504,1.134,3.757,0.921,0.21,0.4,0.4,0.1,0.1,955.4,1146.48,289.5151515151515,10.349999999999998
0.911,0.772,1.409,3.096,1.321,1.816,0.4,0.4,0.1,0.1,782.7,939.24,237.18181818181822,16.335
0.15,0.1,0.494,4.315,4.356,0.934,0.4,0.4,0.1,0.1,335.0,402.0,101.51515151515152,27.75
1.036,0.146,1.419,0.516,3.257,1.179,0.4,0.4,0.1,0.1,782.6,939.12,237.15151515151518,14.459999999999999
0.337,0.516,1.379,1.9,0.664,0.572,0.4,0.4,0.1,0.1,470.1,564.12,142.45454545454547,24.945
0.836,1.333,1.166,1.723,3.167,2.533,0.4,0.4,0.1,0.1,801.3,961.56,242.8181818181818,17.46
0.267,0.754,0.211,0.811,2.783,4.972,0.4,0.4,0.1,0.1,458.9,550.68,139.06060606060606,25.995
0.401,1.409,1.308,0.374,4.966,0.591,0.4,0.4,0.1,0.1,591.4,709.68,179.21212121212122,23.985
0.558,0.387,1.2,1.332,1.371,4.691,0.4,0.4,0.1,0.1,567.7,681.24,172.03030303030306,21.63
1.017,1.288,0.961,4.274,0.983,3.002,0.4,0.4,0.1,0.1,887.3,1064.76,268.8787878787879,14.745000000000001
0.465,0.318,0.189,0.968,2.485,4.668,0.4,0.4,0.1,0.1,514.3,617.16,155.84848484848484,23.025
0.112,0.854,0.402,2.87,4.039,2.25,0.4,0.4,0.1,0.1,391.4,469.67999999999995,118.60606060606061,28.32
0.275,1.481,1.297,3.236,3.921,4.248,0.4,0.4,0.1,0.1,535.6,642.72,162.3030303030303,25.875
0.987,0.164,0.16,3.444,0.759,3.675,0.4,0.4,0.1,0.1,759.9,911.88,230.27272727272728,15.195
1.289,0.664,0.42,4.29,2.421,0.202,0.4,0.4,0.1,0.1,960.9,1153.08,291.1818181818182,10.665000000000003
0.557,1.15,0.733,3.166,3.119,1.534,0.4,0.4,0.1,0.1,643.5,772.1999999999999,195.0,21.645
1.219,1.49,0.265,1.393,2.716,2.505,0.4,0.4,0.1,0.1,1008.5,1210.2,305.6060606060606,11.715
1.371,0.14,0.901,4.577,1.389,2.663,0.4,0.4,0.1,0.1,949.5,1139.3999999999999,287.72727272727275,9.434999999999999
0.443,1.2,0.913,2.537,1.966,2.009,0.4,0.4,0.1,0.1,591.5,709.8,179.24242424242425,23.355
0.541,1.496,1.184,1.895,3.697,2.384,0.4,0.4,0.1,0.1,670.1,804.12,203.0606060606061,21.884999999999998
0.491,0.393,1.275,2.656,2.602,3.985,0.4,0.4,0.1,0.1,534.8,641.7599999999999,162.06060606060606,22.634999999999998
0.701,0.744,1.437,1.561,3.226,0.518,0.4,0.4,0.1,0.1,674.9,809.88,204.51515151515153,19.485
1.129,0.661,0.192,1.111,2.514,0.232,0.4,0.4,0.1,0.1,880.6,1056.72,266.8484848484849,13.065000000000001
1.405,1.5,1.334,1.924,3.827,2.123,0.4,0.4,0.1,0.1,1102.5,1323.0,334.0909090909091,8.925
0.949,0.531,0.13,3.632,2.353,3.349,0.4,0.4,0.1,0.1,777.6,933.12,235.63636363636365,15.765
0.736,0.218,0.147,2.192,0.374,0.691,0.4,0.4,0.1,0.1,639.8,767.7599999999999,193.87878787878788,18.96
1.298,0.62,0.268,1.382,4.083,0.34,0.4,0.4,0.1,0.1,961.0,1153.2,291.21212121212125,10.530000000000001
0.842,0.717,0.432,3.726,3.753,0.48,0.4,0.4,0.1,0.1,742.7,891.24,225.0606060606061,17.37
0.908,1.315,0.929,1.171,3.25,4.854,0.4,0.4,0.1,0.1,835.5,1002.5999999999999,253.1818181818182,16.38
1.301,0.499,0.856,3.073,1.608,4.447,0.4,0.4,0.1,0.1,950.4,1140.48,288.0,10.485
1.3,0.22,1.498,4.246,4.242,4.081,0.4,0.4,0.1,0.1,922.0,1106.3999999999999,279.39393939393943,10.5
1.438,0.451,1.47,3.229,3.738,0.088,0.4,0.4,0.1,0.1,1014.1,1216.92,307.3030303030303,8.43
1.366,0.26,0.224,4.232,0.19,2.597,0.4,0.4,0.1,0.1,959.0,1150.8,290.6060606060606,9.509999999999998
0.998,1.398,0.882,4.137,3.256,4.257,0.4,0.4,0.1,0.1,888.8,1066.56,269.3333333333333,15.03
0.698,0.962,0.359,1.615,0.148,1.217,0.4,0.4,0.1,0.1,695.2,834.24,210.66666666666669,19.53
0.743,0.82,0.241,0.187,1.84,3.363,0.4,0.4,0.1,0.1,703.5,844.1999999999999,213.1818181818182,18.855
1.169,1.39,1.422,1.886,4.059,3.544,0.4,0.4,0.1,0.1,973.5,1168.2,295.0,12.465
0.564,0.676,0.39,4.1,2.554,2.067,0.4,0.4,0.1,0.1,599.6,719.52,181.69696969696972,21.54
0.492,1.468,0.266,0.887,2.507,0.899,0.4,0.4,0.1,0.1,642.8,771.3599999999999,194.78787878787878,22.62
1.153,0.324,0.58,4.167,0.854,0.055,0.4,0.4,0.1,0.1,858.9,1030.6799999999998,260.27272727272725,12.704999999999998
1.097,0.46,0.593,4.944,0.031,2.765,0.4,0.4,0.1,0.1,844.5,1013.4,255.90909090909093,13.545000000000002
0.921,1.45,1.011,3.189,1.15,4.414,0.4,0.4,0.1,0.1,855.5,1026.6,259.24242424242425,16.185
0.553,1.194,0.596,0.269,1.992,3.407,0.4,0.4,0.1,0.1,645.9,775.0799999999999,195.72727272727272,21.705
0.948,1.134,0.595,2.401,0.986,1.697,0.4,0.4,0.1,0.1,837.4,1004.8799999999999,253.75757575757575,15.780000000000001
1.211,0.368,0.137,1.566,1.558,2.204,0.4,0.4,0.1,0.1,892.3,1070.76,270.3939393939394,11.834999999999997
1.375,0.849,0.124,0.239,1.574,0.756,0.4,0.4,0.1,0.1,1022.4,1226.8799999999999,309.8181818181818,9.375
1.488,0.402,1.44,0.868,4.193,2.615,0.4,0.4,0.1,0.1,1034.2,1241.04,313.39393939393943,7.68
0.697,1.499,1.153,4.326,3.791,0.14,0.4,0.4,0.1,0.1,748.4,898.0799999999999,226.78787878787878,19.545
0.917,0.458,0.976,0.573,2.352,2.065,0.4,0.4,0.1,0.1,754.3,905.16,228.57575757575756,16.244999999999997
0.357,0.698,1.414,1.571,1.057,2.064,0.4,0.4,0.1,0.1,498.3,597.96,151.0,24.645
0.858,0.362,0.664,3.076,2.874,4.846,0.4,0.4,0.1,0.1,715.2,858.24,216.72727272727275,17.130000000000003
0.111,0.953,0.978,0.46,1.776,0.769,0.4,0.4,0.1,0.1,400.8,480.96,121.45454545454547,28.335
0.838,1.257,0.796,4.195,0.542,3.957,0.4,0.4,0.1,0.1,794.7,953.64,240.81818181818184,17.43
0.821,1.285,0.256,4.223,0.643,2.046,0.4,0.4,0.1,0.1,789.0,946.8,239.0909090909091,17.685000000000002
0.549,0.692,0.302,4.899,1.42,3.16,0.4,0.4,0.1,0.1,593.7,712.44,179.90909090909093,21.765
0.372,0.234,1.162,4.473,0.074,2.923,0.4,0.4,0.1,0.1,459.4,551.28,139.21212121212122,24.42
0.584,0.504,0.542,1.021,4.106,2.448,0.4,0.4,0.1,0.1,592.4,710.88,179.51515151515153,21.240000000000002
0.727,0.107,1.073,0.964,3.979,2.461,0.4,0.4,0.1,0.1,624.2,749.0400000000001,189.15151515151518,19.095
0.563,1.14,0.853,3.41,3.896,4.851,0.4,0.4,0.1,0.1,645.5,774.6,195.60606060606062,21.555
0.331,0.522,1.166,1.077,2.769,0.372,0.4,0.4,0.1,0.1,467.7,561.24,141.72727272727272,25.035
0.672,1.244,0.167,4.578,2.739,1.255,0.4,0.4,0.1,0.1,710.4,852.4799999999999,215.27272727272728,19.92
0.646,1.012,0.81,1.159,4.296,2.685,0.4,0.4,0.1,0.1,674.2,809.0400000000001,204.30303030303034,20.310000000000002
1.109,0.526,0.901,3.212,3.227,0.999,0.4,0.4,0.1,0.1,857.1,1028.52,259.72727272727275,13.365000000000002
1.356,0.635,0.782,0.664,2.518,1.753,0.4,0.4,0.1,0.1,991.5,1189.8,300.4545454545455,9.66
0.565,1.181,0.777,2.35,2.665,4.47,0.4,0.4,0.1,0.1,650.6,780.72,197.15151515151516,21.525
0.734,0.128,0.559,1.723,3.643,2.247,0.4,0.4,0.1,0.1,629.8,755.7599999999999,190.84848484848484,18.990000000000002
0.764,0.704,1.068,1.154,0.742,4.749,0.4,0.4,0.1,0.1,702.4,842.88,212.84848484848484,18.54
1.152,0.501,0.504,3.513,3.428,1.563,0.4,0.4,0.1,0.1,876.1,1051.32,265.4848484848485,12.720000000000002
0.578,1.291,0.116,3.359,0.079,4.122,0.4,0.4,0.1,0.1,668.1,801.72,202.45454545454547,21.33
1.075,0.659,0.803,2.149,4.888,3.789,0.4,0.4,0.1,0.1,853.4,1024.08,258.6060606060606,13.875
0.263,0.672,0.904,4.697,3.32,1.182,0.4,0.4,0.1,0.1,448.7,538.4399999999999,135.96969696969697,26.055
0.575,0.739,1.018,3.028,2.592,1.424,0.4,0.4,0.1,0.1,611.4,733.68,185.27272727272728,21.375
0.646,0.52,0.547,0.585,4.812,3.635,0.4,0.4,0.1,0.1,625.0,750.0,189.3939393939394,20.310000000000002
0.594,1.11,0.852,4.469,3.277,1.896,0.4,0.4,0.1,0.1,658.0,789.6,199.3939393939394,21.09
0.886,0.499,0.651,2.81,3.886,4.789,0.4,0.4,0.1,0.1,742.9,891.4799999999999,225.12121212121212,16.71
1.349,1.258,0.478,4.883,1.485,3.096,0.4,0.4,0.1,0.1,1050.3,1260.36,318.27272727272725,9.765
0.889,0.29,0.651,1.463,1.451,1.841,0.4,0.4,0.1,0.1,723.5,868.1999999999999,219.24242424242425,16.665
1.411,0.998,1.44,1.981,2.216,2.224,0.4,0.4,0.1,0.1,1055.3,1266.36,319.7878787878788,8.835
0.187,0.873,1.36,1.986,4.078,1.71,0.4,0.4,0.1,0.1,430.8,516.96,130.54545454545456,27.195
1.07,0.842,0.824,1.451,4.863,3.608,0.4,0.4,0.1,0.1,869.2,1043.04,263.39393939393943,13.95
0.615,1.092,1.5,0.139,2.548,3.585,0.4,0.4,0.1,0.1,666.7,800.0400000000001,202.03030303030306,20.775
1.488,1.186,0.216,0.877,0.666,0.815,0.4,0.4,0.1,0.1,1112.6,1335.12,337.1515151515151,7.68
0.847,0.568,0.983,4.323,3.979,0.703,0.4,0.4,0.1,0.1,730.3,876.3599999999999,221.3030303030303,17.295
1.118,1.472,1.41,0.991,4.356,3.814,0.4,0.4,0.1,0.1,956.2,1147.44,289.7575757575758,13.229999999999997
0.733,0.692,0.185,4.157,0.071,3.275,0.4,0.4,0.1,0.1,685.7,822.84,207.7878787878788,19.005000000000003
0.636,1.382,1.229,3.751,1.051,2.28,0.4,0.4,0.1,0.1,706.2,847.44,214.00000000000003,20.46
0.743,1.1,1.379,3.763,2.44,1.184,0.4,0.4,0.1,0.1,731.5,877.8,221.66666666666669,18.855
0.119,1.481,1.496,0.59,1.586,2.18,0.4,0.4,0.1,0.1,457.6,549.12,138.66666666666669,28.215
0.113,1.446,0.87,3.55,1.854,0.49,0.4,0.4,0.1,0.1,451.1,541.32,136.69696969696972,28.305
0.197,0.659,1.255,2.826,4.224,0.748,0.4,0.4,0.1,0.1,414.4,497.28,125.57575757575758,27.045
1.312,0.23,0.974,4.026,4.626,2.476,0.4,0.4,0.1,0.1,929.0,1114.8,281.51515151515156,10.32
1.229,0.778,0.871,3.711,3.764,3.992,0.4,0.4,0.1,0.1,942.3,1130.76,285.54545454545456,11.564999999999998
1.047,1.01,0.692,1.391,4.075,4.823,0.4,0.4,0.1,0.1,874.5,1049.3999999999999,265.0,14.295000000000002
1.32,0.376,1.494,3.724,3.14,1.567,0.4,0.4,0.1,0.1,947.6,1137.12,287.1515151515152,10.2
1.278,0.952,0.175,2.082,2.989,4.822,0.4,0.4,0.1,0.1,984.2,1181.04,298.24242424242425,10.829999999999998
0.789,0.721,0.682,2.781,0.033,3.768,0.4,0.4,0.1,0.1,716.6,859.92,217.15151515151518,18.165
1.14,1.466,0.608,4.277,1.629,2.742,0.4,0.4,0.1,0.1,966.6,1159.92,292.90909090909093,12.900000000000002
1.391,0.639,1.079,1.822,2.393,1.951,0.4,0.4,0.1,0.1,1009.4,1211.28,305.8787878787879,9.134999999999998
1.168,0.171,0.244,0.657,1.197,2.147,0.4,0.4,0.1,0.1,851.1,1021.3199999999999,257.90909090909093,12.48
0.672,0.484,0.16,1.645,2.656,3.128,0.4,0.4,0.1,0.1,634.4,761.28,192.24242424242425,19.92
0.168,0.607,1.456,1.895,2.599,3.051,0.4,0.4,0.1,0.1,394.7,473.64,119.60606060606061,27.48
0.622,0.65,0.379,2.381,4.7,2.14,0.4,0.4,0.1,0.1,626.0,751.1999999999999,189.69696969696972,20.67
1.199,0.496,0.298,2.09,3.173,1.967,0.4,0.4,0.1,0.1,899.1,1078.92,272.4545454545455,12.015
0.989,0.348,0.387,3.342,2.835,0.904,0.4,0.4,0.1,0.1,779.3,935.1599999999999,236.15151515151516,15.165000000000001
1.064,0.78,0.167,0.575,0.585,0.034,0.4,0.4,0.1,0.1,860.0,1032.0,260.6060606060606,14.04
0.782,0.289,0.228,2.961,4.442,3.203,0.4,0.4,0.1,0.1,669.9,803.88,203.0,18.27
1.242,0.576,1.226,0.831,0.339,1.13,0.4,0.4,0.1,0.1,928.6,1114.32,281.39393939393943,11.370000000000001
1.002,0.222,0.709,2.306,4.871,0.087,0.4,0.4,0.1,0.1,773.2,927.84,234.30303030303034,14.97
1.298,1.12,0.8,0.921,0.155,3.608,0.4,0.4,0.1,0.1,1011.0,1213.2,306.3636363636364,10.530000000000001
0.891,0.966,0.744,3.814,3.689,2.941,0.4,0.4,0.1,0.1,792.1,950.52,240.03030303030306,16.634999999999998
0.39,1.279,0.977,0.826,0.592,1.456,0.4,0.4,0.1,0.1,572.9,687.4799999999999,173.6060606060606,24.15
1.327,0.988,1.065,0.942,3.134,1.515,0.4,0.4,0.1,0.1,1012.3,1214.76,306.75757575757575,10.094999999999999
1.35,1.409,1.112,3.464,3.204,4.339,0.4,0.4,0.1,0.1,1065.9,1279.0800000000002,323.00000000000006,9.75
0.545,0.788,1.339,1.156,2.229,0.046,0.4,0.4,0.1,0.1,601.3,721.56,182.21212121212122,21.825
0.866,0.833,0.548,0.005,3.263,3.092,0.4,0.4,0.1,0.1,766.3,919.56,232.21212121212122,17.009999999999998
1.468,0.146,0.372,3.134,4.343,0.019,0.4,0.4,0.1,0.1,998.6,1198.32,302.6060606060606,7.98
1.437,0.993,0.577,1.869,4.992,0.006,0.4,0.4,0.1,0.1,1067.8,1281.36,323.57575757575756,8.445
0.698,1.291,1.016,3.624,0.368,4.545,0.4,0.4,0.1,0.1,728.1,873.72,220.63636363636365,19.53
1.463,0.422,1.053,2.151,2.938,4.515,0.4,0.4,0.1,0.1,1023.7,1228.44,310.21212121212125,8.055
0.381,1.475,0.216,4.101,1.912,0.591,0.4,0.4,0.1,0.1,588.0,705.6,178.1818181818182,24.285
1.124,0.155,0.999,2.943,1.576,4.278,0.4,0.4,0.1,0.1,827.5,993.0,250.75757575757578,13.139999999999997
1.097,0.998,0.398,4.706,3.234,4.111,0.4,0.4,0.1,0.1,898.3,1077.9599999999998,272.2121212121212,13.545000000000002
0.649,0.449,0.495,2.961,3.917,4.155,0.4,0.4,0.1,0.1,619.4,743.28,187.6969696969697,20.265
1.106,0.809,1.162,1.172,4.247,3.676,0.4,0.4,0.1,0.1,883.9,1060.6799999999998,267.8484848484849,13.41
0.598,1.234,0.714,4.532,3.692,4.298,0.4,0.4,0.1,0.1,672.4,806.88,203.75757575757575,21.03
1.457,0.302,1.056,4.011,2.283,0.479,0.4,0.4,0.1,0.1,1008.7,1210.44,305.6666666666667,8.145
0.807,1.228,0.993,2.445,2.375,0.799,0.4,0.4,0.1,0.1,776.3,931.56,235.24242424242425,17.895
1.434,1.188,0.723,1.063,4.516,1.216,0.4,0.4,0.1,0.1,1085.8,1302.9599999999998,329.03030303030306,8.490000000000002
0.462,0.27,1.451,4.961,1.297,4.397,0.4,0.4,0.1,0.1,508.0,609.6,153.93939393939394,23.07
0.706,0.741,0.924,1.987,1.582,4.083,0.4,0.4,0.1,0.1,677.1,812.52,205.1818181818182,19.41
0.519,0.871,0.727,4.294,3.909,3.174,0.4,0.4,0.1,0.1,596.6,715.92,180.7878787878788,22.215
0.722,0.893,0.398,1.454,4.283,3.517,0.4,0.4,0.1,0.1,700.3,840.3599999999999,212.21212121212122,19.17
0.159,1.459,1.279,2.515,3.716,2.409,0.4,0.4,0.1,0.1,475.4,570.4799999999999,144.06060606060606,27.615
0.729,0.536,0.632,0.507,0.071,1.316,0.4,0.4,0.1,0.1,668.1,801.72,202.45454545454547,19.064999999999998
0.597,0.649,1.151,0.425,3.838,4.595,0.4,0.4,0.1,0.1,613.4,736.0799999999999,185.87878787878788,21.045
1.391,0.633,1.13,4.436,3.053,0.377,0.4,0.4,0.1,0.1,1008.8,1210.56,305.6969696969697,9.134999999999998
0.951,1.207,0.836,3.215,1.719,4.23,0.4,0.4,0.1,0.1,846.2,1015.44,256.42424242424244,15.735000000000001
1.273,0.94,0.503,4.385,2.615,4.448,0.4,0.4,0.1,0.1,980.5,1176.6,297.1212121212121,10.905000000000001
0.826,0.433,0.217,1.372,0.436,3.363,0.4,0.4,0.1,0.1,706.3,847.56,214.03030303030303,17.61
1.068,1.344,1.206,4.73,3.544,4.991,0.4,0.4,0.1,0.1,918.4,1102.08,278.3030303030303,13.98
0.707,1.133,1.34,3.028,0.672,4.498,0.4,0.4,0.1,0.1,716.8,860.16,217.21212121212122,19.395000000000003
1.382,1.169,1.012,3.814,4.725,0.557,0.4,0.4,0.1,0.1,1057.9,1269.48,320.5757575757576,9.270000000000003
0.954,0.974,1.102,1.36,4.025,4.755,0.4,0.4,0.1,0.1,824.4,989.28,249.8181818181818,15.690000000000001
1.217,0.798,1.008,3.144,0.095,2.539,0.4,0.4,0.1,0.1,938.3,1125.9599999999998,284.3333333333333,11.744999999999997
0.168,1.124,1.254,0.56,2.573,4.788,0.4,0.4,0.1,0.1,446.4,535.68,135.27272727272728,27.48
0.716,0.592,0.968,2.239,2.857,1.737,0.4,0.4,0.1,0.1,667.2,800.64,202.18181818181822,19.259999999999998
0.375,1.063,0.254,3.824,3.532,2.555,0.4,0.4,0.1,0.1,543.8,652.56,164.78787878787878,24.375
0.822,1.183,0.953,3.738,2.45,0.948,0.4,0.4,0.1,0.1,779.3,935.1599999999999,236.15151515151516,17.67
0.973,0.629,0.68,4.031,4.792,4.156,0.4,0.4,0.1,0.1,799.4,959.28,242.24242424242425,15.405000000000001
0.278,0.277,1.058,0.469,3.417,1.049,0.4,0.4,0.1,0.1,416.7,500.03999999999996,126.27272727272728,25.83
1.054,1.017,1.007,3.826,0.043,4.78,0.4,0.4,0.1,0.1,878.7,1054.44,266.2727272727273,14.19
0.653,0.32,1.475,2.974,0.432,3.178,0.4,0.4,0.1,0.1,608.5,730.1999999999999,184.3939393939394,20.205
0.798,1.135,0.622,2.378,1.462,2.638,0.4,0.4,0.1,0.1,762.5,915.0,231.06060606060606,18.03
0.208,0.922,1.358,1.822,0.17,2.383,0.4,0.4,0.1,0.1,446.2,535.4399999999999,135.21212121212122,26.88
0.476,0.697,0.973,2.37,3.814,4.952,0.4,0.4,0.1,0.1,557.7,669.24,169.00000000000003,22.86
0.337,1.086,1.489,3.146,4.959,2.596,0.4,0.4,0.1,0.1,527.1,632.52,159.72727272727275,24.945
0.812,0.283,0.947,2.741,1.466,2.643,0.4,0.4,0.1,0.1,684.3,821.16,207.36363636363637,17.82
1.295,0.314,0.373,2.08,3.725,1.344,0.4,0.4,0.1,0.1,928.9,1114.6799999999998,281.4848484848485,10.575000000000003
0.657,0.565,1.08,0.544,1.995,3.025,0.4,0.4,0.1,0.1,635.0,762.0,192.42424242424244,20.145
0.28,0.76,1.167,2.4,2.936,1.947,0.4,0.4,0.1,0.1,466.0,559.1999999999999,141.21212121212122,25.8
1.146,0.493,0.806,1.177,4.606,0.679,0.4,0.4,0.1,0.1,872.3,1046.76,264.3333333333333,12.810000000000002
0.778,0.13,1.058,1.516,4.802,2.684,0.4,0.4,0.1,0.1,652.0,782.4,197.5757575757576,18.33
1.05,1.413,0.121,4.544,4.108,4.889,0.4,0.4,0.1,0.1,916.3,1099.56,277.6666666666667,14.25
0.461,1.11,1.385,0.883,0.213,0.969,0.4,0.4,0.1,0.1,591.5,709.8,179.24242424242425,23.085
0.416,0.365,1.044,1.603,2.693,3.691,0.4,0.4,0.1,0.1,494.5,593.4,149.84848484848484,23.76
0.281,0.347,1.22,2.991,2.919,4.417,0.4,0.4,0.1,0.1,425.2,510.23999999999995,128.84848484848484,25.785
0.846,1.465,0.715,3.675,4.221,2.159,0.4,0.4,0.1,0.1,819.5,983.4,248.33333333333334,17.310000000000002
0.493,0.259,0.841,2.618,4.426,3.117,0.4,0.4,0.1,0.1,522.4,626.88,158.3030303030303,22.605
0.401,1.126,0.71,3.973,2.742,1.03,0.4,0.4,0.1,0.1,563.1,675.72,170.63636363636365,23.985
0.681,1.415,1.238,2.435,1.443,3.698,0.4,0.4,0.1,0.1,732.0,878.4,221.81818181818184,19.785
1.494,1.404,0.535,0.495,2.653,2.162,0.4,0.4,0.1,0.1,1137.4,1364.88,344.6666666666667,7.59
0.668,0.402,0.881,1.771,4.59,1.502,0.4,0.4,0.1,0.1,624.2,749.0400000000001,189.15151515151518,19.979999999999997
1.133,0.726,1.357,2.481,3.567,3.142,0.4,0.4,0.1,0.1,889.1,1066.92,269.42424242424244,13.004999999999999
0.856,1.333,0.452,1.611,0.41,2.66,0.4,0.4,0.1,0.1,811.3,973.56,245.84848484848484,17.16
0.245,1.333,0.47,1.329,3.284,4.063,0.4,0.4,0.1,0.1,505.79999999999995,606.9599999999999,153.27272727272728,26.325
0.707,0.156,1.495,4.465,0.712,0.372,0.4,0.4,0.1,0.1,619.1,742.92,187.60606060606062,19.395000000000003
1.007,1.194,1.35,2.174,0.054,1.194,0.4,0.4,0.1,0.1,872.9,1047.48,264.5151515151515,14.895000000000001
1.165,0.231,1.266,2.613,1.505,2.971,0.4,0.4,0.1,0.1,855.6,1026.72,259.2727272727273,12.524999999999999
0.474,0.281,1.04,2.79,1.886,0.465,0.4,0.4,0.1,0.1,515.1,618.12,156.0909090909091,22.89
0.622,0.577,0.903,3.28,4.046,3.294,0.4,0.4,0.1,0.1,618.7,742.44,187.4848484848485,20.67
0.609,0.619,0.515,0.509,0.245,0.604,0.4,0.4,0.1,0.1,616.4,739.68,186.78787878787878,20.865000000000002
0.394,0.267,1.211,4.374,4.978,1.874,0.4,0.4,0.1,0.1,473.7,568.4399999999999,143.54545454545456,24.09
0.207,0.252,0.964,3.589,3.042,0.309,0.4,0.4,0.1,0.1,378.7,454.44,114.75757575757576,26.895
0.224,0.369,0.552,4.753,3.916,2.209,0.4,0.4,0.1,0.1,398.9,478.67999999999995,120.87878787878788,26.64
0.764,1.037,0.974,4.673,2.365,1.804,0.4,0.4,0.1,0.1,735.7,882.84,222.93939393939397,18.54
0.573,0.479,0.384,2.782,0.841,1.368,0.4,0.4,0.1,0.1,584.4,701.28,177.0909090909091,21.405
0.486,1.202,0.909,0.119,4.676,4.74,0.4,0.4,0.1,0.1,613.2,735.84,185.81818181818184,22.71
1.468,0.405,0.416,4.43,2.063,3.997,0.4,0.4,0.1,0.1,1024.5,1229.3999999999999,310.4545454545455,7.98
0.501,0.1,1.255,3.072,1.292,2.672,0.4,0.4,0.1,0.1,510.5,612.6,154.69696969696972,22.485
0.204,1.427,1.283,4.279,0.593,2.867,0.4,0.4,0.1,0.1,494.70000000000005,593.64,149.90909090909093,26.94
0.343,0.553,0.592,3.116,2.76,3.977,0.4,0.4,0.1,0.1,476.8,572.16,144.4848484848485,24.855
0.236,1.169,1.426,2.835,1.939,2.787,0.4,0.4,0.1,0.1,484.9,581.88,146.93939393939394,26.46
0.826,1.137,0.421,0.704,2.777,4.85,0.4,0.4,0.1,0.1,776.7,932.04,235.3636363636364,17.61
0.344,0.141,1.39,4.123,0.209,2.112,0.4,0.4,0.1,0.1,436.1,523.32,132.15151515151516,24.84
0.606,1.26,0.8,3.6,4.439,0.675,0.4,0.4,0.1,0.1,679.0,814.8,205.75757575757578,20.91
1.097,0.965,0.278,0.636,2.171,3.395,0.4,0.4,0.1,0.1,895.0,1074.0,271.21212121212125,13.545000000000002
1.39,0.303,1.091,1.919,2.534,4.976,0.4,0.4,0.1,0.1,975.3,1170.36,295.54545454545456,9.150000000000002
0.177,0.574,1.478,4.96,0.985,0.514,0.4,0.4,0.1,0.1,395.9,475.0799999999999,119.96969696969697,27.345
1.065,0.852,1.352,0.945,2.538,3.617,0.4,0.4,0.1,0.1,867.7,1041.24,262.939393939394,14.025
1.452,0.281,0.62,0.644,4.78,2.161,0.4,0.4,0.1,0.1,1004.1,1204.92,304.2727272727273,8.219999999999999
0.847,0.119,0.328,1.617,3.152,4.329,0.4,0.4,0.1,0.1,685.4,822.4799999999999,207.6969696969697,17.295
0.588,0.393,0.668,0.802,3.802,4.682,0.4,0.4,0.1,0.1,583.3,699.9599999999999,176.75757575757575,21.18
0.711,0.421,1.192,4.867,4.446,0.432,0.4,0.4,0.1,0.1,647.6,777.12,196.24242424242425,19.335
1.411,0.488,1.464,0.606,3.385,4.003,0.4,0.4,0.1,0.1,1004.3,1205.1599999999999,304.3333333333333,8.835
0.541,0.243,0.19,1.984,2.108,0.479,0.4,0.4,0.1,0.1,544.8,653.7599999999999,165.0909090909091,21.884999999999998
0.903,0.393,1.03,0.472,3.144,2.942,0.4,0.4,0.1,0.1,740.8,888.9599999999999,224.48484848484847,16.455
1.325,0.864,1.178,4.235,0.013,3.913,0.4,0.4,0.1,0.1,998.9,1198.6799999999998,302.6969696969697,10.125
1.361,0.526,0.293,4.367,3.689,1.901,0.4,0.4,0.1,0.1,983.1,1179.72,297.90909090909093,9.585
1.444,0.873,1.18,3.707,2.961,1.911,0.4,0.4,0.1,0.1,1059.3,1271.1599999999999,321.0,8.34
0.147,0.901,0.306,0.49,0.064,1.561,0.4,0.4,0.1,0.1,413.6,496.32,125.33333333333334,27.795
0.432,1.411,0.502,0.198,4.317,3.249,0.4,0.4,0.1,0.1,607.1,728.52,183.969696969697,23.52
0.686,0.934,0.124,1.212,3.315,4.808,0.4,0.4,0.1,0.1,686.4,823.68,208.0,19.71
0.997,0.744,0.166,2.153,0.09,1.326,0.4,0.4,0.1,0.1,822.9,987.4799999999999,249.36363636363637,15.045
0.239,1.294,1.403,2.564,3.927,2.056,0.4,0.4,0.1,0.1,498.9,598.68,151.1818181818182,26.415
0.965,0.434,0.845,2.927,1.226,1.258,0.4,0.4,0.1,0.1,775.9,931.0799999999999,235.12121212121212,15.525
0.454,1.376,1.008,2.498,1.713,0.463,0.4,0.4,0.1,0.1,614.6,737.52,186.24242424242425,23.189999999999998
0.468,0.593,1.391,3.937,0.677,1.406,0.4,0.4,0.1,0.1,543.3,651.9599999999999,164.63636363636363,22.98
0.944,1.439,0.195,1.329,3.963,4.716,0.4,0.4,0.1,0.1,865.9,1039.08,262.3939393939394,15.84
0.2,0.888,0.579,2.71,3.493,1.138,0.4,0.4,0.1,0.1,438.8,526.56,132.96969696969697,27.0
1.003,0.565,0.319,1.799,1.78,1.509,0.4,0.4,0.1,0.1,808.0,969.5999999999999,244.84848484848487,14.955000000000002
0.931,0.247,1.375,4.676,0.091,4.716,0.4,0.4,0.1,0.1,740.2,888.24,224.30303030303034,16.035
1.488,1.016,0.675,3.156,1.28,2.101,0.4,0.4,0.1,0.1,1095.6,1314.7199999999998,332.0,7.68
0.728,0.791,1.097,4.502,3.006,3.004,0.4,0.4,0.1,0.1,693.1,831.72,210.03030303030306,19.08
0.338,0.177,0.5,2.036,2.567,4.612,0.4,0.4,0.1,0.1,436.7,524.04,132.33333333333334,24.93
1.282,0.36,0.748,1.264,3.232,2.743,0.4,0.4,0.1,0.1,927.0,1112.3999999999999,280.90909090909093,10.77
1.448,1.214,1.433,4.305,3.057,4.43,0.4,0.4,0.1,0.1,1095.4,1314.48,331.939393939394,8.280000000000001
1.349,1.156,1.186,0.765,3.293,3.222,0.4,0.4,0.1,0.1,1040.1,1248.12,315.1818181818182,9.765
0.125,1.373,0.515,3.833,2.127,0.299,0.4,0.4,0.1,0.1,449.8,539.76,136.3030303030303,28.125
0.359,0.151,1.283,0.116,4.765,0.023,0.4,0.4,0.1,0.1,444.6,533.52,134.72727272727275,24.615000000000002
0.157,0.947,1.231,4.62,1.806,0.188,0.4,0.4,0.1,0.1,423.2,507.84,128.24242424242425,27.645
1.242,0.438,1.458,1.76,4.226,2.354,0.4,0.4,0.1,0.1,914.8,1097.76,277.2121212121212,11.370000000000001
1.463,0.102,1.032,0.932,0.936,1.508,0.4,0.4,0.1,0.1,991.7,1190.04,300.51515151515156,8.055
1.394,0.614,0.806,0.221,4.272,1.397,0.4,0.4,0.1,0.1,1008.4,1210.08,305.57575757575756,9.09
0.13,1.318,0.477,0.299,3.266,3.036,0.4,0.4,0.1,0.1,446.8,536.16,135.3939393939394,28.05
0.283,1.035,1.216,4.204,3.514,1.005,0.4,0.4,0.1,0.1,495.0,594.0,150.0,25.755000000000003
1.39,1.031,0.341,4.242,4.823,3.992,0.4,0.4,0.1,0.1,1048.1,1257.7199999999998,317.6060606060606,9.150000000000002
1.463,1.318,1.451,2.61,1.233,1.804,0.4,0.4,0.1,0.1,1113.3,1335.9599999999998,337.3636363636364,8.055
0.219,0.933,0.319,2.723,2.395,4.964,0.4,0.4,0.1,0.1,452.8,543.36,137.21212121212122,26.715
0.583,1.099,0.718,1.786,4.191,2.953,0.4,0.4,0.1,0.1,651.4,781.68,197.3939393939394,21.255000000000003
0.295,0.161,1.48,1.872,0.774,0.712,0.4,0.4,0.1,0.1,413.6,496.32,125.33333333333334,25.575
1.043,0.711,0.216,1.0,0.585,4.247,0.4,0.4,0.1,0.1,842.6,1011.12,255.33333333333334,14.355
0.603,0.181,0.913,2.956,3.139,0.875,0.4,0.4,0.1,0.1,569.6,683.52,172.60606060606062,20.955
1.185,0.342,1.233,2.502,2.38,2.282,0.4,0.4,0.1,0.1,876.7,1052.04,265.6666666666667,12.224999999999998
1.141,0.47,0.634,4.378,2.979,0.906,0.4,0.4,0.1,0.1,867.5,1041.0,262.8787878787879,12.884999999999998
0.951,0.406,0.175,3.573,4.169,4.563,0.4,0.4,0.1,0.1,766.1,919.32,232.15151515151518,15.735000000000001
0.155,0.542,1.085,2.082,1.195,1.792,0.4,0.4,0.1,0.1,381.7,458.03999999999996,115.66666666666667,27.675
0.109,0.408,1.139,0.926,1.125,2.675,0.4,0.4,0.1,0.1,345.3,414.36,104.63636363636364,28.365
0.354,0.455,0.388,4.284,2.798,2.433,0.4,0.4,0.1,0.1,472.5,567.0,143.1818181818182,24.69
0.897,1.235,0.963,1.403,3.49,2.218,0.4,0.4,0.1,0.1,822.0,986.4,249.0909090909091,16.545
1.065,1.091,0.693,3.982,0.277,2.815,0.4,0.4,0.1,0.1,891.6,1069.92,270.1818181818182,14.025
1.226,0.248,0.409,0.888,1.437,2.897,0.4,0.4,0.1,0.1,887.8,1065.36,269.030303030303,11.61
1.259,0.527,1.388,4.165,4.277,3.908,0.4,0.4,0.1,0.1,932.2,1118.64,282.4848484848485,11.115000000000002
0.58,0.61,0.873,3.122,4.412,4.414,0.4,0.4,0.1,0.1,601.0,721.1999999999999,182.12121212121212,21.3
1.411,0.109,0.665,4.482,4.808,4.454,0.4,0.4,0.1,0.1,966.4,1159.6799999999998,292.8484848484849,8.835
0.81,1.105,0.705,1.786,3.96,2.838,0.4,0.4,0.1,0.1,765.5,918.6,231.96969696969697,17.85
1.367,0.258,0.939,0.034,4.928,4.062,0.4,0.4,0.1,0.1,959.3,1151.1599999999999,290.6969696969697,9.495000000000001
1.083,0.544,0.228,3.402,4.893,0.165,0.4,0.4,0.1,0.1,845.9,1015.0799999999999,256.3333333333333,13.754999999999999
0.237,0.387,0.966,3.851,4.071,3.95,0.4,0.4,0.1,0.1,407.2,488.64,123.39393939393939,26.445
0.142,1.413,0.517,4.423,2.845,3.579,0.4,0.4,0.1,0.1,462.3,554.76,140.0909090909091,27.87
1.423,1.086,0.806,0.061,2.88,4.048,0.4,0.4,0.1,0.1,1070.1,1284.12,324.27272727272725,8.655000000000001
0.835,0.693,1.029,0.009,1.363,1.98,0.4,0.4,0.1,0.1,736.8,884.16,223.27272727272728,17.475
0.732,0.131,0.101,0.511,0.977,1.195,0.4,0.4,0.1,0.1,629.1,754.92,190.63636363636365,19.02
1.028,0.767,1.318,1.043,1.433,3.689,0.4,0.4,0.1,0.1,840.7,1008.84,254.75757575757578,14.58
0.147,1.333,0.719,2.224,4.231,4.969,0.4,0.4,0.1,0.1,456.79999999999995,548.16,138.4242424242424,27.795
0.755,1.36,0.464,3.818,0.004,0.117,0.4,0.4,0.1,0.1,763.5,916.1999999999999,231.36363636363637,18.675
1.232,0.278,0.594,1.484,4.419,3.138,0.4,0.4,0.1,0.1,893.8,1072.56,270.8484848484849,11.52
0.275,1.235,1.17,2.522,3.942,2.755,0.4,0.4,0.1,0.1,511.0,613.1999999999999,154.84848484848484,25.875
0.219,0.443,1.267,0.187,1.428,3.13,0.4,0.4,0.1,0.1,403.8,484.56,122.36363636363637,26.715
0.59,1.3,1.405,0.466,3.186,2.539,0.4,0.4,0.1,0.1,675.0,810.0,204.54545454545456,21.15
0.513,0.522,0.309,3.218,3.542,4.612,0.4,0.4,0.1,0.1,558.7,670.44,169.30303030303034,22.305
1.075,1.255,0.376,2.579,0.094,2.492,0.4,0.4,0.1,0.1,913.0,1095.6,276.6666666666667,13.875
1.262,0.432,1.236,3.024,1.976,4.694,0.4,0.4,0.1,0.1,924.2,1109.04,280.06060606060606,11.07
0.637,1.339,0.545,0.254,0.96,4.985,0.4,0.4,0.1,0.1,702.4,842.88,212.84848484848484,20.445
1.336,1.174,0.987,1.979,2.445,3.831,0.4,0.4,0.1,0.1,1035.4,1242.48,313.7575757575758,9.959999999999997
1.345,0.291,0.691,4.685,4.612,2.641,0.4,0.4,0.1,0.1,951.6,1141.92,288.3636363636364,9.825
1.408,0.674,1.372,3.867,3.859,4.133,0.4,0.4,0.1,0.1,1021.4,1225.6799999999998,309.5151515151515,8.880000000000003
1.1,0.288,0.178,0.207,4.583,0.979,0.4,0.4,0.1,0.1,828.8,994.56,251.15151515151516,13.5
1.087,1.168,1.231,1.969,0.334,4.627,0.4,0.4,0.1,0.1,910.3,1092.36,275.8484848484849,13.695
0.862,1.172,1.485,4.586,1.788,0.81,0.4,0.4,0.1,0.1,798.2,957.84,241.8787878787879,17.07
1.232,0.687,1.012,4.338,0.371,1.882,0.4,0.4,0.1,0.1,934.7,1121.64,283.24242424242425,11.52
0.416,0.685,0.37,4.921,4.301,1.4,0.4,0.4,0.1,0.1,526.5,631.8,159.54545454545456,23.76
0.56,1.481,1.481,2.958,3.126,3.909,0.4,0.4,0.1,0.1,678.1,813.72,205.4848484848485,21.6
1.498,0.731,0.116,1.663,0.337,3.494,0.4,0.4,0.1,0.1,1072.1,1286.5199999999998,324.8787878787879,7.530000000000001
1.267,0.201,0.479,2.534,1.779,3.325,0.4,0.4,0.1,0.1,903.6,1084.32,273.8181818181818,10.995000000000001
0.22,0.172,0.647,3.555,1.557,4.119,0.4,0.4,0.1,0.1,377.2,452.64,114.30303030303031,26.7
0.888,1.135,0.914,3.897,0.795,4.405,0.4,0.4,0.1,0.1,807.5,969.0,244.69696969696972,16.68
1.007,1.201,0.529,2.475,2.314,3.841,0.4,0.4,0.1,0.1,873.6,1048.32,264.72727272727275,14.895000000000001
0.551,0.331,0.615,3.679,0.698,4.717,0.4,0.4,0.1,0.1,558.6,670.32,169.27272727272728,21.735
0.754,1.3,0.257,4.859,0.086,3.857,0.4,0.4,0.1,0.1,757.0,908.4,229.3939393939394,18.689999999999998
1.131,1.156,1.02,1.102,3.688,1.504,0.4,0.4,0.1,0.1,931.1,1117.32,282.1515151515152,13.035
0.822,0.439,1.146,2.841,1.278,1.538,0.4,0.4,0.1,0.1,704.9,845.88,213.60606060606062,17.67
0.897,0.241,1.119,1.877,3.504,1.471,0.4,0.4,0.1,0.1,722.6,867.12,218.969696969697,16.545
0.3,0.58,0.627,4.992,3.424,1.825,0.4,0.4,0.1,0.1,458.0,549.6,138.78787878787878,25.5
1.036,0.993,0.237,0.495,0.721,0.646,0.4,0.4,0.1,0.1,867.3,1040.76,262.8181818181818,14.459999999999999
0.852,1.078,0.268,4.666,2.935,2.032,0.4,0.4,0.1,0.1,783.8,940.56,237.5151515151515,17.22
0.549,0.964,0.18,4.893,0.948,1.335,0.4,0.4,0.1,0.1,620.9,745.0799999999999,188.15151515151516,21.765
0.133,0.334,0.573,1.983,0.806,0.155,0.4,0.4,0.1,0.1,349.9,419.87999999999994,106.03030303030303,28.005
1.178,1.351,0.351,1.184,0.817,3.024,0.4,0.4,0.1,0.1,974.1,1168.92,295.1818181818182,12.330000000000002
0.828,0.272,0.778,4.346,0.355,0.579,0.4,0.4,0.1,0.1,691.2,829.44,209.45454545454547,17.58
1.217,1.189,1.465,4.295,2.294,3.447,0.4,0.4,0.1,0.1,977.4,1172.8799999999999,296.1818181818182,11.744999999999997
1.128,0.299,0.25,3.242,4.309,1.437,0.4,0.4,0.1,0.1,843.9,1012.68,255.72727272727275,13.080000000000002
0.624,0.306,1.274,3.328,0.445,4.954,0.4,0.4,0.1,0.1,592.6,711.12,179.5757575757576,20.64
0.624,0.766,0.27,4.693,4.997,0.982,0.4,0.4,0.1,0.1,638.6,766.32,193.51515151515153,20.64
0.284,1.293,1.112,0.552,3.568,2.796,0.4,0.4,0.1,0.1,521.3,625.56,157.96969696969697,25.740000000000002
1.297,0.898,0.601,1.414,2.265,4.641,0.4,0.4,0.1,0.1,988.3,1185.9599999999998,299.4848484848485,10.545000000000002
1.446,0.715,0.252,1.144,3.71,3.26,0.4,0.4,0.1,0.1,1044.5,1253.3999999999999,316.51515151515156,8.310000000000002
1.198,1.325,0.759,0.382,1.715,0.844,0.4,0.4,0.1,0.1,981.5,1177.8,297.42424242424244,12.030000000000001
1.188,0.826,1.054,1.925,2.013,1.046,0.4,0.4,0.1,0.1,926.6,1111.92,280.7878787878788,12.18
0.375,0.338,0.263,0.482,2.884,3.832,0.4,0.4,0.1,0.1,471.3,565.56,142.81818181818184,24.375
1.381,1.481,1.222,0.883,0.601,2.369,0.4,0.4,0.1,0.1,1088.6,1306.32,329.8787878787879,9.285
1.285,0.709,1.011,4.178,4.282,2.278,0.4,0.4,0.1,0.1,963.4,1156.08,291.93939393939394,10.725000000000001
0.678,0.193,0.367,4.745,1.015,4.677,0.4,0.4,0.1,0.1,608.3,729.9599999999999,184.33333333333334,19.83
1.217,0.185,1.382,0.691,4.272,4.619,0.4,0.4,0.1,0.1,877.0,1052.3999999999999,265.75757575757575,11.744999999999997
1.299,0.236,0.267,0.368,0.962,2.385,0.4,0.4,0.1,0.1,923.1,1107.72,279.72727272727275,10.515
1.112,0.793,0.912,4.431,1.344,1.541,0.4,0.4,0.1,0.1,885.3,1062.36,268.27272727272725,13.32
0.839,1.107,0.122,1.09,1.216,3.687,0.4,0.4,0.1,0.1,780.2,936.24,236.42424242424246,17.415
0.283,1.419,0.164,2.555,1.98,3.617,0.4,0.4,0.1,0.1,533.4,640.0799999999999,161.63636363636363,25.755000000000003
0.308,0.272,1.026,4.728,1.692,3.348,0.4,0.4,0.1,0.1,431.2,517.4399999999999,130.66666666666666,25.38
1.451,0.237,1.271,4.898,2.8,4.932,0.4,0.4,0.1,0.1,999.2,1199.04,302.7878787878788,8.235
0.201,0.636,1.395,1.494,0.36,0.428,0.4,0.4,0.1,0.1,414.1,496.92,125.4848484848485,26.985
1.127,0.35,1.371,1.625,3.408,4.447,0.4,0.4,0.1,0.1,848.5,1018.1999999999999,257.1212121212121,13.094999999999999
1.179,1.021,0.97,4.375,2.719,0.299,0.4,0.4,0.1,0.1,941.6,1129.92,285.33333333333337,12.314999999999998
1.084,0.111,1.157,4.009,2.371,1.788,0.4,0.4,0.1,0.1,803.1,963.72,243.36363636363637,13.739999999999998
1.298,1.111,1.423,2.15,0.175,0.076,0.4,0.4,0.1,0.1,1010.1,1212.12,306.0909090909091,10.530000000000001
1.149,1.075,0.454,2.191,0.909,0.531,0.4,0.4,0.1,0.1,932.0,1118.3999999999999,282.42424242424244,12.765
0.97,0.124,1.396,3.144,0.723,3.643,0.4,0.4,0.1,0.1,747.4,896.88,226.4848484848485,15.450000000000001
1.488,0.949,0.743,0.228,1.015,2.42,0.4,0.4,0.1,0.1,1088.9,1306.68,329.969696969697,7.68
1.202,0.845,0.447,2.967,2.889,2.17,0.4,0.4,0.1,0.1,935.5,1122.6,283.4848484848485,11.969999999999999
0.2,1.471,0.817,1.023,0.622,4.097,0.4,0.4,0.1,0.1,497.1,596.52,150.63636363636365,27.0
0.766,0.378,0.146,4.335,1.208,0.518,0.4,0.4,0.1,0.1,670.8,804.9599999999999,203.27272727272728,18.509999999999998
0.726,0.225,0.738,1.903,0.63,3.594,0.4,0.4,0.1,0.1,635.5,762.6,192.5757575757576,19.11
1.061,0.474,0.879,0.828,2.721,4.669,0.4,0.4,0.1,0.1,827.9,993.4799999999999,250.87878787878788,14.085
0.875,1.358,0.353,3.139,2.1,0.755,0.4,0.4,0.1,0.1,823.3,987.9599999999999,249.4848484848485,16.875
0.706,0.644,0.459,4.413,4.26,2.078,0.4,0.4,0.1,0.1,667.4,800.88,202.24242424242425,19.41
1.492,1.258,0.234,3.156,0.588,1.973,0.4,0.4,0.1,0.1,1121.8,1346.1599999999999,339.93939393939394,7.620000000000001
1.005,0.719,0.276,1.914,2.566,1.41,0.4,0.4,0.1,0.1,824.4,989.28,249.8181818181818,14.925
0.774,1.399,0.865,1.334,2.718,2.517,0.4,0.4,0.1,0.1,776.9,932.28,235.42424242424244,18.39
1.293,0.577,0.217,0.744,1.386,2.899,0.4,0.4,0.1,0.1,954.2,1145.04,289.1515151515152,10.605
0.682,0.841,0.893,3.395,1.962,2.635,0.4,0.4,0.1,0.1,675.1,810.12,204.5757575757576,19.77
0.726,1.476,0.123,0.181,4.004,1.128,0.4,0.4,0.1,0.1,760.6,912.72,230.4848484848485,19.11
0.691,0.791,0.179,0.944,1.535,3.454,0.4,0.4,0.1,0.1,674.6,809.52,204.42424242424244,19.635
0.402,1.451,1.019,1.935,3.124,2.931,0.4,0.4,0.1,0.1,596.1,715.32,180.63636363636365,23.97
1.395,0.805,1.492,1.276,2.265,1.94,0.4,0.4,0.1,0.1,1028.0,1233.6,311.51515151515156,9.075
0.121,0.55,0.121,4.731,2.681,1.53,0.4,0.4,0.1,0.1,365.5,438.59999999999997,110.75757575757576,28.185
0.426,1.145,0.553,1.803,2.587,3.041,0.4,0.4,0.1,0.1,577.5,693.0,175.0,23.61
0.659,1.384,0.657,4.957,0.886,3.769,0.4,0.4,0.1,0.1,717.9,861.4799999999999,217.54545454545456,20.115000000000002
0.215,0.54,1.494,1.766,0.732,2.386,0.4,0.4,0.1,0.1,411.5,493.79999999999995,124.6969696969697,26.775
1.169,0.838,0.323,2.265,2.367,4.477,0.4,0.4,0.1,0.1,918.3,1101.9599999999998,278.27272727272725,12.465
0.566,0.512,0.617,1.237,2.986,2.503,0.4,0.4,0.1,0.1,584.2,701.0400000000001,177.03030303030306,21.51
1.491,0.96,0.69,2.554,4.345,4.08,0.4,0.4,0.1,0.1,1091.5,1309.8,330.75757575757575,7.634999999999998
0.662,0.207,0.926,2.164,0.426,1.774,0.4,0.4,0.1,0.1,601.7,722.0400000000001,182.33333333333334,20.07
0.392,1.065,0.965,1.796,4.665,2.658,0.4,0.4,0.1,0.1,552.5,663.0,167.42424242424244,24.12
0.376,0.848,1.222,1.064,4.557,1.22,0.4,0.4,0.1,0.1,522.8,627.3599999999999,158.4242424242424,24.36
0.941,0.16,1.484,1.733,2.437,1.435,0.4,0.4,0.1,0.1,736.5,883.8,223.1818181818182,15.885000000000002
0.587,0.166,0.655,4.311,4.683,3.399,0.4,0.4,0.1,0.1,560.1,672.12,169.72727272727275,21.195
1.022,0.404,0.816,1.862,1.924,1.854,0.4,0.4,0.1,0.1,801.4,961.68,242.84848484848484,14.67
1.298,1.311,0.844,0.408,2.422,1.604,0.4,0.4,0.1,0.1,1030.1,1236.12,312.1515151515151,10.530000000000001
1.091,0.484,1.104,2.75,0.055,3.827,0.4,0.4,0.1,0.1,843.9,1012.68,255.72727272727275,13.635000000000002
1.117,1.368,0.377,3.312,3.091,2.404,0.4,0.4,0.1,0.1,945.3,1134.36,286.45454545454544,13.245000000000001
0.721,0.863,1.011,3.631,0.795,2.39,0.4,0.4,0.1,0.1,696.8,836.16,211.15151515151516,19.185000000000002
0.818,0.542,1.068,2.409,1.613,0.038,0.4,0.4,0.1,0.1,713.2,855.84,216.12121212121215,17.73
0.203,0.537,1.144,1.705,1.222,3.384,0.4,0.4,0.1,0.1,405.2,486.23999999999995,122.7878787878788,26.955
1.306,0.364,1.137,3.734,1.316,0.507,0.4,0.4,0.1,0.1,939.4,1127.28,284.6666666666667,10.41
0.213,0.167,1.158,4.988,4.339,2.092,0.4,0.4,0.1,0.1,373.2,447.84,113.0909090909091,26.805
0.959,0.489,0.148,4.292,4.779,0.11,0.4,0.4,0.1,0.1,778.4,934.0799999999999,235.87878787878788,15.615
0.282,0.974,0.682,1.187,4.519,1.315,0.4,0.4,0.1,0.1,488.4,586.0799999999999,148.0,25.77
0.673,0.11,0.444,1.73,3.458,3.265,0.4,0.4,0.1,0.1,597.5,717.0,181.06060606060606,19.905
0.487,1.012,0.352,3.9,1.455,2.77,0.4,0.4,0.1,0.1,594.7,713.64,180.21212121212125,22.695
0.156,0.245,0.584,4.243,4.588,4.496,0.4,0.4,0.1,0.1,352.5,423.0,106.81818181818183,27.66
1.199,1.258,1.11,0.976,3.105,1.227,0.4,0.4,0.1,0.1,975.3,1170.36,295.54545454545456,12.015
0.832,0.966,0.432,3.006,0.764,0.979,0.4,0.4,0.1,0.1,762.6,915.12,231.09090909090912,17.520000000000003
0.796,0.356,1.295,4.025,0.149,1.098,0.4,0.4,0.1,0.1,683.6,820.32,207.15151515151516,18.06
0.448,0.751,1.378,4.994,0.935,2.457,0.4,0.4,0.1,0.1,549.1,658.92,166.3939393939394,23.28
0.359,0.912,0.978,0.235,1.048,2.548,0.4,0.4,0.1,0.1,520.7,624.84,157.7878787878788,24.615000000000002
0.866,1.178,1.287,3.478,3.73,1.287,0.4,0.4,0.1,0.1,800.8,960.9599999999999,242.66666666666666,17.009999999999998
0.238,0.822,1.09,0.467,1.616,2.446,0.4,0.4,0.1,0.1,451.2,541.4399999999999,136.72727272727272,26.43
0.701,0.675,1.277,0.14,4.826,3.302,0.4,0.4,0.1,0.1,668.0,801.6,202.42424242424244,19.485
0.597,1.047,1.095,0.421,1.69,2.096,0.4,0.4,0.1,0.1,653.2,783.84,197.93939393939397,21.045
1.175,1.373,0.53,0.718,2.851,2.61,0.4,0.4,0.1,0.1,974.8,1169.76,295.3939393939394,12.375
0.555,0.619,1.162,1.184,0.372,4.019,0.4,0.4,0.1,0.1,589.4,707.28,178.6060606060606,21.674999999999997
0.803,0.325,0.376,3.088,1.12,4.687,0.4,0.4,0.1,0.1,684.0,820.8,207.27272727272728,17.955
0.106,1.069,0.253,1.739,0.843,0.727,0.4,0.4,0.1,0.1,409.9,491.87999999999994,124.21212121212122,28.41
0.528,1.115,0.353,1.147,3.028,0.356,0.4,0.4,0.1,0.1,625.5,750.6,189.54545454545456,22.08
0.99,0.939,1.001,1.076,1.823,1.343,0.4,0.4,0.1,0.1,838.9,1006.68,254.21212121212122,15.15
0.328,0.259,0.754,4.409,2.173,2.429,0.4,0.4,0.1,0.1,439.9,527.88,133.3030303030303,25.08
0.95,0.408,0.1,0.902,4.996,1.605,0.4,0.4,0.1,0.1,765.8,918.9599999999999,232.06060606060606,15.75
0.333,0.269,0.794,0.306,3.413,3.139,0.4,0.4,0.1,0.1,443.4,532.0799999999999,134.36363636363637,25.005
0.585,1.347,0.389,4.285,0.104,3.161,0.4,0.4,0.1,0.1,677.2,812.64,205.21212121212125,21.225
1.281,1.105,1.149,4.776,1.631,1.939,0.4,0.4,0.1,0.1,1001.0,1201.2,303.33333333333337,10.785
0.465,0.765,0.557,3.171,2.759,1.135,0.4,0.4,0.1,0.1,559.0,670.8,169.3939393939394,23.025
1.291,0.259,0.935,4.976,3.076,4.416,0.4,0.4,0.1,0.1,921.4,1105.6799999999998,279.21212121212125,10.635000000000002
0.645,1.21,0.43,1.179,1.739,3.666,0.4,0.4,0.1,0.1,693.5,832.1999999999999,210.15151515151516,20.325
1.47,0.26,0.994,1.659,2.44,2.582,0.4,0.4,0.1,0.1,1011.0,1213.2,306.3636363636364,7.949999999999999
0.152,1.437,0.312,0.825,4.723,2.097,0.4,0.4,0.1,0.1,469.70000000000005,563.64,142.33333333333334,27.72
1.14,1.268,0.422,3.229,3.465,3.599,0.4,0.4,0.1,0.1,946.8,1136.1599999999999,286.90909090909093,12.900000000000002
1.268,0.694,1.029,4.773,1.637,0.268,0.4,0.4,0.1,0.1,953.4,1144.08,288.90909090909093,10.98
0.648,0.13,0.128,1.51,4.958,0.852,0.4,0.4,0.1,0.1,587.0,704.4,177.87878787878788,20.28
1.18,1.14,0.529,3.811,2.893,3.34,0.4,0.4,0.1,0.1,954.0,1144.8,289.0909090909091,12.3
0.677,0.142,0.525,2.937,4.776,1.633,0.4,0.4,0.1,0.1,602.7,723.24,182.63636363636365,19.845
1.45,0.969,1.119,3.333,0.481,0.354,0.4,0.4,0.1,0.1,1071.9,1286.28,324.81818181818187,8.25
1.102,1.315,1.311,2.913,0.046,0.933,0.4,0.4,0.1,0.1,932.5,1119.0,282.57575757575756,13.469999999999999
1.165,0.195,1.154,0.527,0.544,3.023,0.4,0.4,0.1,0.1,852.0,1022.4,258.1818181818182,12.524999999999999
0.265,0.841,0.524,3.179,3.701,4.036,0.4,0.4,0.1,0.1,466.6,559.92,141.3939393939394,26.025
1.203,0.555,1.019,4.722,0.578,4.934,0.4,0.4,0.1,0.1,907.0,1088.3999999999999,274.8484848484849,11.954999999999998
1.052,1.265,0.728,2.679,4.213,0.723,0.4,0.4,0.1,0.1,902.5,1083.0,273.4848484848485,14.219999999999999
0.848,1.416,1.35,0.299,0.624,2.224,0.4,0.4,0.1,0.1,815.6,978.72,247.15151515151518,17.28
0.425,0.889,1.43,2.053,4.739,1.177,0.4,0.4,0.1,0.1,551.4,661.68,167.0909090909091,23.625
0.826,0.862,1.071,3.205,3.303,1.427,0.4,0.4,0.1,0.1,749.2,899.0400000000001,227.03030303030306,17.61
1.33,0.974,0.468,3.886,2.22,1.252,0.4,0.4,0.1,0.1,1012.4,1214.8799999999999,306.7878787878788,10.049999999999997
1.46,0.985,0.279,3.431,0.875,3.551,0.4,0.4,0.1,0.1,1078.5,1294.2,326.8181818181818,8.100000000000001
1.255,1.317,1.283,2.298,4.338,2.084,0.4,0.4,0.1,0.1,1009.2,1211.04,305.81818181818187,11.175
0.855,1.216,1.327,4.954,2.461,1.364,0.4,0.4,0.1,0.1,799.1,958.92,242.15151515151518,17.175
0.729,1.298,1.475,2.187,3.862,2.564,0.4,0.4,0.1,0.1,744.3,893.16,225.54545454545453,19.064999999999998
0.145,0.572,0.743,4.73,4.821,3.186,0.4,0.4,0.1,0.1,379.7,455.64,115.06060606060606,27.825
1.323,1.122,1.031,4.133,2.593,2.635,0.4,0.4,0.1,0.1,1023.7,1228.44,310.21212121212125,10.155000000000001
1.114,0.223,1.143,0.56,1.365,3.185,0.4,0.4,0.1,0.1,829.3,995.1599999999999,251.3030303030303,13.29
0.46,0.463,0.574,0.171,4.508,4.605,0.4,0.4,0.1,0.1,526.3,631.56,159.48484848484847,23.1
1.26,0.617,1.399,1.606,0.517,1.227,0.4,0.4,0.1,0.1,941.7,1130.04,285.3636363636364,11.100000000000001
1.344,1.243,0.821,1.777,4.958,2.079,0.4,0.4,0.1,0.1,1046.3,1255.56,317.06060606060606,9.84
0.938,0.394,0.762,4.65,3.3,0.801,0.4,0.4,0.1,0.1,758.4,910.0799999999999,229.8181818181818,15.930000000000001
0.804,0.107,0.412,3.863,0.231,1.161,0.4,0.4,0.1,0.1,662.7,795.24,200.81818181818184,17.939999999999998
0.575,1.149,0.45,0.024,2.94,1.315,0.4,0.4,0.1,0.1,652.4,782.88,197.6969696969697,21.375
1.113,0.201,1.209,4.509,4.571,2.185,0.4,0.4,0.1,0.1,826.6,991.92,250.4848484848485,13.305
0.156,1.124,0.443,2.452,1.729,4.926,0.4,0.4,0.1,0.1,440.4,528.4799999999999,133.45454545454547,27.66
0.34,0.41,0.267,1.418,0.427,4.241,0.4,0.4,0.1,0.1,461.0,553.1999999999999,139.69696969696972,24.9
1.158,0.832,0.145,3.028,0.026,2.774,0.4,0.4,0.1,0.1,912.2,1094.64,276.42424242424244,12.630000000000003
1.013,0.81,0.866,3.299,1.811,1.59,0.4,0.4,0.1,0.1,837.5,1005.0,253.7878787878788,14.805000000000001
0.175,0.629,1.454,0.648,4.025,2.827,0.4,0.4,0.1,0.1,400.4,480.47999999999996,121.33333333333333,27.375
1.452,0.475,0.74,3.222,0.552,0.359,0.4,0.4,0.1,0.1,1023.5,1228.2,310.1515151515152,8.219999999999999
0.166,0.896,1.105,3.971,0.372,3.187,0.4,0.4,0.1,0.1,422.6,507.12,128.06060606060606,27.509999999999998
0.279,0.225,0.933,1.068,0.991,0.799,0.4,0.4,0.1,0.1,412.0,494.4,124.84848484848486,25.814999999999998
0.901,1.293,1.203,2.159,4.108,4.329,0.4,0.4,0.1,0.1,829.8,995.7599999999999,251.45454545454547,16.485
0.862,1.231,1.001,3.802,1.106,4.939,0.4,0.4,0.1,0.1,804.1,964.92,243.66666666666669,17.07
0.822,0.613,0.555,0.624,0.624,4.338,0.4,0.4,0.1,0.1,722.3,866.7599999999999,218.87878787878788,17.67
1.339,1.142,0.943,2.183,1.349,0.775,0.4,0.4,0.1,0.1,1033.7,1240.44,313.24242424242425,9.915
0.817,1.106,1.439,4.421,3.952,2.277,0.4,0.4,0.1,0.1,769.1,922.92,233.0606060606061,17.745
1.064,0.398,1.198,1.519,3.442,0.911,0.4,0.4,0.1,0.1,821.8,986.1599999999999,249.03030303030303,14.04
0.495,1.358,0.516,0.557,3.997,0.935,0.4,0.4,0.1,0.1,633.3,759.9599999999999,191.9090909090909,22.575
0.682,0.514,0.823,2.42,3.975,4.694,0.4,0.4,0.1,0.1,642.4,770.88,194.66666666666666,19.77
0.638,0.6,1.046,4.562,4.6,2.985,0.4,0.4,0.1,0.1,629.0,754.8,190.60606060606062,20.43
1.054,1.218,0.183,2.922,0.1,4.055,0.4,0.4,0.1,0.1,898.8,1078.56,272.3636363636364,14.19
0.177,1.404,1.057,3.274,3.468,0.964,0.4,0.4,0.1,0.1,478.9,574.68,145.12121212121212,27.345
0.803,0.382,0.129,3.416,4.731,2.953,0.4,0.4,0.1,0.1,689.7,827.64,209.00000000000003,17.955
0.459,0.382,0.347,3.969,1.767,2.916,0.4,0.4,0.1,0.1,517.7,621.24,156.8787878787879,23.115
0.137,1.223,0.5,0.924,1.472,2.43,0.4,0.4,0.1,0.1,440.8,528.96,133.5757575757576,27.945
1.141,1.388,1.181,4.688,0.471,2.79,0.4,0.4,0.1,0.1,959.3,1151.1599999999999,290.6969696969697,12.884999999999998
0.546,0.353,0.176,4.314,2.087,4.753,0.4,0.4,0.1,0.1,558.3,669.9599999999999,169.1818181818182,21.81
1.209,1.245,1.047,2.577,2.63,1.294,0.4,0.4,0.1,0.1,979.0,1174.8,296.6666666666667,11.864999999999998
1.113,0.607,0.505,1.702,1.271,2.558,0.4,0.4,0.1,0.1,867.2,1040.64,262.7878787878788,13.305
0.451,0.419,1.119,2.545,2.222,2.912,0.4,0.4,0.1,0.1,517.4,620.88,156.78787878787878,23.235
0.202,0.145,0.202,3.901,3.857,3.538,0.4,0.4,0.1,0.1,365.5,438.59999999999997,110.75757575757576,26.97
1.06,1.055,1.273,4.264,4.532,2.14,0.4,0.4,0.1,0.1,885.5,1062.6,268.33333333333337,14.1
1.185,0.611,0.768,4.309,1.717,1.67,0.4,0.4,0.1,0.1,903.6,1084.32,273.8181818181818,12.224999999999998
0.517,0.409,0.821,4.432,2.583,1.602,0.4,0.4,0.1,0.1,549.4,659.28,166.4848484848485,22.245
0.317,0.542,1.232,0.935,4.329,1.41,0.4,0.4,0.1,0.1,462.7,555.24,140.21212121212122,25.245
0.661,1.491,1.492,2.277,0.526,2.555,0.4,0.4,0.1,0.1,729.6,875.52,221.09090909090912,20.085
0.605,0.643,0.44,1.255,2.89,3.144,0.4,0.4,0.1,0.1,616.8,740.16,186.9090909090909,20.925
0.624,0.816,0.548,3.906,0.272,3.974,0.4,0.4,0.1,0.1,643.6,772.32,195.03030303030306,20.64
1.341,1.308,0.927,0.272,0.659,0.625,0.4,0.4,0.1,0.1,1051.3,1261.56,318.57575757575756,9.885000000000002
0.767,0.183,1.354,3.433,2.713,3.729,0.4,0.4,0.1,0.1,651.8,782.16,197.5151515151515,18.494999999999997
1.466,0.64,1.125,3.453,2.339,3.628,0.4,0.4,0.1,0.1,1047.0,1256.3999999999999,317.2727272727273,8.010000000000002
0.989,0.956,1.316,2.612,2.831,2.875,0.4,0.4,0.1,0.1,840.1,1008.12,254.5757575757576,15.165000000000001
0.777,0.423,0.297,4.53,0.665,4.641,0.4,0.4,0.1,0.1,680.8,816.9599999999999,206.3030303030303,18.345
0.239,1.081,0.639,0.237,2.91,1.99,0.4,0.4,0.1,0.1,477.6,573.12,144.72727272727275,26.415
0.393,1.366,0.234,1.624,4.158,0.716,0.4,0.4,0.1,0.1,583.1,699.72,176.69696969696972,24.105
1.21,0.392,1.025,1.025,0.977,0.568,0.4,0.4,0.1,0.1,894.2,1073.04,270.969696969697,11.850000000000001
0.28,1.054,0.608,3.534,4.331,2.977,0.4,0.4,0.1,0.1,495.4,594.4799999999999,150.12121212121212,25.8
0.14,1.493,1.297,3.067,3.96,0.086,0.4,0.4,0.1,0.1,469.3,563.16,142.21212121212122,27.9
0.116,1.173,0.478,3.694,3.021,3.827,0.4,0.4,0.1,0.1,425.3,510.36,128.87878787878788,28.26
1.465,0.657,0.254,3.742,4.831,4.949,0.4,0.4,0.1,0.1,1048.2,1257.84,317.6363636363637,8.024999999999999
0.31,1.123,0.241,3.102,3.39,2.289,0.4,0.4,0.1,0.1,517.3,620.7599999999999,156.75757575757575,25.35
0.396,0.352,1.109,0.19,2.571,0.783,0.4,0.4,0.1,0.1,483.2,579.8399999999999,146.42424242424244,24.06
1.178,1.407,0.795,3.354,2.151,4.412,0.4,0.4,0.1,0.1,979.7,1175.64,296.87878787878793,12.330000000000002
0.21,1.03,1.437,2.414,1.909,1.553,0.4,0.4,0.1,0.1,458.0,549.6,138.78787878787878,26.85
0.169,1.389,1.075,1.206,3.312,2.421,0.4,0.4,0.1,0.1,473.4,568.0799999999999,143.45454545454547,27.465
1.478,0.701,0.907,1.898,4.774,0.864,0.4,0.4,0.1,0.1,1059.1,1270.9199999999998,320.93939393939394,7.830000000000002
1.192,0.5,0.436,3.401,0.654,0.595,0.4,0.4,0.1,0.1,896.0,1075.2,271.5151515151515,12.120000000000001
1.455,0.296,0.414,3.398,0.891,4.49,0.4,0.4,0.1,0.1,1007.1,1208.52,305.1818181818182,8.174999999999997
1.046,0.813,0.334,4.033,0.721,1.308,0.4,0.4,0.1,0.1,854.3,1025.1599999999999,258.8787878787879,14.309999999999999
0.843,1.135,0.444,2.036,4.58,1.152,0.4,0.4,0.1,0.1,785.0,942.0,237.8787878787879,17.355
0.97,1.185,0.343,1.723,4.472,0.452,0.4,0.4,0.1,0.1,853.5,1024.2,258.6363636363636,15.450000000000001
1.183,0.289,1.36,4.314,2.537,4.076,0.4,0.4,0.1,0.1,870.4,1044.48,263.75757575757575,12.254999999999999
1.173,0.442,0.85,1.486,3.37,1.589,0.4,0.4,0.1,0.1,880.7,1056.84,266.87878787878793,12.405000000000001
1.375,0.62,0.642,2.578,1.85,2.827,0.4,0.4,0.1,0.1,999.5,1199.3999999999999,302.8787878787879,9.375
0.894,1.484,0.636,3.197,2.055,2.685,0.4,0.4,0.1,0.1,845.4,1014.4799999999999,256.1818181818182,16.59
1.303,0.376,1.294,4.978,4.872,0.661,0.4,0.4,0.1,0.1,939.1,1126.92,284.5757575757576,10.455000000000002
1.366,1.113,0.856,3.892,3.886,3.815,0.4,0.4,0.1,0.1,1044.3,1253.1599999999999,316.45454545454544,9.509999999999998
1.112,0.718,0.15,0.034,2.035,2.837,0.4,0.4,0.1,0.1,877.8,1053.36,266.0,13.32
1.075,1.041,0.718,4.56,2.168,1.259,0.4,0.4,0.1,0.1,891.6,1069.92,270.1818181818182,13.875
1.305,0.216,0.149,1.062,3.359,0.154,0.4,0.4,0.1,0.1,924.1,1108.92,280.03030303030306,10.425
0.633,0.936,0.262,0.557,4.497,4.925,0.4,0.4,0.1,0.1,660.1,792.12,200.03030303030306,20.505
0.349,0.125,1.123,4.072,0.572,1.699,0.4,0.4,0.1,0.1,437.0,524.4,132.42424242424244,24.765
1.256,0.446,0.818,2.732,1.346,4.696,0.4,0.4,0.1,0.1,922.6,1107.12,279.5757575757576,11.16
0.797,1.051,1.412,1.774,1.442,4.903,0.4,0.4,0.1,0.1,753.6,904.32,228.36363636363637,18.045
1.372,0.103,0.323,4.787,1.295,3.833,0.4,0.4,0.1,0.1,946.3,1135.56,286.75757575757575,9.419999999999998
0.919,0.37,0.491,4.428,3.217,0.117,0.4,0.4,0.1,0.1,746.5,895.8,226.21212121212122,16.215
1.307,0.329,0.82,1.504,4.409,3.382,0.4,0.4,0.1,0.1,936.4,1123.6799999999998,283.75757575757575,10.395
0.114,0.278,0.221,4.282,4.495,2.163,0.4,0.4,0.1,0.1,334.8,401.76,101.45454545454547,28.29
0.167,0.146,0.602,2.338,0.347,2.368,0.4,0.4,0.1,0.1,348.1,417.72,105.4848484848485,27.495
0.955,0.229,1.432,4.878,0.215,1.367,0.4,0.4,0.1,0.1,750.4,900.4799999999999,227.3939393939394,15.675
1.056,0.329,0.621,4.852,2.468,2.754,0.4,0.4,0.1,0.1,810.9,973.0799999999999,245.72727272727272,14.16
0.275,0.69,1.21,1.292,0.864,4.928,0.4,0.4,0.1,0.1,456.5,547.8,138.33333333333334,25.875
0.836,0.546,0.36,0.794,0.498,4.878,0.4,0.4,0.1,0.1,722.6,867.12,218.969696969697,17.46
0.731,1.315,1.332,4.059,2.661,3.499,0.4,0.4,0.1,0.1,747.0,896.4,226.36363636363637,19.035
0.107,0.427,1.038,0.426,3.092,1.026,0.4,0.4,0.1,0.1,346.2,415.44,104.9090909090909,28.395
0.731,0.753,1.47,2.539,1.188,3.458,0.4,0.4,0.1,0.1,690.8,828.9599999999999,209.33333333333334,19.035
1.423,0.679,0.865,3.201,1.671,3.052,0.4,0.4,0.1,0.1,1029.4,1235.28,311.939393939394,8.655000000000001
1.426,1.063,1.401,4.479,3.278,3.17,0.4,0.4,0.1,0.1,1069.3,1283.1599999999999,324.03030303030306,8.61
0.35,0.145,1.42,4.836,0.169,3.429,0.4,0.4,0.1,0.1,439.5,527.4,133.1818181818182,24.75
0.931,0.445,1.335,1.147,1.694,1.039,0.4,0.4,0.1,0.1,760.0,912.0,230.3030303030303,16.035
1.238,0.425,0.875,1.455,2.071,3.965,0.4,0.4,0.1,0.1,911.5,1093.8,276.21212121212125,11.43
0.318,0.463,0.682,3.534,0.08,2.919,0.4,0.4,0.1,0.1,455.3,546.36,137.96969696969697,25.23
0.849,0.3,0.253,0.851,4.546,0.112,0.4,0.4,0.1,0.1,704.5,845.4,213.4848484848485,17.265
1.207,0.69,0.492,2.344,1.909,1.533,0.4,0.4,0.1,0.1,922.5,1107.0,279.54545454545456,11.895
1.14,0.341,0.566,0.772,1.252,2.753,0.4,0.4,0.1,0.1,854.1,1024.92,258.8181818181818,12.900000000000002
0.61,1.15,1.388,0.535,3.187,4.085,0.4,0.4,0.1,0.1,670.0,804.0,203.03030303030303,20.85
0.823,0.437,0.504,2.37,4.236,2.969,0.4,0.4,0.1,0.1,705.2,846.24,213.69696969696972,17.655
0.671,1.008,1.301,0.356,3.555,3.873,0.4,0.4,0.1,0.1,686.3,823.56,207.96969696969697,19.935
0.788,1.412,0.477,3.818,1.176,0.897,0.4,0.4,0.1,0.1,785.2,942.24,237.93939393939397,18.18
0.993,0.448,1.02,0.259,0.823,2.218,0.4,0.4,0.1,0.1,791.3,949.56,239.78787878787878,15.105
0.689,1.136,0.889,2.635,2.913,0.667,0.4,0.4,0.1,0.1,708.1,849.72,214.5757575757576,19.665
0.741,0.624,0.362,2.317,3.472,3.1,0.4,0.4,0.1,0.1,682.9,819.4799999999999,206.93939393939394,18.884999999999998
0.426,1.42,0.795,2.645,3.471,2.282,0.4,0.4,0.1,0.1,605.0,726.0,183.33333333333334,23.61
0.795,0.268,1.454,3.849,0.927,2.46,0.4,0.4,0.1,0.1,674.3,809.16,204.33333333333334,18.075
1.263,0.649,1.278,0.058,3.502,2.326,0.4,0.4,0.1,0.1,946.4,1135.6799999999998,286.7878787878788,11.055
0.557,0.489,0.376,2.28,2.661,3.387,0.4,0.4,0.1,0.1,577.4,692.88,174.96969696969697,21.645
0.385,0.728,1.46,3.071,4.764,1.012,0.4,0.4,0.1,0.1,515.3,618.3599999999999,156.15151515151516,24.225
0.713,0.861,1.155,4.742,3.271,2.45,0.4,0.4,0.1,0.1,692.6,831.12,209.8787878787879,19.305
0.204,0.591,0.685,1.806,4.922,3.855,0.4,0.4,0.1,0.1,411.1,493.32,124.57575757575759,26.94
0.833,1.3,0.695,4.523,1.48,1.6,0.4,0.4,0.1,0.1,796.5,955.8,241.36363636363637,17.505000000000003
0.414,0.627,0.515,1.531,4.511,0.762,0.4,0.4,0.1,0.1,519.7,623.64,157.4848484848485,23.79
1.162,0.531,0.148,3.102,0.963,2.955,0.4,0.4,0.1,0.1,884.1,1060.92,267.90909090909093,12.57
0.192,0.498,1.156,0.253,0.189,3.502,0.4,0.4,0.1,0.1,395.8,474.96,119.93939393939395,27.12
0.491,1.371,1.037,2.937,1.55,0.236,0.4,0.4,0.1,0.1,632.6,759.12,191.69696969696972,22.634999999999998
1.237,1.383,1.318,4.716,2.753,0.164,0.4,0.4,0.1,0.1,1006.8,1208.1599999999999,305.0909090909091,11.445
0.808,1.246,0.286,0.347,4.598,1.932,0.4,0.4,0.1,0.1,778.6,934.3199999999999,235.93939393939397,17.88
0.514,1.228,0.212,2.314,2.956,2.333,0.4,0.4,0.1,0.1,629.8,755.7599999999999,190.84848484848484,22.29
1.334,0.781,0.511,2.422,0.37,3.229,0.4,0.4,0.1,0.1,995.1,1194.12,301.54545454545456,9.989999999999998
0.119,0.132,0.378,2.924,4.893,3.497,0.4,0.4,0.1,0.1,322.7,387.23999999999995,97.7878787878788,28.215
1.13,0.76,0.865,0.101,2.809,3.76,0.4,0.4,0.1,0.1,891.0,1069.2,270.0,13.05
1.48,1.28,0.664,3.304,0.582,0.604,0.4,0.4,0.1,0.1,1118.0,1341.6,338.7878787878788,7.800000000000001
1.234,0.407,0.854,2.01,3.931,4.122,0.4,0.4,0.1,0.1,907.7,1089.24,275.06060606060606,11.490000000000002
0.686,0.988,1.379,1.955,1.972,0.49,0.4,0.4,0.1,0.1,691.8,830.16,209.63636363636363,19.71
0.662,0.343,0.856,1.869,1.319,4.486,0.4,0.4,0.1,0.1,615.3,738.3599999999999,186.45454545454544,20.07
0.693,1.408,1.078,0.496,4.641,0.51,0.4,0.4,0.1,0.1,737.3,884.7599999999999,223.42424242424244,19.605
1.205,0.752,1.445,1.66,1.211,4.919,0.4,0.4,0.1,0.1,927.7,1113.24,281.1212121212121,11.924999999999997
0.307,0.195,0.156,2.07,1.053,0.343,0.4,0.4,0.1,0.1,423.0,507.59999999999997,128.1818181818182,25.395
1.495,0.377,0.178,1.001,3.813,4.691,0.4,0.4,0.1,0.1,1035.2,1242.24,313.69696969696975,7.574999999999999
0.696,0.499,0.351,3.084,3.024,0.947,0.4,0.4,0.1,0.1,647.9,777.4799999999999,196.33333333333334,19.560000000000002
0.705,0.501,1.071,1.962,1.175,2.549,0.4,0.4,0.1,0.1,652.6,783.12,197.75757575757578,19.425
0.677,0.251,0.875,4.226,4.5,4.113,0.4,0.4,0.1,0.1,613.6,736.32,185.93939393939397,19.845
0.553,0.441,0.478,3.71,4.523,3.343,0.4,0.4,0.1,0.1,570.6,684.72,172.90909090909093,21.705
1.083,0.807,0.709,1.863,4.139,0.859,0.4,0.4,0.1,0.1,872.2,1046.64,264.3030303030303,13.754999999999999
0.942,0.646,1.334,4.761,0.674,3.08,0.4,0.4,0.1,0.1,785.6,942.72,238.0606060606061,15.870000000000001
1.325,1.053,0.392,3.83,0.509,1.097,0.4,0.4,0.1,0.1,1017.8,1221.36,308.42424242424244,10.125
0.938,0.129,1.451,4.26,2.361,3.281,0.4,0.4,0.1,0.1,731.9,878.28,221.78787878787878,15.930000000000001
1.28,0.837,0.778,3.87,3.256,1.667,0.4,0.4,0.1,0.1,973.7,1168.44,295.06060606060606,10.8
0.746,0.245,1.337,0.882,0.595,2.417,0.4,0.4,0.1,0.1,647.5,777.0,196.21212121212122,18.810000000000002
0.515,1.003,1.093,2.812,1.222,4.995,0.4,0.4,0.1,0.1,607.8,729.3599999999999,184.1818181818182,22.275
0.734,0.933,0.175,2.036,1.55,3.098,0.4,0.4,0.1,0.1,710.3,852.3599999999999,215.24242424242425,18.990000000000002
0.138,0.38,0.991,1.111,4.757,1.598,0.4,0.4,0.1,0.1,357.0,428.4,108.18181818181819,27.93
1.064,0.655,1.337,1.566,2.53,2.816,0.4,0.4,0.1,0.1,847.5,1017.0,256.8181818181818,14.04
1.476,0.742,1.208,2.176,3.091,3.82,0.4,0.4,0.1,0.1,1062.2,1274.64,321.87878787878793,7.859999999999999
1.486,0.731,1.464,2.301,1.021,4.817,0.4,0.4,0.1,0.1,1066.1,1279.32,323.06060606060606,7.710000000000001
0.621,0.231,0.905,2.992,2.36,2.955,0.4,0.4,0.1,0.1,583.6,700.32,176.84848484848487,20.685000000000002
0.771,0.95,1.018,4.453,0.678,2.151,0.4,0.4,0.1,0.1,730.5,876.6,221.36363636363637,18.435000000000002
0.985,0.93,1.305,2.82,0.815,0.35,0.4,0.4,0.1,0.1,835.5,1002.5999999999999,253.1818181818182,15.225
1.352,0.238,0.704,3.011,1.286,2.361,0.4,0.4,0.1,0.1,949.8,1139.76,287.8181818181818,9.719999999999999
1.149,1.446,1.397,0.441,1.127,2.485,0.4,0.4,0.1,0.1,969.1,1162.92,293.6666666666667,12.765
0.383,0.257,1.454,1.43,3.438,2.609,0.4,0.4,0.1,0.1,467.2,560.64,141.5757575757576,24.255
1.006,0.722,1.332,1.954,4.528,3.867,0.4,0.4,0.1,0.1,825.2,990.24,250.0606060606061,14.91
1.427,1.469,0.547,4.459,2.129,3.37,0.4,0.4,0.1,0.1,1110.4,1332.48,336.48484848484856,8.594999999999999
1.352,0.321,0.875,0.111,4.89,1.405,0.4,0.4,0.1,0.1,958.1,1149.72,290.33333333333337,9.719999999999999
0.23,0.326,1.485,0.593,1.591,1.606,0.4,0.4,0.1,0.1,397.6,477.12,120.4848484848485,26.55
0.855,0.455,0.694,3.845,0.263,1.942,0.4,0.4,0.1,0.1,723.0,867.6,219.0909090909091,17.175
1.007,0.235,0.163,1.637,3.961,2.633,0.4,0.4,0.1,0.1,777.0,932.4,235.45454545454547,14.895000000000001
0.265,0.155,0.197,3.388,0.089,3.859,0.4,0.4,0.1,0.1,398.0,477.59999999999997,120.60606060606061,26.025
0.837,0.664,0.629,0.463,3.573,0.279,0.4,0.4,0.1,0.1,734.9,881.88,222.6969696969697,17.445
1.287,0.958,0.196,2.215,0.066,1.743,0.4,0.4,0.1,0.1,989.3,1187.1599999999999,299.7878787878788,10.695
0.907,1.215,0.479,4.005,0.196,2.281,0.4,0.4,0.1,0.1,825.0,990.0,250.0,16.395
0.571,0.659,0.896,3.472,1.307,0.738,0.4,0.4,0.1,0.1,601.4,721.68,182.24242424242425,21.435000000000002
0.77,0.717,0.158,4.935,2.037,1.861,0.4,0.4,0.1,0.1,706.7,848.0400000000001,214.15151515151518,18.45
0.396,0.978,0.52,1.751,0.3,4.035,0.4,0.4,0.1,0.1,545.8,654.9599999999999,165.39393939393938,24.06
1.141,0.852,0.904,3.915,2.349,4.569,0.4,0.4,0.1,0.1,905.7,1086.84,274.4545454545455,12.884999999999998
0.646,0.536,0.789,3.03,1.065,0.762,0.4,0.4,0.1,0.1,626.6,751.92,189.8787878787879,20.310000000000002
0.27,0.761,0.473,3.254,4.997,1.585,0.4,0.4,0.1,0.1,461.1,553.32,139.72727272727275,25.95
0.908,0.314,1.149,0.215,3.734,0.479,0.4,0.4,0.1,0.1,735.4,882.4799999999999,222.84848484848484,16.38
0.332,1.387,1.038,3.522,0.076,1.312,0.4,0.4,0.1,0.1,554.7,665.64,168.09090909090912,25.02
0.182,1.345,0.173,3.973,0.279,3.025,0.4,0.4,0.1,0.1,475.5,570.6,144.0909090909091,27.27
0.17,1.038,1.221,3.635,3.344,0.356,0.4,0.4,0.1,0.1,438.8,526.56,132.96969696969697,27.45
0.23,0.326,0.304,1.232,1.445,2.826,0.4,0.4,0.1,0.1,397.6,477.12,120.4848484848485,26.55
1.377,0.144,1.015,0.759,1.25,1.183,0.4,0.4,0.1,0.1,952.9,1143.48,288.75757575757575,9.344999999999999
0.348,1.061,0.563,4.234,4.28,0.61,0.4,0.4,0.1,0.1,530.1,636.12,160.63636363636365,24.78
0.307,0.758,0.323,1.69,4.353,4.518,0.4,0.4,0.1,0.1,479.3,575.16,145.24242424242425,25.395
1.381,0.336,0.857,4.284,3.277,0.26,0.4,0.4,0.1,0.1,974.1,1168.92,295.1818181818182,9.285
0.728,0.514,0.306,2.416,4.183,1.544,0.4,0.4,0.1,0.1,665.4,798.4799999999999,201.63636363636365,19.08
0.931,0.33,0.673,0.261,2.82,0.642,0.4,0.4,0.1,0.1,748.5,898.1999999999999,226.81818181818184,16.035
0.615,0.218,1.007,1.285,4.503,1.308,0.4,0.4,0.1,0.1,579.3,695.16,175.54545454545453,20.775
0.381,0.159,0.75,3.453,3.756,3.93,0.4,0.4,0.1,0.1,456.4,547.68,138.3030303030303,24.285
0.436,1.24,1.37,4.216,0.527,4.545,0.4,0.4,0.1,0.1,592.0,710.4,179.3939393939394,23.46
0.514,0.912,1.166,0.362,3.715,2.319,0.4,0.4,0.1,0.1,598.2,717.84,181.2727272727273,22.29
0.171,1.273,1.247,1.431,2.502,3.171,0.4,0.4,0.1,0.1,462.8,555.36,140.24242424242425,27.435
0.712,0.611,0.587,1.363,3.769,3.659,0.4,0.4,0.1,0.1,667.1,800.52,202.15151515151516,19.32
0.489,1.266,0.924,0.567,0.84,0.199,0.4,0.4,0.1,0.1,621.1,745.32,188.21212121212122,22.665
0.108,0.211,1.286,0.266,4.943,2.807,0.4,0.4,0.1,0.1,325.1,390.12,98.51515151515153,28.38
0.57,1.012,0.15,1.789,0.153,4.028,0.4,0.4,0.1,0.1,636.2,763.44,192.7878787878788,21.450000000000003
1.009,1.131,1.265,0.437,1.731,0.243,0.4,0.4,0.1,0.1,867.6,1041.12,262.90909090909093,14.865000000000002
0.482,1.173,0.443,4.323,2.553,0.076,0.4,0.4,0.1,0.1,608.3,729.9599999999999,184.33333333333334,22.77
0.932,0.685,0.261,3.724,3.472,0.963,0.4,0.4,0.1,0.1,784.5,941.4,237.72727272727275,16.02
1.459,1.111,1.348,0.52,2.71,1.84,0.4,0.4,0.1,0.1,1090.6,1308.7199999999998,330.4848484848485,8.114999999999998
1.417,1.168,0.235,3.001,3.819,0.241,0.4,0.4,0.1,0.1,1075.3,1290.36,325.8484848484849,8.745000000000001
0.484,0.974,0.803,4.563,0.098,0.366,0.4,0.4,0.1,0.1,589.4,707.28,178.6060606060606,22.740000000000002
0.237,1.186,0.979,1.065,1.562,3.734,0.4,0.4,0.1,0.1,487.1,584.52,147.60606060606062,26.445
1.131,1.001,1.281,2.077,4.859,0.407,0.4,0.4,0.1,0.1,915.6,1098.72,277.4545454545455,13.035
0.584,0.654,1.271,4.859,1.737,2.888,0.4,0.4,0.1,0.1,607.4,728.88,184.06060606060606,21.240000000000002
0.307,0.345,0.366,3.295,0.914,2.544,0.4,0.4,0.1,0.1,438.0,525.6,132.72727272727275,25.395
1.413,1.117,0.675,1.911,2.073,0.936,0.4,0.4,0.1,0.1,1068.2,1281.84,323.69696969696975,8.805
0.505,0.709,1.079,0.864,0.258,4.89,0.4,0.4,0.1,0.1,573.4,688.0799999999999,173.75757575757575,22.425
1.44,0.4,1.105,3.787,0.26,2.454,0.4,0.4,0.1,0.1,1010.0,1212.0,306.06060606060606,8.400000000000002
0.551,1.343,1.37,0.101,4.939,3.259,0.4,0.4,0.1,0.1,659.8,791.7599999999999,199.93939393939394,21.735
1.475,1.287,1.021,4.202,3.578,3.212,0.4,0.4,0.1,0.1,1116.2,1339.44,338.24242424242425,7.875
0.512,1.195,1.448,2.48,3.112,0.516,0.4,0.4,0.1,0.1,625.5,750.6,189.54545454545456,22.32
1.213,1.12,0.207,2.946,0.35,2.364,0.4,0.4,0.1,0.1,968.5,1162.2,293.4848484848485,11.805
1.256,0.772,1.33,1.704,3.835,4.219,0.4,0.4,0.1,0.1,955.2,1146.24,289.4545454545455,11.16
1.064,0.311,0.95,3.58,3.568,3.696,0.4,0.4,0.1,0.1,813.1,975.72,246.3939393939394,14.04
0.544,0.48,0.914,0.116,1.607,0.14,0.4,0.4,0.1,0.1,570.0,684.0,172.72727272727275,21.84
0.717,1.408,0.454,1.582,3.537,3.278,0.4,0.4,0.1,0.1,749.3,899.16,227.06060606060606,19.245
0.678,1.299,1.466,0.77,4.378,4.506,0.4,0.4,0.1,0.1,718.9,862.68,217.84848484848484,19.83
1.432,1.32,0.496,0.758,1.28,0.939,0.4,0.4,0.1,0.1,1098.0,1317.6,332.72727272727275,8.52
1.273,1.206,0.94,1.058,1.308,4.79,0.4,0.4,0.1,0.1,1007.1,1208.52,305.1818181818182,10.905000000000001
1.352,0.533,1.465,3.511,4.211,3.756,0.4,0.4,0.1,0.1,979.3,1175.1599999999999,296.75757575757575,9.719999999999999
0.537,0.961,1.358,3.701,1.249,3.403,0.4,0.4,0.1,0.1,614.6,737.52,186.24242424242425,21.945
1.482,1.228,1.351,4.174,0.164,1.703,0.4,0.4,0.1,0.1,1113.8,1336.56,337.5151515151515,7.77
0.336,0.327,0.934,3.826,3.444,2.707,0.4,0.4,0.1,0.1,450.7,540.8399999999999,136.5757575757576,24.96
0.965,0.682,0.91,0.449,2.934,2.423,0.4,0.4,0.1,0.1,800.7,960.84,242.63636363636365,15.525
0.717,0.161,0.844,2.835,1.286,2.262,0.4,0.4,0.1,0.1,624.6,749.52,189.27272727272728,19.245
0.106,0.879,1.089,0.148,3.938,3.188,0.4,0.4,0.1,0.1,390.9,469.0799999999999,118.45454545454545,28.41
0.31,0.573,0.235,4.545,0.72,1.766,0.4,0.4,0.1,0.1,462.3,554.76,140.0909090909091,25.35
0.199,0.736,0.78,2.317,1.724,4.849,0.4,0.4,0.1,0.1,423.1,507.72,128.21212121212122,27.015
0.489,1.318,0.433,1.088,1.852,0.94,0.4,0.4,0.1,0.1,626.3,751.56,189.78787878787878,22.665
1.332,0.558,0.233,3.292,0.387,4.226,0.4,0.4,0.1,0.1,971.8,1166.1599999999999,294.4848484848485,10.02
0.495,0.363,0.714,1.199,3.098,1.775,0.4,0.4,0.1,0.1,533.8,640.56,161.75757575757575,22.575
1.374,1.254,0.78,3.404,2.649,4.52,0.4,0.4,0.1,0.1,1062.4,1274.88,321.939393939394,9.389999999999997
0.658,0.129,0.336,3.273,1.927,4.246,0.4,0.4,0.1,0.1,591.9,710.28,179.36363636363637,20.13
0.867,1.2,1.115,2.319,3.535,1.959,0.4,0.4,0.1,0.1,803.5,964.1999999999999,243.4848484848485,16.995
0.774,0.679,0.685,4.044,0.364,0.404,0.4,0.4,0.1,0.1,704.9,845.88,213.60606060606062,18.39
0.352,0.789,1.218,0.526,0.151,2.233,0.4,0.4,0.1,0.1,504.9,605.88,153.0,24.72
0.151,0.875,1.136,1.005,2.105,0.188,0.4,0.4,0.1,0.1,413.0,495.59999999999997,125.15151515151516,27.735
0.852,0.119,1.0,4.314,2.089,3.445,0.4,0.4,0.1,0.1,687.9,825.4799999999999,208.45454545454547,17.22
0.778,1.059,1.226,0.026,0.109,0.214,0.4,0.4,0.1,0.1,744.9,893.88,225.72727272727272,18.33
1.168,0.152,1.471,0.417,4.237,2.439,0.4,0.4,0.1,0.1,849.2,1019.04,257.33333333333337,12.48
1.255,1.026,0.181,2.664,1.544,1.798,0.4,0.4,0.1,0.1,980.1,1176.12,297.0,11.175
0.1,0.265,0.638,0.986,3.344,4.295,0.4,0.4,0.1,0.1,326.5,391.8,98.93939393939394,28.5
1.495,1.322,0.993,3.908,0.974,3.259,0.4,0.4,0.1,0.1,1129.7,1355.64,342.33333333333337,7.574999999999999
1.44,1.469,0.135,4.159,0.484,0.331,0.4,0.4,0.1,0.1,1116.9,1340.28,338.4545454545455,8.400000000000002
0.101,0.191,0.912,0.862,4.52,2.376,0.4,0.4,0.1,0.1,319.6,383.52000000000004,96.84848484848486,28.485
0.587,0.353,1.04,3.804,3.538,1.864,0.4,0.4,0.1,0.1,578.8,694.56,175.39393939393938,21.195
0.675,1.371,1.172,2.046,0.416,0.059,0.4,0.4,0.1,0.1,724.6,869.52,219.5757575757576,19.875
1.187,0.726,1.286,2.109,1.732,2.121,0.4,0.4,0.1,0.1,916.1,1099.32,277.6060606060606,12.195
0.473,1.142,0.903,0.122,3.467,4.033,0.4,0.4,0.1,0.1,600.7,720.84,182.03030303030306,22.905
0.562,1.327,0.488,3.443,2.228,0.779,0.4,0.4,0.1,0.1,663.7,796.44,201.12121212121215,21.57
0.287,0.249,0.603,3.109,2.36,3.963,0.4,0.4,0.1,0.1,418.4,502.0799999999999,126.78787878787878,25.695
1.445,1.499,0.361,2.969,3.743,4.245,0.4,0.4,0.1,0.1,1122.4,1346.88,340.1212121212122,8.325
1.075,0.774,0.842,2.759,3.962,0.255,0.4,0.4,0.1,0.1,864.9,1037.8799999999999,262.0909090909091,13.875
0.245,1.483,0.803,1.973,1.96,4.665,0.4,0.4,0.1,0.1,520.8,624.9599999999999,157.8181818181818,26.325
1.422,1.065,1.459,3.324,2.192,3.517,0.4,0.4,0.1,0.1,1067.5,1281.0,323.4848484848485,8.670000000000002
0.802,0.112,1.06,2.445,1.915,4.997,0.4,0.4,0.1,0.1,662.2,794.64,200.66666666666669,17.97
1.011,1.035,1.317,2.967,1.087,0.807,0.4,0.4,0.1,0.1,859.0,1030.8,260.3030303030303,14.835
1.456,1.014,0.147,1.707,3.43,4.995,0.4,0.4,0.1,0.1,1079.4,1295.28,327.0909090909091,8.16
0.675,1.346,0.647,3.142,3.032,3.577,0.4,0.4,0.1,0.1,722.1,866.52,218.81818181818184,19.875
1.251,1.052,1.061,4.331,4.132,3.336,0.4,0.4,0.1,0.1,980.7,1176.84,297.1818181818182,11.235000000000003
0.888,1.088,1.144,1.076,4.552,0.422,0.4,0.4,0.1,0.1,802.8,963.3599999999999,243.27272727272728,16.68
1.219,1.031,1.474,4.926,2.64,0.725,0.4,0.4,0.1,0.1,962.6,1155.12,291.69696969696975,11.715
1.171,1.318,0.11,4.049,1.07,4.13,0.4,0.4,0.1,0.1,967.3,1160.76,293.1212121212121,12.434999999999999
0.542,0.169,0.702,4.713,2.543,1.421,0.4,0.4,0.1,0.1,537.9,645.4799999999999,163.0,21.869999999999997
1.27,0.211,0.644,4.59,0.897,3.771,0.4,0.4,0.1,0.1,906.1,1087.32,274.5757575757576,10.95
0.528,0.917,0.878,1.375,3.299,0.665,0.4,0.4,0.1,0.1,605.7,726.84,183.54545454545456,22.08
0.906,1.416,0.658,2.5,2.422,4.074,0.4,0.4,0.1,0.1,844.6,1013.52,255.93939393939397,16.41
0.102,0.809,0.938,3.433,3.341,1.851,0.4,0.4,0.1,0.1,381.9,458.28,115.72727272727272,28.47
0.332,0.543,0.906,3.972,1.221,0.072,0.4,0.4,0.1,0.1,470.3,564.36,142.51515151515153,25.02
0.3,1.205,0.541,4.666,3.292,0.762,0.4,0.4,0.1,0.1,520.5,624.6,157.72727272727275,25.5
1.301,1.258,1.383,0.244,1.325,4.445,0.4,0.4,0.1,0.1,1026.3,1231.56,311.0,10.485
0.49,0.99,0.527,0.272,3.979,3.551,0.4,0.4,0.1,0.1,594.0,712.8,180.0,22.65
0.484,0.752,1.037,2.118,3.314,3.335,0.4,0.4,0.1,0.1,567.2,680.64,171.8787878787879,22.740000000000002
0.243,1.009,0.37,0.84,1.084,1.785,0.4,0.4,0.1,0.1,472.4,566.88,143.15151515151516,26.355
1.363,1.153,1.265,2.39,3.685,0.967,0.4,0.4,0.1,0.1,1046.8,1256.1599999999999,317.2121212121212,9.555
1.472,1.23,1.368,2.017,2.006,0.104,0.4,0.4,0.1,0.1,1109.0,1330.8,336.06060606060606,7.920000000000002
0.901,0.191,0.437,0.151,2.621,4.979,0.4,0.4,0.1,0.1,719.6,863.52,218.0606060606061,16.485
0.986,0.546,0.927,1.454,4.936,4.586,0.4,0.4,0.1,0.1,797.6,957.12,241.69696969696972,15.21
0.165,1.354,0.543,1.013,4.99,1.898,0.4,0.4,0.1,0.1,467.9,561.4799999999999,141.78787878787878,27.525
0.49,0.155,0.469,3.399,3.451,2.937,0.4,0.4,0.1,0.1,510.5,612.6,154.69696969696972,22.65
1.0,0.137,1.247,4.042,0.825,2.862,0.4,0.4,0.1,0.1,763.7,916.44,231.42424242424244,15.0
0.672,0.548,1.181,4.603,3.377,4.505,0.4,0.4,0.1,0.1,640.8,768.9599999999999,194.1818181818182,19.92
0.288,0.229,1.1,4.564,3.791,4.823,0.4,0.4,0.1,0.1,416.9,500.28,126.33333333333333,25.68
1.166,1.01,1.213,1.287,0.269,3.867,0.4,0.4,0.1,0.1,934.0,1120.8,283.03030303030306,12.510000000000002
0.591,1.279,1.451,2.181,3.825,2.829,0.4,0.4,0.1,0.1,673.4,808.0799999999999,204.06060606060606,21.134999999999998
0.278,0.522,0.868,0.731,0.857,1.428,0.4,0.4,0.1,0.1,441.2,529.4399999999999,133.6969696969697,25.83
1.206,1.311,0.416,3.856,4.814,0.514,0.4,0.4,0.1,0.1,984.1,1180.92,298.21212121212125,11.91
1.207,1.13,1.434,3.927,2.403,2.09,0.4,0.4,0.1,0.1,966.5,1159.8,292.8787878787879,11.895
0.151,0.652,0.915,3.206,2.284,2.547,0.4,0.4,0.1,0.1,390.7,468.84,118.39393939393939,27.735
0.968,0.892,0.868,0.065,4.809,3.044,0.4,0.4,0.1,0.1,823.2,987.84,249.4545454545455,15.48
1.049,0.313,0.361,3.909,2.329,4.165,0.4,0.4,0.1,0.1,805.8,966.9599999999999,244.1818181818182,14.265
1.442,0.863,1.146,1.441,4.18,1.28,0.4,0.4,0.1,0.1,1057.3,1268.76,320.3939393939394,8.370000000000001
1.121,0.912,0.571,2.726,3.731,4.857,0.4,0.4,0.1,0.1,901.7,1082.04,273.24242424242425,13.184999999999999
0.617,0.772,0.239,4.858,1.008,1.468,0.4,0.4,0.1,0.1,635.7,762.84,192.63636363636365,20.745
0.297,1.298,0.154,3.088,3.886,3.828,0.4,0.4,0.1,0.1,528.3,633.9599999999999,160.0909090909091,25.545
0.563,0.558,0.371,2.839,2.212,1.528,0.4,0.4,0.1,0.1,587.3,704.7599999999999,177.96969696969697,21.555
0.296,1.054,0.479,0.821,2.668,3.431,0.4,0.4,0.1,0.1,503.4,604.0799999999999,152.54545454545456,25.560000000000002
0.62,1.042,0.363,2.544,3.346,4.193,0.4,0.4,0.1,0.1,664.2,797.0400000000001,201.2727272727273,20.7
0.614,0.967,0.938,4.583,4.264,3.516,0.4,0.4,0.1,0.1,653.7,784.44,198.09090909090912,20.79
0.496,0.144,0.244,4.641,4.104,4.866,0.4,0.4,0.1,0.1,512.4,614.88,155.27272727272728,22.560000000000002
0.175,0.138,0.802,1.563,2.207,1.901,0.4,0.4,0.1,0.1,351.3,421.56,106.45454545454547,27.375
0.18,1.409,0.804,2.518,0.638,3.828,0.4,0.4,0.1,0.1,480.9,577.0799999999999,145.72727272727272,27.3
0.802,0.402,0.559,1.137,1.149,1.099,0.4,0.4,0.1,0.1,691.2,829.44,209.45454545454547,17.97
1.376,0.273,1.385,4.478,0.079,3.664,0.4,0.4,0.1,0.1,965.3,1158.36,292.5151515151515,9.360000000000003
0.471,0.845,0.419,0.349,0.211,0.123,0.4,0.4,0.1,0.1,570.0,684.0,172.72727272727275,22.935000000000002
1.385,0.986,0.4,3.609,0.536,3.065,0.4,0.4,0.1,0.1,1041.1,1249.32,315.4848484848485,9.225000000000001
0.2,0.233,0.663,1.705,2.88,0.561,0.4,0.4,0.1,0.1,373.3,447.96,113.12121212121212,27.0
1.222,0.492,1.193,3.692,2.24,4.773,0.4,0.4,0.1,0.1,910.2,1092.24,275.81818181818187,11.670000000000002
0.935,0.101,0.409,0.321,1.396,4.468,0.4,0.4,0.1,0.1,727.6,873.12,220.4848484848485,15.975
0.167,1.084,1.448,3.207,2.613,0.411,0.4,0.4,0.1,0.1,441.9,530.28,133.9090909090909,27.495
0.131,1.072,0.344,2.349,2.55,2.288,0.4,0.4,0.1,0.1,422.7,507.23999999999995,128.0909090909091,28.035
0.911,0.228,0.957,2.65,4.436,3.834,0.4,0.4,0.1,0.1,728.3,873.9599999999999,220.6969696969697,16.335
0.868,1.135,0.881,3.026,3.591,3.467,0.4,0.4,0.1,0.1,797.5,957.0,241.66666666666669,16.98
0.275,1.344,0.767,2.947,0.654,1.714,0.4,0.4,0.1,0.1,521.9,626.28,158.15151515151516,25.875
1.058,0.148,0.504,0.909,3.459,1.451,0.4,0.4,0.1,0.1,793.8,952.56,240.54545454545453,14.129999999999999
0.555,0.155,0.283,2.79,2.293,3.44,0.4,0.4,0.1,0.1,543.0,651.6,164.54545454545456,21.674999999999997
0.429,1.119,0.908,0.814,3.943,2.26,0.4,0.4,0.1,0.1,576.4,691.68,174.66666666666666,23.565
1.104,1.447,1.262,2.862,0.034,4.678,0.4,0.4,0.1,0.1,946.7,1136.04,286.87878787878793,13.439999999999998
0.542,1.286,0.958,0.598,1.961,4.993,0.4,0.4,0.1,0.1,649.6,779.52,196.84848484848487,21.869999999999997
1.046,0.25,1.175,1.919,3.113,3.478,0.4,0.4,0.1,0.1,798.0,957.5999999999999,241.81818181818184,14.309999999999999
0.65,0.774,0.755,3.269,4.186,0.137,0.4,0.4,0.1,0.1,652.4,782.88,197.6969696969697,20.25
0.654,0.444,0.91,0.955,4.001,2.05,0.4,0.4,0.1,0.1,621.4,745.68,188.3030303030303,20.189999999999998
1.434,1.35,0.436,4.377,1.101,3.279,0.4,0.4,0.1,0.1,1102.0,1322.3999999999999,333.93939393939394,8.490000000000002
0.137,0.424,0.413,0.458,3.415,1.883,0.4,0.4,0.1,0.1,360.9,433.08,109.36363636363636,27.945
0.721,0.48,0.128,3.509,1.648,2.048,0.4,0.4,0.1,0.1,658.5,790.1999999999999,199.54545454545456,19.185000000000002
1.321,0.444,0.477,1.128,4.152,0.998,0.4,0.4,0.1,0.1,954.9,1145.8799999999999,289.3636363636364,10.185000000000002
1.422,0.619,0.204,4.737,2.827,2.584,0.4,0.4,0.1,0.1,1022.9,1227.48,309.969696969697,8.670000000000002
1.212,1.053,0.627,3.219,1.426,4.312,0.4,0.4,0.1,0.1,961.3,1153.56,291.3030303030303,11.82
0.959,0.976,1.407,1.349,0.628,4.917,0.4,0.4,0.1,0.1,827.1,992.52,250.63636363636365,15.615
0.587,0.7,0.137,3.728,0.397,0.476,0.4,0.4,0.1,0.1,613.5,736.1999999999999,185.9090909090909,21.195
0.335,0.538,1.1,3.834,2.108,4.931,0.4,0.4,0.1,0.1,471.3,565.56,142.81818181818184,24.975
0.681,1.046,0.492,4.167,3.012,3.881,0.4,0.4,0.1,0.1,695.1,834.12,210.63636363636365,19.785
0.397,1.312,0.636,0.944,2.981,2.647,0.4,0.4,0.1,0.1,579.7,695.64,175.66666666666669,24.045
0.103,0.87,0.956,3.136,4.977,1.755,0.4,0.4,0.1,0.1,388.5,466.2,117.72727272727273,28.455
0.975,1.14,0.963,4.062,2.875,4.576,0.4,0.4,0.1,0.1,851.5,1021.8,258.03030303030306,15.375
1.318,1.439,0.513,4.305,0.212,3.984,0.4,0.4,0.1,0.1,1052.9,1263.48,319.0606060606061,10.23
0.156,1.392,0.684,4.952,1.634,3.066,0.4,0.4,0.1,0.1,467.2,560.64,141.5757575757576,27.66
1.325,0.43,0.171,1.673,2.747,3.383,0.4,0.4,0.1,0.1,955.5,1146.6,289.54545454545456,10.125
0.569,0.546,0.458,3.8,1.652,1.898,0.4,0.4,0.1,0.1,589.1,706.92,178.51515151515153,21.465
1.189,0.663,1.217,2.249,3.589,2.372,0.4,0.4,0.1,0.1,910.8,1092.9599999999998,276.0,12.165
0.817,0.549,1.027,2.927,3.53,4.061,0.4,0.4,0.1,0.1,713.4,856.0799999999999,216.1818181818182,17.745
0.376,0.523,1.46,0.826,3.314,0.809,0.4,0.4,0.1,0.1,490.3,588.36,148.5757575757576,24.36
1.495,0.997,1.49,1.719,0.888,4.939,0.4,0.4,0.1,0.1,1097.2,1316.64,332.4848484848485,7.574999999999999
0.486,1.197,1.086,3.398,1.205,0.363,0.4,0.4,0.1,0.1,612.7,735.24,185.66666666666669,22.71
0.92,0.888,0.495,4.511,2.923,3.693,0.4,0.4,0.1,0.1,798.8,958.56,242.06060606060606,16.2
1.187,1.407,1.004,4.913,2.035,0.107,0.4,0.4,0.1,0.1,984.2,1181.04,298.24242424242425,12.195
1.405,0.636,1.178,4.672,0.894,2.582,0.4,0.4,0.1,0.1,1016.1,1219.32,307.90909090909093,8.925
1.493,0.323,1.441,3.696,2.165,3.758,0.4,0.4,0.1,0.1,1028.8,1234.56,311.75757575757575,7.604999999999997
1.338,0.185,0.877,2.444,2.573,2.544,0.4,0.4,0.1,0.1,937.5,1125.0,284.0909090909091,9.93
0.7,1.109,0.485,2.611,1.319,4.241,0.4,0.4,0.1,0.1,710.9,853.0799999999999,215.42424242424244,19.5
0.791,1.075,1.255,1.593,2.301,4.187,0.4,0.4,0.1,0.1,753.0,903.6,228.1818181818182,18.134999999999998
1.391,0.612,0.116,2.705,3.706,4.105,0.4,0.4,0.1,0.1,1006.7,1208.04,305.0606060606061,9.134999999999998
0.361,0.775,0.824,4.329,2.679,2.297,0.4,0.4,0.1,0.1,508.0,609.6,153.93939393939394,24.585
0.199,1.317,0.508,3.373,4.897,0.702,0.4,0.4,0.1,0.1,481.2,577.4399999999999,145.8181818181818,27.015
1.164,0.255,0.261,3.854,2.125,4.651,0.4,0.4,0.1,0.1,857.5,1029.0,259.8484848484849,12.540000000000003
1.487,1.077,1.09,0.036,0.149,4.961,0.4,0.4,0.1,0.1,1101.2,1321.44,333.69696969696975,7.695
1.09,0.785,1.278,2.312,1.037,1.132,0.4,0.4,0.1,0.1,873.5,1048.2,264.6969696969697,13.649999999999999
1.19,1.374,1.348,0.36,1.392,3.029,0.4,0.4,0.1,0.1,982.4,1178.8799999999999,297.6969696969697,12.150000000000002
0.258,0.684,0.668,3.617,0.73,3.852,0.4,0.4,0.1,0.1,447.4,536.88,135.57575757575756,26.13
0.917,1.109,0.478,1.107,4.728,2.816,0.4,0.4,0.1,0.1,819.4,983.28,248.3030303030303,16.244999999999997
1.191,1.151,0.357,1.975,4.57,1.049,0.4,0.4,0.1,0.1,960.6,1152.72,291.0909090909091,12.134999999999998
1.211,1.141,0.185,2.125,4.362,2.668,0.4,0.4,0.1,0.1,969.6,1163.52,293.8181818181818,11.834999999999997
0.52,0.223,0.352,3.664,3.815,1.271,0.4,0.4,0.1,0.1,532.3,638.7599999999999,161.3030303030303,22.2
0.179,1.251,1.188,2.96,1.297,3.651,0.4,0.4,0.1,0.1,464.6,557.52,140.7878787878788,27.315
0.306,1.298,0.304,3.562,4.406,2.941,0.4,0.4,0.1,0.1,532.8,639.3599999999999,161.45454545454544,25.41
0.987,1.397,0.538,3.912,0.665,4.708,0.4,0.4,0.1,0.1,883.2,1059.84,267.6363636363637,15.195
0.664,0.495,1.236,2.481,0.391,1.899,0.4,0.4,0.1,0.1,631.5,757.8,191.36363636363637,20.04
0.473,0.798,1.139,2.199,4.437,2.197,0.4,0.4,0.1,0.1,566.3,679.56,171.6060606060606,22.905
0.708,0.48,0.886,2.959,2.807,1.284,0.4,0.4,0.1,0.1,652.0,782.4,197.5757575757576,19.380000000000003
1.436,0.373,1.118,2.233,3.787,2.366,0.4,0.4,0.1,0.1,1005.3,1206.36,304.6363636363636,8.46
0.55,0.752,0.661,3.09,1.966,1.378,0.4,0.4,0.1,0.1,600.2,720.24,181.8787878787879,21.75
0.336,0.157,0.274,4.799,1.723,0.988,0.4,0.4,0.1,0.1,433.7,520.4399999999999,131.42424242424244,24.96
0.943,1.034,1.277,1.471,2.805,3.197,0.4,0.4,0.1,0.1,824.9,989.8799999999999,249.96969696969697,15.855
1.453,0.391,0.609,3.632,0.104,0.812,0.4,0.4,0.1,0.1,1015.6,1218.72,307.7575757575758,8.204999999999998
0.155,0.311,1.005,0.875,4.049,1.825,0.4,0.4,0.1,0.1,358.6,430.32,108.66666666666669,27.675
1.344,0.592,1.036,1.708,3.297,4.209,0.4,0.4,0.1,0.1,981.2,1177.44,297.33333333333337,9.84
0.3,1.448,1.135,1.692,1.98,0.201,0.4,0.4,0.1,0.1,544.8,653.7599999999999,165.0909090909091,25.5
1.481,1.375,0.394,0.805,1.27,2.856,0.4,0.4,0.1,0.1,1128.0,1353.6,341.8181818181818,7.785
1.423,0.464,0.873,4.475,0.999,0.283,0.4,0.4,0.1,0.1,1007.9,1209.48,305.42424242424244,8.655000000000001
1.027,1.319,0.178,2.384,1.482,4.203,0.4,0.4,0.1,0.1,895.4,1074.48,271.3333333333333,14.595
0.277,0.891,0.761,0.615,3.318,2.65,0.4,0.4,0.1,0.1,477.6,573.12,144.72727272727275,25.845
0.835,0.855,1.112,4.254,4.776,2.217,0.4,0.4,0.1,0.1,753.0,903.6,228.1818181818182,17.475
1.03,0.427,0.799,4.232,3.929,3.472,0.4,0.4,0.1,0.1,807.7,969.24,244.75757575757578,14.549999999999999
1.272,0.384,1.217,1.602,1.221,3.586,0.4,0.4,0.1,0.1,924.4,1109.28,280.1212121212121,10.919999999999998
0.449,0.528,0.965,0.604,4.615,0.516,0.4,0.4,0.1,0.1,527.3,632.7599999999999,159.78787878787878,23.265
0.138,0.618,0.233,1.395,0.397,2.829,0.4,0.4,0.1,0.1,380.8,456.96,115.3939393939394,27.93
0.873,0.759,0.409,4.733,1.154,3.246,0.4,0.4,0.1,0.1,762.4,914.88,231.03030303030303,16.905
1.212,0.557,0.778,3.613,0.405,1.4,0.4,0.4,0.1,0.1,911.7,1094.04,276.2727272727273,11.82
1.095,0.796,0.479,4.57,2.299,3.083,0.4,0.4,0.1,0.1,877.1,1052.52,265.7878787878788,13.575
0.828,0.677,0.643,2.162,2.78,1.357,0.4,0.4,0.1,0.1,731.7,878.0400000000001,221.72727272727275,17.58
1.07,0.849,0.478,1.907,1.757,3.44,0.4,0.4,0.1,0.1,869.9,1043.8799999999999,263.6060606060606,13.95
0.799,1.496,0.511,3.554,4.237,0.952,0.4,0.4,0.1,0.1,799.1,958.92,242.15151515151518,18.015
0.617,0.949,0.364,2.982,3.698,1.087,0.4,0.4,0.1,0.1,653.4,784.0799999999999,198.0,20.745
0.686,1.493,1.281,3.585,0.306,0.149,0.4,0.4,0.1,0.1,742.3,890.7599999999999,224.93939393939394,19.71
0.167,0.179,0.518,4.197,3.934,2.6,0.4,0.4,0.1,0.1,351.4,421.67999999999995,106.48484848484848,27.495
1.181,1.109,0.374,0.66,1.249,2.789,0.4,0.4,0.1,0.1,951.4,1141.6799999999998,288.3030303030303,12.285
0.449,1.247,0.792,2.218,0.135,1.827,0.4,0.4,0.1,0.1,599.2,719.0400000000001,181.5757575757576,23.265
1.489,0.405,1.426,0.445,4.508,3.769,0.4,0.4,0.1,0.1,1035.0,1242.0,313.6363636363636,7.664999999999999
0.98,0.575,0.385,4.223,1.473,0.314,0.4,0.4,0.1,0.1,797.5,957.0,241.66666666666669,15.3
0.251,1.181,0.758,2.818,2.465,1.857,0.4,0.4,0.1,0.1,493.6,592.32,149.5757575757576,26.235
0.817,0.136,0.202,1.173,3.457,0.775,0.4,0.4,0.1,0.1,672.1,806.52,203.66666666666669,17.745
0.755,1.002,1.267,3.365,4.115,2.049,0.4,0.4,0.1,0.1,727.7,873.24,220.51515151515153,18.675
0.851,0.887,1.478,4.68,2.256,0.805,0.4,0.4,0.1,0.1,764.2,917.0400000000001,231.5757575757576,17.235
1.223,0.912,0.106,2.997,4.072,4.865,0.4,0.4,0.1,0.1,952.7,1143.24,288.69696969696975,11.654999999999998
1.212,0.422,0.901,2.115,0.438,2.584,0.4,0.4,0.1,0.1,898.2,1077.84,272.1818181818182,11.82
0.69,0.233,1.322,3.372,4.27,4.037,0.4,0.4,0.1,0.1,618.3,741.9599999999999,187.36363636363637,19.65
1.485,0.608,1.345,4.866,4.759,4.53,0.4,0.4,0.1,0.1,1053.3,1263.9599999999998,319.1818181818182,7.724999999999998
1.06,0.129,1.274,3.695,4.584,4.069,0.4,0.4,0.1,0.1,792.9,951.4799999999999,240.27272727272728,14.1
0.966,1.42,0.936,1.581,2.06,2.3,0.4,0.4,0.1,0.1,875.0,1050.0,265.1515151515152,15.51
1.334,1.246,1.216,2.879,0.277,4.776,0.4,0.4,0.1,0.1,1041.6,1249.9199999999998,315.6363636363636,9.989999999999998
0.825,0.537,0.636,1.718,4.203,3.045,0.4,0.4,0.1,0.1,716.2,859.44,217.03030303030306,17.625
1.022,0.333,0.591,2.717,0.174,2.875,0.4,0.4,0.1,0.1,794.3,953.1599999999999,240.6969696969697,14.67
0.993,0.669,0.239,1.386,3.882,1.483,0.4,0.4,0.1,0.1,813.4,976.0799999999999,246.4848484848485,15.105
0.653,1.479,0.255,1.633,2.068,2.55,0.4,0.4,0.1,0.1,724.4,869.28,219.51515151515153,20.205
0.899,0.28,0.217,0.776,3.33,0.658,0.4,0.4,0.1,0.1,727.5,873.0,220.45454545454547,16.515
0.186,1.202,0.341,2.594,3.367,2.663,0.4,0.4,0.1,0.1,463.2,555.8399999999999,140.36363636363637,27.21
0.701,0.852,0.676,4.361,3.993,3.167,0.4,0.4,0.1,0.1,685.7,822.84,207.7878787878788,19.485
1.072,0.397,1.363,4.584,2.484,0.008,0.4,0.4,0.1,0.1,825.7,990.84,250.21212121212125,13.919999999999998
1.399,1.131,0.781,2.414,0.713,3.014,0.4,0.4,0.1,0.1,1062.6,1275.12,322.0,9.015
1.379,1.166,0.188,3.837,2.415,2.89,0.4,0.4,0.1,0.1,1056.1,1267.32,320.030303030303,9.315000000000001
0.991,0.168,1.093,1.042,1.564,3.863,0.4,0.4,0.1,0.1,762.3,914.7599999999999,231.0,15.135
1.281,0.245,0.608,4.573,0.261,1.702,0.4,0.4,0.1,0.1,915.0,1098.0,277.2727272727273,10.785
0.246,1.465,0.216,2.087,4.316,2.154,0.4,0.4,0.1,0.1,519.5,623.4,157.42424242424244,26.31
1.25,0.608,0.872,3.701,0.292,3.439,0.4,0.4,0.1,0.1,935.8,1122.9599999999998,283.57575757575756,11.25
0.861,0.948,1.439,2.748,4.548,2.559,0.4,0.4,0.1,0.1,775.3,930.3599999999999,234.93939393939394,17.085
1.185,0.387,0.144,1.716,2.223,4.576,0.4,0.4,0.1,0.1,881.2,1057.44,267.03030303030306,12.224999999999998
0.662,1.023,1.254,2.586,0.184,4.977,0.4,0.4,0.1,0.1,683.3,819.9599999999999,207.06060606060606,20.07
0.807,0.692,1.208,0.065,1.048,2.601,0.4,0.4,0.1,0.1,722.7,867.24,219.00000000000003,17.895
1.415,0.635,0.611,2.954,0.639,4.696,0.4,0.4,0.1,0.1,1021.0,1225.2,309.39393939393943,8.774999999999999
1.467,1.026,0.853,1.794,3.313,2.669,0.4,0.4,0.1,0.1,1086.1,1303.32,329.1212121212121,7.994999999999997
1.037,1.196,0.1,2.644,4.827,1.603,0.4,0.4,0.1,0.1,888.1,1065.72,269.1212121212121,14.445
0.131,1.426,0.61,3.706,4.239,1.513,0.4,0.4,0.1,0.1,458.1,549.72,138.81818181818184,28.035
1.359,0.513,0.658,4.167,4.901,0.019,0.4,0.4,0.1,0.1,980.8,1176.9599999999998,297.2121212121212,9.615000000000002
0.415,1.129,0.774,0.968,4.514,3.564,0.4,0.4,0.1,0.1,570.4,684.4799999999999,172.84848484848484,23.775
0.211,0.425,0.507,3.547,2.583,0.421,0.4,0.4,0.1,0.1,398.0,477.59999999999997,120.60606060606061,26.835
0.335,0.199,1.16,2.551,0.341,3.116,0.4,0.4,0.1,0.1,437.4,524.88,132.54545454545453,24.975
0.33,1.055,1.238,0.429,3.725,3.531,0.4,0.4,0.1,0.1,520.5,624.6,157.72727272727275,25.05
0.408,0.61,1.376,0.591,1.014,2.36,0.4,0.4,0.1,0.1,515.0,618.0,156.06060606060606,23.880000000000003
0.45,0.106,0.708,3.998,0.916,0.615,0.4,0.4,0.1,0.1,485.6,582.72,147.15151515151516,23.25
0.342,0.993,0.149,3.504,3.234,3.9,0.4,0.4,0.1,0.1,520.3,624.3599999999999,157.66666666666666,24.869999999999997
0.959,1.408,0.609,3.086,2.88,3.745,0.4,0.4,0.1,0.1,870.3,1044.36,263.72727272727275,15.615
0.224,1.359,0.531,2.927,3.464,1.284,0.4,0.4,0.1,0.1,497.9,597.4799999999999,150.87878787878788,26.64
0.293,0.119,1.339,4.876,3.363,3.74,0.4,0.4,0.1,0.1,408.4,490.0799999999999,123.75757575757575,25.605
1.338,0.53,1.387,1.918,0.821,4.407,0.4,0.4,0.1,0.1,972.0,1166.3999999999999,294.54545454545456,9.93
1.491,0.745,0.905,1.698,3.57,4.471,0.4,0.4,0.1,0.1,1070.0,1284.0,324.24242424242425,7.634999999999998
0.996,1.155,0.932,4.43,1.529,0.985,0.4,0.4,0.1,0.1,863.5,1036.2,261.6666666666667,15.06
0.723,0.842,0.722,2.434,4.313,1.704,0.4,0.4,0.1,0.1,695.7,834.84,210.81818181818184,19.155
0.567,0.724,0.736,4.669,4.289,4.215,0.4,0.4,0.1,0.1,605.9,727.0799999999999,183.6060606060606,21.495
0.515,1.371,0.622,2.663,0.756,4.136,0.4,0.4,0.1,0.1,644.6,773.52,195.33333333333334,22.275
1.362,0.345,1.427,0.316,4.608,0.057,0.4,0.4,0.1,0.1,965.5,1158.6,292.57575757575756,9.57
1.338,0.254,0.437,1.645,1.407,4.317,0.4,0.4,0.1,0.1,944.4,1133.28,286.1818181818182,9.93
0.172,0.956,0.867,2.185,3.684,1.882,0.4,0.4,0.1,0.1,431.6,517.92,130.7878787878788,27.42
1.106,0.831,1.379,1.872,4.742,0.112,0.4,0.4,0.1,0.1,886.1,1063.32,268.51515151515156,13.41
0.727,1.315,1.119,4.489,0.145,2.654,0.4,0.4,0.1,0.1,745.0,894.0,225.75757575757578,19.095
0.935,1.159,0.553,3.903,2.384,1.048,0.4,0.4,0.1,0.1,833.4,1000.0799999999999,252.54545454545456,15.975
1.335,0.947,1.18,2.048,1.501,1.69,0.4,0.4,0.1,0.1,1012.2,1214.64,306.72727272727275,9.975000000000001
0.475,1.185,1.449,0.976,2.429,1.718,0.4,0.4,0.1,0.1,606.0,727.1999999999999,183.63636363636365,22.875
1.29,1.383,0.829,4.309,0.443,0.022,0.4,0.4,0.1,0.1,1033.3,1239.9599999999998,313.1212121212121,10.649999999999999
1.048,0.996,0.366,1.993,1.81,4.375,0.4,0.4,0.1,0.1,873.6,1048.32,264.72727272727275,14.28
1.086,0.272,1.017,0.791,3.608,1.858,0.4,0.4,0.1,0.1,820.2,984.24,248.54545454545456,13.709999999999997
0.573,0.711,0.814,0.95,4.05,1.894,0.4,0.4,0.1,0.1,607.6,729.12,184.12121212121212,21.405
0.327,0.673,0.114,0.008,4.902,3.819,0.4,0.4,0.1,0.1,480.8,576.96,145.69696969696972,25.095
0.21,0.286,0.913,3.815,0.447,2.248,0.4,0.4,0.1,0.1,383.6,460.32,116.24242424242425,26.85
0.293,0.169,1.371,1.199,4.738,0.572,0.4,0.4,0.1,0.1,413.4,496.0799999999999,125.27272727272727,25.605
0.625,0.634,0.45,0.118,2.762,1.66,0.4,0.4,0.1,0.1,625.9,751.0799999999999,189.66666666666666,20.625
0.987,0.278,0.738,0.808,4.533,3.395,0.4,0.4,0.1,0.1,771.3,925.56,233.72727272727272,15.195
1.282,0.786,0.579,2.808,1.996,2.563,0.4,0.4,0.1,0.1,969.6,1163.52,293.8181818181818,10.77
0.12,0.745,1.237,4.518,4.783,3.778,0.4,0.4,0.1,0.1,384.5,461.4,116.51515151515152,28.2
1.07,1.41,0.281,4.209,4.514,3.661,0.4,0.4,0.1,0.1,926.0,1111.2,280.6060606060606,13.95
0.363,0.79,0.397,2.716,0.487,0.823,0.4,0.4,0.1,0.1,510.5,612.6,154.69696969696972,24.555
0.475,0.853,0.628,3.656,2.993,1.574,0.4,0.4,0.1,0.1,572.8,687.3599999999999,173.57575757575756,22.875
1.004,1.06,0.827,3.252,4.938,2.23,0.4,0.4,0.1,0.1,858.0,1029.6,260.0,14.94
1.254,1.107,1.138,4.203,1.52,4.477,0.4,0.4,0.1,0.1,987.7,1185.24,299.3030303030303,11.190000000000001
0.786,0.521,0.888,1.884,0.231,3.265,0.4,0.4,0.1,0.1,695.1,834.12,210.63636363636365,18.21
1.064,0.664,0.321,2.344,1.382,3.637,0.4,0.4,0.1,0.1,848.4,1018.0799999999999,257.0909090909091,14.04
0.224,0.201,0.217,4.608,4.568,4.055,0.4,0.4,0.1,0.1,382.1,458.52000000000004,115.7878787878788,26.64
0.141,0.318,0.548,4.324,2.801,2.217,0.4,0.4,0.1,0.1,352.3,422.76,106.75757575757576,27.885
0.712,1.27,1.351,1.546,3.133,4.596,0.4,0.4,0.1,0.1,733.0,879.6,222.12121212121212,19.32
1.263,1.124,0.729,1.87,0.483,0.642,0.4,0.4,0.1,0.1,993.9,1192.6799999999998,301.1818181818182,11.055
0.544,1.092,0.752,3.802,4.069,2.93,0.4,0.4,0.1,0.1,631.2,757.44,191.2727272727273,21.84
0.515,1.194,1.065,0.241,0.995,1.218,0.4,0.4,0.1,0.1,626.9,752.28,189.96969696969697,22.275
0.771,1.283,0.181,3.804,0.064,4.919,0.4,0.4,0.1,0.1,763.8,916.56,231.45454545454544,18.435000000000002
1.354,0.872,0.677,1.094,0.91,4.028,0.4,0.4,0.1,0.1,1014.2,1217.04,307.33333333333337,9.689999999999998
0.823,1.485,1.18,2.313,1.081,2.792,0.4,0.4,0.1,0.1,810.0,972.0,245.45454545454547,17.655
0.869,0.887,0.868,4.248,4.403,0.237,0.4,0.4,0.1,0.1,773.2,927.84,234.30303030303034,16.965
0.243,1.123,0.232,4.171,0.395,0.631,0.4,0.4,0.1,0.1,483.8,580.56,146.60606060606062,26.355
1.085,0.939,0.345,1.484,1.773,0.925,0.4,0.4,0.1,0.1,886.4,1063.6799999999998,268.6060606060606,13.725000000000001
0.764,1.062,0.114,3.451,4.501,4.308,0.4,0.4,0.1,0.1,738.2,885.84,223.69696969696972,18.54
0.351,0.365,1.194,1.003,1.228,1.469,0.4,0.4,0.1,0.1,462.0,554.4,140.0,24.735
0.708,1.173,0.364,0.836,1.231,1.034,0.4,0.4,0.1,0.1,721.3,865.56,218.57575757575756,19.380000000000003
0.624,0.718,0.41,0.964,2.563,1.966,0.4,0.4,0.1,0.1,633.8,760.56,192.06060606060606,20.64
0.56,0.285,1.032,0.6,4.62,0.964,0.4,0.4,0.1,0.1,558.5,670.1999999999999,169.24242424242425,21.6
1.367,0.238,1.421,4.542,3.87,0.514,0.4,0.4,0.1,0.1,957.3,1148.76,290.09090909090907,9.495000000000001
0.393,0.677,1.363,2.229,1.314,0.963,0.4,0.4,0.1,0.1,514.2,617.0400000000001,155.81818181818184,24.105
0.594,1.463,1.483,0.142,0.653,2.986,0.4,0.4,0.1,0.1,693.3,831.9599999999999,210.0909090909091,21.09
1.011,0.307,1.469,3.793,1.149,4.811,0.4,0.4,0.1,0.1,786.2,943.44,238.24242424242428,14.835
1.247,1.277,1.464,4.437,0.657,3.551,0.4,0.4,0.1,0.1,1001.2,1201.44,303.39393939393943,11.294999999999998
0.552,0.724,1.363,4.519,3.365,4.817,0.4,0.4,0.1,0.1,598.4,718.0799999999999,181.33333333333334,21.72
1.23,1.197,0.142,0.561,3.939,0.288,0.4,0.4,0.1,0.1,984.7,1181.64,298.39393939393943,11.55
1.021,0.465,0.163,3.939,4.894,1.073,0.4,0.4,0.1,0.1,807.0,968.4,244.54545454545456,14.685000000000002
0.731,0.42,0.49,2.642,3.282,4.67,0.4,0.4,0.1,0.1,657.5,789.0,199.24242424242425,19.035
0.504,1.042,1.296,3.027,3.183,4.836,0.4,0.4,0.1,0.1,606.2,727.44,183.69696969696972,22.439999999999998
0.698,1.134,1.367,2.802,2.316,3.895,0.4,0.4,0.1,0.1,712.4,854.88,215.87878787878788,19.53
0.462,0.118,1.452,1.409,4.771,0.391,0.4,0.4,0.1,0.1,492.8,591.36,149.33333333333334,23.07
1.098,0.365,0.239,1.693,1.287,1.251,0.4,0.4,0.1,0.1,835.5,1002.5999999999999,253.1818181818182,13.529999999999998
0.53,1.198,0.95,2.592,3.401,4.134,0.4,0.4,0.1,0.1,634.8,761.7599999999999,192.36363636363637,22.05
1.189,1.451,0.157,3.225,1.212,4.153,0.4,0.4,0.1,0.1,989.6,1187.52,299.8787878787879,12.165
0.533,1.192,1.264,0.959,1.265,4.716,0.4,0.4,0.1,0.1,635.7,762.84,192.63636363636365,22.005
1.088,1.03,0.544,1.929,0.245,2.31,0.4,0.4,0.1,0.1,897.0,1076.3999999999999,271.8181818181818,13.68
0.9,0.638,0.298,4.09,4.505,3.196,0.4,0.4,0.1,0.1,763.8,916.56,231.45454545454544,16.5
1.302,0.605,0.122,1.691,4.175,3.676,0.4,0.4,0.1,0.1,961.5,1153.8,291.3636363636364,10.469999999999999
0.51,1.43,0.228,2.376,4.414,2.335,0.4,0.4,0.1,0.1,648.0,777.6,196.36363636363637,22.35
0.741,0.913,0.503,2.629,2.456,4.124,0.4,0.4,0.1,0.1,711.8,854.16,215.6969696969697,18.884999999999998
1.107,0.671,1.456,0.287,1.837,1.019,0.4,0.4,0.1,0.1,870.6,1044.72,263.8181818181818,13.395
0.216,0.515,0.803,4.273,0.852,2.042,0.4,0.4,0.1,0.1,409.5,491.4,124.0909090909091,26.76
0.339,1.159,1.088,4.895,1.253,3.224,0.4,0.4,0.1,0.1,535.4,642.4799999999999,162.24242424242425,24.915
0.466,0.464,1.454,4.032,4.82,1.904,0.4,0.4,0.1,0.1,529.4,635.28,160.42424242424244,23.009999999999998
0.852,0.975,1.025,3.017,1.575,2.729,0.4,0.4,0.1,0.1,773.5,928.1999999999999,234.3939393939394,17.22
0.881,0.994,1.219,3.31,2.755,3.247,0.4,0.4,0.1,0.1,789.9,947.8799999999999,239.36363636363637,16.785
1.364,0.546,0.987,4.883,0.694,1.282,0.4,0.4,0.1,0.1,986.6,1183.92,298.969696969697,9.54
1.246,0.682,0.857,4.272,2.456,2.217,0.4,0.4,0.1,0.1,941.2,1129.44,285.21212121212125,11.309999999999999
0.845,0.569,0.312,1.577,4.139,1.808,0.4,0.4,0.1,0.1,729.4,875.28,221.03030303030303,17.325000000000003
0.293,1.282,1.233,4.848,2.881,2.165,0.4,0.4,0.1,0.1,524.7,629.64,159.00000000000003,25.605
0.713,1.304,1.255,3.209,1.72,0.054,0.4,0.4,0.1,0.1,736.9,884.28,223.3030303030303,19.305
0.369,0.202,0.123,0.294,4.697,1.487,0.4,0.4,0.1,0.1,454.7,545.64,137.78787878787878,24.465
1.307,1.497,1.205,1.107,4.636,2.998,0.4,0.4,0.1,0.1,1053.2,1263.84,319.1515151515152,10.395
1.218,0.629,0.619,1.143,0.252,3.015,0.4,0.4,0.1,0.1,921.9,1106.28,279.3636363636364,11.73
1.43,0.964,0.944,1.093,4.172,1.922,0.4,0.4,0.1,0.1,1061.4,1273.68,321.6363636363637,8.55
0.693,0.913,0.641,0.539,2.241,2.05,0.4,0.4,0.1,0.1,687.8,825.3599999999999,208.4242424242424,19.605
1.107,0.257,0.601,2.005,2.746,2.886,0.4,0.4,0.1,0.1,829.2,995.04,251.2727272727273,13.395
0.402,1.165,0.582,4.144,0.869,1.112,0.4,0.4,0.1,0.1,567.5,681.0,171.96969696969697,23.97
1.319,1.101,0.627,2.305,0.245,4.052,0.4,0.4,0.1,0.1,1019.6,1223.52,308.969696969697,10.215
1.419,0.726,0.898,2.427,1.78,1.129,0.4,0.4,0.1,0.1,1032.1,1238.5199999999998,312.75757575757575,8.715
0.68,0.524,1.495,0.383,4.727,2.151,0.4,0.4,0.1,0.1,642.4,770.88,194.66666666666666,19.799999999999997
0.221,1.076,0.687,2.325,1.796,3.223,0.4,0.4,0.1,0.1,468.1,561.72,141.84848484848487,26.685
1.491,1.359,1.432,3.629,3.431,4.44,0.4,0.4,0.1,0.1,1131.4,1357.68,342.8484848484849,7.634999999999998
1.469,1.0,1.431,3.441,3.746,1.362,0.4,0.4,0.1,0.1,1084.5,1301.3999999999999,328.6363636363636,7.965
1.028,1.369,0.496,1.184,2.099,4.445,0.4,0.4,0.1,0.1,900.9,1081.08,273.0,14.58
0.592,0.231,0.554,3.264,4.151,1.901,0.4,0.4,0.1,0.1,569.1,682.92,172.45454545454547,21.12
0.333,0.728,1.071,3.907,3.785,0.181,0.4,0.4,0.1,0.1,489.3,587.16,148.27272727272728,25.005
0.434,0.469,0.924,2.008,2.907,2.526,0.4,0.4,0.1,0.1,513.9,616.68,155.72727272727272,23.490000000000002
0.474,1.313,0.614,1.778,1.165,4.821,0.4,0.4,0.1,0.1,618.3,741.9599999999999,187.36363636363637,22.89
1.158,1.254,0.365,2.536,1.085,3.346,0.4,0.4,0.1,0.1,954.4,1145.28,289.21212121212125,12.630000000000003
0.798,0.681,0.896,2.339,0.113,4.052,0.4,0.4,0.1,0.1,717.1,860.52,217.3030303030303,18.03
1.234,0.436,0.779,2.016,3.022,0.369,0.4,0.4,0.1,0.1,910.6,1092.72,275.93939393939394,11.490000000000002
1.437,0.168,0.524,4.098,1.844,4.11,0.4,0.4,0.1,0.1,985.3,1182.36,298.57575757575756,8.445
0.575,0.363,0.185,3.962,4.037,3.457,0.4,0.4,0.1,0.1,573.8,688.56,173.87878787878788,21.375
0.517,0.262,1.393,0.981,0.669,1.719,0.4,0.4,0.1,0.1,534.7,641.64,162.03030303030306,22.245
0.44,1.053,0.693,4.844,3.633,0.972,0.4,0.4,0.1,0.1,575.3,690.3599999999999,174.33333333333334,23.4
0.738,1.099,0.496,3.042,0.788,4.412,0.4,0.4,0.1,0.1,728.9,874.68,220.87878787878788,18.93
1.402,0.36,0.884,1.827,2.351,4.026,0.4,0.4,0.1,0.1,987.0,1184.3999999999999,299.0909090909091,8.970000000000002
0.566,0.231,1.401,4.246,1.845,1.528,0.4,0.4,0.1,0.1,556.1,667.32,168.51515151515153,21.51
1.309,1.396,0.281,0.538,0.651,0.063,0.4,0.4,0.1,0.1,1044.1,1252.9199999999998,316.3939393939394,10.365000000000002
0.392,0.71,1.135,4.376,0.361,3.687,0.4,0.4,0.1,0.1,517.0,620.4,156.66666666666669,24.12
0.505,1.372,1.368,2.448,1.714,3.669,0.4,0.4,0.1,0.1,639.7,767.64,193.84848484848487,22.425
0.833,0.764,1.187,0.397,2.716,3.103,0.4,0.4,0.1,0.1,742.9,891.4799999999999,225.12121212121212,17.505000000000003
1.144,0.159,0.53,4.009,0.597,2.05,0.4,0.4,0.1,0.1,837.9,1005.4799999999999,253.9090909090909,12.84
0.503,0.883,1.333,4.852,3.307,1.076,0.4,0.4,0.1,0.1,589.8,707.7599999999999,178.72727272727272,22.455
1.099,1.092,0.951,4.423,1.67,1.19,0.4,0.4,0.1,0.1,908.7,1090.44,275.3636363636364,13.515
1.032,0.728,0.492,2.271,2.613,1.648,0.4,0.4,0.1,0.1,838.8,1006.56,254.1818181818182,14.52
0.322,0.328,0.679,3.087,0.694,2.365,0.4,0.4,0.1,0.1,443.8,532.56,134.4848484848485,25.17
0.716,0.547,1.376,4.369,4.182,0.925,0.4,0.4,0.1,0.1,662.7,795.24,200.81818181818184,19.259999999999998
0.797,1.297,1.487,0.164,3.485,2.668,0.4,0.4,0.1,0.1,778.2,933.84,235.81818181818184,18.045
0.871,0.776,1.464,2.286,3.765,4.736,0.4,0.4,0.1,0.1,763.1,915.72,231.24242424242425,16.935000000000002
1.045,1.31,0.985,3.278,1.058,3.559,0.4,0.4,0.1,0.1,903.5,1084.2,273.7878787878788,14.325000000000001
0.674,1.305,0.376,2.798,1.397,0.769,0.4,0.4,0.1,0.1,717.5,861.0,217.42424242424244,19.89
0.454,0.451,0.892,1.863,0.321,4.486,0.4,0.4,0.1,0.1,522.1,626.52,158.21212121212122,23.189999999999998
1.094,0.709,0.271,2.968,3.212,0.061,0.4,0.4,0.1,0.1,867.9,1041.48,263.0,13.59
0.265,0.513,0.384,0.091,1.256,1.527,0.4,0.4,0.1,0.1,433.8,520.56,131.45454545454547,26.025
0.353,1.302,1.167,3.744,4.696,1.933,0.4,0.4,0.1,0.1,556.7,668.0400000000001,168.69696969696972,24.705
1.442,1.39,0.668,4.095,4.172,3.644,0.4,0.4,0.1,0.1,1110.0,1332.0,336.3636363636364,8.370000000000001
0.513,1.417,1.032,4.686,2.998,2.289,0.4,0.4,0.1,0.1,648.2,777.84,196.42424242424244,22.305
0.668,0.213,0.89,1.711,3.082,4.499,0.4,0.4,0.1,0.1,605.3,726.3599999999999,183.4242424242424,19.979999999999997
0.143,1.35,1.321,2.214,1.811,3.442,0.4,0.4,0.1,0.1,456.5,547.8,138.33333333333334,27.855
0.384,0.202,0.541,4.517,4.799,2.28,0.4,0.4,0.1,0.1,462.2,554.64,140.06060606060606,24.240000000000002
1.253,1.308,1.146,1.703,4.514,2.321,0.4,0.4,0.1,0.1,1007.3,1208.76,305.24242424242425,11.205000000000002
0.72,0.294,0.873,1.542,1.915,1.676,0.4,0.4,0.1,0.1,639.4,767.28,193.75757575757575,19.200000000000003
0.986,1.164,1.382,0.704,3.735,2.617,0.4,0.4,0.1,0.1,859.4,1031.28,260.42424242424244,15.21
1.061,0.13,0.473,0.228,1.156,2.192,0.4,0.4,0.1,0.1,793.5,952.1999999999999,240.45454545454547,14.085
0.817,0.348,0.432,2.055,0.235,2.85,0.4,0.4,0.1,0.1,693.3,831.9599999999999,210.0909090909091,17.745
0.431,1.1,1.385,3.618,0.329,0.361,0.4,0.4,0.1,0.1,575.5,690.6,174.3939393939394,23.535
0.192,0.582,0.641,1.658,1.764,1.349,0.4,0.4,0.1,0.1,404.2,485.03999999999996,122.48484848484848,27.12
0.126,0.622,0.764,0.347,3.513,0.502,0.4,0.4,0.1,0.1,375.2,450.23999999999995,113.6969696969697,28.11
0.946,1.098,0.379,2.853,0.716,3.088,0.4,0.4,0.1,0.1,832.8,999.3599999999999,252.36363636363637,15.81
0.999,1.289,1.189,3.317,4.631,0.34,0.4,0.4,0.1,0.1,878.4,1054.08,266.1818181818182,15.015
0.948,0.455,0.895,4.477,4.895,2.495,0.4,0.4,0.1,0.1,769.5,923.4,233.1818181818182,15.780000000000001
1.393,0.845,0.575,1.103,4.697,2.731,0.4,0.4,0.1,0.1,1031.0,1237.2,312.42424242424244,9.105
1.436,1.487,0.174,4.377,0.974,0.292,0.4,0.4,0.1,0.1,1116.7,1340.04,338.39393939393943,8.46
0.897,0.686,0.346,3.409,0.601,4.358,0.4,0.4,0.1,0.1,767.1,920.52,232.45454545454547,16.545
0.837,1.233,1.125,4.093,3.871,1.107,0.4,0.4,0.1,0.1,791.8,950.1599999999999,239.93939393939394,17.445
1.454,1.317,1.301,1.808,3.322,2.544,0.4,0.4,0.1,0.1,1108.7,1330.44,335.969696969697,8.190000000000001
0.332,0.747,1.144,3.908,0.821,4.265,0.4,0.4,0.1,0.1,490.7,588.8399999999999,148.6969696969697,25.02
1.326,1.387,0.796,1.985,1.786,1.924,0.4,0.4,0.1,0.1,1051.7,1262.04,318.69696969696975,10.11
1.222,1.053,0.359,2.453,1.424,3.523,0.4,0.4,0.1,0.1,966.3,1159.56,292.8181818181818,11.670000000000002
0.177,0.626,0.633,3.441,4.734,4.639,0.4,0.4,0.1,0.1,401.1,481.32,121.54545454545456,27.345
0.559,1.313,0.889,4.039,2.998,2.143,0.4,0.4,0.1,0.1,660.8,792.9599999999999,200.24242424242425,21.615
0.896,0.659,0.181,1.441,2.545,3.412,0.4,0.4,0.1,0.1,763.9,916.68,231.4848484848485,16.560000000000002
0.279,0.863,0.118,0.397,3.709,4.289,0.4,0.4,0.1,0.1,475.8,570.96,144.1818181818182,25.814999999999998
0.742,0.624,0.119,3.36,3.911,1.075,0.4,0.4,0.1,0.1,683.4,820.0799999999999,207.0909090909091,18.87
0.421,0.708,0.726,0.023,3.805,1.868,0.4,0.4,0.1,0.1,531.3,637.56,161.0,23.685000000000002
0.387,0.519,0.508,1.645,2.296,0.965,0.4,0.4,0.1,0.1,495.4,594.4799999999999,150.12121212121212,24.195
1.063,1.208,0.485,0.696,1.08,4.604,0.4,0.4,0.1,0.1,902.3,1082.76,273.42424242424244,14.055000000000001
1.121,0.833,1.26,2.591,0.489,0.794,0.4,0.4,0.1,0.1,893.8,1072.56,270.8484848484849,13.184999999999999
0.937,1.019,0.336,1.56,0.461,0.898,0.4,0.4,0.1,0.1,820.4,984.4799999999999,248.60606060606062,15.944999999999999
0.458,1.182,0.952,2.08,0.407,2.301,0.4,0.4,0.1,0.1,597.2,716.64,180.969696969697,23.13
0.729,0.676,1.231,0.951,4.587,1.648,0.4,0.4,0.1,0.1,682.1,818.52,206.69696969696972,19.064999999999998
0.912,1.267,0.914,2.525,2.478,4.141,0.4,0.4,0.1,0.1,832.7,999.24,252.33333333333337,16.32
0.701,0.973,1.05,0.16,2.12,2.618,0.4,0.4,0.1,0.1,697.8,837.3599999999999,211.45454545454544,19.485
0.955,1.176,0.139,1.298,2.083,3.29,0.4,0.4,0.1,0.1,845.1,1014.12,256.0909090909091,15.675
0.319,1.492,1.149,3.11,2.041,4.393,0.4,0.4,0.1,0.1,558.7,670.44,169.30303030303034,25.215
0.184,1.025,1.284,0.236,3.924,2.072,0.4,0.4,0.1,0.1,444.5,533.4,134.69696969696972,27.240000000000002
1.032,0.54,1.048,2.187,3.233,4.547,0.4,0.4,0.1,0.1,820.0,984.0,248.4848484848485,14.52
0.731,1.282,0.491,3.113,0.523,3.473,0.4,0.4,0.1,0.1,743.7,892.44,225.3636363636364,19.035
1.095,0.371,1.018,3.972,2.942,1.877,0.4,0.4,0.1,0.1,834.6,1001.52,252.90909090909093,13.575
0.81,0.115,0.463,3.832,0.366,2.502,0.4,0.4,0.1,0.1,666.5,799.8,201.96969696969697,17.85
0.97,1.203,1.017,3.021,3.045,3.274,0.4,0.4,0.1,0.1,855.3,1026.36,259.1818181818182,15.450000000000001
0.16,1.026,0.471,1.072,3.087,4.83,0.4,0.4,0.1,0.1,432.6,519.12,131.0909090909091,27.6
0.106,0.364,0.15,1.807,0.596,4.941,0.4,0.4,0.1,0.1,339.4,407.28,102.84848484848484,28.41
0.719,0.357,1.47,4.824,2.997,1.062,0.4,0.4,0.1,0.1,645.2,774.24,195.51515151515153,19.215
0.154,1.078,1.376,3.016,4.56,2.031,0.4,0.4,0.1,0.1,434.8,521.76,131.75757575757578,27.69
1.083,1.257,1.26,0.297,3.36,2.199,0.4,0.4,0.1,0.1,917.2,1100.64,277.939393939394,13.754999999999999
0.236,0.996,0.333,4.725,4.062,3.908,0.4,0.4,0.1,0.1,467.6,561.12,141.69696969696972,26.46
0.19,0.36,0.31,2.259,3.518,2.452,0.4,0.4,0.1,0.1,381.0,457.2,115.45454545454547,27.15
0.508,0.955,0.499,2.006,0.312,2.504,0.4,0.4,0.1,0.1,599.5,719.4,181.66666666666669,22.38
1.17,0.296,0.512,3.48,1.042,0.853,0.4,0.4,0.1,0.1,864.6,1037.52,262.0,12.450000000000003
1.482,1.286,0.151,3.981,1.223,1.583,0.4,0.4,0.1,0.1,1119.6,1343.5199999999998,339.27272727272725,7.77
0.703,0.941,0.231,0.72,1.349,2.696,0.4,0.4,0.1,0.1,695.6,834.72,210.7878787878788,19.455
1.067,0.177,0.552,1.048,4.93,0.177,0.4,0.4,0.1,0.1,801.2,961.44,242.7878787878788,13.995000000000001
0.126,1.253,0.246,3.665,0.981,3.828,0.4,0.4,0.1,0.1,438.29999999999995,525.9599999999999,132.8181818181818,28.11
1.421,1.157,0.497,4.155,2.733,2.825,0.4,0.4,0.1,0.1,1076.2,1291.44,326.1212121212121,8.684999999999999
0.413,1.319,0.362,1.378,4.35,0.919,0.4,0.4,0.1,0.1,588.4,706.0799999999999,178.3030303030303,23.805
0.895,0.533,1.02,3.396,2.726,2.884,0.4,0.4,0.1,0.1,750.8,900.9599999999999,227.5151515151515,16.575
1.321,1.306,1.132,4.362,4.737,2.832,0.4,0.4,0.1,0.1,1041.1,1249.32,315.4848484848485,10.185000000000002
0.47,1.485,1.212,4.068,3.414,1.262,0.4,0.4,0.1,0.1,633.5,760.1999999999999,191.96969696969697,22.95
0.94,1.453,0.578,3.57,0.05,1.517,0.4,0.4,0.1,0.1,865.3,1038.36,262.2121212121212,15.9
0.747,1.477,1.428,1.531,1.853,3.342,0.4,0.4,0.1,0.1,771.2,925.44,233.69696969696972,18.795
1.334,0.139,0.857,1.348,4.761,2.235,0.4,0.4,0.1,0.1,930.9,1117.08,282.0909090909091,9.989999999999998
0.335,0.159,0.622,1.824,0.781,1.658,0.4,0.4,0.1,0.1,433.4,520.0799999999999,131.33333333333334,24.975
0.275,1.38,0.13,0.574,2.127,3.653,0.4,0.4,0.1,0.1,525.5,630.6,159.24242424242425,25.875
1.173,0.314,0.669,0.562,4.866,2.505,0.4,0.4,0.1,0.1,867.9,1041.48,263.0,12.405000000000001
1.307,0.9,1.459,0.708,1.969,2.117,0.4,0.4,0.1,0.1,993.5,1192.2,301.06060606060606,10.395
1.021,0.984,0.568,2.891,1.68,3.737,0.4,0.4,0.1,0.1,858.9,1030.6799999999998,260.27272727272725,14.685000000000002
1.471,0.672,0.454,2.91,1.652,0.031,0.4,0.4,0.1,0.1,1052.7,1263.24,319.00000000000006,7.934999999999999
0.737,1.245,0.191,4.166,0.76,1.688,0.4,0.4,0.1,0.1,743.0,891.6,225.15151515151516,18.945
0.586,0.101,1.273,2.314,2.717,2.806,0.4,0.4,0.1,0.1,553.1,663.72,167.60606060606062,21.21
0.964,1.059,0.246,1.021,0.636,0.191,0.4,0.4,0.1,0.1,837.9,1005.4799999999999,253.9090909090909,15.540000000000001
0.237,0.463,0.802,4.715,4.406,3.522,0.4,0.4,0.1,0.1,414.8,497.76,125.6969696969697,26.445
0.904,0.757,0.394,4.39,2.861,1.198,0.4,0.4,0.1,0.1,777.7,933.24,235.66666666666669,16.439999999999998
0.9,0.706,1.061,3.313,0.793,1.999,0.4,0.4,0.1,0.1,770.6,924.72,233.51515151515153,16.5
0.858,0.291,0.223,1.012,0.541,3.354,0.4,0.4,0.1,0.1,708.1,849.72,214.5757575757576,17.130000000000003
0.298,0.881,0.39,4.184,1.796,1.866,0.4,0.4,0.1,0.1,487.1,584.52,147.60606060606062,25.53
1.123,0.253,0.978,3.652,4.949,3.949,0.4,0.4,0.1,0.1,836.8,1004.1599999999999,253.57575757575756,13.155000000000001
0.707,0.797,0.223,2.52,2.177,3.908,0.4,0.4,0.1,0.1,683.2,819.84,207.03030303030306,19.395000000000003
1.158,0.892,0.361,3.196,1.197,4.413,0.4,0.4,0.1,0.1,918.2,1101.84,278.24242424242425,12.630000000000003
1.176,0.765,0.652,3.986,4.658,0.679,0.4,0.4,0.1,0.1,914.5,1097.3999999999999,277.1212121212121,12.36
0.25,1.271,1.015,0.816,4.464,2.188,0.4,0.4,0.1,0.1,502.1,602.52,152.15151515151516,26.25
1.062,0.587,0.129,4.001,0.862,0.503,0.4,0.4,0.1,0.1,839.7,1007.64,254.4545454545455,14.069999999999999
1.288,0.688,1.022,1.632,0.798,0.148,0.4,0.4,0.1,0.1,962.8,1155.36,291.75757575757575,10.68
0.868,1.282,0.54,0.739,2.591,1.694,0.4,0.4,0.1,0.1,812.2,974.64,246.12121212121215,16.98
0.778,1.001,1.124,3.191,1.843,4.905,0.4,0.4,0.1,0.1,739.1,886.92,223.969696969697,18.33
1.433,1.189,1.298,0.678,4.325,2.166,0.4,0.4,0.1,0.1,1085.4,1302.48,328.90909090909093,8.504999999999999
1.363,0.111,1.353,1.603,0.035,1.014,0.4,0.4,0.1,0.1,942.6,1131.12,285.6363636363637,9.555
0.588,1.221,1.384,4.135,4.093,1.04,0.4,0.4,0.1,0.1,666.1,799.32,201.84848484848487,21.18
0.465,1.173,0.412,0.38,2.907,1.749,0.4,0.4,0.1,0.1,599.8,719.7599999999999,181.75757575757575,23.025
0.393,0.851,1.377,2.516,1.297,2.338,0.4,0.4,0.1,0.1,531.6,637.92,161.0909090909091,24.105
0.562,1.347,0.567,4.121,3.096,2.156,0.4,0.4,0.1,0.1,665.7,798.84,201.72727272727275,21.57
0.626,0.536,0.868,0.123,1.549,2.71,0.4,0.4,0.1,0.1,616.6,739.92,186.84848484848487,20.61
1.143,0.269,1.059,4.672,2.403,0.791,0.4,0.4,0.1,0.1,848.4,1018.0799999999999,257.0909090909091,12.855
0.916,1.281,0.574,3.421,4.112,2.968,0.4,0.4,0.1,0.1,836.1,1003.3199999999999,253.36363636363637,16.259999999999998
0.701,0.18,0.157,4.104,3.266,1.066,0.4,0.4,0.1,0.1,618.5,742.1999999999999,187.42424242424244,19.485
1.078,0.796,1.113,3.494,3.031,3.238,0.4,0.4,0.1,0.1,868.6,1042.32,263.21212121212125,13.829999999999998
0.693,0.686,0.274,4.034,1.213,1.017,0.4,0.4,0.1,0.1,665.1,798.12,201.54545454545456,19.605
0.268,0.399,0.613,0.361,3.84,1.624,0.4,0.4,0.1,0.1,423.9,508.67999999999995,128.45454545454547,25.98
0.904,0.192,0.173,2.873,2.692,2.539,0.4,0.4,0.1,0.1,721.2,865.44,218.54545454545456,16.439999999999998
1.469,0.335,0.123,3.906,0.166,4.353,0.4,0.4,0.1,0.1,1018.0,1221.6,308.4848484848485,7.965
0.631,0.248,0.931,1.153,4.789,0.083,0.4,0.4,0.1,0.1,590.3,708.3599999999999,178.87878787878788,20.535
0.124,0.466,1.497,0.744,2.603,3.137,0.4,0.4,0.1,0.1,358.6,430.32,108.66666666666669,28.14
1.487,0.363,1.176,1.589,2.549,1.6,0.4,0.4,0.1,0.1,1029.8,1235.76,312.06060606060606,7.695
1.186,1.245,0.506,4.517,1.616,4.681,0.4,0.4,0.1,0.1,967.5,1161.0,293.1818181818182,12.21
0.235,0.103,0.472,4.419,1.264,4.404,0.4,0.4,0.1,0.1,377.8,453.36,114.4848484848485,26.475
0.728,1.257,1.309,0.074,3.532,2.836,0.4,0.4,0.1,0.1,739.7,887.64,224.15151515151518,19.08
1.097,1.492,0.602,4.747,2.298,2.603,0.4,0.4,0.1,0.1,947.7,1137.24,287.1818181818182,13.545000000000002
1.039,0.392,0.933,4.777,1.261,4.974,0.4,0.4,0.1,0.1,808.7,970.44,245.0606060606061,14.415000000000001
0.214,1.353,0.957,2.56,2.135,0.127,0.4,0.4,0.1,0.1,492.3,590.76,149.1818181818182,26.79
1.073,1.477,0.662,2.888,0.434,3.197,0.4,0.4,0.1,0.1,934.2,1121.04,283.0909090909091,13.905000000000001
1.08,0.133,1.259,3.32,3.964,4.482,0.4,0.4,0.1,0.1,803.3,963.9599999999999,243.42424242424244,13.799999999999997
0.377,1.382,1.494,3.335,2.477,2.614,0.4,0.4,0.1,0.1,576.7,692.0400000000001,174.75757575757578,24.345
0.193,0.506,0.704,0.81,0.629,2.246,0.4,0.4,0.1,0.1,397.1,476.52,120.33333333333334,27.105
0.78,0.97,0.433,2.258,0.806,3.263,0.4,0.4,0.1,0.1,737.0,884.4,223.33333333333334,18.299999999999997
0.316,0.28,1.29,1.818,2.615,4.625,0.4,0.4,0.1,0.1,436.0,523.1999999999999,132.12121212121212,25.259999999999998
1.119,1.151,0.545,3.995,1.418,3.775,0.4,0.4,0.1,0.1,924.6,1109.52,280.1818181818182,13.215
0.602,1.305,0.4,1.4,0.968,1.845,0.4,0.4,0.1,0.1,681.5,817.8,206.51515151515153,20.97
0.916,1.184,0.761,0.539,4.982,4.219,0.4,0.4,0.1,0.1,826.4,991.68,250.42424242424244,16.259999999999998
1.267,0.56,0.533,2.637,4.317,4.431,0.4,0.4,0.1,0.1,939.5,1127.3999999999999,284.6969696969697,10.995000000000001
0.589,0.28,0.981,2.837,3.96,1.959,0.4,0.4,0.1,0.1,572.5,687.0,173.4848484848485,21.165
0.57,1.463,1.001,1.822,2.132,4.418,0.4,0.4,0.1,0.1,681.3,817.56,206.45454545454544,21.450000000000003
0.349,0.812,0.515,1.068,2.99,4.593,0.4,0.4,0.1,0.1,505.7,606.8399999999999,153.24242424242425,24.765
1.171,0.888,0.865,2.574,4.051,3.598,0.4,0.4,0.1,0.1,924.3,1109.1599999999999,280.09090909090907,12.434999999999999
0.874,0.449,1.348,3.168,2.756,3.422,0.4,0.4,0.1,0.1,731.9,878.28,221.78787878787878,16.89
1.412,1.46,1.276,2.205,1.761,2.959,0.4,0.4,0.1,0.1,1102.0,1322.3999999999999,333.93939393939394,8.82
0.255,0.226,0.626,0.194,3.501,0.252,0.4,0.4,0.1,0.1,400.1,480.12,121.24242424242425,26.175
0.379,0.403,0.76,3.678,2.054,4.811,0.4,0.4,0.1,0.1,479.8,575.76,145.3939393939394,24.314999999999998
0.507,0.905,1.309,0.728,4.685,0.072,0.4,0.4,0.1,0.1,594.0,712.8,180.0,22.395
1.111,0.504,0.324,2.779,3.532,4.878,0.4,0.4,0.1,0.1,855.9,1027.08,259.3636363636364,13.335
0.652,0.807,1.191,4.803,1.939,3.732,0.4,0.4,0.1,0.1,656.7,788.0400000000001,199.00000000000003,20.22
1.438,0.269,0.951,0.374,2.223,4.042,0.4,0.4,0.1,0.1,995.9,1195.08,301.7878787878788,8.43
0.625,0.335,1.394,2.611,3.925,0.178,0.4,0.4,0.1,0.1,596.0,715.1999999999999,180.60606060606062,20.625
1.487,0.451,0.742,1.311,4.138,1.447,0.4,0.4,0.1,0.1,1038.6,1246.32,314.7272727272727,7.695
0.658,0.734,1.456,2.628,4.295,1.061,0.4,0.4,0.1,0.1,652.4,782.88,197.6969696969697,20.13
0.3,0.523,0.408,0.946,0.012,0.504,0.4,0.4,0.1,0.1,452.3,542.76,137.06060606060606,25.5
1.142,1.394,0.516,1.37,2.038,0.296,0.4,0.4,0.1,0.1,960.4,1152.48,291.03030303030306,12.870000000000001
0.993,0.606,0.99,2.076,1.228,4.159,0.4,0.4,0.1,0.1,807.1,968.52,244.5757575757576,15.105
0.521,0.705,1.146,2.144,1.88,3.684,0.4,0.4,0.1,0.1,581.0,697.1999999999999,176.06060606060606,22.185
0.335,1.243,0.511,2.621,1.605,2.455,0.4,0.4,0.1,0.1,541.8,650.16,164.1818181818182,24.975
0.242,0.743,0.525,2.222,0.334,1.687,0.4,0.4,0.1,0.1,445.3,534.36,134.93939393939394,26.37
1.09,1.212,0.639,2.015,3.788,2.476,0.4,0.4,0.1,0.1,916.2,1099.44,277.6363636363637,13.649999999999999
1.467,0.749,1.023,0.306,4.122,4.781,0.4,0.4,0.1,0.1,1058.4,1270.0800000000002,320.72727272727275,7.994999999999997
0.172,1.172,1.016,2.144,0.328,0.671,0.4,0.4,0.1,0.1,453.2,543.8399999999999,137.33333333333334,27.42
0.118,1.135,1.331,1.338,1.357,1.919,0.4,0.4,0.1,0.1,422.5,507.0,128.03030303030303,28.23
0.318,0.388,0.469,0.03,0.954,4.856,0.4,0.4,0.1,0.1,447.8,537.36,135.69696969696972,25.23
0.83,1.473,1.079,4.955,0.824,2.132,0.4,0.4,0.1,0.1,812.3,974.7599999999999,246.15151515151516,17.55
0.143,1.377,1.217,3.013,4.242,2.61,0.4,0.4,0.1,0.1,459.2,551.04,139.15151515151516,27.855
0.807,0.267,0.739,2.59,0.96,0.47,0.4,0.4,0.1,0.1,680.2,816.24,206.12121212121215,17.895
0.536,1.027,0.504,1.298,2.065,4.776,0.4,0.4,0.1,0.1,620.7,744.84,188.09090909090912,21.96
1.26,0.505,0.379,4.653,0.01,2.597,0.4,0.4,0.1,0.1,930.5,1116.6,281.969696969697,11.100000000000001
1.38,1.446,0.557,3.233,2.395,0.099,0.4,0.4,0.1,0.1,1084.6,1301.5199999999998,328.66666666666663,9.3
0.114,0.755,1.297,2.027,4.178,0.936,0.4,0.4,0.1,0.1,382.5,459.0,115.90909090909092,28.29
1.358,0.945,1.398,1.707,4.689,0.567,0.4,0.4,0.1,0.1,1023.5,1228.2,310.1515151515152,9.629999999999999
0.127,1.048,0.579,0.481,0.144,4.093,0.4,0.4,0.1,0.1,418.3,501.96,126.75757575757576,28.095
0.534,0.443,0.808,1.661,3.465,3.985,0.4,0.4,0.1,0.1,561.3,673.56,170.0909090909091,21.990000000000002
0.25,1.136,1.336,4.168,1.849,1.516,0.4,0.4,0.1,0.1,488.6,586.32,148.06060606060606,26.25
0.88,0.292,0.159,3.797,1.519,2.041,0.4,0.4,0.1,0.1,719.2,863.0400000000001,217.93939393939397,16.8
1.242,0.735,1.149,3.523,2.689,2.932,0.4,0.4,0.1,0.1,944.5,1133.3999999999999,286.21212121212125,11.370000000000001
0.669,0.704,0.551,3.736,1.614,2.245,0.4,0.4,0.1,0.1,654.9,785.88,198.45454545454547,19.965
0.684,1.088,1.377,3.484,4.221,1.521,0.4,0.4,0.1,0.1,700.8,840.9599999999999,212.36363636363637,19.74
0.553,1.058,1.126,1.379,3.066,0.984,0.4,0.4,0.1,0.1,632.3,758.7599999999999,191.6060606060606,21.705
0.7,1.212,1.169,2.366,4.372,2.176,0.4,0.4,0.1,0.1,721.2,865.44,218.54545454545456,19.5
0.648,0.353,0.179,4.918,0.528,2.09,0.4,0.4,0.1,0.1,609.3,731.16,184.63636363636363,20.28
0.553,0.175,0.736,3.916,0.797,2.084,0.4,0.4,0.1,0.1,544.0,652.8,164.84848484848484,21.705
0.547,0.49,0.738,0.297,0.17,2.554,0.4,0.4,0.1,0.1,572.5,687.0,173.4848484848485,21.795
0.513,0.177,0.524,0.552,4.482,4.473,0.4,0.4,0.1,0.1,524.2,629.0400000000001,158.84848484848487,22.305
1.217,0.666,0.371,0.788,0.268,2.352,0.4,0.4,0.1,0.1,925.1,1110.12,280.33333333333337,11.744999999999997
0.287,0.958,1.259,1.388,4.14,0.038,0.4,0.4,0.1,0.1,489.3,587.16,148.27272727272728,25.695
0.121,1.161,0.14,2.722,2.322,3.822,0.4,0.4,0.1,0.1,426.6,511.92,129.27272727272728,28.185
1.123,0.988,0.191,3.124,1.097,0.633,0.4,0.4,0.1,0.1,910.3,1092.36,275.8484848484849,13.155000000000001
0.847,1.396,1.02,4.006,3.639,4.826,0.4,0.4,0.1,0.1,813.1,975.72,246.3939393939394,17.295
1.211,1.38,1.067,0.024,4.667,4.781,0.4,0.4,0.1,0.1,993.5,1192.2,301.06060606060606,11.834999999999997
0.963,1.08,0.292,4.104,0.038,3.444,0.4,0.4,0.1,0.1,839.5,1007.4,254.3939393939394,15.555
1.326,0.939,1.436,4.102,4.046,1.849,0.4,0.4,0.1,0.1,1006.9,1208.28,305.1212121212121,10.11
0.156,0.295,1.424,0.275,0.834,3.886,0.4,0.4,0.1,0.1,357.5,429.0,108.33333333333334,27.66
0.106,0.259,0.755,2.098,1.505,4.172,0.4,0.4,0.1,0.1,328.9,394.67999999999995,99.66666666666667,28.41
1.365,1.256,0.313,4.181,2.19,3.055,0.4,0.4,0.1,0.1,1058.1,1269.7199999999998,320.6363636363636,9.524999999999999
0.292,1.051,0.27,0.924,0.088,0.948,0.4,0.4,0.1,0.1,501.1,601.32,151.84848484848487,25.62
1.275,0.176,0.873,4.082,1.666,4.131,0.4,0.4,0.1,0.1,905.1,1086.12,274.2727272727273,10.875
0.362,1.232,0.77,4.255,1.055,1.477,0.4,0.4,0.1,0.1,554.2,665.0400000000001,167.93939393939397,24.57
0.768,0.82,0.711,3.609,3.419,0.374,0.4,0.4,0.1,0.1,716.0,859.1999999999999,216.96969696969697,18.48
0.736,1.133,0.616,3.408,1.297,2.803,0.4,0.4,0.1,0.1,731.3,877.56,221.6060606060606,18.96
1.085,0.127,0.49,4.728,2.384,1.905,0.4,0.4,0.1,0.1,805.2,966.24,244.00000000000003,13.725000000000001
0.958,0.967,0.804,1.752,1.215,2.815,0.4,0.4,0.1,0.1,825.7,990.84,250.21212121212125,15.63
0.116,0.851,0.996,0.65,4.085,3.203,0.4,0.4,0.1,0.1,393.1,471.72,119.12121212121214,28.26
0.792,0.838,0.162,3.456,1.999,2.616,0.4,0.4,0.1,0.1,729.8,875.7599999999999,221.15151515151516,18.119999999999997
1.287,1.211,0.622,3.937,3.071,0.12,0.4,0.4,0.1,0.1,1014.6,1217.52,307.4545454545455,10.695
0.441,0.27,0.918,4.951,1.613,4.213,0.4,0.4,0.1,0.1,497.5,597.0,150.75757575757578,23.384999999999998
1.23,1.262,0.795,2.178,0.408,0.835,0.4,0.4,0.1,0.1,991.2,1189.44,300.3636363636364,11.55
0.64,1.249,0.995,3.954,1.601,2.301,0.4,0.4,0.1,0.1,694.9,833.88,210.5757575757576,20.4
1.145,0.49,0.864,0.133,0.145,4.006,0.4,0.4,0.1,0.1,871.5,1045.8,264.0909090909091,12.825
1.436,1.495,0.743,2.587,0.967,2.428,0.4,0.4,0.1,0.1,1117.5,1341.0,338.6363636363637,8.46
0.909,1.146,1.038,3.465,2.951,1.463,0.4,0.4,0.1,0.1,819.1,982.92,248.21212121212125,16.365000000000002
1.367,1.328,0.816,3.544,4.886,1.828,0.4,0.4,0.1,0.1,1066.3,1279.56,323.1212121212121,9.495000000000001
0.199,0.654,0.281,1.17,3.977,2.024,0.4,0.4,0.1,0.1,414.9,497.87999999999994,125.72727272727273,27.015
0.333,1.253,1.123,3.079,3.373,3.88,0.4,0.4,0.1,0.1,541.8,650.16,164.1818181818182,25.005
1.168,0.458,0.929,1.411,1.161,2.281,0.4,0.4,0.1,0.1,879.8,1055.76,266.6060606060606,12.48
0.717,0.546,0.717,4.897,4.988,2.114,0.4,0.4,0.1,0.1,663.1,795.72,200.93939393939397,19.245
0.895,0.958,1.133,2.841,0.014,4.832,0.4,0.4,0.1,0.1,793.3,951.9599999999999,240.3939393939394,16.575
0.15,0.861,0.768,4.422,2.98,2.557,0.4,0.4,0.1,0.1,411.1,493.32,124.57575757575759,27.75
0.728,0.884,0.158,3.673,4.028,3.021,0.4,0.4,0.1,0.1,702.4,842.88,212.84848484848484,19.08
1.331,0.746,0.914,1.923,0.643,2.797,0.4,0.4,0.1,0.1,990.1,1188.12,300.03030303030306,10.035
1.139,1.079,1.403,1.532,0.893,4.645,0.4,0.4,0.1,0.1,927.4,1112.8799999999999,281.03030303030306,12.915
0.175,0.237,0.627,3.928,3.076,0.081,0.4,0.4,0.1,0.1,361.2,433.44,109.45454545454545,27.375
1.184,1.417,0.386,0.831,2.566,0.948,0.4,0.4,0.1,0.1,983.7,1180.44,298.0909090909091,12.240000000000002
0.884,0.541,0.154,0.188,1.46,1.851,0.4,0.4,0.1,0.1,746.1,895.32,226.09090909090912,16.740000000000002
0.733,1.023,1.42,1.833,3.53,1.033,0.4,0.4,0.1,0.1,718.8,862.56,217.8181818181818,19.005000000000003
0.493,1.46,0.792,4.739,2.006,3.549,0.4,0.4,0.1,0.1,642.5,771.0,194.69696969696972,22.605
0.301,0.135,1.072,0.142,4.936,2.242,0.4,0.4,0.1,0.1,414.0,496.79999999999995,125.45454545454547,25.485
0.514,1.251,0.41,3.134,2.628,2.546,0.4,0.4,0.1,0.1,632.1,758.52,191.54545454545456,22.29
0.838,1.198,0.727,0.565,1.792,3.891,0.4,0.4,0.1,0.1,788.8,946.56,239.03030303030303,17.43
1.18,0.646,0.382,4.9,2.559,3.317,0.4,0.4,0.1,0.1,904.6,1085.52,274.1212121212121,12.3
1.012,1.283,1.097,1.007,3.222,4.924,0.4,0.4,0.1,0.1,884.3,1061.1599999999999,267.969696969697,14.82
0.41,1.32,1.46,3.962,0.583,3.484,0.4,0.4,0.1,0.1,587.0,704.4,177.87878787878788,23.85
0.617,0.724,1.102,4.807,1.846,2.489,0.4,0.4,0.1,0.1,630.9,757.0799999999999,191.1818181818182,20.745
1.248,1.007,0.784,4.742,1.161,3.727,0.4,0.4,0.1,0.1,974.7,1169.64,295.3636363636364,11.280000000000001
0.732,0.737,1.399,0.968,0.249,1.251,0.4,0.4,0.1,0.1,689.7,827.64,209.00000000000003,19.02
0.426,1.261,0.831,1.747,3.0,2.465,0.4,0.4,0.1,0.1,589.1,706.92,178.51515151515153,23.61
0.704,0.753,0.443,4.475,1.979,1.485,0.4,0.4,0.1,0.1,677.3,812.7599999999999,205.24242424242425,19.44
1.228,0.872,0.481,0.891,2.525,3.005,0.4,0.4,0.1,0.1,951.2,1141.44,288.24242424242425,11.580000000000002
0.776,0.367,0.987,0.648,4.183,1.312,0.4,0.4,0.1,0.1,674.7,809.64,204.45454545454547,18.36
1.443,0.517,0.616,3.321,4.657,4.878,0.4,0.4,0.1,0.1,1023.2,1227.84,310.0606060606061,8.355
1.31,1.09,1.115,1.344,0.687,1.422,0.4,0.4,0.1,0.1,1014.0,1216.8,307.2727272727273,10.349999999999998
0.807,1.387,0.82,4.138,2.283,3.622,0.4,0.4,0.1,0.1,792.2,950.64,240.0606060606061,17.895
1.231,1.363,0.303,1.163,2.89,0.263,0.4,0.4,0.1,0.1,1001.8,1202.1599999999999,303.57575757575756,11.535
1.479,0.939,0.604,2.186,2.62,4.926,0.4,0.4,0.1,0.1,1083.4,1300.0800000000002,328.30303030303037,7.814999999999998
1.235,0.881,1.333,3.013,4.262,0.637,0.4,0.4,0.1,0.1,955.6,1146.72,289.5757575757576,11.474999999999998
0.542,1.347,0.177,4.184,3.209,4.312,0.4,0.4,0.1,0.1,655.7,786.84,198.69696969696972,21.869999999999997
1.194,1.051,1.174,3.882,3.938,2.866,0.4,0.4,0.1,0.1,952.1,1142.52,288.51515151515156,12.09
0.602,0.235,0.614,0.83,4.295,0.229,0.4,0.4,0.1,0.1,574.5,689.4,174.0909090909091,20.97
1.149,1.048,0.208,4.255,3.694,2.577,0.4,0.4,0.1,0.1,929.3,1115.1599999999999,281.6060606060606,12.765
1.109,1.401,1.043,3.098,2.765,3.523,0.4,0.4,0.1,0.1,944.6,1133.52,286.24242424242425,13.365000000000002
1.378,0.304,1.295,4.051,3.445,0.033,0.4,0.4,0.1,0.1,969.4,1163.28,293.75757575757575,9.330000000000002
0.548,0.329,0.888,4.621,0.703,2.89,0.4,0.4,0.1,0.1,556.9,668.28,168.75757575757575,21.78
0.301,0.707,0.722,1.591,1.537,0.558,0.4,0.4,0.1,0.1,471.2,565.4399999999999,142.78787878787878,25.485
0.693,0.585,0.604,0.165,4.698,0.232,0.4,0.4,0.1,0.1,655.0,786.0,198.4848484848485,19.605
0.998,1.293,0.24,0.066,2.734,0.477,0.4,0.4,0.1,0.1,878.3,1053.9599999999998,266.1515151515151,15.03
0.813,0.806,0.278,4.048,2.457,0.637,0.4,0.4,0.1,0.1,737.1,884.52,223.36363636363637,17.805
0.488,0.503,0.984,4.238,4.866,2.936,0.4,0.4,0.1,0.1,544.3,653.16,164.93939393939394,22.68
0.377,1.144,0.527,1.373,4.163,0.112,0.4,0.4,0.1,0.1,552.9,663.4799999999999,167.54545454545456,24.345
0.355,1.249,0.196,4.974,0.498,2.341,0.4,0.4,0.1,0.1,552.4,662.88,167.3939393939394,24.675
0.832,0.409,0.606,4.492,2.089,0.158,0.4,0.4,0.1,0.1,706.9,848.28,214.21212121212122,17.520000000000003
0.743,0.747,1.172,3.762,2.509,3.66,0.4,0.4,0.1,0.1,696.2,835.44,210.969696969697,18.855
0.763,0.707,1.0,1.121,4.723,1.235,0.4,0.4,0.1,0.1,702.2,842.64,212.7878787878788,18.555
1.467,1.101,1.109,1.044,1.346,4.268,0.4,0.4,0.1,0.1,1093.6,1312.32,331.3939393939394,7.994999999999997
1.247,0.713,1.109,0.4,0.064,2.522,0.4,0.4,0.1,0.1,944.8,1133.76,286.3030303030303,11.294999999999998
1.113,0.632,1.456,2.37,1.943,1.138,0.4,0.4,0.1,0.1,869.7,1043.64,263.54545454545456,13.305
0.938,1.494,0.866,3.9,0.82,4.452,0.4,0.4,0.1,0.1,868.4,1042.08,263.1515151515152,15.930000000000001
0.216,0.396,0.513,2.23,0.098,1.04,0.4,0.4,0.1,0.1,397.6,477.12,120.4848484848485,26.76
0.29,1.032,1.155,4.516,3.091,2.707,0.4,0.4,0.1,0.1,498.2,597.8399999999999,150.96969696969697,25.65
1.295,0.95,1.403,4.081,4.315,4.165,0.4,0.4,0.1,0.1,992.5,1191.0,300.75757575757575,10.575000000000003
1.167,0.359,1.393,1.972,2.067,1.71,0.4,0.4,0.1,0.1,869.4,1043.28,263.45454545454544,12.495000000000001
0.479,0.455,0.491,3.571,3.915,2.582,0.4,0.4,0.1,0.1,535.0,642.0,162.12121212121212,22.815
1.229,1.12,0.942,2.908,4.131,1.615,0.4,0.4,0.1,0.1,976.5,1171.8,295.90909090909093,11.564999999999998
0.274,0.847,0.176,3.785,0.767,0.368,0.4,0.4,0.1,0.1,471.7,566.04,142.93939393939394,25.89
1.006,0.321,0.904,3.918,0.218,3.39,0.4,0.4,0.1,0.1,785.1,942.12,237.90909090909093,14.91
1.281,1.133,0.147,4.32,3.978,2.702,0.4,0.4,0.1,0.1,1003.8,1204.56,304.1818181818182,10.785
1.408,0.631,1.209,3.071,0.866,0.8,0.4,0.4,0.1,0.1,1017.1,1220.52,308.21212121212125,8.880000000000003
0.528,1.221,0.707,1.938,3.269,3.966,0.4,0.4,0.1,0.1,636.1,763.32,192.75757575757578,22.08
0.685,1.366,0.423,4.73,4.137,3.265,0.4,0.4,0.1,0.1,729.1,874.92,220.93939393939397,19.725
1.385,0.936,0.488,3.157,1.807,2.671,0.4,0.4,0.1,0.1,1036.1,1243.32,313.96969696969694,9.225000000000001
1.425,1.32,0.822,4.538,4.979,2.603,0.4,0.4,0.1,0.1,1094.5,1313.3999999999999,331.6666666666667,8.625
0.314,1.425,1.442,2.875,3.513,1.23,0.4,0.4,0.1,0.1,549.5,659.4,166.51515151515153,25.29
1.127,0.224,1.056,4.914,2.591,2.571,0.4,0.4,0.1,0.1,835.9,1003.0799999999999,253.3030303030303,13.094999999999999
0.575,0.282,0.113,0.975,1.27,2.04,0.4,0.4,0.1,0.1,565.7,678.84,171.42424242424244,21.375
1.229,0.443,1.445,1.514,2.884,2.697,0.4,0.4,0.1,0.1,908.8,1090.56,275.3939393939394,11.564999999999998
0.563,0.52,1.06,2.727,2.155,3.124,0.4,0.4,0.1,0.1,583.5,700.1999999999999,176.81818181818184,21.555
0.159,1.237,0.603,1.275,3.794,4.121,0.4,0.4,0.1,0.1,453.20000000000005,543.84,137.33333333333334,27.615
1.444,0.363,0.795,0.769,3.468,0.305,0.4,0.4,0.1,0.1,1008.3,1209.9599999999998,305.54545454545456,8.34
0.84,0.985,1.365,1.725,2.542,4.91,0.4,0.4,0.1,0.1,768.5,922.1999999999999,232.8787878787879,17.4
0.11,0.257,0.416,4.638,3.962,4.886,0.4,0.4,0.1,0.1,330.7,396.84,100.21212121212122,28.35
0.37,1.35,0.723,0.308,1.959,3.265,0.4,0.4,0.1,0.1,570.0,684.0,172.72727272727275,24.45
1.498,0.877,1.098,3.333,3.061,4.32,0.4,0.4,0.1,0.1,1086.7,1304.04,329.3030303030303,7.530000000000001
0.443,1.341,0.916,0.383,1.137,4.026,0.4,0.4,0.1,0.1,605.6,726.72,183.51515151515153,23.355
0.935,1.361,0.746,3.505,2.39,3.003,0.4,0.4,0.1,0.1,853.6,1024.32,258.6666666666667,15.975
0.461,0.48,0.532,3.524,3.735,4.851,0.4,0.4,0.1,0.1,528.5,634.1999999999999,160.15151515151516,23.085
0.742,0.183,0.6,3.256,3.482,4.668,0.4,0.4,0.1,0.1,639.3,767.16,193.72727272727272,18.87
1.022,1.311,0.849,4.431,2.917,0.094,0.4,0.4,0.1,0.1,892.1,1070.52,270.33333333333337,14.67
0.601,0.752,1.26,4.125,1.82,0.419,0.4,0.4,0.1,0.1,625.7,750.84,189.60606060606062,20.985
1.016,0.208,0.742,1.015,4.495,3.917,0.4,0.4,0.1,0.1,778.8,934.56,236.0,14.76
0.347,0.741,1.278,1.425,1.244,0.169,0.4,0.4,0.1,0.1,497.6,597.12,150.7878787878788,24.795
0.37,0.139,0.452,4.484,0.181,3.693,0.4,0.4,0.1,0.1,448.9,538.68,136.03030303030303,24.45
0.588,0.473,0.896,2.707,2.949,3.929,0.4,0.4,0.1,0.1,591.3,709.56,179.1818181818182,21.18
0.791,0.427,1.302,1.271,2.908,2.559,0.4,0.4,0.1,0.1,688.2,825.84,208.54545454545456,18.134999999999998
0.466,0.932,1.47,4.796,2.972,1.8,0.4,0.4,0.1,0.1,576.2,691.44,174.60606060606062,23.009999999999998
0.751,0.447,1.041,0.271,0.238,0.798,0.4,0.4,0.1,0.1,670.2,804.24,203.09090909090912,18.735
0.884,0.167,1.038,3.289,0.132,4.383,0.4,0.4,0.1,0.1,708.7,850.44,214.75757575757578,16.740000000000002
0.716,0.425,0.386,0.163,2.766,1.152,0.4,0.4,0.1,0.1,650.5,780.6,197.12121212121212,19.259999999999998
0.138,0.689,1.327,0.526,2.666,4.035,0.4,0.4,0.1,0.1,387.9,465.47999999999996,117.54545454545455,27.93
0.143,1.214,0.118,1.436,4.097,3.977,0.4,0.4,0.1,0.1,442.9,531.4799999999999,134.21212121212122,27.855
0.714,0.498,0.166,3.676,1.589,4.177,0.4,0.4,0.1,0.1,656.8,788.16,199.03030303030303,19.29
1.366,0.751,1.293,0.033,3.161,2.033,0.4,0.4,0.1,0.1,1008.1,1209.72,305.4848484848485,9.509999999999998
0.14,1.456,0.962,3.0,3.384,1.316,0.4,0.4,0.1,0.1,465.6,558.72,141.0909090909091,27.9
0.626,1.191,0.343,0.402,3.061,3.854,0.4,0.4,0.1,0.1,682.1,818.52,206.69696969696972,20.61
1.299,0.703,0.252,0.637,3.691,3.512,0.4,0.4,0.1,0.1,969.8,1163.76,293.8787878787879,10.515
0.541,1.057,1.306,4.905,2.888,1.232,0.4,0.4,0.1,0.1,626.2,751.44,189.75757575757578,21.884999999999998
0.921,1.396,0.15,3.342,3.677,3.633,0.4,0.4,0.1,0.1,850.1,1020.12,257.6060606060606,16.185
1.151,0.179,1.326,2.165,2.645,2.41,0.4,0.4,0.1,0.1,843.4,1012.0799999999999,255.5757575757576,12.735
0.635,0.871,0.78,1.037,3.075,0.098,0.4,0.4,0.1,0.1,654.6,785.52,198.36363636363637,20.475
0.449,1.16,0.133,1.755,0.098,2.568,0.4,0.4,0.1,0.1,590.5,708.6,178.93939393939394,23.265
0.254,0.82,0.676,1.776,0.378,4.734,0.4,0.4,0.1,0.1,459.0,550.8,139.0909090909091,26.19
1.16,0.894,0.544,3.373,3.481,1.508,0.4,0.4,0.1,0.1,919.4,1103.28,278.6060606060606,12.600000000000001
0.595,1.408,1.246,2.256,3.025,0.513,0.4,0.4,0.1,0.1,688.3,825.9599999999999,208.57575757575756,21.075000000000003
1.056,1.278,1.242,0.817,4.725,3.477,0.4,0.4,0.1,0.1,905.8,1086.9599999999998,274.4848484848485,14.16
0.543,1.389,1.055,1.137,0.388,4.196,0.4,0.4,0.1,0.1,660.4,792.4799999999999,200.12121212121212,21.854999999999997
0.472,0.308,1.101,0.074,3.507,2.588,0.4,0.4,0.1,0.1,516.8,620.16,156.6060606060606,22.92
0.286,1.466,1.249,1.078,4.208,2.523,0.4,0.4,0.1,0.1,539.6,647.52,163.51515151515153,25.71
1.381,0.432,0.209,0.418,1.809,1.326,0.4,0.4,0.1,0.1,983.7,1180.44,298.0909090909091,9.285
1.044,0.591,1.276,0.462,3.407,1.211,0.4,0.4,0.1,0.1,831.1,997.3199999999999,251.84848484848487,14.34
1.091,0.146,1.444,0.921,4.944,0.509,0.4,0.4,0.1,0.1,810.1,972.12,245.4848484848485,13.635000000000002
1.133,0.669,0.562,2.958,2.897,3.731,0.4,0.4,0.1,0.1,883.4,1060.08,267.6969696969697,13.004999999999999
0.645,0.728,0.557,3.668,0.317,1.905,0.4,0.4,0.1,0.1,645.3,774.3599999999999,195.54545454545453,20.325
1.454,0.991,1.18,1.034,0.458,2.94,0.4,0.4,0.1,0.1,1076.1,1291.32,326.09090909090907,8.190000000000001
0.463,1.403,0.607,1.242,2.78,3.887,0.4,0.4,0.1,0.1,621.8,746.16,188.4242424242424,23.055
1.292,0.613,0.578,0.858,4.43,3.252,0.4,0.4,0.1,0.1,957.3,1148.76,290.09090909090907,10.620000000000001
0.47,0.566,1.34,2.538,0.07,0.154,0.4,0.4,0.1,0.1,541.6,649.92,164.12121212121212,22.95
1.191,1.381,1.439,1.518,0.979,3.926,0.4,0.4,0.1,0.1,983.6,1180.32,298.06060606060606,12.134999999999998
0.989,0.452,1.324,0.6,0.683,1.972,0.4,0.4,0.1,0.1,789.7,947.64,239.30303030303034,15.165000000000001
1.166,0.633,0.189,3.191,4.94,3.953,0.4,0.4,0.1,0.1,896.3,1075.56,271.6060606060606,12.510000000000002
0.902,0.485,1.318,2.261,2.231,0.692,0.4,0.4,0.1,0.1,749.5,899.4,227.12121212121212,16.47
1.233,0.63,1.383,0.616,0.097,4.197,0.4,0.4,0.1,0.1,929.5,1115.3999999999999,281.6666666666667,11.504999999999999
0.408,0.595,0.128,0.163,2.727,0.666,0.4,0.4,0.1,0.1,513.5,616.1999999999999,155.60606060606062,23.880000000000003
0.262,0.486,0.281,2.831,0.69,3.098,0.4,0.4,0.1,0.1,429.6,515.52,130.1818181818182,26.07
0.425,0.74,1.25,1.581,0.164,1.152,0.4,0.4,0.1,0.1,536.5,643.8,162.5757575757576,23.625
1.466,0.507,0.823,0.577,3.219,0.484,0.4,0.4,0.1,0.1,1033.7,1240.44,313.24242424242425,8.010000000000002
1.156,0.518,1.356,2.415,4.33,3.801,0.4,0.4,0.1,0.1,879.8,1055.76,266.6060606060606,12.66
0.93,0.767,0.54,1.087,1.417,2.738,0.4,0.4,0.1,0.1,791.7,950.04,239.90909090909093,16.049999999999997
1.234,1.229,1.068,2.27,2.656,0.641,0.4,0.4,0.1,0.1,989.9,1187.8799999999999,299.969696969697,11.490000000000002
1.172,0.89,0.3,4.443,3.103,3.195,0.4,0.4,0.1,0.1,925.0,1110.0,280.3030303030303,12.420000000000002
1.489,0.408,0.312,2.161,0.712,2.334,0.4,0.4,0.1,0.1,1035.3,1242.36,313.72727272727275,7.664999999999999
1.301,0.788,1.053,3.976,3.248,4.023,0.4,0.4,0.1,0.1,979.3,1175.1599999999999,296.75757575757575,10.485
0.254,0.82,1.374,4.46,4.605,1.246,0.4,0.4,0.1,0.1,459.0,550.8,139.0909090909091,26.19
0.566,0.862,0.768,3.553,4.305,3.783,0.4,0.4,0.1,0.1,619.2,743.0400000000001,187.63636363636365,21.51
0.36,0.593,0.574,2.132,4.017,3.873,0.4,0.4,0.1,0.1,489.3,587.16,148.27272727272728,24.6
1.291,1.032,0.43,4.906,2.609,0.485,0.4,0.4,0.1,0.1,998.7,1198.44,302.6363636363637,10.635000000000002
1.178,0.321,0.16,2.02,1.115,0.263,0.4,0.4,0.1,0.1,871.1,1045.32,263.969696969697,12.330000000000002
1.325,1.34,0.345,3.989,2.916,3.373,0.4,0.4,0.1,0.1,1046.5,1255.8,317.1212121212121,10.125
0.458,1.231,1.043,1.294,0.186,4.815,0.4,0.4,0.1,0.1,602.1,722.52,182.45454545454547,23.13
1.162,0.123,0.118,3.774,0.471,0.282,0.4,0.4,0.1,0.1,843.3,1011.9599999999999,255.54545454545453,12.57
0.111,1.082,0.915,1.38,2.978,0.954,0.4,0.4,0.1,0.1,413.7,496.43999999999994,125.36363636363637,28.335
0.957,1.11,1.23,0.107,1.028,2.169,0.4,0.4,0.1,0.1,839.5,1007.4,254.3939393939394,15.645000000000001
1.354,0.875,1.181,0.121,2.674,1.883,0.4,0.4,0.1,0.1,1014.5,1217.3999999999999,307.42424242424244,9.689999999999998
1.089,0.485,1.432,0.025,4.952,1.461,0.4,0.4,0.1,0.1,843.0,1011.5999999999999,255.45454545454547,13.665
1.041,1.069,0.481,2.556,4.001,0.514,0.4,0.4,0.1,0.1,877.4,1052.8799999999999,265.8787878787879,14.385000000000002
1.187,1.24,0.981,3.286,2.679,3.074,0.4,0.4,0.1,0.1,967.5,1161.0,293.1818181818182,12.195
0.967,1.273,1.099,4.643,4.781,1.263,0.4,0.4,0.1,0.1,860.8,1032.9599999999998,260.8484848484849,15.495000000000001
1.397,0.185,0.781,3.799,1.87,2.284,0.4,0.4,0.1,0.1,967.0,1160.3999999999999,293.03030303030306,9.044999999999998
0.99,0.569,1.347,4.081,2.615,0.863,0.4,0.4,0.1,0.1,801.9,962.28,243.0,15.15
0.752,0.402,1.341,4.399,4.685,3.515,0.4,0.4,0.1,0.1,666.2,799.44,201.8787878787879,18.72
1.46,0.575,1.343,2.744,2.395,0.051,0.4,0.4,0.1,0.1,1037.5,1245.0,314.39393939393943,8.100000000000001
0.459,0.812,1.426,4.251,0.479,1.339,0.4,0.4,0.1,0.1,560.7,672.84,169.90909090909093,23.115
0.768,0.719,1.215,3.992,4.646,4.966,0.4,0.4,0.1,0.1,705.9,847.0799999999999,213.9090909090909,18.48
0.134,0.991,0.74,3.776,3.948,2.848,0.4,0.4,0.1,0.1,416.1,499.32,126.09090909090911,27.99
0.228,0.242,1.251,3.818,3.434,4.977,0.4,0.4,0.1,0.1,388.2,465.84,117.63636363636364,26.58
0.46,1.424,1.244,4.778,2.056,0.004,0.4,0.4,0.1,0.1,622.4,746.88,188.60606060606062,23.1
1.344,0.925,0.679,4.18,1.204,2.201,0.4,0.4,0.1,0.1,1014.5,1217.3999999999999,307.42424242424244,9.84
1.207,0.37,0.685,3.23,4.74,0.828,0.4,0.4,0.1,0.1,890.5,1068.6,269.8484848484849,11.895
0.349,0.917,0.803,2.646,2.003,1.714,0.4,0.4,0.1,0.1,516.2,619.44,156.42424242424244,24.765
0.755,0.295,1.452,4.193,0.524,4.436,0.4,0.4,0.1,0.1,657.0,788.4,199.0909090909091,18.675
0.926,0.478,0.26,3.409,0.154,0.875,0.4,0.4,0.1,0.1,760.8,912.9599999999999,230.54545454545453,16.11
0.182,0.531,0.868,2.201,3.355,4.347,0.4,0.4,0.1,0.1,394.1,472.92,119.42424242424244,27.27
1.423,0.913,0.347,2.283,3.573,1.973,0.4,0.4,0.1,0.1,1052.8,1263.36,319.03030303030306,8.655000000000001
1.454,0.903,1.056,1.114,2.026,0.754,0.4,0.4,0.1,0.1,1067.3,1280.76,323.42424242424244,8.190000000000001
0.825,0.802,1.213,0.055,3.913,3.002,0.4,0.4,0.1,0.1,742.7,891.24,225.0606060606061,17.625
0.564,1.238,1.231,0.546,1.203,1.324,0.4,0.4,0.1,0.1,655.8,786.9599999999999,198.72727272727272,21.54
0.708,1.212,0.888,0.775,0.191,2.323,0.4,0.4,0.1,0.1,725.2,870.24,219.75757575757578,19.380000000000003
0.759,0.263,0.909,2.185,4.173,1.902,0.4,0.4,0.1,0.1,655.8,786.9599999999999,198.72727272727272,18.615000000000002
0.203,1.227,1.159,2.466,1.292,0.855,0.4,0.4,0.1,0.1,474.2,569.04,143.6969696969697,26.955
1.387,1.298,1.305,4.763,1.155,1.132,0.4,0.4,0.1,0.1,1073.3,1287.9599999999998,325.24242424242425,9.195
0.961,1.224,0.407,0.907,1.998,3.265,0.4,0.4,0.1,0.1,852.9,1023.4799999999999,258.45454545454544,15.585
0.369,0.192,0.844,2.877,3.999,1.289,0.4,0.4,0.1,0.1,453.7,544.4399999999999,137.4848484848485,24.465
0.272,0.119,0.438,3.471,4.038,4.048,0.4,0.4,0.1,0.1,397.9,477.47999999999996,120.57575757575758,25.92
0.875,1.111,1.099,2.067,2.186,2.404,0.4,0.4,0.1,0.1,798.6,958.3199999999999,242.00000000000003,16.875
1.269,0.595,0.754,1.124,1.101,0.512,0.4,0.4,0.1,0.1,944.0,1132.8,286.06060606060606,10.965
1.379,0.362,0.682,0.607,3.176,0.447,0.4,0.4,0.1,0.1,975.7,1170.84,295.6666666666667,9.315000000000001
0.663,1.351,0.707,4.579,0.468,0.155,0.4,0.4,0.1,0.1,716.6,859.92,217.15151515151518,20.055
0.203,0.763,0.101,0.661,2.462,3.511,0.4,0.4,0.1,0.1,427.8,513.36,129.63636363636365,26.955
0.721,0.862,0.882,4.765,4.041,0.434,0.4,0.4,0.1,0.1,696.7,836.0400000000001,211.12121212121215,19.185000000000002
1.178,1.381,0.901,2.927,2.602,3.054,0.4,0.4,0.1,0.1,977.1,1172.52,296.0909090909091,12.330000000000002
1.333,0.734,1.477,3.856,3.754,1.995,0.4,0.4,0.1,0.1,989.9,1187.8799999999999,299.969696969697,10.004999999999999
1.132,1.073,0.131,3.772,4.357,3.763,0.4,0.4,0.1,0.1,923.3,1107.9599999999998,279.7878787878788,13.020000000000003
1.01,1.375,0.666,1.222,3.993,0.761,0.4,0.4,0.1,0.1,892.5,1071.0,270.4545454545455,14.85
1.173,0.944,1.172,2.968,1.07,2.026,0.4,0.4,0.1,0.1,930.9,1117.08,282.0909090909091,12.405000000000001
0.349,1.262,0.236,2.615,3.716,1.792,0.4,0.4,0.1,0.1,550.7,660.84,166.8787878787879,24.765
0.58,0.602,1.054,0.28,1.577,3.538,0.4,0.4,0.1,0.1,600.2,720.24,181.8787878787879,21.3
0.103,0.691,1.096,2.484,3.504,0.436,0.4,0.4,0.1,0.1,370.6,444.72,112.30303030303031,28.455
0.179,0.542,0.553,3.978,0.373,4.157,0.4,0.4,0.1,0.1,393.7,472.43999999999994,119.30303030303031,27.315
0.298,0.142,0.726,4.524,4.241,3.452,0.4,0.4,0.1,0.1,413.2,495.84,125.21212121212122,25.53
0.514,0.179,0.273,1.802,3.748,1.436,0.4,0.4,0.1,0.1,524.9,629.88,159.06060606060606,22.29
1.434,0.31,0.793,1.372,4.716,1.885,0.4,0.4,0.1,0.1,998.0,1197.6,302.42424242424244,8.490000000000002
1.401,0.114,1.382,0.179,2.815,4.567,0.4,0.4,0.1,0.1,961.9,1154.28,291.4848484848485,8.985
1.242,0.174,0.769,2.023,0.167,0.74,0.4,0.4,0.1,0.1,888.4,1066.08,269.21212121212125,11.370000000000001
0.295,1.066,0.114,0.812,0.565,4.872,0.4,0.4,0.1,0.1,504.1,604.92,152.75757575757578,25.575
0.102,0.25,0.919,4.191,1.631,3.607,0.4,0.4,0.1,0.1,326.0,391.2,98.7878787878788,28.47
1.466,0.131,1.012,1.924,1.689,2.322,0.4,0.4,0.1,0.1,996.1,1195.32,301.8484848484849,8.010000000000002
1.374,0.926,1.032,3.473,2.714,1.283,0.4,0.4,0.1,0.1,1029.6,1235.5199999999998,312.0,9.389999999999997
0.437,0.808,0.34,4.993,4.111,3.945,0.4,0.4,0.1,0.1,549.3,659.16,166.45454545454544,23.445
1.374,0.411,0.488,2.383,3.833,4.15,0.4,0.4,0.1,0.1,978.1,1173.72,296.39393939393943,9.389999999999997
0.92,0.3,1.393,3.128,0.929,3.08,0.4,0.4,0.1,0.1,740.0,888.0,224.24242424242425,16.2
0.728,1.178,1.489,4.143,2.669,1.938,0.4,0.4,0.1,0.1,731.8,878.16,221.75757575757575,19.08
0.65,0.725,0.518,0.326,3.806,2.494,0.4,0.4,0.1,0.1,647.5,777.0,196.21212121212122,20.25
0.84,0.658,1.291,1.127,4.882,1.668,0.4,0.4,0.1,0.1,735.8,882.9599999999999,222.96969696969697,17.4
0.758,0.237,0.653,0.503,4.67,1.424,0.4,0.4,0.1,0.1,652.7,783.24,197.7878787878788,18.63
1.028,0.768,1.171,3.5,4.63,0.466,0.4,0.4,0.1,0.1,840.8,1008.9599999999999,254.78787878787878,14.58
0.305,1.063,0.558,2.143,3.618,1.386,0.4,0.4,0.1,0.1,508.8,610.56,154.1818181818182,25.425
0.68,1.45,0.781,4.128,3.175,0.591,0.4,0.4,0.1,0.1,735.0,882.0,222.72727272727275,19.799999999999997
0.116,0.764,0.996,4.089,0.822,0.832,0.4,0.4,0.1,0.1,384.4,461.28,116.48484848484848,28.26
0.43,0.997,0.607,2.364,4.905,4.503,0.4,0.4,0.1,0.1,564.7,677.64,171.12121212121215,23.55
0.201,1.467,1.446,0.243,0.623,1.806,0.4,0.4,0.1,0.1,497.20000000000005,596.64,150.66666666666669,26.985
0.115,1.183,1.469,2.023,4.833,2.161,0.4,0.4,0.1,0.1,425.8,510.96,129.03030303030303,28.275
0.829,0.191,0.849,2.118,3.831,4.67,0.4,0.4,0.1,0.1,683.6,820.32,207.15151515151516,17.565
0.395,1.349,0.221,2.578,1.678,0.646,0.4,0.4,0.1,0.1,582.4,698.88,176.4848484848485,24.075
1.017,0.623,0.296,1.947,0.237,2.651,0.4,0.4,0.1,0.1,820.8,984.9599999999999,248.72727272727272,14.745000000000001
0.925,0.751,1.459,3.812,4.12,4.792,0.4,0.4,0.1,0.1,787.6,945.12,238.66666666666669,16.125
1.353,1.033,0.51,3.142,3.264,2.127,0.4,0.4,0.1,0.1,1029.8,1235.76,312.06060606060606,9.705000000000002
0.111,0.567,1.15,3.041,2.35,0.05,0.4,0.4,0.1,0.1,362.2,434.64,109.75757575757576,28.335
0.259,0.245,1.1,1.51,0.858,3.388,0.4,0.4,0.1,0.1,404.0,484.79999999999995,122.42424242424244,26.115
0.369,0.433,0.864,2.056,2.732,3.644,0.4,0.4,0.1,0.1,477.8,573.36,144.7878787878788,24.465
0.916,0.948,1.014,4.944,3.517,3.606,0.4,0.4,0.1,0.1,802.8,963.3599999999999,243.27272727272728,16.259999999999998
1.388,0.916,1.388,3.701,1.071,0.296,0.4,0.4,0.1,0.1,1035.6,1242.7199999999998,313.8181818181818,9.18
0.458,0.886,1.318,1.979,2.445,3.196,0.4,0.4,0.1,0.1,567.6,681.12,172.00000000000003,23.13
0.782,1.452,0.756,0.235,4.985,3.356,0.4,0.4,0.1,0.1,786.2,943.44,238.24242424242428,18.27
0.35,1.483,1.308,0.207,0.88,2.916,0.4,0.4,0.1,0.1,573.3,687.9599999999999,173.72727272727272,24.75
0.194,1.38,0.533,0.593,2.731,2.355,0.4,0.4,0.1,0.1,485.0,582.0,146.96969696969697,27.09
0.655,0.655,1.499,2.186,4.232,0.05,0.4,0.4,0.1,0.1,643.0,771.6,194.84848484848487,20.174999999999997
0.548,0.34,0.671,4.418,2.799,3.34,0.4,0.4,0.1,0.1,558.0,669.6,169.0909090909091,21.78
0.481,0.109,1.453,3.027,3.595,1.434,0.4,0.4,0.1,0.1,501.4,601.68,151.93939393939394,22.785
1.397,1.131,0.306,3.01,4.005,1.89,0.4,0.4,0.1,0.1,1061.6,1273.9199999999998,321.6969696969697,9.044999999999998
0.187,0.769,0.856,2.138,2.434,4.783,0.4,0.4,0.1,0.1,420.4,504.47999999999996,127.39393939393939,27.195
0.16,0.854,0.381,4.231,4.858,3.512,0.4,0.4,0.1,0.1,415.4,498.47999999999996,125.87878787878788,27.6
0.127,0.105,0.747,0.169,4.953,2.571,0.4,0.4,0.1,0.1,324.0,388.8,98.18181818181819,28.095
0.793,0.892,1.219,3.591,4.066,0.988,0.4,0.4,0.1,0.1,735.7,882.84,222.93939393939397,18.104999999999997
0.937,1.082,1.095,3.363,1.004,4.631,0.4,0.4,0.1,0.1,826.7,992.04,250.51515151515153,15.944999999999999
0.576,0.734,0.721,3.656,3.863,1.009,0.4,0.4,0.1,0.1,611.4,733.68,185.27272727272728,21.36
0.591,0.383,0.672,1.522,1.676,4.453,0.4,0.4,0.1,0.1,583.8,700.56,176.9090909090909,21.134999999999998
0.541,0.936,1.32,1.537,1.752,0.679,0.4,0.4,0.1,0.1,614.1,736.92,186.09090909090912,21.884999999999998
1.297,0.786,0.852,3.772,0.015,2.4,0.4,0.4,0.1,0.1,977.1,1172.52,296.0909090909091,10.545000000000002
0.595,1.423,0.919,4.081,0.722,3.691,0.4,0.4,0.1,0.1,689.8,827.7599999999999,209.03030303030303,21.075000000000003
1.075,0.39,0.953,3.875,3.887,0.438,0.4,0.4,0.1,0.1,826.5,991.8,250.45454545454547,13.875
0.637,0.403,1.123,3.899,1.476,3.715,0.4,0.4,0.1,0.1,608.8,730.56,184.48484848484847,20.445
0.154,0.614,1.288,1.927,4.752,2.801,0.4,0.4,0.1,0.1,388.4,466.0799999999999,117.6969696969697,27.69
1.089,0.701,0.247,1.73,3.034,0.856,0.4,0.4,0.1,0.1,864.6,1037.52,262.0,13.665
1.057,0.934,0.158,2.014,3.077,4.313,0.4,0.4,0.1,0.1,871.9,1046.28,264.21212121212125,14.145000000000001
1.272,0.436,0.584,1.3,0.955,0.509,0.4,0.4,0.1,0.1,929.6,1115.52,281.69696969696975,10.919999999999998
1.033,0.44,1.261,4.925,1.443,0.796,0.4,0.4,0.1,0.1,810.5,972.5999999999999,245.60606060606062,14.505
1.448,0.677,1.457,0.504,2.331,1.302,0.4,0.4,0.1,0.1,1041.7,1250.04,315.6666666666667,8.280000000000001
1.251,1.432,1.278,3.265,0.591,3.116,0.4,0.4,0.1,0.1,1018.7,1222.44,308.69696969696975,11.235000000000003
0.115,1.299,0.787,1.46,1.057,1.531,0.4,0.4,0.1,0.1,437.4,524.88,132.54545454545453,28.275
1.019,1.241,0.785,3.119,1.668,0.497,0.4,0.4,0.1,0.1,883.6,1060.32,267.75757575757575,14.715000000000002
1.1,0.274,0.848,4.615,2.585,4.514,0.4,0.4,0.1,0.1,827.4,992.8799999999999,250.72727272727275,13.5
0.914,0.26,1.071,3.74,4.242,2.732,0.4,0.4,0.1,0.1,733.0,879.6,222.12121212121212,16.29
1.164,1.283,0.336,2.358,4.088,1.178,0.4,0.4,0.1,0.1,960.3,1152.36,291.0,12.540000000000003
0.65,0.104,0.105,0.445,4.346,4.11,0.4,0.4,0.1,0.1,585.4,702.4799999999999,177.3939393939394,20.25
1.127,0.817,1.421,3.416,3.935,4.766,0.4,0.4,0.1,0.1,895.2,1074.24,271.2727272727273,13.094999999999999
1.403,0.496,1.307,1.874,2.888,1.745,0.4,0.4,0.1,0.1,1001.1,1201.32,303.3636363636364,8.954999999999998
1.354,1.029,0.327,1.577,1.844,1.649,0.4,0.4,0.1,0.1,1029.9,1235.88,312.0909090909091,9.689999999999998
1.403,0.252,0.636,0.497,2.095,2.15,0.4,0.4,0.1,0.1,976.7,1172.04,295.969696969697,8.954999999999998
0.134,0.523,0.147,0.31,2.49,4.432,0.4,0.4,0.1,0.1,369.3,443.16,111.90909090909092,27.99
0.661,0.767,0.296,4.198,2.523,4.152,0.4,0.4,0.1,0.1,657.2,788.64,199.15151515151518,20.085
0.884,0.416,0.181,4.544,0.247,2.536,0.4,0.4,0.1,0.1,733.6,880.32,222.3030303030303,16.740000000000002
0.739,1.182,0.12,3.458,2.277,1.908,0.4,0.4,0.1,0.1,737.7,885.24,223.54545454545456,18.915
1.179,1.16,0.465,1.808,3.097,0.49,0.4,0.4,0.1,0.1,955.5,1146.6,289.54545454545456,12.314999999999998
1.257,1.399,1.036,0.356,4.522,3.874,0.4,0.4,0.1,0.1,1018.4,1222.08,308.6060606060606,11.145000000000003
0.958,1.293,1.391,2.899,2.277,0.616,0.4,0.4,0.1,0.1,858.3,1029.9599999999998,260.09090909090907,15.63
0.689,0.765,1.066,2.908,1.759,0.024,0.4,0.4,0.1,0.1,671.0,805.1999999999999,203.33333333333334,19.665
0.521,0.14,1.116,0.896,1.263,3.402,0.4,0.4,0.1,0.1,524.5,629.4,158.93939393939394,22.185
0.985,0.786,1.183,3.208,2.49,2.838,0.4,0.4,0.1,0.1,821.1,985.3199999999999,248.81818181818184,15.225
1.21,0.125,1.074,3.62,3.346,4.75,0.4,0.4,0.1,0.1,867.5,1041.0,262.8787878787879,11.850000000000001
0.744,0.901,0.228,0.126,0.34,2.245,0.4,0.4,0.1,0.1,712.1,854.52,215.7878787878788,18.84
0.302,0.868,1.336,1.105,3.548,1.151,0.4,0.4,0.1,0.1,487.8,585.36,147.81818181818184,25.47
0.25,0.34,0.777,4.701,1.687,3.188,0.4,0.4,0.1,0.1,409.0,490.79999999999995,123.93939393939395,26.25
1.391,0.734,0.186,3.485,1.946,2.358,0.4,0.4,0.1,0.1,1018.9,1222.6799999999998,308.75757575757575,9.134999999999998
0.424,0.577,0.494,2.113,3.737,4.236,0.4,0.4,0.1,0.1,519.7,623.64,157.4848484848485,23.64
1.027,0.755,1.145,1.056,2.612,0.976,0.4,0.4,0.1,0.1,839.0,1006.8,254.24242424242425,14.595
1.153,0.196,0.354,3.868,3.784,3.141,0.4,0.4,0.1,0.1,846.1,1015.3199999999999,256.39393939393943,12.704999999999998
1.33,0.133,0.702,3.794,0.352,0.351,0.4,0.4,0.1,0.1,928.3,1113.9599999999998,281.3030303030303,10.049999999999997
0.661,0.287,0.741,1.915,4.964,1.294,0.4,0.4,0.1,0.1,609.2,731.0400000000001,184.60606060606062,20.085
0.6,1.411,1.261,2.212,3.471,0.442,0.4,0.4,0.1,0.1,691.1,829.32,209.42424242424244,21.0
1.138,1.351,0.492,4.807,3.176,0.209,0.4,0.4,0.1,0.1,954.1,1144.92,289.1212121212121,12.93
0.852,1.209,0.334,1.966,3.592,0.886,0.4,0.4,0.1,0.1,796.9,956.28,241.4848484848485,17.22
0.232,0.533,0.197,1.377,0.996,0.571,0.4,0.4,0.1,0.1,419.3,503.15999999999997,127.06060606060608,26.52
1.007,0.434,1.297,1.39,1.014,0.03,0.4,0.4,0.1,0.1,796.9,956.28,241.4848484848485,14.895000000000001
1.317,0.802,0.678,2.882,1.422,0.81,0.4,0.4,0.1,0.1,988.7,1186.44,299.6060606060606,10.245000000000001
0.955,0.508,0.568,2.013,4.179,2.68,0.4,0.4,0.1,0.1,778.3,933.9599999999999,235.84848484848484,15.675
0.691,0.703,1.324,3.743,2.722,1.819,0.4,0.4,0.1,0.1,665.8,798.9599999999999,201.75757575757575,19.635
0.665,0.821,0.757,3.615,1.903,3.667,0.4,0.4,0.1,0.1,664.6,797.52,201.3939393939394,20.025
1.492,0.547,0.775,2.548,3.704,3.152,0.4,0.4,0.1,0.1,1050.7,1260.84,318.39393939393943,7.620000000000001
1.438,0.155,1.295,0.945,3.641,0.563,0.4,0.4,0.1,0.1,984.5,1181.3999999999999,298.33333333333337,8.43
0.306,0.651,1.337,4.017,2.685,3.019,0.4,0.4,0.1,0.1,468.1,561.72,141.84848484848487,25.41
0.733,0.421,1.059,4.829,4.152,3.282,0.4,0.4,0.1,0.1,658.6,790.32,199.5757575757576,19.005000000000003
0.749,1.229,0.878,1.397,4.475,0.528,0.4,0.4,0.1,0.1,747.4,896.88,226.4848484848485,18.765
0.508,0.776,0.499,1.355,1.162,2.158,0.4,0.4,0.1,0.1,581.6,697.92,176.24242424242425,22.38
0.449,1.011,0.76,0.479,1.482,4.052,0.4,0.4,0.1,0.1,575.6,690.72,174.42424242424244,23.265
1.174,0.678,0.507,2.828,1.866,3.774,0.4,0.4,0.1,0.1,904.8,1085.76,274.1818181818182,12.39
1.321,0.145,0.967,0.683,0.562,3.191,0.4,0.4,0.1,0.1,925.0,1110.0,280.3030303030303,10.185000000000002
0.597,0.923,0.253,4.427,1.637,2.022,0.4,0.4,0.1,0.1,640.8,768.9599999999999,194.1818181818182,21.045
0.895,0.233,1.387,1.21,1.319,4.674,0.4,0.4,0.1,0.1,720.8,864.9599999999999,218.42424242424244,16.575
0.565,0.7,0.82,1.689,1.527,3.744,0.4,0.4,0.1,0.1,602.5,723.0,182.5757575757576,21.525
0.463,1.18,0.851,4.651,2.859,4.603,0.4,0.4,0.1,0.1,599.5,719.4,181.66666666666669,23.055
1.295,0.712,1.166,3.577,4.55,3.263,0.4,0.4,0.1,0.1,968.7,1162.44,293.54545454545456,10.575000000000003
1.081,1.286,0.423,4.982,0.491,2.516,0.4,0.4,0.1,0.1,919.1,1102.92,278.51515151515156,13.785
1.29,1.038,0.741,3.137,2.103,1.599,0.4,0.4,0.1,0.1,998.8,1198.56,302.6666666666667,10.649999999999999
0.779,0.723,0.313,3.385,2.119,4.105,0.4,0.4,0.1,0.1,711.8,854.16,215.6969696969697,18.314999999999998
0.86,0.387,1.285,1.738,1.681,0.348,0.4,0.4,0.1,0.1,718.7,862.44,217.7878787878788,17.1
1.301,0.144,1.062,3.428,2.557,1.615,0.4,0.4,0.1,0.1,914.9,1097.8799999999999,277.24242424242425,10.485
0.431,0.855,0.987,4.644,0.994,4.935,0.4,0.4,0.1,0.1,551.0,661.1999999999999,166.96969696969697,23.535
1.204,0.545,0.62,2.452,4.678,2.301,0.4,0.4,0.1,0.1,906.5,1087.8,274.6969696969697,11.940000000000001
0.778,0.981,1.417,3.382,1.137,1.658,0.4,0.4,0.1,0.1,737.1,884.52,223.36363636363637,18.33
0.376,0.969,0.108,2.937,1.483,0.99,0.4,0.4,0.1,0.1,534.9,641.88,162.0909090909091,24.36
0.519,0.341,1.36,2.608,1.866,4.471,0.4,0.4,0.1,0.1,543.6,652.32,164.72727272727275,22.215
0.3,1.38,0.602,0.333,0.386,3.123,0.4,0.4,0.1,0.1,538.0,645.6,163.03030303030303,25.5
1.043,0.11,1.093,3.753,0.36,3.578,0.4,0.4,0.1,0.1,782.5,939.0,237.12121212121212,14.355
0.665,0.976,0.33,1.409,3.527,2.757,0.4,0.4,0.1,0.1,680.1,816.12,206.09090909090912,20.025
1.177,1.447,0.969,1.704,3.647,0.118,0.4,0.4,0.1,0.1,983.2,1179.84,297.939393939394,12.344999999999999
0.382,1.427,0.937,4.426,4.415,3.13,0.4,0.4,0.1,0.1,583.7,700.44,176.8787878787879,24.27
1.354,0.115,0.601,2.041,2.811,2.406,0.4,0.4,0.1,0.1,938.5,1126.2,284.39393939393943,9.689999999999998
0.522,0.893,0.743,4.015,3.845,3.877,0.4,0.4,0.1,0.1,600.3,720.3599999999999,181.9090909090909,22.17
1.322,0.885,0.657,4.068,3.47,0.801,0.4,0.4,0.1,0.1,999.5,1199.3999999999999,302.8787878787879,10.169999999999998
0.787,0.234,0.525,0.699,3.374,2.554,0.4,0.4,0.1,0.1,666.9,800.28,202.0909090909091,18.195
0.417,1.02,0.775,2.004,3.608,1.175,0.4,0.4,0.1,0.1,560.5,672.6,169.84848484848484,23.745
1.045,0.272,0.774,2.201,0.841,1.457,0.4,0.4,0.1,0.1,799.7,959.64,242.33333333333337,14.325000000000001
0.177,1.368,1.343,4.935,4.925,1.241,0.4,0.4,0.1,0.1,475.3,570.36,144.03030303030303,27.345
0.301,1.16,1.23,1.812,2.777,0.671,0.4,0.4,0.1,0.1,516.5,619.8,156.51515151515153,25.485
0.954,1.449,0.344,2.901,0.279,4.086,0.4,0.4,0.1,0.1,871.9,1046.28,264.21212121212125,15.690000000000001
1.101,1.297,0.156,1.767,1.523,0.925,0.4,0.4,0.1,0.1,930.2,1116.24,281.87878787878793,13.485
0.344,1.29,1.084,4.272,3.226,3.678,0.4,0.4,0.1,0.1,551.0,661.1999999999999,166.96969696969697,24.84
1.43,0.241,0.747,4.869,2.39,4.019,0.4,0.4,0.1,0.1,989.1,1186.92,299.72727272727275,8.55
0.517,0.388,1.462,1.31,0.91,4.996,0.4,0.4,0.1,0.1,547.3,656.7599999999999,165.84848484848484,22.245
0.358,0.456,1.4,1.681,3.626,4.436,0.4,0.4,0.1,0.1,474.6,569.52,143.81818181818184,24.63
0.481,1.263,1.159,0.146,2.568,1.03,0.4,0.4,0.1,0.1,616.8,740.16,186.9090909090909,22.785
0.104,1.038,1.336,1.797,1.385,2.117,0.4,0.4,0.1,0.1,405.8,486.96,122.96969696969698,28.44
1.148,1.451,1.109,1.785,1.242,1.944,0.4,0.4,0.1,0.1,969.1,1162.92,293.6666666666667,12.780000000000001
0.149,1.206,1.04,2.395,4.692,4.572,0.4,0.4,0.1,0.1,445.1,534.12,134.8787878787879,27.765
0.749,0.298,1.332,2.995,0.752,2.01,0.4,0.4,0.1,0.1,654.3,785.16,198.27272727272728,18.765
0.431,1.259,1.218,1.106,0.089,0.162,0.4,0.4,0.1,0.1,591.4,709.68,179.21212121212122,23.535
0.496,0.466,0.237,4.995,1.935,1.665,0.4,0.4,0.1,0.1,544.6,653.52,165.03030303030306,22.560000000000002
0.348,0.25,0.545,3.333,1.125,4.056,0.4,0.4,0.1,0.1,449.0,538.8,136.06060606060606,24.78
0.565,0.698,1.478,4.08,4.881,3.661,0.4,0.4,0.1,0.1,602.3,722.7599999999999,182.5151515151515,21.525
0.964,0.64,1.439,4.46,4.894,2.808,0.4,0.4,0.1,0.1,796.0,955.1999999999999,241.21212121212122,15.540000000000001
0.369,0.876,0.885,0.796,4.687,0.583,0.4,0.4,0.1,0.1,522.1,626.52,158.21212121212122,24.465
1.385,0.57,0.323,4.984,1.088,1.002,0.4,0.4,0.1,0.1,999.5,1199.3999999999999,302.8787878787879,9.225000000000001
0.577,0.377,0.577,2.664,2.245,0.852,0.4,0.4,0.1,0.1,576.2,691.44,174.60606060606062,21.345
1.3,0.447,1.046,1.622,3.484,0.165,0.4,0.4,0.1,0.1,944.7,1133.64,286.2727272727273,10.5
0.617,0.352,0.385,4.565,1.223,1.978,0.4,0.4,0.1,0.1,593.7,712.44,179.90909090909093,20.745
1.027,0.319,1.104,0.282,1.223,2.978,0.4,0.4,0.1,0.1,795.4,954.4799999999999,241.03030303030303,14.595
0.165,0.455,1.061,0.874,1.648,1.949,0.4,0.4,0.1,0.1,378.0,453.59999999999997,114.54545454545455,27.525
0.277,0.223,0.35,0.569,2.331,4.861,0.4,0.4,0.1,0.1,410.8,492.96,124.4848484848485,25.845
0.928,1.049,1.133,3.247,3.134,1.926,0.4,0.4,0.1,0.1,818.9,982.68,248.15151515151516,16.08
0.261,1.491,1.329,0.46,2.531,4.167,0.4,0.4,0.1,0.1,529.6,635.52,160.4848484848485,26.085
1.129,1.022,1.075,3.915,1.042,3.858,0.4,0.4,0.1,0.1,916.7,1100.04,277.7878787878788,13.065000000000001
0.795,0.469,0.621,2.305,0.322,1.957,0.4,0.4,0.1,0.1,694.4,833.28,210.42424242424244,18.075
1.019,0.954,1.397,1.138,2.158,4.6,0.4,0.4,0.1,0.1,854.9,1025.8799999999999,259.06060606060606,14.715000000000002
0.969,1.35,1.453,4.671,1.05,4.364,0.4,0.4,0.1,0.1,869.5,1043.3999999999999,263.4848484848485,15.465
1.321,0.67,1.422,0.964,2.646,0.014,0.4,0.4,0.1,0.1,977.5,1173.0,296.21212121212125,10.185000000000002
1.269,0.208,0.254,2.849,1.454,4.762,0.4,0.4,0.1,0.1,905.3,1086.36,274.3333333333333,10.965
1.017,1.181,1.3,0.586,0.64,2.99,0.4,0.4,0.1,0.1,876.6,1051.92,265.6363636363637,14.745000000000001
1.457,1.36,1.06,2.843,3.522,4.231,0.4,0.4,0.1,0.1,1114.5,1337.3999999999999,337.72727272727275,8.145
0.834,0.835,0.279,3.69,1.9,0.25,0.4,0.4,0.1,0.1,750.5,900.6,227.42424242424244,17.490000000000002
0.388,0.291,0.808,4.384,4.033,1.755,0.4,0.4,0.1,0.1,473.1,567.72,143.36363636363637,24.18
0.363,1.206,0.778,3.246,2.418,2.244,0.4,0.4,0.1,0.1,552.1,662.52,167.3030303030303,24.555
0.732,0.72,0.548,1.0,0.133,0.864,0.4,0.4,0.1,0.1,688.0,825.6,208.4848484848485,19.02
0.567,0.389,1.291,1.74,0.348,0.29,0.4,0.4,0.1,0.1,572.4,686.88,173.45454545454547,21.495
0.333,0.114,0.53,3.455,1.295,1.737,0.4,0.4,0.1,0.1,427.9,513.4799999999999,129.66666666666666,25.005
1.078,1.377,0.132,1.786,2.052,1.785,0.4,0.4,0.1,0.1,926.7,1112.04,280.81818181818187,13.829999999999998
1.052,0.963,0.722,3.537,0.529,0.3,0.4,0.4,0.1,0.1,872.3,1046.76,264.3333333333333,14.219999999999999
0.95,0.76,0.357,4.567,1.271,0.275,0.4,0.4,0.1,0.1,801.0,961.1999999999999,242.72727272727275,15.75
1.381,0.786,0.567,4.997,3.81,1.257,0.4,0.4,0.1,0.1,1019.1,1222.92,308.81818181818187,9.285
0.766,0.193,1.331,3.868,4.189,3.747,0.4,0.4,0.1,0.1,652.3,782.7599999999999,197.66666666666666,18.509999999999998
1.244,0.159,0.469,1.13,0.356,3.159,0.4,0.4,0.1,0.1,887.9,1065.48,269.06060606060606,11.34
1.312,0.137,0.391,3.223,3.387,1.126,0.4,0.4,0.1,0.1,919.7,1103.64,278.69696969696975,10.32
0.692,1.053,0.483,3.546,2.468,2.27,0.4,0.4,0.1,0.1,701.3,841.56,212.5151515151515,19.62
0.814,1.111,1.372,1.633,4.0,0.456,0.4,0.4,0.1,0.1,768.1,921.72,232.75757575757578,17.79
0.556,1.085,0.38,1.79,4.274,3.855,0.4,0.4,0.1,0.1,636.5,763.8,192.87878787878788,21.66
1.007,0.186,0.322,2.02,4.477,2.915,0.4,0.4,0.1,0.1,772.1,926.52,233.969696969697,14.895000000000001
0.923,0.256,1.145,4.839,2.187,3.324,0.4,0.4,0.1,0.1,737.1,884.52,223.36363636363637,16.155
0.541,0.235,1.167,0.763,0.355,2.628,0.4,0.4,0.1,0.1,544.0,652.8,164.84848484848484,21.884999999999998
0.235,1.007,0.623,1.727,1.337,4.591,0.4,0.4,0.1,0.1,468.2,561.8399999999999,141.87878787878788,26.475
0.46,0.476,0.59,1.912,2.804,3.421,0.4,0.4,0.1,0.1,527.6,633.12,159.8787878787879,23.1
0.921,0.479,0.836,4.719,3.619,2.794,0.4,0.4,0.1,0.1,758.4,910.0799999999999,229.8181818181818,16.185
0.174,0.393,0.654,3.792,3.288,3.297,0.4,0.4,0.1,0.1,376.3,451.56,114.03030303030305,27.39
0.528,0.95,0.329,4.152,3.946,0.459,0.4,0.4,0.1,0.1,609.0,730.8,184.54545454545456,22.08
0.193,0.302,1.009,3.534,2.586,2.181,0.4,0.4,0.1,0.1,376.7,452.03999999999996,114.15151515151516,27.105
0.387,1.34,0.509,2.656,3.829,4.896,0.4,0.4,0.1,0.1,577.5,693.0,175.0,24.195
0.6,1.355,1.048,2.728,4.676,0.759,0.4,0.4,0.1,0.1,685.5,822.6,207.72727272727275,21.0
0.747,0.552,0.52,3.087,0.346,4.369,0.4,0.4,0.1,0.1,678.7,814.44,205.66666666666669,18.795
1.137,0.248,0.708,3.753,1.386,4.792,0.4,0.4,0.1,0.1,843.3,1011.9599999999999,255.54545454545453,12.945
0.956,0.716,0.877,4.695,4.133,2.815,0.4,0.4,0.1,0.1,799.6,959.52,242.3030303030303,15.66
0.626,1.242,0.444,4.641,2.048,0.561,0.4,0.4,0.1,0.1,687.2,824.64,208.24242424242428,20.61
1.467,0.582,0.986,3.675,2.917,3.086,0.4,0.4,0.1,0.1,1041.7,1250.04,315.6666666666667,7.994999999999997
1.265,0.375,0.529,1.311,2.185,4.21,0.4,0.4,0.1,0.1,920.0,1104.0,278.7878787878788,11.025000000000002
0.726,1.276,0.102,1.002,1.524,4.233,0.4,0.4,0.1,0.1,740.6,888.72,224.42424242424244,19.11
0.795,1.21,0.601,3.308,2.309,4.558,0.4,0.4,0.1,0.1,768.5,922.1999999999999,232.8787878787879,18.075
0.666,0.413,0.62,0.806,2.034,0.913,0.4,0.4,0.1,0.1,624.3,749.16,189.1818181818182,20.009999999999998
0.154,1.479,1.408,4.622,4.692,1.114,0.4,0.4,0.1,0.1,474.9,569.88,143.9090909090909,27.69
0.364,0.678,1.114,0.623,0.2,0.135,0.4,0.4,0.1,0.1,499.8,599.76,151.45454545454547,24.54
0.8,0.276,0.867,4.76,4.277,0.511,0.4,0.4,0.1,0.1,677.6,813.12,205.33333333333334,18.0
0.498,0.12,0.904,0.777,4.449,1.646,0.4,0.4,0.1,0.1,511.0,613.1999999999999,154.84848484848484,22.53
0.871,0.353,1.196,1.411,1.585,4.477,0.4,0.4,0.1,0.1,720.8,864.9599999999999,218.42424242424244,16.935000000000002
0.411,1.469,0.657,1.392,2.735,2.873,0.4,0.4,0.1,0.1,602.4,722.88,182.54545454545456,23.835
1.256,1.22,0.745,0.491,3.295,3.791,0.4,0.4,0.1,0.1,1000.0,1200.0,303.03030303030306,11.16
0.913,1.126,0.453,3.398,4.066,3.893,0.4,0.4,0.1,0.1,819.1,982.92,248.21212121212125,16.305
1.402,1.408,0.908,2.012,3.027,3.868,0.4,0.4,0.1,0.1,1091.8,1310.1599999999999,330.8484848484849,8.970000000000002
0.306,0.945,1.398,3.034,1.921,0.228,0.4,0.4,0.1,0.1,497.5,597.0,150.75757575757578,25.41
1.278,0.541,1.441,2.48,0.566,0.461,0.4,0.4,0.1,0.1,943.1,1131.72,285.7878787878788,10.829999999999998
0.777,0.897,0.297,0.533,3.862,2.969,0.4,0.4,0.1,0.1,728.2,873.84,220.66666666666669,18.345
0.192,0.825,0.954,0.025,4.862,4.745,0.4,0.4,0.1,0.1,428.5,514.1999999999999,129.84848484848484,27.12
1.264,1.391,0.404,0.861,4.923,3.349,0.4,0.4,0.1,0.1,1021.1,1225.32,309.42424242424244,11.04
0.909,0.294,0.404,2.469,1.896,4.364,0.4,0.4,0.1,0.1,733.9,880.68,222.3939393939394,16.365000000000002
1.323,0.298,1.273,4.419,2.971,3.928,0.4,0.4,0.1,0.1,941.3,1129.56,285.24242424242425,10.155000000000001
0.435,0.169,0.802,1.759,2.276,2.533,0.4,0.4,0.1,0.1,484.4,581.28,146.78787878787878,23.475
0.163,0.506,0.894,3.384,3.137,4.289,0.4,0.4,0.1,0.1,382.1,458.52000000000004,115.7878787878788,27.555
0.772,0.866,0.118,0.633,3.224,0.59,0.4,0.4,0.1,0.1,722.6,867.12,218.969696969697,18.42
0.369,1.026,1.468,3.221,1.921,4.827,0.4,0.4,0.1,0.1,537.1,644.52,162.75757575757578,24.465
1.1,0.158,0.311,1.967,1.464,4.367,0.4,0.4,0.1,0.1,815.8,978.9599999999999,247.21212121212122,13.5
0.253,1.048,0.394,2.12,0.499,3.867,0.4,0.4,0.1,0.1,481.3,577.56,145.84848484848487,26.205
0.451,1.016,0.236,4.147,0.008,0.419,0.4,0.4,0.1,0.1,577.1,692.52,174.8787878787879,23.235
0.952,0.34,0.923,4.403,3.241,2.313,0.4,0.4,0.1,0.1,760.0,912.0,230.3030303030303,15.72
0.821,0.333,0.801,2.287,4.435,1.95,0.4,0.4,0.1,0.1,693.8,832.56,210.24242424242425,17.685000000000002
0.504,0.986,1.284,0.415,3.444,3.474,0.4,0.4,0.1,0.1,600.6,720.72,182.00000000000003,22.439999999999998
0.685,1.394,0.593,2.126,3.007,1.457,0.4,0.4,0.1,0.1,731.9,878.28,221.78787878787878,19.725
0.118,0.514,1.482,4.342,0.988,1.182,0.4,0.4,0.1,0.1,360.4,432.47999999999996,109.21212121212122,28.23
1.483,1.435,0.461,1.885,1.03,3.541,0.4,0.4,0.1,0.1,1135.0,1362.0,343.93939393939394,7.754999999999999
0.196,1.421,1.383,4.983,3.843,1.047,0.4,0.4,0.1,0.1,490.1,588.12,148.51515151515153,27.06
0.505,1.423,0.982,3.086,4.757,1.48,0.4,0.4,0.1,0.1,644.8,773.7599999999999,195.39393939393938,22.425
1.008,0.248,0.243,3.376,3.829,4.521,0.4,0.4,0.1,0.1,778.8,934.56,236.0,14.879999999999999
0.228,0.175,1.492,1.722,4.745,0.192,0.4,0.4,0.1,0.1,381.5,457.8,115.60606060606061,26.58
1.319,1.498,1.31,3.035,3.361,1.393,0.4,0.4,0.1,0.1,1059.3,1271.1599999999999,321.0,10.215
0.179,0.909,1.29,1.36,3.126,2.878,0.4,0.4,0.1,0.1,430.4,516.4799999999999,130.42424242424244,27.315
1.146,0.862,0.678,2.415,1.067,4.34,0.4,0.4,0.1,0.1,909.2,1091.04,275.51515151515156,12.810000000000002
1.248,1.465,1.03,1.688,0.942,0.656,0.4,0.4,0.1,0.1,1020.5,1224.6,309.24242424242425,11.280000000000001
1.052,1.054,1.066,2.109,0.223,4.461,0.4,0.4,0.1,0.1,881.4,1057.6799999999998,267.0909090909091,14.219999999999999
0.998,1.32,1.154,0.342,1.215,3.58,0.4,0.4,0.1,0.1,881.0,1057.2,266.969696969697,15.03
0.265,0.479,1.396,4.041,4.876,3.634,0.4,0.4,0.1,0.1,430.4,516.4799999999999,130.42424242424244,26.025
0.569,0.958,0.169,3.299,2.661,4.517,0.4,0.4,0.1,0.1,630.3,756.3599999999999,191.0,21.465
1.283,0.938,0.745,2.035,4.074,2.207,0.4,0.4,0.1,0.1,985.3,1182.36,298.57575757575756,10.755000000000003
0.283,0.199,0.571,0.899,4.32,2.517,0.4,0.4,0.1,0.1,411.4,493.67999999999995,124.66666666666667,25.755000000000003
0.399,0.605,1.134,2.19,1.934,1.466,0.4,0.4,0.1,0.1,510.0,612.0,154.54545454545456,24.015
0.905,0.637,0.732,1.159,4.348,0.748,0.4,0.4,0.1,0.1,766.2,919.44,232.18181818181822,16.424999999999997
1.333,0.959,0.759,0.431,1.924,3.786,0.4,0.4,0.1,0.1,1012.4,1214.8799999999999,306.7878787878788,10.004999999999999
0.873,0.869,1.064,2.338,4.328,1.726,0.4,0.4,0.1,0.1,773.4,928.0799999999999,234.36363636363637,16.905
1.275,1.16,1.456,3.986,2.173,1.956,0.4,0.4,0.1,0.1,1003.5,1204.2,304.0909090909091,10.875
0.11,1.321,0.184,1.722,1.393,2.2,0.4,0.4,0.1,0.1,437.1,524.52,132.45454545454547,28.35
1.292,0.205,1.163,0.04,2.452,2.986,0.4,0.4,0.1,0.1,916.5,1099.8,277.72727272727275,10.620000000000001
1.017,0.201,0.34,3.653,2.293,0.912,0.4,0.4,0.1,0.1,778.6,934.3199999999999,235.93939393939397,14.745000000000001
1.354,0.272,1.389,4.159,2.821,0.537,0.4,0.4,0.1,0.1,954.2,1145.04,289.1515151515152,9.689999999999998
1.368,0.36,0.876,2.465,4.63,3.836,0.4,0.4,0.1,0.1,970.0,1164.0,293.93939393939394,9.479999999999997
1.229,0.579,0.501,2.981,2.057,1.581,0.4,0.4,0.1,0.1,922.4,1106.8799999999999,279.5151515151515,11.564999999999998
0.862,1.009,1.161,4.928,3.256,4.834,0.4,0.4,0.1,0.1,781.9,938.28,236.93939393939394,17.07
0.691,0.497,1.453,3.703,1.498,0.79,0.4,0.4,0.1,0.1,645.2,774.24,195.51515151515153,19.635
1.131,0.77,1.04,0.503,4.839,1.394,0.4,0.4,0.1,0.1,892.5,1071.0,270.4545454545455,13.035
0.327,1.167,1.027,3.888,3.416,4.117,0.4,0.4,0.1,0.1,530.2,636.24,160.66666666666669,25.095
0.51,0.664,0.376,2.815,1.271,2.267,0.4,0.4,0.1,0.1,571.4,685.68,173.15151515151516,22.35
0.39,1.357,1.479,2.107,1.682,0.557,0.4,0.4,0.1,0.1,580.7,696.84,175.969696969697,24.15
1.434,1.099,1.255,3.464,3.22,0.535,0.4,0.4,0.1,0.1,1076.9,1292.28,326.33333333333337,8.490000000000002
1.049,0.282,1.308,3.621,3.893,2.408,0.4,0.4,0.1,0.1,802.7,963.24,243.24242424242428,14.265
0.766,1.348,0.941,2.521,3.691,1.192,0.4,0.4,0.1,0.1,767.8,921.3599999999999,232.66666666666666,18.509999999999998
0.289,0.964,1.356,0.524,1.294,1.768,0.4,0.4,0.1,0.1,490.9,589.0799999999999,148.75757575757575,25.665
0.675,0.308,0.979,2.821,4.655,0.93,0.4,0.4,0.1,0.1,618.3,741.9599999999999,187.36363636363637,19.875
0.474,0.573,0.252,1.955,2.67,0.993,0.4,0.4,0.1,0.1,544.3,653.16,164.93939393939394,22.89
1.29,1.343,1.455,4.441,4.703,4.405,0.4,0.4,0.1,0.1,1029.3,1235.1599999999999,311.90909090909093,10.649999999999999
0.368,1.22,0.285,3.816,2.899,1.32,0.4,0.4,0.1,0.1,556.0,667.1999999999999,168.4848484848485,24.48
1.208,0.579,0.51,0.4,2.73,4.38,0.4,0.4,0.1,0.1,911.9,1094.28,276.3333333333333,11.879999999999999
0.931,0.643,0.626,4.801,1.844,0.037,0.4,0.4,0.1,0.1,779.8,935.7599999999999,236.3030303030303,16.035
0.175,0.74,0.453,2.852,0.936,1.077,0.4,0.4,0.1,0.1,411.5,493.79999999999995,124.6969696969697,27.375
1.274,0.871,0.532,1.412,2.419,1.106,0.4,0.4,0.1,0.1,974.1,1168.92,295.1818181818182,10.89
0.256,0.66,1.034,3.284,3.046,1.96,0.4,0.4,0.1,0.1,444.0,532.8,134.54545454545456,26.16
0.732,0.896,1.3,4.065,0.29,2.007,0.4,0.4,0.1,0.1,705.6,846.72,213.81818181818184,19.02
0.96,0.212,1.427,3.635,1.4,3.908,0.4,0.4,0.1,0.1,751.2,901.44,227.63636363636365,15.600000000000001
1.104,1.23,1.294,2.282,3.893,0.336,0.4,0.4,0.1,0.1,925.0,1110.0,280.3030303030303,13.439999999999998
1.154,0.77,1.348,1.917,1.527,3.339,0.4,0.4,0.1,0.1,904.0,1084.8,273.93939393939394,12.690000000000001
0.654,1.219,0.369,0.83,1.794,1.597,0.4,0.4,0.1,0.1,698.9,838.68,211.78787878787878,20.189999999999998
0.255,0.654,1.088,1.895,2.054,1.37,0.4,0.4,0.1,0.1,442.9,531.4799999999999,134.21212121212122,26.175
0.743,0.566,1.26,1.305,0.716,3.895,0.4,0.4,0.1,0.1,678.1,813.72,205.4848484848485,18.855
1.337,1.022,0.496,1.577,0.791,4.829,0.4,0.4,0.1,0.1,1020.7,1224.84,309.3030303030303,9.945
1.338,1.055,0.331,3.087,4.026,2.147,0.4,0.4,0.1,0.1,1024.5,1229.3999999999999,310.4545454545455,9.93
1.289,0.699,1.126,2.976,3.184,2.347,0.4,0.4,0.1,0.1,964.4,1157.28,292.24242424242425,10.665000000000003
1.404,0.174,1.06,2.784,3.541,2.182,0.4,0.4,0.1,0.1,969.4,1163.28,293.75757575757575,8.940000000000001
1.139,0.251,0.107,0.193,2.625,2.492,0.4,0.4,0.1,0.1,844.6,1013.52,255.93939393939397,12.915
1.201,0.207,0.507,2.577,1.236,0.369,0.4,0.4,0.1,0.1,871.2,1045.44,264.0,11.985
0.424,1.154,0.995,2.7,0.898,2.616,0.4,0.4,0.1,0.1,577.4,692.88,174.96969696969697,23.64
0.873,0.95,0.152,1.406,1.407,0.113,0.4,0.4,0.1,0.1,781.5,937.8,236.81818181818184,16.905
0.544,0.637,0.339,0.465,3.614,0.687,0.4,0.4,0.1,0.1,585.7,702.84,177.4848484848485,21.84
0.486,0.158,0.152,3.41,2.915,1.982,0.4,0.4,0.1,0.1,508.8,610.56,154.1818181818182,22.71
1.095,1.179,0.142,3.449,1.197,0.572,0.4,0.4,0.1,0.1,915.4,1098.48,277.3939393939394,13.575
0.79,1.127,0.137,3.362,0.761,3.318,0.4,0.4,0.1,0.1,757.7,909.24,229.60606060606062,18.15
0.953,0.594,1.165,4.261,3.341,0.085,0.4,0.4,0.1,0.1,785.9,943.0799999999999,238.15151515151516,15.705
0.463,1.242,1.112,3.785,3.985,1.108,0.4,0.4,0.1,0.1,605.7,726.84,183.54545454545456,23.055
0.398,0.932,1.283,3.449,2.461,3.42,0.4,0.4,0.1,0.1,542.2,650.64,164.3030303030303,24.03
0.136,1.298,0.931,0.976,0.059,0.059,0.4,0.4,0.1,0.1,447.8,537.36,135.69696969696972,27.96
0.676,1.415,0.118,2.169,2.399,3.569,0.4,0.4,0.1,0.1,729.5,875.4,221.06060606060606,19.86
0.391,1.467,0.783,4.84,0.594,4.179,0.4,0.4,0.1,0.1,592.2,710.64,179.45454545454547,24.134999999999998
1.277,0.458,1.16,0.227,3.237,4.354,0.4,0.4,0.1,0.1,934.3,1121.1599999999999,283.1212121212121,10.845000000000002
0.72,1.386,0.331,1.003,3.306,0.541,0.4,0.4,0.1,0.1,748.6,898.32,226.84848484848487,19.200000000000003
0.459,0.792,0.541,3.458,2.439,1.592,0.4,0.4,0.1,0.1,558.7,670.44,169.30303030303034,23.115
0.69,0.761,0.863,2.809,4.601,4.954,0.4,0.4,0.1,0.1,671.1,805.32,203.36363636363637,19.65
0.511,1.195,1.493,1.393,3.808,1.902,0.4,0.4,0.1,0.1,625.0,750.0,189.3939393939394,22.335
0.55,0.323,1.379,4.199,2.451,3.735,0.4,0.4,0.1,0.1,557.3,668.7599999999999,168.87878787878788,21.75
0.484,0.236,0.823,2.731,0.746,2.977,0.4,0.4,0.1,0.1,515.6,618.72,156.24242424242425,22.740000000000002
0.506,0.824,0.586,0.987,0.639,3.834,0.4,0.4,0.1,0.1,585.4,702.4799999999999,177.3939393939394,22.41
0.545,0.35,0.448,0.136,4.7,4.258,0.4,0.4,0.1,0.1,557.5,669.0,168.93939393939394,21.825
1.009,0.198,0.93,3.565,4.579,4.413,0.4,0.4,0.1,0.1,774.3,929.1599999999999,234.63636363636363,14.865000000000002
0.356,0.589,0.451,4.702,4.071,0.782,0.4,0.4,0.1,0.1,486.9,584.28,147.54545454545453,24.66
1.016,1.153,0.494,4.897,4.869,3.322,0.4,0.4,0.1,0.1,873.3,1047.9599999999998,264.6363636363636,14.76
0.983,0.135,0.453,4.91,1.911,4.637,0.4,0.4,0.1,0.1,755.0,906.0,228.7878787878788,15.255
0.291,0.486,1.161,2.322,1.311,3.602,0.4,0.4,0.1,0.1,444.1,532.92,134.5757575757576,25.635
0.807,1.413,1.319,3.464,1.688,4.436,0.4,0.4,0.1,0.1,794.8,953.7599999999999,240.84848484848484,17.895
0.34,0.323,0.257,3.556,2.369,2.628,0.4,0.4,0.1,0.1,452.3,542.76,137.06060606060606,24.9
0.975,1.216,0.418,2.702,2.568,2.215,0.4,0.4,0.1,0.1,859.1,1030.92,260.33333333333337,15.375
0.34,1.187,0.909,3.362,0.004,3.836,0.4,0.4,0.1,0.1,538.7,646.44,163.24242424242428,24.9
0.214,0.801,0.389,4.604,1.124,1.166,0.4,0.4,0.1,0.1,437.1,524.52,132.45454545454547,26.79
0.17,0.473,0.977,3.131,1.015,1.971,0.4,0.4,0.1,0.1,382.3,458.76,115.84848484848486,27.45
0.335,1.378,0.508,1.825,1.24,0.821,0.4,0.4,0.1,0.1,555.3,666.3599999999999,168.27272727272728,24.975
0.717,0.877,1.343,1.667,1.594,1.754,0.4,0.4,0.1,0.1,696.2,835.44,210.969696969697,19.245
0.218,1.12,0.968,4.118,2.446,4.122,0.4,0.4,0.1,0.1,471.0,565.1999999999999,142.72727272727275,26.73
1.137,1.39,0.705,1.84,0.415,1.25,0.4,0.4,0.1,0.1,957.5,1149.0,290.1515151515152,12.945
0.372,1.37,0.255,1.334,3.58,1.032,0.4,0.4,0.1,0.1,573.0,687.6,173.63636363636365,24.42
1.444,1.483,0.748,3.693,2.627,4.615,0.4,0.4,0.1,0.1,1120.3,1344.36,339.4848484848485,8.34
0.208,1.05,0.895,1.811,1.88,4.23,0.4,0.4,0.1,0.1,459.0,550.8,139.0909090909091,26.88
0.93,0.375,1.296,4.878,2.855,0.71,0.4,0.4,0.1,0.1,752.5,903.0,228.03030303030303,16.049999999999997
0.933,1.15,0.962,3.761,3.448,2.82,0.4,0.4,0.1,0.1,831.5,997.8,251.969696969697,16.005
